No.,5+2,5+1,5,4+2,4+1,4,3+2,3+1,2+2,3,1+2,2+1,2,Total
1975,0,1,1,6,118,306,427,6233,5961,13718,32734,95137,206074,360716
1974,0,1,2,1,186,468,350,8288,5250,20246,27823,121470,296755,480840
1973,0,0,1,4,123,229,237,5015,3961,12072,21682,80023,189683,313030
1972,0,0,1,10,152,318,361,6492,5484,14978,32947,101619,226337,388699
1971,0,2,3,6,120,265,244,5660,3512,13691,18015,84146,199029,324693
1970,0,4,3,5,230,563,412,9191,5601,22510,30956,133951,319574,523000
1969,0,0,1,8,166,351,310,6195,4698,15294,24481,91511,235059,378074
1968,0,1,2,7,229,491,499,10852,7326,22019,36571,153154,311380,542531
1967,0,1,0,10,179,405,317,7319,4292,17834,21918,101572,254384,408231
1966,0,0,2,6,147,411,409,8383,5918,19213,31087,125343,288368,479287
1965,0,0,1,7,210,344,358,7546,5304,16981,28169,106856,241516,407292
1964,0,0,2,6,224,506,354,9436,5188,20860,27191,131780,301505,497052
1963,0,1,3,10,139,347,273,6378,3893,14609,20673,88255,213385,347966
1962,0,1,4,9,174,368,360,7974,5233,18222,27313,115225,267649,442532
1961,0,1,1,7,143,292,345,5705,5149,12398,28120,83050,180403,315614
1960,0,2,3,10,272,647,468,11354,6502,26289,32383,154054,355052,587036
1959,0,0,3,6,131,282,323,6400,5166,13942,29525,98952,221439,376169
1958,0,2,3,8,184,464,342,8675,5071,21713,26916,119796,306981,490155
1957,0,1,3,5,125,262,299,5905,4361,12984,24105,91783,199182,339015
1956,0,0,0,5,126,339,401,7069,5971,15698,36695,110339,241352,417995
1955,0,0,1,11,148,291,411,6074,5843,13028,31432,90841,195532,343612
1954,0,0,3,20,347,708,647,12850,7532,27238,34143,150398,322561,556447
1953,0,3,4,7,264,649,698,14583,10378,29146,53939,206700,416628,732999
1952,0,1,6,15,306,740,684,15175,10377,35949,54337,224255,541973,883818
1951,0,0,3,9,332,606,713,14332,10352,28909,49968,199433,406500,711157
1950,0,1,3,12,317,781,569,13035,8394,31860,44798,185588,456482,741840
1949,0,0,1,3,172,357,360,8059,5616,19723,29663,122191,296412,482557
1948,0,2,2,16,274,538,713,11688,10432,26065,55094,171310,380720,656854
1947,0,0,4,5,173,376,435,8453,6931,17318,35746,124327,259979,453747
1946,0,0,0,11,207,439,491,9505,8018,20805,43939,145587,316600,545602
1945,0,0,1,9,130,302,376,6845,5722,14499,33279,106986,225721,393870
1944,0,2,4,10,234,599,481,10201,6765,23870,35225,144649,335597,557637
1943,0,1,0,11,233,425,379,8465,5333,18533,27322,111579,245269,417550
1942,0,2,2,9,209,571,549,10733,7823,24963,42345,166377,398248,651831
1941,0,0,0,7,116,263,284,5378,3711,11567,19913,84465,177757,303461
1940,0,0,3,5,184,385,345,8175,5562,18099,29126,116049,264141,442074
1939,2,2,4,10,271,517,496,11582,7436,23958,40578,170581,347458,602895
1938,0,1,3,8,321,629,711,14978,11323,33326,61564,230252,515965,869081
1937,0,0,0,11,231,534,438,10286,6597,25334,35391,147793,354680,581295
1936,0,1,1,14,276,551,668,10964,9541,24364,51148,166320,367410,631258
1935,0,1,1,14,176,344,431,8345,5941,16896,30872,123603,253611,440235
1934,0,1,2,16,195,455,528,9591,7405,22773,38776,143499,337765,561006
1933,0,1,1,11,170,406,502,8794,7240,18898,38328,129491,274335,478177
1932,0,0,0,12,205,383,430,9199,7015,18990,38910,143400,300912,519456
1931,0,0,3,6,221,449,450,8480,5453,19372,24780,113868,255183,428265
1930,0,2,1,6,218,432,408,8812,5767,20463,29549,126612,296862,489132
1929,0,3,4,8,213,392,470,8236,6308,16089,31992,106278,217728,387721
1928,0,1,1,21,307,757,689,13745,9504,31436,47977,186015,431840,722293
1927,1,1,1,13,304,689,664,13675,9517,32067,48177,198966,470726,774801
1926,0,2,3,23,368,823,1027,17617,14387,38146,71889,243693,537097,925075
1925,0,1,3,17,267,533,616,12132,9523,25118,52891,183876,381947,666924
1924,0,1,8,14,385,873,737,15279,10652,35346,55702,210247,499438,828682
1923,0,1,0,11,240,495,525,9655,7325,22082,39694,146337,338315,564680
1922,0,0,2,17,352,779,989,16037,13863,34433,71231,230716,493459,861878
1921,0,3,1,7,170,442,283,7185,4349,17985,23958,102521,247909,404813
1920,0,2,2,19,253,479,586,10153,8304,21873,42327,141817,309806,535621
1919,0,0,2,10,140,269,383,6464,5960,14285,31615,95573,213630,368331
1918,0,3,4,11,247,639,425,10186,6217,25198,30612,135251,324923,533716
1917,0,1,3,5,107,229,338,5277,5823,11159,31912,86065,183958,324877
1916,0,1,4,22,298,552,607,11591,9088,25479,49653,170742,373484,641521
1915,0,0,2,8,157,320,416,7285,6533,15523,35609,116224,235324,417401
1914,0,1,4,14,299,649,653,13417,9198,30051,47374,186284,412883,700827
1913,0,2,2,14,232,491,454,8962,6062,22053,30079,128580,320682,517613
1912,0,1,5,17,331,767,739,15088,10758,33573,54011,210205,475632,801127
1911,0,1,1,8,168,400,380,7541,5895,17630,30273,111086,261304,434687
1910,0,2,4,16,256,578,581,11681,7922,24837,39006,158997,335953,579833
1909,0,0,1,6,199,512,344,7144,4533,21093,22125,99293,282068,437318
1908,0,3,4,13,247,626,543,12173,8344,30310,44910,178602,454062,729837
1907,0,0,3,5,177,499,282,7532,4539,19783,23883,103440,275018,435161
1906,,,,,,,,,,,,,,
1905,0,3,1,6,232,472,367,9552,5232,23960,27875,131911,336102,535713
1904,0,0,2,5,204,474,376,8964,5966,21755,32100,129375,321574,520795
1903,0,0,3,3,135,300,318,5752,4626,13499,24993,88058,205397,343084
1902,,,,,,,,,,,,,,
1901,,,,,,,,,,,,,,
1900,0,0,6,12,307,823,589,14090,9228,34447,48511,202078,498464,808555
1899,0,2,3,3,116,276,282,6026,3943,15614,20718,88759,228621,364363
1898,0,1,2,21,321,700,864,15438,13582,32054,71532,231384,477643,843542
1897,0,0,3,28,346,662,915,14142,12830,29037,63237,194012,399280,714492
1896,0,0,4,21,338,784,896,15125,13523,31986,69988,217666,463443,813774
1895,0,0,3,10,234,593,459,10234,6982,25404,35171,148027,369998,597115
1894,0,0,2,14,321,614,618,14160,8707,29322,45380,205017,424978,729133
1893,0,0,1,11,191,430,450,8655,6780,20231,35910,127100,299261,499020
1892,0,1,3,6,236,492,600,11186,8680,25076,49808,165407,369130,630625
1891,0,1,4,10,224,531,454,9832,6162,22764,31761,135531,313039,520313
1890,0,0,0,20,261,590,656,12351,10009,26955,56898,186750,412029,706519
1889,0,0,4,8,154,393,308,7081,4783,17029,25137,105735,258892,419524
1888,0,2,4,5,208,488,392,10385,6415,23241,33573,147016,337075,558804
1887,0,0,1,4,138,337,278,6187,4344,15338,22585,93173,235708,378093
1886,0,1,3,12,202,379,414,8931,6564,18213,37364,128865,267389,468337
1885,0,1,1,7,184,443,386,7514,5230,17971,25353,102491,235306,394887
1884,1,3,5,12,262,693,482,10681,6395,29826,30248,142288,374488,595384
1883,0,0,1,5,104,232,321,5107,4761,11338,28257,78151,171366,299643
1882,1,0,2,16,244,562,573,11021,7835,22925,38028,145253,316480,542940
1881,0,5,0,8,168,349,478,7766,6174,16026,30682,109240,231831,402727
1880,0,2,8,31,468,1061,872,19413,12122,43067,60267,252090,562113,951514
1879,0,0,1,17,252,528,548,10792,7126,22276,33927,132208,282721,490396
1878,0,0,0,13,229,496,437,9625,6174,23563,32809,141937,343754,559037
1877,0,1,1,7,157,320,339,7182,4927,15731,27554,109714,236421,402354
1876,0,1,3,13,216,561,568,10189,7870,22930,38749,144476,320078,545654
1875,0,0,2,8,186,355,315,6738,5300,15321,27943,96070,217607,369845
1874,0,1,3,6,187,435,570,9305,8834,20080,50343,143337,314378,547479
1873,0,0,3,5,115,338,265,6060,4747,15484,24823,96462,250020,398322
1872,0,1,1,23,229,491,524,11135,8097,24279,39874,156535,346170,587359
1871,0,1,0,2,130,285,222,5655,3543,13369,19973,84354,204175,331709
1870,0,0,2,18,256,589,503,10667,6860,25222,34798,140509,328032,547456
1869,0,1,2,24,337,734,789,14653,11501,33185,64670,229276,510745,865917
1868,0,2,6,20,383,873,831,17115,13133,38303,75325,260437,588423,994851
1867,0,1,0,21,260,600,689,12962,10877,28330,62299,196616,419756,732411
1866,0,3,4,23,397,1025,894,17594,12149,41506,62318,243259,590498,969670
1865,0,2,3,8,236,515,526,11441,8497,26606,47289,173559,395217,663899
1864,0,1,5,19,449,1100,918,17650,12164,42304,60254,234945,554852,924661
1863,0,1,0,8,185,453,534,10286,9309,22734,55347,165238,366498,630593
1862,0,4,2,11,308,729,551,13645,8354,34253,43944,198207,500739,800747
1861,0,3,3,7,325,612,477,12261,6919,26036,35495,169066,374999,626203
1860,0,4,3,19,361,843,881,16586,12708,35978,66228,237037,513016,883664
1859,0,0,2,8,154,357,363,7581,5393,18535,30794,112114,270319,445620
1858,0,0,2,17,233,537,512,10384,7737,24397,42626,155527,367684,609656
1857,0,1,2,6,249,479,498,9892,6349,20581,31827,131423,291916,493223
1856,0,1,2,16,188,439,502,9485,8079,19874,45408,145230,303281,532505
1855,0,2,1,10,168,384,343,8271,5279,16428,27224,119999,244820,422929
1854,0,2,2,13,268,491,441,9966,6661,22354,36051,139646,310018,525913
1853,0,0,0,13,228,453,528,9283,7181,19726,33236,124596,270633,465877
1852,0,1,1,14,243,441,535,10077,8033,20698,42940,143931,300493,527407
1851,0,2,4,24,545,1130,1123,23547,17476,49375,92549,349748,722068,1257591
1850,0,5,3,27,583,1244,1507,27349,23625,59391,140035,419144,912501,1585414
1849,0,1,3,21,454,1035,955,21099,15076,46431,83724,317275,691653,1177727
1848,0,1,6,37,585,1346,1328,28976,19249,63181,99874,407490,964199,1586272
1847,0,3,1,27,429,982,1019,19469,15448,41961,85191,290091,624328,1078949
1846,0,0,3,20,391,958,952,19409,13346,47409,68613,283601,665044,1099746
1845,0,1,4,12,210,546,546,11770,7937,27111,43001,172499,404568,668205
1844,0,0,4,15,281,713,678,14386,9886,32127,56397,216453,495111,826051
1843,0,1,4,15,325,678,677,13859,8984,30702,47266,195289,427814,725614
1842,0,1,3,18,363,800,663,14400,9550,34514,49840,205339,491091,806582
1841,0,0,2,20,227,547,635,12434,9059,26004,48282,168120,359387,624717
1840,0,1,2,23,362,736,1001,15587,13475,32472,67038,215264,457969,803930
1839,0,1,1,11,149,366,544,8633,8483,19080,45788,133205,287362,503623
1838,0,2,2,16,355,945,664,15259,9686,39813,49938,214057,549002,879739
1837,0,0,6,10,188,496,410,8573,5694,21565,29695,121961,303158,491756
1836,0,4,1,7,215,650,364,8797,6370,24419,33845,129954,353842,558468
1835,0,0,1,7,163,379,297,7561,4495,17693,23694,103449,246082,403821
1834,0,1,2,14,215,454,533,9880,8317,20626,45151,141673,302799,529665
1833,0,0,2,5,136,290,245,6274,4074,15507,22254,92762,233420,374969
1832,0,0,2,7,175,377,452,8068,7176,17427,39595,121748,260090,455117
1831,0,1,0,3,135,240,301,5625,4276,12348,24231,87731,193888,328779
1830,0,0,1,4,166,410,443,7886,6438,17106,37513,119756,251189,440912
1829,0,1,4,3,109,255,263,5825,4030,14012,21620,88489,210901,345512
1828,0,3,8,32,591,1385,1253,24686,17673,58706,94326,366041,860601,1425305
1827,0,1,2,21,343,791,824,16646,12390,37629,66163,244884,554114,933808
1826,0,1,2,13,386,980,901,19942,12430,46611,62987,281634,668454,1094341
1825,0,2,1,8,270,557,569,12137,8963,27366,50312,187595,422555,710335
1824,0,0,1,15,338,735,747,14966,11927,32573,65839,226707,497557,851405
1823,0,1,1,14,235,550,637,11454,9445,24486,51439,170955,365816,635033
1822,0,0,5,27,435,904,1175,18855,15098,40420,79668,266544,571173,994304
1821,0,1,3,10,151,332,331,6497,5131,13859,27311,96352,204069,354047
1820,0,0,3,17,214,488,619,10457,8977,21933,48041,148643,318381,557773
1819,0,2,3,7,170,403,329,8069,5252,19017,26129,110757,263730,433868
1818,0,0,2,7,222,554,427,9588,6657,22199,35471,135751,311689,522567
1817,0,0,1,7,177,353,457,7627,6097,15043,29851,106928,212427,378968
1816,1,0,4,20,314,761,766,15233,11885,34789,66065,234895,533851,898584
1815,0,0,0,9,166,332,319,6952,4977,16561,28425,107146,257813,422700
1814,0,0,2,14,202,471,519,10595,7031,24778,36018,152976,356251,588857
1813,0,0,0,6,151,295,311,6406,5092,15010,27650,100365,234426,389712
1812,0,0,0,5,163,373,422,7839,7038,17611,40693,124846,269855,468845
1811,0,0,1,3,106,221,264,5097,3855,11849,22252,78697,178663,301008
1810,1,1,3,24,368,716,798,13756,12118,29579,56630,190813,409678,714485
1809,0,1,0,8,257,541,465,10515,6722,21749,34592,145809,299819,520478
1808,0,1,2,13,255,561,558,11488,8173,23660,41892,158612,343095,588310
1807,0,2,1,10,144,325,442,7516,6900,15847,38442,113847,242451,425927
1806,0,1,1,7,215,492,464,10154,6789,20349,35670,144256,295153,513551
1805,0,0,0,8,138,299,278,5905,4027,14034,21983,87914,210155,344741
1804,0,1,2,10,191,416,437,8649,6266,19925,32783,126690,291244,486614
1803,0,1,5,16,384,901,764,16701,10621,40362,56857,236973,573405,936990
1802,0,0,5,17,265,553,605,10426,8563,22883,42566,141041,308948,535872
1801,0,0,6,11,262,767,440,10226,5799,28768,29201,138400,371461,585341
1800,0,1,3,8,198,464,483,9283,7786,20838,39839,135110,301598,515611
1799,0,0,3,11,244,540,588,10790,7954,21665,39951,140034,289927,511707
1798,0,0,1,13,213,484,480,9378,6669,22151,37480,138684,324773,540326
1797,0,0,0,10,152,310,469,7709,6976,15813,35765,113343,235766,416313
1796,0,0,5,14,176,431,422,8334,6018,20088,32721,122358,291860,482427
1795,0,0,2,7,128,305,316,6170,4554,13783,25202,92516,204439,347422
1794,0,0,2,11,209,451,578,9570,8235,20214,42151,136154,291227,508802
1793,,4,2,15,446,1049,790,17599,10279,42903,51847,234329,567037,926300
1792,0,2,6,21,553,1436,1148,24675,16481,58007,85732,344678,787887,1320626
1791,0,2,3,16,304,603,553,12961,8467,29820,43354,184057,427567,707707
1790,0,1,3,11,279,622,696,14242,11160,31886,60379,214683,489181,823143
1789,0,1,4,9,276,623,553,11790,7477,28565,37581,163463,408528,658870
1788,0,2,2,12,259,558,524,11970,8295,26743,47586,181915,414132,691998
1787,0,1,1,16,229,495,524,9433,7651,21328,41500,136464,308505,526147
1786,0,3,1,17,230,541,603,11958,9115,25339,52721,172496,363503,636527
1785,0,0,2,8,160,440,336,7472,5082,19737,26273,108073,291038,458621
1784,0,2,3,12,365,751,645,16065,9507,34027,48457,223658,478445,811937
1783,0,1,2,6,212,514,334,8424,4722,20199,23975,113179,267909,439477
1782,0,1,1,11,220,603,437,9228,6161,26582,31483,128920,357969,561616
1781,0,1,2,9,143,287,316,6296,5140,12938,29916,92703,194646,342397
1780,0,1,3,11,209,403,404,8691,5773,18151,31662,128589,265648,459545
1779,0,2,2,7,125,310,336,6360,4606,14273,23707,93570,208668,351966
1778,0,2,5,32,447,1220,880,18713,11552,47107,56039,241045,595277,972319
1777,0,2,2,18,239,528,562,11621,8134,25325,43211,168911,369319,627872
1776,0,0,8,16,343,858,687,16427,10170,39978,51562,234174,567445,921668
1775,0,2,0,5,144,318,386,6798,5534,14504,31025,106822,216183,381721
1774,0,1,4,15,223,507,670,10102,9373,20340,50377,141203,291328,524143
1773,0,0,1,4,122,367,240,5892,3863,14273,20511,82670,210330,338273
1772,0,0,1,5,200,488,406,8984,5608,22141,29351,128145,314728,510057
1771,0,1,3,5,109,240,252,4920,4175,10894,24849,77931,170941,294320
1770,0,1,3,16,299,592,656,13802,9702,28401,53829,212440,438679,758420
1769,0,0,4,15,300,689,804,14008,10310,30061,49163,189060,404738,699152
1768,0,2,6,13,344,762,731,15485,10654,33650,54902,214124,467505,798178
1767,0,0,2,15,167,374,397,7999,5903,18030,32167,122429,270076,457559
1766,0,0,3,9,253,496,537,11337,7203,23931,39156,167664,355680,606269
1765,0,1,5,15,301,684,554,11255,6107,26115,29363,136171,321904,532475
1764,0,2,1,11,253,617,523,11848,8247,29770,42657,174589,439105,707623
1763,0,0,0,5,127,321,317,6221,4672,14930,26300,95861,233844,382598
1762,0,3,2,15,275,491,511,9984,6984,23634,35235,140506,327930,545570
1761,0,0,1,7,132,309,292,6044,4003,14147,21128,87109,213356,346528
1760,0,1,1,10,225,469,410,9069,5839,21171,29943,127768,297783,492689
1759,0,0,2,4,110,251,298,5652,4626,12427,26025,83304,182822,315521
1758,1,1,2,18,233,487,603,9763,7878,20308,40614,134645,282940,497493
1757,0,1,0,28,166,317,718,7475,6683,14507,26763,95759,195240,347657
1756,0,0,2,14,267,633,533,11932,8009,25905,44642,175110,377379,644426
1755,0,0,0,7,106,212,236,5298,3863,11556,22251,85600,179219,308348
1754,0,1,2,8,224,521,425,9272,5639,23002,29108,128651,307753,504606
1753,0,1,4,9,156,395,377,6644,5039,15104,25268,92073,206033,351103
1752,1,2,4,9,252,562,469,9494,5954,23409,29474,127481,314987,512098
1751,0,0,0,4,112,296,266,5590,4143,12622,23238,86115,194566,326952
1750,0,0,3,7,179,539,370,8300,5179,21442,26585,116014,297524,476142
1749,0,2,7,16,297,695,683,13670,11323,29389,63827,212058,446982,778949
1748,0,1,9,24,866,1821,970,24702,12256,56568,60327,279164,650878,1087586
1747,0,3,1,15,266,632,493,11163,7852,30199,41806,162723,441863,697016
1746,0,3,3,22,373,951,823,16979,11289,38482,56560,229851,520586,875922
1745,0,0,2,13,248,570,633,11525,8748,23873,48341,172577,353357,619887
1744,0,2,1,22,381,766,997,16524,14699,35991,75116,235023,514213,893735
1743,0,1,3,8,188,412,421,8435,5812,17290,28530,123221,246089,430410
1742,0,1,0,9,236,459,489,11524,6979,23444,36440,163320,330543,573444
1741,0,1,5,7,131,290,298,5811,4238,12567,23948,91825,195838,334959
1740,0,1,3,13,230,469,454,9909,6712,21669,32972,137737,303329,513498
1739,0,0,3,5,111,253,299,6153,4814,12421,26123,95372,191463,337017
1738,0,1,0,4,133,378,321,6604,4321,16436,23937,95567,241654,389356
1737,0,1,3,10,221,493,440,8839,6024,18594,30374,118771,242481,426251
1736,0,0,1,4,164,424,385,7988,5378,19462,27939,118873,287835,468453
1735,0,0,0,5,98,211,235,4271,3463,9744,19539,69095,157490,264151
1734,0,1,1,4,213,449,465,9675,6233,19665,31837,137601,275884,482028
1733,0,3,4,18,368,886,663,14617,9976,34552,49591,205634,476797,793109
1732,0,1,5,16,364,815,862,16725,13730,37215,78138,252937,557801,958609
1731,0,2,1,8,246,592,560,11386,8221,27082,43145,162391,391523,645157
1730,0,1,1,9,319,711,591,13493,9061,30784,49845,192615,441372,738802
1729,0,0,2,5,159,451,482,8576,8194,18264,47340,132140,278591,494204
1728,0,0,4,14,268,570,637,11878,8397,26484,43978,168419,387882,648531
1727,0,0,2,11,178,454,420,8892,6224,20767,31676,125905,296105,490634
1726,0,1,3,12,232,520,471,10105,6891,23031,35660,143577,327660,548163
1725,0,0,0,8,103,239,335,5669,5434,12677,31033,89329,196191,341018
1724,0,0,4,6,198,420,396,8291,5948,20144,31817,125053,316398,508675
1723,0,2,2,13,224,448,353,8592,5149,18031,25012,111149,236750,405725
1722,0,0,6,11,312,715,367,10720,5207,24475,26206,133274,310480,511773
1721,0,0,3,5,177,397,313,6760,4421,16004,22216,93047,209663,353006
1720,0,2,5,16,289,674,689,14415,10802,30631,59623,226875,474558,818579
1719,0,1,2,8,152,330,288,6856,4630,16720,24235,102492,247949,403663
1718,0,0,3,20,270,543,823,12683,11391,25273,53553,172849,353089,630497
1717,0,0,1,12,189,407,501,8599,6821,17562,35230,119156,245016,433494
1716,0,1,6,20,269,516,565,11844,7728,22436,37127,152897,312756,546165
1715,0,0,4,7,255,534,447,8873,5037,19375,24056,110378,236137,405103
1714,0,0,5,6,140,379,328,7176,4878,18420,26341,105368,283610,446651
1713,0,0,0,12,142,334,480,7188,7344,15206,40669,111983,227631,410989
1712,0,0,5,13,299,675,534,12379,6617,27898,33141,161500,370255,613316
1711,0,1,0,5,156,345,496,7640,7418,16773,38108,113865,247476,432283
1710,0,0,0,7,170,366,357,7676,5248,18060,29637,118201,280279,460001
1709,0,1,2,8,170,409,346,7399,4589,17039,22779,97639,221159,371540
1708,0,2,3,18,265,584,627,10313,8690,23356,41834,139391,294329,519412
1707,1,3,8,16,478,989,882,17423,9821,36082,45508,208144,438787,758142
1706,0,3,2,13,373,791,754,15956,10712,38165,57260,234148,555478,913655
1705,0,0,0,4,108,296,254,5357,3703,11989,19184,77722,180772,299389
1704,0,1,0,5,149,338,319,7386,5111,16431,27514,111160,257270,425684
1703,0,1,2,13,225,579,364,8664,5032,21340,26503,116958,291095,470776
1702,0,1,5,10,247,645,588,12342,8885,28649,47394,193843,454234,746843
1701,0,0,2,6,144,375,350,7211,5065,16278,26391,106751,241079,403652
1700,0,0,2,14,219,481,563,9533,9281,21170,44299,143142,308441,537145
1699,0,0,0,3,126,328,243,5602,3807,14900,20525,83048,225813,354395
1698,0,2,2,9,184,414,471,8546,7540,19099,40646,132828,289473,499214
1697,0,0,0,9,122,282,220,5959,3486,13371,18852,87917,199752,329970
1696,0,2,2,13,192,486,500,10049,6782,23266,36756,147998,350555,576601
1695,0,0,0,3,106,295,258,5383,3839,12892,20868,82499,200247,326390
1694,0,0,2,7,183,318,475,7749,6985,16949,39965,119843,257176,449652
1693,0,1,1,11,113,238,206,4896,3455,11730,18208,74900,178494,292253
1692,0,3,2,28,463,1001,1098,20739,16873,47234,96960,317561,714777,1216739
1691,0,2,4,28,410,929,934,17223,13818,37619,71305,241331,524944,908547
1690,0,1,2,18,411,1066,867,19554,12903,46443,68733,287329,678124,1115451
1689,0,1,2,13,261,529,421,9893,5591,19211,27975,130869,264277,459043
1688,0,0,1,9,210,527,482,9408,6860,22136,37635,140061,321650,538979
1687,0,0,0,11,138,307,299,6569,4298,14313,24773,100773,211315,362796
1686,0,2,0,7,177,396,469,8410,7372,18137,41911,129712,272554,479147
1685,0,0,0,9,130,266,295,5909,4890,12353,27216,91655,189388,332111
1684,0,0,2,9,209,476,377,8114,5249,20206,27892,118976,291955,473465
1683,0,0,0,8,167,354,269,6315,4161,14676,21394,88408,203464,339216
1682,0,3,1,27,304,612,807,12979,11191,28281,60330,190036,409811,714382
1681,0,0,0,6,134,331,256,5862,3944,13361,21276,81930,190823,317923
1680,0,1,0,11,137,319,390,6651,5789,14410,34970,102316,220221,385215
1679,0,1,4,17,149,325,397,6425,5046,14285,26833,89498,199692,342672
1678,0,0,4,14,151,336,339,7174,4979,16415,27722,107086,244732,408952
1677,0,1,3,7,193,411,380,8644,5356,17375,26438,116902,228914,404624
1676,0,1,2,7,187,400,423,9123,6927,19631,37218,141830,304844,520593
1675,0,1,1,8,121,282,339,6313,5434,13138,29341,93854,194616,343448
1674,0,1,1,10,129,360,422,7719,6346,17166,35508,119266,259532,446460
1673,0,1,3,6,126,307,319,6231,4335,13059,23494,92424,191008,331313
1672,0,3,8,33,557,1163,1237,21981,16263,44891,77317,283797,594173,1041423
1671,0,1,5,16,236,511,524,9461,6522,18207,30403,116207,230908,413001
1670,0,0,0,2,166,382,453,8057,7994,17945,42387,126735,276783,480904
1669,0,0,0,4,114,231,288,5455,4417,11382,24290,82559,174660,303400
1668,1,2,4,6,254,545,541,12155,8782,27894,46880,183771,422110,702945
1667,0,0,0,4,113,275,266,5663,4261,12810,23826,85018,192805,325041
1666,0,0,1,12,210,392,481,10301,6590,19718,32414,144678,281257,496054
1665,0,2,3,5,98,281,237,4758,3381,12563,17662,71605,195389,305984
1664,0,0,1,12,214,518,464,10225,7702,22090,43912,161424,347988,594550
1663,0,0,1,17,159,373,377,7431,5303,16800,27774,109183,242502,409920
1662,0,1,1,16,242,495,468,10229,7365,23156,39291,147789,337479,566532
1661,0,3,0,2,202,425,393,8214,5443,18000,28755,116570,245734,423741
1660,0,3,1,12,207,466,442,8977,5897,21883,31035,136680,329545,535148
1659,0,1,0,7,130,318,359,6707,4850,16510,25048,97754,242811,394495
1658,0,0,1,11,210,477,563,10041,7347,20524,38641,141814,291471,511100
1657,0,1,0,6,129,277,298,5554,4823,12052,27177,89515,192483,332315
1656,0,2,5,11,184,401,395,7787,5531,17614,29528,113423,254897,429778
1655,0,0,1,10,190,329,344,7073,5735,16141,32992,108303,236729,407847
1654,0,0,2,9,170,432,491,8944,7897,19393,43382,138157,304912,523789
1653,0,1,4,8,189,616,325,8319,4511,24177,22589,107153,289092,456984
1652,0,0,1,5,187,374,381,7691,5817,16969,32800,122817,271663,458705
1651,0,1,1,5,137,281,269,5494,4117,12425,22376,81815,190823,317744
1650,0,1,3,8,168,353,372,7875,5594,16637,29686,116581,248437,425715
1649,2,0,0,15,177,380,486,7659,7158,16911,38581,114609,250137,436115
1648,0,0,1,17,255,570,686,12105,9646,26144,47208,165630,356453,618715
1647,0,1,2,15,195,469,522,8480,6790,18202,32485,115172,249143,431476
1646,0,1,0,5,199,422,398,8943,6248,19999,32999,130181,293849,493244
1645,0,1,2,9,230,491,406,8129,5389,18359,25291,106791,237834,402932
1644,0,1,0,8,186,453,400,8085,5178,20196,26375,113182,284890,458954
1643,1,0,0,5,201,442,390,8659,5340,18417,26892,116202,246904,423453
1642,0,0,0,7,202,452,475,9164,6112,19659,33588,134402,295128,499189
1641,0,1,1,9,125,250,284,5746,4327,12640,23410,90480,195518,332791
1640,0,0,2,8,132,346,315,7069,4772,17144,25424,105392,261494,422098
1639,0,0,2,3,121,314,278,5127,3922,12232,20987,78079,186944,308009
1638,,3,6,11,402,891,687,15636,9538,39993,50399,220703,549409,887678
1637,0,1,3,6,154,313,373,6957,5683,15432,31716,104908,235706,401252
1636,0,0,2,10,201,507,415,9524,6626,22175,37694,138383,316733,532270
1635,0,1,1,12,205,449,428,8233,5492,18764,28502,112430,257866,432383
1634,0,1,2,15,243,388,568,9105,7814,18769,42276,135181,280659,495021
1633,0,0,2,10,155,321,324,7232,4905,15662,25429,101018,222054,377112
1632,0,0,4,10,194,439,448,8964,7015,19405,36571,134154,288740,495944
1631,0,0,2,12,181,347,383,8110,5571,15244,25941,105919,206080,367790
1630,1,0,3,19,358,759,954,16393,15034,33237,81245,236234,491127,875364
1629,0,1,1,11,229,458,547,10941,7253,22509,39151,160582,332315,573998
1628,0,0,3,9,345,879,619,14980,9108,40069,45902,206489,534841,853244
1627,0,0,1,11,195,550,467,9175,6095,23675,32837,128690,337468,539164
1626,0,1,1,14,387,793,909,16678,13204,36147,68389,239750,523495,899768
1625,0,1,2,15,157,409,315,8340,4927,20469,25202,115889,287217,462943
1624,0,1,2,6,239,483,459,10357,7092,21695,39066,152898,317876,550174
1623,0,0,2,8,220,526,431,8616,5404,20209,26120,109854,261793,433183
1622,0,0,2,7,187,468,454,8546,5652,20581,30452,125890,312875,505114
1621,0,0,1,4,113,297,349,6154,5313,13101,30522,92626,197916,346396
1620,0,1,1,5,186,407,446,8902,6402,20003,33295,127228,292772,489648
1619,0,1,1,5,134,296,216,5561,3295,12413,17490,82156,185035,306603
1618,0,2,1,8,241,541,494,9750,6973,23399,35822,139650,336730,553611
1617,0,0,4,11,175,360,369,8055,5134,16572,27738,113750,233578,405746
1616,0,4,4,11,203,461,449,8881,6061,20089,31784,127428,291479,486854
1615,0,0,3,7,137,353,232,6045,3466,16056,18122,83020,218085,345526
1614,0,2,0,9,169,376,458,8077,7020,17491,40197,122767,263751,460317
1613,0,3,5,16,277,589,586,11941,8695,27337,44633,178526,406405,679013
1612,0,2,6,16,410,921,739,16489,10689,42201,56008,238955,590183,956619
1611,0,0,3,7,135,290,323,6089,4277,13624,22900,85714,197798,331160
1610,0,1,3,15,294,585,497,11687,7743,25359,42100,167578,370796,626658
1609,0,0,2,9,142,292,437,7402,6346,16155,37953,115458,246870,431066
1608,0,1,2,10,232,559,510,10838,7512,25228,39150,153744,358568,596354
1607,0,1,0,7,171,296,264,6713,4466,14292,24843,101686,214041,366780
1606,0,0,7,24,277,580,620,10563,8654,21925,44504,147529,305565,540248
1605,0,1,0,7,112,278,293,6067,5186,12803,29210,93466,198920,346343
1604,0,1,8,20,418,1071,975,19304,14434,44198,73300,273757,621322,1048808
1603,0,0,0,13,222,418,761,10130,10176,19455,46775,138643,270968,497561
1602,0,1,2,7,223,642,456,9887,6174,29557,30981,135645,389361,602936
1601,0,1,2,9,131,288,354,6498,5375,13713,28053,95342,202333,352099
1600,0,1,1,12,187,368,517,8707,7082,18918,36312,126281,280176,478562
1599,0,1,0,6,108,282,301,5633,4518,12245,24122,82525,183925,313666
1598,0,0,2,17,243,608,606,11156,7864,26467,40148,154711,364223,606045
1597,0,0,2,8,140,334,352,6491,5369,15232,28613,104122,235403,396066
1596,0,0,0,3,187,384,383,7555,5479,18116,28599,116027,276624,453357
1595,0,1,3,5,130,252,255,5795,4425,13024,24888,91159,203949,343886
1594,0,1,1,13,144,387,409,8135,5812,18606,32985,121543,282734,470770
1593,0,0,0,11,136,275,372,6887,5242,14083,29323,99528,202872,358729
1592,0,1,1,13,258,566,535,11598,7601,25877,37919,159106,355956,599431
1591,0,3,1,9,279,591,546,10576,6673,22313,31228,137709,279004,488932
1590,0,1,0,10,214,456,550,9289,8275,19377,42389,137527,283003,501091
1589,0,2,5,5,212,683,269,7480,3916,21574,19649,93436,252475,399706
1588,0,1,3,11,145,394,388,7857,5642,17851,31768,118835,267124,450019
1587,0,4,0,15,274,683,486,11930,7447,29613,37969,167272,417630,673323
1586,0,1,1,25,346,830,728,15360,10922,35265,57325,221490,509770,852063
1585,0,1,0,8,177,409,341,7341,4759,17793,25724,109280,267171,433004
1584,0,2,3,10,243,511,575,10138,7842,22844,42609,149637,333214,567628
1583,0,0,0,3,142,320,328,7175,5660,15839,30804,110580,243746,414597
1582,0,1,3,11,201,489,426,9062,6309,22401,33587,134426,331822,538738
1581,0,2,0,6,141,412,281,6337,3981,18476,21185,89797,251800,392418
1580,0,1,2,12,225,456,454,9935,6820,23080,33961,139753,328283,542982
1579,0,1,1,5,132,331,234,5706,4036,13276,23034,88362,206520,341638
1578,0,1,4,19,399,849,837,18552,12545,39232,68954,280600,591303,1013295
1577,0,1,2,7,212,487,499,10270,7754,24854,41177,152654,365365,603282
1576,0,0,7,21,695,2014,615,14108,9027,36837,46883,195877,489291,795375
1575,0,1,1,9,203,505,449,9032,6673,22241,35690,133968,326156,534928
1574,0,1,3,11,249,561,483,10265,7225,24845,39605,152632,369470,605350
1573,0,1,2,12,174,356,383,7767,5499,18181,29338,116988,277114,455815
1572,0,0,1,12,190,437,633,9905,9654,20955,56330,155013,324664,577794
1571,0,0,5,6,177,398,322,7370,4922,17374,27185,104897,243263,405919
1570,0,0,3,3,202,408,352,7785,5761,19231,31705,118220,310277,493947
1569,0,0,1,7,133,349,262,6242,4328,14923,23221,93540,221353,364359
1568,0,1,2,13,236,673,424,10312,6250,25964,31381,138652,338023,551931
1567,0,1,0,10,144,252,257,5900,4129,13614,22312,89012,198777,334408
1566,,3,1,30,346,756,862,15508,12926,33630,70650,232436,500944,868092
1565,0,2,3,7,293,752,609,12447,7943,28873,39955,168371,397625,656880
1564,0,2,4,7,325,693,621,14810,9495,30660,52611,208647,435556,753431
1563,0,1,0,8,197,523,474,9950,6678,24237,35818,145348,361537,584771
1562,0,2,2,24,390,886,1003,16415,15096,35214,71243,230808,488332,859415
1561,0,1,0,11,234,404,373,8358,5108,16766,25439,108880,220255,385829
1560,,1,7,11,317,780,651,15050,9567,34624,49760,210916,492904,814588
1559,0,2,3,6,345,655,567,12204,7182,25702,33515,148924,329673,558778
1558,0,1,1,9,216,624,460,10503,6473,27121,34755,152731,395301,628195
1557,0,0,3,7,188,383,355,8622,5469,18313,29738,126681,261847,451606
1556,0,4,1,14,241,580,628,12414,9038,25862,43918,165821,359960,618481
1555,0,0,1,5,197,380,409,7926,5301,16310,27680,117329,240450,415988
1554,0,0,1,8,201,471,413,8838,6425,20879,34346,128095,307688,507365
1553,0,0,2,5,151,381,385,7944,5243,17261,26313,111657,247875,417217
1552,0,0,1,13,177,396,382,8317,5430,19505,29221,121707,289093,474242
1551,0,1,0,5,127,322,345,6883,4368,14646,22898,94120,212543,356258
1550,0,0,3,14,194,407,608,9675,8439,19846,44672,137755,288771,510384
1549,0,3,1,8,252,651,481,9731,6005,22571,27038,119463,278072,464276
1548,0,0,3,15,313,642,700,13512,10360,29797,52887,198660,441654,748543
1547,,0,4,24,431,982,936,19323,13068,45809,68763,276629,664092,1090061
1546,0,5,4,34,545,1266,1142,24379,16777,55126,86633,344459,777180,1307550
1545,0,3,4,20,432,904,943,19023,13618,44351,72249,284951,651891,1088389
1544,0,2,4,34,427,1054,1230,21829,18684,47540,107323,329814,711632,1239573
1543,0,4,2,22,413,925,954,18692,14408,40384,75687,271065,589920,1012476
1542,0,1,5,31,441,1001,862,18109,12107,41959,63294,252183,586851,976844
1541,0,1,0,10,257,553,537,10934,8570,24685,48975,165727,375791,636040
1540,0,1,3,14,331,744,689,14946,9590,35868,49252,213449,515277,840164
1539,0,0,1,10,255,600,511,10847,7339,25322,39367,158684,370415,613351
1538,0,0,9,17,342,726,822,16778,12843,36352,66709,243606,532504,910708
1537,0,2,1,4,133,261,316,5670,4374,12876,23484,85844,190324,323289
1536,1,0,2,7,211,566,423,8947,5705,21003,30190,128448,306899,502402
1535,0,1,4,9,274,475,549,8811,6532,18264,30146,115311,248275,428651
1534,0,1,0,4,157,409,413,8417,5623,18924,30681,124374,281794,470797
1533,0,1,0,12,164,288,380,7002,6199,13799,30787,102373,204770,365775
1532,0,2,1,13,185,378,410,8532,6709,17038,35718,124075,254106,447167
1531,0,0,2,11,153,381,347,7154,4943,16711,26272,102503,244129,402606
1530,0,1,2,8,169,345,430,8522,7264,18492,40060,130585,276326,482204
1529,0,0,0,4,104,244,286,5569,4033,12154,22128,84200,185374,314096
1528,0,0,2,16,179,411,512,8610,7196,19219,36556,123904,272490,469095
1527,,0,2,18,461,928,1108,18678,16450,40908,87754,269659,583417,1019383
1526,0,2,8,39,505,992,1064,20272,14013,44543,70713,270187,599315,1021653
1525,0,0,0,14,245,511,590,11174,9533,23906,51782,169859,365174,632788
1524,0,0,3,17,319,783,1004,16046,16425,34322,88023,244837,512581,914360
1523,0,0,1,13,247,458,476,10303,7123,23525,38204,153133,349809,583292
1522,0,1,5,17,298,684,641,12728,9368,29532,49073,188530,433388,724265
1521,0,2,3,10,201,525,458,8721,5796,21425,29429,118004,291611,476185
1520,0,1,2,6,233,513,545,10952,7578,23237,40036,158936,336322,578361
1519,0,0,2,8,149,314,322,6824,4933,15888,26884,102761,243181,401266
1518,0,0,0,6,171,399,429,8166,6396,18683,36501,132183,297176,500110
1517,0,1,1,8,178,418,367,7844,5229,17219,26675,111471,238549,407960
1516,0,1,5,10,209,515,447,9630,6452,22640,32938,136035,319974,528856
1515,0,2,2,3,126,304,215,5698,3994,13170,22024,85204,199019,329761
1514,0,0,1,10,309,778,498,12035,6844,30001,34839,160054,389330,634699
1513,0,1,4,7,162,380,305,6333,3881,15341,19147,85750,203106,334417
1512,0,0,1,10,164,495,377,8617,5291,22111,28160,123494,314837,503557
1511,0,0,2,17,236,458,603,8490,6589,17799,30333,107411,229150,401088
1510,0,0,1,13,191,478,578,9925,7903,21228,37795,139849,301897,519858
1509,0,0,1,4,198,402,395,7659,5307,16389,25930,99046,208382,363713
1508,0,1,0,10,162,364,382,8036,5803,19740,31322,120389,310373,496582
1507,0,1,2,10,165,341,410,7541,5865,15559,31235,109094,224303,394526
1506,0,0,2,8,230,562,469,10434,6875,23636,34205,142409,321314,540144
1505,0,2,0,22,215,399,622,8202,7788,16825,37639,110596,223044,405354
1504,0,0,2,10,130,348,369,6857,5145,16187,28315,101851,240580,399794
1503,0,0,3,8,126,414,289,5614,3713,14435,18327,79833,198347,321109
1502,0,1,1,8,196,389,428,8273,6485,17948,35463,123214,268798,461204
1501,0,2,0,7,118,260,236,4975,3418,11155,20509,76071,171203,287954
1500,,5,4,16,353,786,968,16084,14829,34505,84059,238971,500226,890806
1499,0,1,0,6,152,301,396,6548,5534,14342,31517,100111,219973,378881
1498,0,1,1,8,233,487,386,9478,5565,20713,29073,133996,304500,504441
1497,0,1,1,10,136,311,330,6436,4634,13638,25254,94770,199047,344568
1496,0,2,5,15,305,738,643,14202,10034,32878,54760,217388,496584,827554
1495,0,4,2,25,285,668,665,11429,7521,24029,34565,136474,284979,500646
1494,0,5,2,8,227,585,430,9806,5900,24232,30197,137620,335269,544281
1493,0,1,2,10,151,384,287,6927,4103,16629,20961,94137,229533,373125
1492,0,1,1,13,181,366,388,7483,6053,16776,34321,113590,250097,429270
1491,0,0,0,3,100,205,231,4799,3516,11058,19419,73555,172335,285221
1490,0,2,6,30,555,1340,866,16949,11666,35854,61376,243784,509582,882010
1489,0,1,7,5,212,533,370,8800,5071,22403,25172,119179,293910,475663
1488,0,1,3,11,232,490,534,10586,8459,24880,46783,165572,382019,639570
1487,0,3,3,11,200,455,382,8846,5057,17185,26631,119375,236429,414577
1486,0,0,1,9,214,401,493,8708,7711,17900,42555,131272,269861,479125
1485,0,1,3,10,135,289,286,6111,4867,13314,27561,91414,196082,340073
1484,0,1,0,13,221,492,480,8520,6931,19106,36445,119632,266980,458821
1483,0,1,1,11,219,460,510,10059,7895,22356,43997,152707,331689,569905
1482,0,2,3,13,270,596,569,13188,8777,30071,45671,201562,461147,761869
1481,0,0,1,8,135,270,274,5555,3965,12422,21762,85687,194346,324425
1480,0,3,2,12,277,563,600,12281,11126,27481,69005,193243,417478,732071
1479,0,1,2,16,247,565,568,10939,7621,23832,40866,155238,344255,584150
1478,0,0,1,19,256,702,648,12619,9814,28222,54212,183133,409520,699146
1477,0,3,4,7,266,513,527,11481,7198,22390,37203,160557,316451,556600
1476,0,0,3,7,214,508,533,10503,8987,23049,49056,158820,348811,600491
1475,0,0,0,8,164,396,327,8277,5591,20486,30112,117101,285731,468193
1474,0,1,5,12,242,613,482,10675,6652,25127,34357,145453,339547,563166
1473,0,1,1,8,168,391,345,7719,5104,17497,26525,111817,254074,423650
1472,0,2,1,12,242,493,526,10100,8032,20988,44462,145455,304996,535309
1471,0,1,1,3,145,306,274,6451,4090,14289,21319,94823,214019,355721
1470,0,0,3,12,197,550,398,8750,5644,22945,28139,124695,310603,501936
1469,0,2,1,5,128,264,224,5206,3628,12159,21727,80169,187234,310747
1468,0,4,6,30,586,1286,1493,28620,22289,63363,121206,429289,939779,1607951
1467,0,4,9,27,520,1222,1078,24202,16048,56983,86271,351013,831860,1369237
1466,0,4,6,15,422,854,1022,18969,14849,39839,81725,283585,599928,1041218
1465,0,1,1,12,266,555,666,13085,10401,26083,54897,196202,399254,701423
1464,0,2,5,13,331,788,616,14587,9313,35707,49446,210166,514976,835950
1463,0,0,0,10,232,560,517,11526,8595,26042,44026,170417,377248,639173
1462,0,1,3,17,317,913,729,15589,10532,41131,53777,221143,589641,933793
1461,0,1,1,7,139,340,370,6947,5546,15653,30224,100723,224019,383970
1460,0,0,5,12,196,484,524,9748,6949,22300,34013,135248,310783,520262
1459,0,0,0,5,114,285,310,5339,4707,12004,25684,81511,179701,309660
1458,0,1,2,25,220,542,604,9803,7814,21647,36067,127205,281158,485088
1457,0,0,2,3,138,277,330,6256,5234,12269,26358,92691,180246,323804
1456,0,1,2,13,221,430,811,10230,10366,19216,46722,136057,262774,486843
1455,1,1,1,6,159,379,330,6817,4594,16740,24143,98103,234960,386234
1454,0,0,2,10,153,410,355,7836,5547,18654,29251,119899,289105,471222
1453,0,1,0,3,139,289,286,7038,4199,13927,23488,88527,202371,340268
1452,0,2,3,12,306,723,494,11858,6774,26720,31466,147981,334874,561213
1451,0,0,1,9,127,286,292,5497,4182,11461,23710,80982,174760,301307
1450,0,2,3,19,310,697,655,14557,9824,33978,53125,216435,517236,846841
1449,0,0,1,8,180,361,426,7635,6579,16900,38274,117069,250851,438284
1448,0,3,3,13,305,806,513,12686,7148,31236,36389,162337,395168,646607
1447,0,1,4,9,173,357,427,7980,6425,17199,32682,117918,255617,438792
1446,0,0,3,14,225,515,517,9573,7198,21849,38076,137860,318704,534534
1445,0,0,5,14,195,719,337,7473,4191,25218,21033,95794,294029,449008
1444,0,0,3,9,154,323,394,7852,6275,16911,34890,126555,267463,460829
1443,0,1,2,8,133,303,377,6185,5400,13574,27536,91753,199334,344606
1442,0,0,1,7,162,346,350,6947,5397,15705,29574,106784,237577,402850
1441,0,0,3,23,279,562,464,9189,5144,18608,23555,113240,221420,392487
1440,0,0,1,9,144,351,402,7193,5429,16771,29539,110355,252033,422227
1439,0,0,2,4,156,316,323,6539,4161,15082,21087,90121,208056,345847
1438,0,1,4,12,285,661,687,14037,9801,31239,51545,202087,450892,761251
1437,0,2,1,12,228,453,427,8849,5640,17553,27564,115850,238159,414738
1436,0,0,3,5,160,371,371,7778,5816,18069,31888,121359,287339,473159
1435,0,0,1,3,140,335,349,6566,5814,14578,30461,98910,211921,369078
1434,0,2,2,14,265,531,603,10875,8024,21663,39500,146891,292248,520618
1433,0,1,3,10,190,364,329,7901,4385,15677,22026,103898,204032,358816
1432,0,2,4,25,269,493,605,10439,7361,22331,35747,136965,295658,509899
1431,0,1,0,9,172,316,331,6448,4823,12673,25060,92936,184007,326776
1430,,0,1,16,294,658,655,14183,10809,31432,60336,221072,477672,817128
1429,0,2,5,2,180,374,406,8195,5662,16820,30077,115933,240704,418360
1428,0,1,2,6,181,555,444,9329,6199,25375,34252,138456,374209,589009
1427,0,0,1,5,149,330,389,7555,6182,16517,33481,110344,244298,419251
1426,0,1,1,11,205,476,451,9872,6823,22965,35893,142791,329756,549245
1425,0,0,1,4,131,291,279,5961,4042,13771,21823,89402,215077,350782
1424,0,0,4,10,217,485,454,9440,6487,21750,31916,132586,302754,506103
1423,0,0,1,6,110,268,250,5690,3960,12168,22332,82193,175137,302115
1422,0,1,1,13,259,545,449,10614,6505,22303,35599,151671,320301,548261
1421,0,2,2,9,174,439,343,7687,5328,18035,27017,107176,245320,411532
1420,0,1,5,21,285,630,640,12914,9436,29977,50038,188104,432480,724531
1419,0,0,0,2,114,317,271,5809,3890,14646,20740,85603,220267,351659
1418,0,2,2,14,243,571,576,10314,8182,23003,39025,135778,298799,516509
1417,1,2,2,11,172,428,311,6978,4402,17244,23314,99503,249490,401858
1416,0,1,0,15,216,424,551,9563,8145,20487,44935,142117,303948,530402
1415,0,0,3,5,163,299,308,6350,5081,14296,28657,92458,206905,354525
1414,0,0,4,6,167,444,379,8732,5894,19135,31374,125355,280329,471819
1413,0,0,0,9,103,257,239,5113,3796,11034,21634,83109,171139,296433
1412,,0,1,15,286,636,739,13219,10482,28976,59791,200029,432359,746533
1411,0,2,3,9,213,435,601,10194,9001,22681,48740,159054,344031,594964
1410,0,2,7,14,267,582,648,12253,10430,26993,59822,185298,402652,698968
1409,0,1,3,7,165,342,438,8398,7149,17826,40535,128202,270201,473267
1408,0,1,2,4,230,521,470,9684,6773,24094,36641,147436,374367,600223
1407,0,2,2,11,179,394,424,8089,6139,17968,35107,119411,263984,451710
1406,0,2,4,16,288,781,467,11507,6845,32220,34471,156391,419031,662023
1405,0,2,0,13,132,370,264,6425,4131,16585,21557,94797,248236,392512
1404,0,0,1,5,201,381,410,8169,6258,18692,34804,129826,293958,492705
1403,0,1,2,8,179,381,386,8028,5412,16568,27839,114436,235141,408381
1402,0,3,4,26,511,1172,1044,22264,14547,50960,76065,311527,712017,1190140
1401,0,3,2,20,493,1183,808,19592,12149,44251,65311,262620,593745,1000177
1400,0,4,4,10,404,952,872,19493,12441,44215,65753,276178,636230,1056556
1399,0,3,6,22,441,902,763,17520,10620,36218,53623,230494,478313,828925
1398,0,1,3,16,306,760,657,15141,9901,36396,52136,222491,545647,883455
1397,0,0,1,11,319,677,515,13140,7432,29277,37715,181649,413009,683745
1396,0,3,6,18,336,807,865,16672,13229,36929,69963,248317,550027,937172
1395,0,0,1,9,149,348,283,6206,3812,14744,20881,88779,212452,347664
1394,0,0,0,6,169,460,439,8861,6341,20716,33785,129769,300198,500744
1393,0,0,0,4,150,318,387,6417,5277,14234,27305,90218,199569,343879
1392,0,1,1,7,198,474,479,10483,7543,22350,41195,158424,333143,574298
1391,0,1,2,8,131,335,397,7511,5543,15845,29198,113811,240006,412788
1390,0,1,0,19,241,598,537,10685,7635,23817,39120,149559,335319,567531
1389,0,0,2,8,184,414,394,6498,5376,14528,30008,98096,216263,371771
1388,0,3,1,13,227,446,432,9140,6838,19759,36126,128871,276228,478084
1387,0,1,0,2,102,229,231,5230,3518,12032,20604,78206,178899,299054
1386,1,3,5,15,472,1120,799,16872,11447,40276,61066,233930,541885,907891
1385,0,0,1,10,136,273,322,6488,5531,13888,32024,97349,211876,367898
1384,0,0,2,18,270,569,674,11980,8844,23777,44077,162594,330627,583432
1383,0,1,0,5,166,363,341,6915,5049,16103,28105,104847,241313,403208
1382,0,0,3,23,324,601,589,13380,7244,25226,34998,166564,324955,573907
1381,0,5,2,5,158,416,269,7196,4257,16110,21537,96987,221680,368622
1380,0,5,3,30,592,1460,1152,23922,15365,56273,78058,323936,752019,1252815
1379,0,0,3,21,376,851,780,16788,11401,39898,60259,244230,581779,956386
1378,0,0,6,17,378,997,830,18048,12379,44747,66002,262699,647040,1053143
1377,0,1,0,13,252,588,576,11907,8112,27915,43815,176917,420372,690468
1376,0,1,3,29,511,1034,807,19357,11125,39728,55391,254982,538072,921040
1375,0,2,1,8,237,513,435,10307,6690,24148,35982,148067,353155,579545
1374,0,0,0,18,313,708,768,14459,11693,31404,67675,223031,472859,822928
1373,0,0,0,10,233,509,505,9290,6753,20698,33119,121664,265926,458707
1372,0,0,9,14,322,772,510,11350,6728,29156,33701,151384,383507,617453
1371,0,0,3,5,143,356,274,7085,4271,16514,22104,100676,243294,394725
1370,0,0,3,10,176,377,381,8105,5470,18343,29099,120511,276334,458809
1369,0,1,4,11,252,476,369,8560,4992,16743,24023,106650,215247,377328
1368,0,2,3,16,250,501,605,10079,7724,20441,38022,133351,272500,483494
1367,1,0,2,4,198,492,334,7885,5092,18732,26387,109230,264763,433120
1366,0,0,6,14,362,847,503,12532,6879,31386,34137,162125,392586,641377
1365,0,0,1,9,151,307,292,7266,4777,15080,26287,108109,219356,381635
1364,0,0,2,12,191,396,408,7995,6727,17846,39234,124034,269814,466659
1363,0,0,0,4,107,263,269,5117,3359,12836,19181,75728,193024,309888
1362,0,0,1,9,145,342,399,7458,6745,15616,39221,113740,245141,428817
1361,0,0,2,2,115,250,256,5119,3530,11183,19614,76687,171522,288280
1360,0,0,3,17,181,390,503,8742,7558,18276,40005,130684,271366,477725
1359,0,0,2,5,120,359,223,5250,3290,14130,17310,73857,205494,320040
1358,0,3,3,23,383,1018,724,15942,10944,37678,57661,220872,505410,850661
1357,0,3,2,4,177,439,364,7168,5019,17164,27160,105115,247939,410554
1356,0,1,2,16,356,800,726,14784,10149,33030,50619,202683,447607,760773
1355,0,2,3,8,202,399,365,7729,4986,16419,25719,103232,225279,384343
1354,0,1,2,4,142,334,294,6777,4523,15660,25055,102806,241777,397375
1353,0,0,2,9,95,272,233,5121,3347,12383,18345,79881,191613,311301
1352,0,1,3,9,153,342,436,7413,7003,15606,39922,113566,237282,421736
1351,0,2,0,14,265,583,558,11948,7833,26354,41568,171368,389211,649704
1350,0,1,4,28,480,1011,1029,20852,14161,40582,67853,276142,543875,966018
1349,0,0,8,12,270,532,517,11283,7353,26267,38397,162914,385542,633095
1348,0,3,2,11,281,589,636,12323,10135,25464,53679,182885,383986,669994
1347,0,2,0,5,194,465,393,8302,5043,20295,26832,118624,290764,470919
1346,0,2,0,6,169,479,460,9602,6407,23710,33471,145359,355147,574812
1345,0,1,0,7,151,320,421,6902,6019,14819,33719,107106,226093,395558
1344,0,0,2,15,219,553,529,10943,7908,25033,42277,164814,384444,636737
1343,0,0,0,7,162,300,366,7129,5745,15034,30962,99488,209277,368470
1342,0,0,2,7,151,369,421,7691,6130,16662,35055,117687,252966,437141
1341,0,0,2,8,134,315,429,7151,6266,14081,30766,100485,202787,362424
1340,0,2,3,5,167,398,311,7104,4732,17496,23712,107380,267299,428609
1339,0,2,0,9,168,339,359,7213,5611,14991,27834,104025,217106,377657
1338,0,1,1,14,187,387,498,8863,6907,17781,35899,132713,258101,461352
1337,0,0,2,5,131,294,223,5885,3431,13573,18485,86872,201617,330518
1336,0,1,1,13,204,466,550,9622,8123,19545,41126,136665,275200,491516
1335,0,1,5,9,286,684,523,12559,7763,30229,40445,175772,422452,690728
1334,0,1,8,25,450,972,1029,17795,13537,38174,69973,246258,525677,913899
1333,0,0,3,8,178,399,350,7379,4965,18506,25280,104568,251699,413335
1332,0,3,2,13,290,660,425,10761,6233,25364,32388,141179,327592,544910
1331,0,0,1,6,131,309,300,6126,4324,14233,22789,90098,209459,347776
1330,0,1,1,9,206,455,434,8979,5924,19987,30266,123510,280141,469913
1329,0,1,1,5,168,397,290,6734,4056,16570,19839,89733,216480,354274
1328,0,0,2,12,169,345,434,8135,6670,17550,38788,120865,262893,455863
1327,0,1,0,10,153,311,360,6121,5259,14041,28084,91601,200384,346325
1326,0,2,2,11,273,564,592,11062,8103,22472,37917,141260,293018,515276
1325,0,1,1,4,115,326,315,6231,4364,14048,22771,85752,194085,328013
1324,1,2,3,17,214,456,853,9549,8049,19754,34798,129327,262295,465318
1323,1,1,3,13,254,444,424,8244,5484,16777,25563,101804,211323,370335
1322,0,0,4,10,250,428,602,9810,8415,19865,40027,133254,271734,484399
1321,0,0,2,4,117,262,262,5529,3819,11222,21494,80912,168449,292072
1320,0,1,2,10,232,613,482,10232,6715,24478,35545,137601,329292,545203
1319,0,0,0,9,140,324,371,6958,5117,15910,27136,103391,231623,390979
1318,0,2,1,8,173,389,430,8301,6344,17697,35910,126983,262737,458975
1317,0,0,0,4,193,349,327,8404,4950,15435,25884,112332,219952,387830
1316,0,0,2,7,163,338,408,7696,6343,16926,34954,115921,254571,437329
1315,0,1,1,7,134,342,297,6622,4318,14556,22419,90401,204608,343706
1314,0,1,8,14,256,532,598,10034,8081,19459,38401,127119,251690,456193
1313,0,0,4,9,187,427,366,7312,4443,15366,20850,89716,196212,334892
1312,1,1,3,7,158,491,326,7433,5115,18982,27246,107808,269337,436908
1311,0,1,0,7,108,243,226,5034,3833,11330,21741,78308,176710,297541
1310,0,0,2,10,228,500,413,9139,5781,20663,30201,126689,286338,479964
1309,0,0,0,4,121,268,226,5214,3446,12739,18397,82049,192703,315167
1308,0,0,0,7,151,345,354,7031,5564,15321,31219,104199,227728,391919
1307,0,0,4,4,197,362,303,6472,4208,14560,21288,83887,193148,324433
1306,0,1,2,4,170,334,318,7380,4682,14878,25654,108885,216782,379090
1305,0,0,4,8,107,313,189,4796,2769,13686,14571,64674,181548,282665
1304,0,0,3,6,145,379,255,6551,4200,16587,21638,95387,243707,388858
1303,1,0,2,9,221,551,360,7977,4233,20252,21763,104968,263723,424060
1302,0,3,3,6,290,639,350,10927,5663,25949,28789,143327,335115,551061
1301,0,2,3,8,137,300,253,5928,3614,14546,18901,86491,213126,343309
1300,0,1,0,10,117,340,326,6557,4764,15861,26801,100404,241513,396694
1299,0,0,2,8,104,301,250,5437,3405,14446,18393,78184,204901,325431
1298,0,1,2,29,380,665,695,14473,8752,27868,40388,187273,363259,643785
1297,0,1,2,15,149,354,393,7967,5978,16508,30428,112803,236848,411446
1296,0,1,1,16,216,405,628,9678,8241,20103,41627,139239,291679,511834
1295,0,2,0,3,123,304,264,5535,3731,13304,20149,79428,188787,311630
1294,0,0,2,8,161,393,371,7052,5224,16735,29065,108802,259634,427447
1293,0,0,0,6,112,253,232,5146,3663,11881,20035,76875,178996,297199
1292,0,1,3,25,453,938,1127,20368,15494,41606,78078,275059,569561,1002713
1291,0,2,1,17,209,450,483,9745,6844,20033,36158,141904,292430,508276
1290,0,3,4,15,309,660,662,12286,8008,25244,38179,157831,326169,569370
1289,0,0,0,7,135,277,330,6872,4841,14004,24844,99338,200497,351145
1288,0,1,2,19,301,669,665,11047,8639,24995,43294,141748,312816,544196
1287,0,1,3,6,135,281,311,6341,5033,12995,27049,93883,190995,337033
1286,0,1,0,13,297,552,807,13058,11710,26816,54558,183326,378826,669964
1285,0,3,2,9,198,377,378,8291,5575,17861,30207,127865,265321,456087
1284,0,0,0,15,256,596,590,10935,8446,24243,45221,157640,345484,593426
1283,0,0,3,8,187,369,351,7694,5244,18626,27927,112891,268835,442135
1282,0,1,2,11,210,528,398,8784,5478,21666,28536,127074,315077,507765
1281,0,1,3,14,348,676,677,15045,10617,32198,58528,221541,478106,817754
1280,0,1,1,8,155,473,392,8164,5816,19913,30314,119870,286698,471805
1279,0,0,0,13,204,487,539,10111,8102,21064,40181,143740,300791,525232
1278,0,0,2,10,144,327,422,8637,6004,16928,31865,126644,253564,444547
1277,0,0,4,14,265,660,466,8220,6290,18461,31622,110807,242408,419217
1276,0,0,5,17,245,583,462,10125,6329,24387,31551,135514,325834,535052
1275,0,0,0,15,222,385,460,7566,6225,15751,29398,100520,214555,375097
1274,0,0,0,4,147,364,337,7344,4921,18247,26133,107608,271526,436631
1273,1,0,0,8,118,312,274,6449,4131,15038,21161,92106,218298,357896
1272,0,1,0,13,210,461,503,9768,6846,21930,35057,138467,306771,520027
1271,0,2,0,12,158,313,406,6822,6188,14705,31601,100373,215386,375966
1270,0,1,2,7,191,437,394,8294,5738,17898,31075,119206,262665,445908
1269,,0,4,14,269,572,669,12074,9027,26310,45404,168950,364345,627638
1268,0,2,4,9,267,587,640,13114,9137,29119,48836,188219,429387,719321
1267,0,1,0,12,189,454,450,9675,7180,20250,37735,145614,305724,527284
1266,0,4,3,30,484,919,1179,20185,14512,41093,72855,260423,562218,973905
1265,0,0,3,12,205,476,335,7987,4878,19897,25669,110019,277598,447079
1264,0,2,3,8,224,539,529,10839,8492,23794,47814,161071,338092,591407
1263,0,0,1,6,168,339,393,7555,5387,17718,29226,111213,260407,432413
1262,0,2,2,9,179,409,369,8158,6081,18398,32943,123727,281299,471576
1261,0,0,2,12,151,355,302,6908,4947,14387,26686,105799,214502,374051
1260,0,2,2,10,166,419,334,7462,4786,19747,25611,108843,300673,468055
1259,0,0,4,1,122,269,298,6026,4439,12647,24623,91965,189036,329430
1258,0,0,1,9,179,371,392,8541,5972,17911,32199,125601,263625,454801
1257,,1,6,30,515,1182,1065,23053,15114,53201,78444,331102,774335,1278048
1256,0,3,2,34,495,1021,1404,22011,20634,48919,99118,335194,730118,1258953
1255,0,5,5,26,446,918,858,18499,12798,42082,69201,275002,619095,1038935
1254,0,2,2,26,489,1094,1169,21435,15965,48376,91080,311039,695932,1186609
1253,0,1,3,12,355,802,819,16447,11513,37815,62874,247069,568347,946057
1252,0,0,5,23,410,888,1102,18896,15553,41203,82908,281211,607063,1049262
1251,0,2,4,15,264,629,546,12049,8512,29811,46339,176880,444796,719847
1250,0,2,6,20,416,839,926,18115,13043,37124,68545,264907,545958,949901
1249,0,0,1,15,309,613,755,13393,10910,28958,57520,196581,420427,729482
1248,0,1,2,29,339,796,863,16221,12721,34816,66507,233333,501918,867546
1247,0,0,3,9,321,643,597,12599,8122,27500,43024,176427,392063,661308
1246,0,0,5,9,288,646,694,13344,10338,29452,57552,203393,446235,761956
1245,0,0,1,7,158,433,380,7754,5747,17550,31941,114961,258546,437478
1244,0,1,0,13,277,572,664,11585,9586,25426,52294,172775,377695,650888
1243,0,0,1,12,182,400,392,8221,5892,18265,31716,124113,279819,469013
1242,0,0,3,10,244,529,548,10915,7854,24946,40363,158956,359367,603735
1241,0,1,1,6,154,341,310,8085,5168,16518,27933,116292,238487,413296
1240,0,0,1,6,175,450,356,8116,5706,20268,31148,122181,306113,494520
1239,0,2,3,1,151,326,266,6532,4181,15728,21638,96819,237666,383313
1238,0,1,3,7,223,577,464,9319,6835,19740,36755,127806,271988,473718
1237,0,0,2,10,145,309,374,6847,5145,13773,27128,94567,198223,346523
1236,0,0,1,10,164,378,336,7682,5511,18360,28457,114423,267360,442682
1235,0,0,2,10,130,306,518,6674,6449,13427,32089,92765,184015,336385
1234,0,3,8,32,501,1025,1166,18636,14975,38147,71485,251297,513950,911225
1233,0,0,1,15,237,480,482,10680,6725,21597,33465,145465,294497,513644
1232,0,3,1,8,183,480,492,9852,7900,21367,45582,147598,319870,553336
1231,0,0,1,7,162,372,383,7641,5521,16175,30788,115290,239605,415945
1230,0,0,2,10,216,434,501,9348,7794,20612,43326,141414,306069,529726
1229,0,1,1,6,158,426,288,7066,4169,18539,21844,100540,257787,410825
1228,0,1,1,13,193,467,459,9128,6548,21088,33944,131868,304927,508637
1227,0,0,1,4,123,281,288,5876,4394,13308,23623,87050,197019,331967
1226,0,2,2,10,232,433,674,9769,9105,19814,45054,133702,270074,488871
1225,0,0,0,6,168,294,390,5900,5462,12077,30236,83982,171289,309804
1224,0,0,2,6,141,341,427,7580,6784,16091,36937,113963,237202,419474
1223,,3,0,12,205,481,435,9418,6421,23455,33539,137417,350052,561438
1222,0,0,4,21,370,804,879,16728,13078,36117,66914,238806,514847,888568
1221,0,0,1,5,89,221,257,4797,4129,10902,23473,74421,164967,283262
1220,0,1,0,4,148,348,347,6821,4831,16074,25702,101529,251082,406887
1219,0,2,1,7,206,381,391,7861,5079,16732,23272,101837,222187,377956
1218,0,2,2,17,245,471,453,10127,6614,20720,34842,139797,287227,500517
1217,0,0,2,2,107,254,226,4818,3268,11584,17492,72280,176249,286282
1216,0,2,1,7,143,326,337,7165,5448,15210,29764,110895,229720,399018
1215,0,1,0,4,127,302,235,5851,3713,13310,18566,80498,190558,313165
1214,0,0,0,6,146,312,368,7137,5451,15068,29153,106969,228081,392691
1213,0,1,1,2,109,253,251,5052,3635,11712,18701,73329,171208,284254
1212,0,2,0,9,167,404,376,8248,5765,17360,30020,117719,251030,431100
1211,0,1,0,3,135,327,267,5980,3854,14566,19935,84521,198077,327666
1210,0,0,1,5,134,333,307,6426,4645,14516,24940,98286,219122,368715
1209,1,0,2,4,152,304,409,6271,5535,12685,27135,87682,178288,318468
1208,0,0,1,5,146,353,318,7390,5155,16703,28084,111828,251758,421741
1207,0,0,2,5,83,291,260,5195,3671,12267,19272,77994,181749,300789
1206,0,0,2,7,142,291,318,6320,5512,14148,32441,101891,221637,382709
1205,0,1,0,11,169,369,297,6797,4599,16518,24710,98294,243751,395516
1204,0,0,2,15,234,533,646,11500,8947,23290,44027,158972,324411,572577
1203,0,2,1,7,181,365,372,7875,5188,15709,26680,109456,223780,389616
1202,0,2,1,9,233,527,436,9628,6242,22799,31993,130608,317505,519983
1201,0,3,2,7,161,347,359,6747,5280,14604,26249,93825,205927,353511
1200,0,1,3,12,221,504,421,8841,5697,20999,29678,122892,289578,478847
1199,0,0,1,4,116,273,217,5126,3192,12409,16888,75604,183608,297438
1198,1,2,3,7,225,529,440,10120,6252,24402,33100,146178,353729,574988
1197,0,0,2,24,389,765,635,11314,7842,23959,35710,136886,287565,505091
1196,0,1,2,15,265,530,649,11773,9459,24262,48554,165266,347224,608000
1195,0,0,1,7,143,331,306,6697,4626,15880,24778,100052,233759,386580
1194,0,3,5,12,435,1250,646,16398,9904,47605,50941,220638,607822,955659
1193,0,1,2,8,141,323,301,6565,4174,13005,23577,92993,186868,327958
1192,0,1,3,10,162,368,596,8582,9045,17329,46517,127653,255809,466075
1191,0,1,3,15,319,711,808,14925,10789,31184,55723,213267,437719,765464
1190,0,1,6,12,351,812,771,15631,10703,36670,58807,226415,533838,884017
1189,0,0,3,16,229,485,529,10327,7731,23329,43423,156535,352117,594724
1188,0,4,1,12,330,687,629,14498,10355,33091,55685,222951,502894,841137
1187,0,1,5,10,296,617,503,11065,7058,23327,39452,161567,336592,580493
1186,0,0,6,13,332,733,694,14147,10262,32613,57408,211826,489318,817352
1185,0,2,1,15,177,384,459,8122,7120,17524,37756,118149,253371,443080
1184,0,3,2,7,252,608,525,11278,7096,26290,37349,154369,372459,610238
1183,0,0,2,10,145,353,311,6866,4580,16514,24310,102493,244218,399802
1182,0,0,1,12,192,446,486,9820,6850,22854,35803,140147,326799,543410
1181,0,0,2,3,120,275,347,6282,5481,13740,30738,100414,214986,372388
1180,0,1,2,10,164,439,378,8135,6068,18555,32035,120384,274964,461135
1179,0,0,2,7,120,317,286,6304,4224,14590,21536,89235,208868,345489
1178,0,0,2,11,227,734,365,9318,5161,26616,25350,116804,303574,488162
1177,,5,3,22,462,1070,1015,18209,12953,40159,62966,245174,534025,916063
1176,0,1,2,12,216,619,496,10308,7045,26650,37809,151498,403892,638548
1175,0,2,1,13,240,533,629,11263,9014,24350,46940,163327,352323,608635
1174,0,0,2,13,274,609,574,12428,8678,26374,47501,184290,383659,664402
1173,0,1,1,12,177,439,417,8329,6898,17822,36610,124474,257452,452632
1172,0,1,4,11,203,514,391,9095,5872,22709,30675,131419,329902,530796
1171,0,1,2,9,255,523,432,8970,6358,19299,28695,117633,254303,436480
1170,0,1,5,8,224,595,426,9295,5716,24591,30172,128534,337137,536704
1169,0,0,0,7,139,314,292,6508,4583,13478,24286,100636,207470,357713
1168,0,5,4,11,226,792,396,9439,5527,29055,27919,123027,357787,554188
1167,0,1,2,4,153,320,276,6038,3888,14086,20061,84321,195936,325086
1166,0,2,1,13,188,519,388,9127,5522,21146,27497,120542,279525,464470
1165,0,0,1,4,122,287,200,4651,2738,11541,14829,67726,165221,267320
1164,0,0,1,5,157,483,350,8174,5200,22625,27564,116507,323228,504294
1163,0,0,0,6,154,308,399,7137,5364,14755,26384,95394,201504,351405
1162,0,0,3,5,176,370,259,6692,4315,17725,22464,95517,260761,408287
1161,0,0,1,8,98,206,259,4550,3811,10188,22285,69837,150069,261312
1160,1,0,3,9,255,558,594,11192,8160,24328,41434,158420,349915,594869
1159,0,0,3,8,173,537,325,6953,4370,21691,23274,98408,281432,437174
1158,0,2,5,9,244,524,603,10695,8301,23561,43059,150183,325090,562276
1157,0,1,0,1,146,352,281,7064,4009,16885,21172,96838,237902,384651
1156,0,0,0,10,157,405,327,7691,4982,18332,26432,117032,281081,456449
1155,0,1,2,4,97,262,249,5036,3737,11725,20664,74095,171448,287320
1154,0,2,3,9,195,443,549,8665,7695,18889,39606,123541,263937,463534
1153,0,1,1,0,124,268,221,5135,3326,11783,18427,75170,174336,288792
1152,0,1,1,8,194,437,393,8523,5341,19882,28554,117473,270579,451386
1151,0,1,9,7,322,640,654,13151,9001,29274,45575,185077,409692,693403
1150,0,1,3,17,358,809,857,16374,12527,34009,65299,229768,484478,844500
1149,0,0,4,18,262,571,706,11899,10048,25362,53422,167951,350400,620643
1148,0,0,4,29,489,978,893,20040,12626,40856,63214,275990,562016,977135
1147,0,2,0,6,150,345,231,5609,3353,14311,17823,83465,208630,333925
1146,0,0,3,10,155,346,380,7787,5487,16057,30776,118346,240939,420286
1145,0,1,0,4,121,286,250,5629,3629,11904,20371,81172,168666,292033
1144,0,1,2,11,169,400,385,8386,5522,18113,28826,114034,257589,433438
1143,0,0,5,6,169,359,311,6658,4431,15349,22934,93874,215296,359392
1142,0,1,4,6,127,363,413,7597,6453,16423,35296,118814,251705,437202
1141,0,1,1,3,101,247,223,4842,2828,11374,15085,66162,163929,264796
1140,0,1,0,4,157,357,308,6552,4637,17062,24073,98065,262410,413626
1139,0,2,1,6,151,445,407,8094,5525,21102,29720,119206,319509,504168
1138,0,1,3,7,250,562,440,10875,6859,27305,35999,158801,395007,636109
1137,0,1,5,10,224,542,447,8804,5646,20827,29519,124619,288499,479143
1136,0,3,2,11,199,453,544,9753,8823,21097,47588,149929,316305,554707
1135,0,0,2,6,136,351,340,7110,4842,16710,25626,105157,247323,407603
1134,0,1,2,10,207,530,388,8754,5727,22219,30670,129108,329058,526674
1133,0,1,1,7,124,305,323,6029,4430,13990,23670,90868,210726,350474
1132,0,0,4,7,240,574,430,9793,6100,24375,31047,134407,324996,531973
1131,0,0,4,10,110,230,308,5565,4772,11678,26588,83672,174697,307634
1130,0,0,0,6,121,313,326,6415,5489,14521,32778,101235,221760,382964
1129,0,1,0,8,100,223,235,4665,3351,11213,17519,69442,170713,277470
1128,0,2,0,8,268,640,447,11026,6900,27696,35820,157704,392831,633342
1127,1,0,1,3,147,383,331,6922,4642,15668,24508,98862,224892,376360
1126,0,1,1,7,174,411,398,7854,5630,18566,29951,116040,274677,453710
1125,0,0,1,9,148,321,367,6494,5250,13269,26885,93790,189307,335841
1124,0,0,3,6,157,361,288,6856,4402,16881,22780,103221,253058,408013
1123,0,0,0,8,102,195,263,4494,4288,9815,25881,71194,146907,263147
1122,0,0,0,7,145,344,397,6643,5408,14585,30884,96376,209025,363814
1121,0,0,2,5,119,281,346,5511,5021,12098,27476,81785,173253,305897
1120,0,0,1,6,144,339,280,6047,3926,17023,21164,88800,245404,383134
1119,0,0,0,5,127,236,245,5385,3697,12013,18943,76525,165928,283104
1118,0,0,0,13,156,340,380,6801,5984,14813,33234,102453,218731,382905
1117,0,0,2,9,133,231,245,4932,3594,10134,20777,74148,151836,266041
1116,0,0,5,16,225,437,485,10180,7169,20572,37266,146864,298421,521640
1115,0,1,1,6,136,298,317,6114,4493,12249,23342,86524,179031,312512
1114,0,0,2,9,186,459,481,9330,6756,19146,35568,139167,280151,491255
1113,0,0,1,1,101,232,208,4497,2852,11462,15270,68132,172005,274761
1112,0,0,4,14,295,606,657,10639,7506,21944,36136,133374,276538,487713
1111,0,0,4,4,120,309,232,4870,2886,12759,14706,68972,177607,282469
1110,0,2,2,3,129,332,302,6505,4635,14637,24460,96671,218600,366278
1109,0,1,2,6,119,275,307,5627,4252,12181,23640,79418,167744,293572
1108,0,1,2,7,204,457,304,7980,4414,20162,23509,112503,281103,450646
1107,0,0,2,5,122,266,283,5508,4449,11684,23495,81640,175140,302594
1106,0,0,3,9,150,329,261,6499,4172,15800,21743,96050,234301,379317
1105,,1,2,11,248,476,720,10956,10102,22811,52324,157585,325133,580369
1104,0,1,6,21,388,811,854,15878,11660,34541,60318,225041,500181,849700
1103,0,0,0,5,107,252,302,5125,3988,11387,22683,77620,168006,289475
1102,0,1,5,11,258,532,549,11491,8210,24022,45165,168193,356210,614647
1101,0,0,3,1,80,253,168,4263,2776,11332,14151,60526,167399,260952
1100,0,0,0,8,187,387,446,8275,7122,18434,39968,127420,275419,477666
1099,0,0,0,7,128,272,344,5951,5348,12132,29314,86334,180905,320735
1098,0,0,2,23,219,547,495,10157,7136,22209,36168,141145,308666,526767
1097,0,0,1,2,135,275,210,5436,3430,12537,17396,80023,184453,303898
1096,0,1,0,4,166,407,362,8235,5327,18974,27649,118258,276487,455870
1095,0,0,0,4,100,244,247,4858,3382,10835,18273,72745,163074,273762
1094,0,1,0,7,194,616,321,8018,4774,23365,24179,106354,299814,467643
1093,0,1,0,5,156,433,294,6475,3652,17702,19195,90635,241618,380166
1092,0,1,8,12,185,543,359,7498,4701,21637,24529,105660,301248,466381
1091,0,1,2,9,129,314,362,6158,5171,13294,27234,88276,185159,326109
1090,0,1,2,6,140,349,287,6072,4205,16423,22512,92067,251664,393728
1089,0,0,2,4,87,223,241,4499,3212,9970,17549,69069,155499,260355
1088,1,0,5,41,516,1028,1524,22822,21031,45929,104188,324549,663407,1185041
1087,0,4,7,15,347,770,598,13796,8480,31386,42877,183389,419291,700960
1086,0,2,5,12,299,723,648,14107,9008,32388,46954,198939,465737,768822
1085,0,0,0,12,274,705,521,11167,6936,29405,34968,152565,393337,629890
1084,0,1,4,12,289,619,614,11848,8720,29403,47128,179199,437522,715359
1083,0,1,3,8,253,592,420,9868,5996,25363,32011,138823,354908,568246
1082,0,0,2,12,229,502,470,11063,7355,23344,41716,163462,346166,594321
1081,0,1,1,20,243,428,487,9536,6232,18295,31010,128195,253974,448422
1080,0,0,5,26,273,571,693,11343,10053,24159,51631,157542,335035,591331
1079,0,1,4,11,294,528,481,11106,6407,21144,31253,142046,278756,492031
1078,0,0,3,14,244,511,605,10784,9286,22323,48380,155175,321078,568403
1077,0,0,3,5,141,335,290,6234,3807,14673,20123,88907,216953,351471
1076,0,2,1,9,232,493,555,10004,7519,21406,37808,140045,300939,519013
1075,0,1,2,6,127,272,335,5936,4940,12187,25959,87890,179755,317410
1074,0,1,1,14,144,370,445,7797,6562,16521,35278,113927,243187,424247
1073,0,0,0,3,112,261,286,5419,3969,12044,19905,78462,174200,294661
1072,0,0,1,9,249,675,532,11394,7309,30746,38570,162435,435987,687907
1071,0,1,3,7,99,267,222,5163,3486,12114,17996,73741,177443,290542
1070,0,0,2,7,164,399,451,8623,7326,18070,38709,127519,271156,472426
1069,0,2,2,14,197,439,593,9657,8734,21450,48839,146031,311500,547458
1068,0,0,4,16,222,590,510,11190,8233,25808,44333,169340,393647,653893
1067,0,1,2,8,185,387,488,9047,6750,18949,40010,129807,282534,488168
1066,0,1,0,14,216,490,544,11142,8283,22808,44089,171161,346495,605243
1065,0,1,4,9,147,381,415,7456,6547,16143,36786,112566,239788,420243
1064,0,0,2,10,177,515,359,8412,5378,22374,29314,121073,335231,522845
1063,0,0,0,11,193,405,520,8311,6810,16730,34428,112471,229749,409628
1062,0,0,4,16,193,483,467,9177,6310,21178,32056,133759,308780,512423
1061,0,0,0,17,215,428,490,8353,6219,16235,29705,107117,210028,378807
1060,0,0,1,5,156,353,323,6893,4291,16135,23352,103586,251210,406305
1059,0,0,0,4,82,202,221,4358,3044,10209,16822,66446,154065,255453
1058,0,0,0,13,169,373,393,7577,5593,16718,30227,109921,244673,415657
1057,0,0,0,5,93,265,179,4359,2559,12041,13870,65684,174315,273370
1056,1,1,3,13,228,445,646,9141,8280,19130,40653,124789,262460,465790
1055,0,0,1,1,89,201,228,4433,3741,9638,22760,71153,149799,262044
1054,1,1,1,8,179,397,376,7543,5331,17169,28086,113939,251892,424923
1053,0,2,5,5,247,548,370,8490,4711,18884,22857,106445,240836,403400
1052,0,2,3,20,313,669,728,12278,9611,24581,44282,151533,311214,555234
1051,0,0,0,9,150,368,341,7587,4391,14656,22425,103268,201132,354327
1050,0,0,2,14,250,558,521,11754,8287,25873,44193,171463,387243,650158
1049,0,0,1,5,119,243,305,5219,4335,11254,25451,80102,170906,297940
1048,0,4,7,34,714,1479,1430,28672,19368,59642,93944,378836,814328,1398458
1047,0,1,4,15,401,960,863,18079,12818,41685,70902,266329,604188,1016245
1046,0,1,5,30,498,920,1356,20708,18839,42905,95619,298022,608286,1087189
1045,0,2,0,11,231,574,521,10566,7387,25104,40237,159859,384043,628535
1044,0,2,4,16,338,765,716,15264,11198,33931,59411,225077,500559,847281
1043,0,3,2,12,247,543,604,11409,7813,24193,40548,166244,344596,596214
1042,0,1,8,11,342,806,667,15274,9529,36129,50099,219769,526359,858994
1041,0,0,1,4,166,315,270,6311,4063,15002,20208,85618,197832,329790
1040,0,0,1,6,132,338,316,6587,4902,15122,27413,101670,228258,384745
1039,0,0,4,14,172,313,337,6018,4015,12963,18963,77875,168438,289112
1038,0,1,4,4,193,398,488,8669,7476,18473,38486,121567,257159,452918
1037,0,0,0,6,101,246,220,4449,3353,9883,17419,67163,147260,250100
1036,1,1,4,7,174,434,297,7328,3954,19767,20142,101359,266130,419598
1035,0,4,1,19,323,487,591,9659,6549,17475,27510,110022,210494,383134
1034,0,0,1,8,166,311,379,7016,5988,14850,34638,103947,223517,390821
1033,0,0,1,7,114,256,201,4700,3074,10906,16151,68715,157320,261445
1032,0,1,0,6,152,340,239,6208,3724,15537,19563,89697,221709,357176
1031,0,1,1,5,89,225,289,5064,3976,10499,21564,78912,160845,281470
1030,0,0,3,6,125,277,280,6346,5500,13674,31919,100097,214520,372747
1029,0,2,2,4,134,312,239,5192,3224,12788,16361,71685,172016,281959
1028,1,1,3,17,210,474,547,9964,7355,21000,37429,144247,300722,521970
1027,0,0,1,9,96,237,242,5163,3623,11798,20933,77945,179905,299952
1026,0,0,0,13,182,414,469,8606,6852,17289,36304,119187,246939,436255
1025,0,0,0,4,110,218,245,5066,4298,9952,24189,77157,154013,275252
1024,0,1,0,8,168,367,344,7838,5035,17712,24971,112799,252361,421604
1023,0,0,1,6,104,205,193,4282,2972,10247,15923,65184,154414,253531
1022,0,2,1,7,160,329,422,7410,6008,15683,33808,109454,233961,407245
1021,0,0,0,6,96,249,340,5345,4883,11206,25259,76336,159786,283506
1020,1,2,0,10,246,639,630,12908,9371,28198,51135,189490,411547,704177
1019,0,3,2,9,156,437,397,7786,5251,16890,26672,106722,231820,396145
1018,0,0,1,12,209,461,654,9943,10486,19792,53713,150145,297648,543064
1017,0,1,1,8,124,326,294,6205,3947,14561,20844,90348,212967,349626
1016,0,2,2,4,161,375,287,7098,4262,17129,22601,103539,256071,411531
1015,0,0,2,8,161,355,295,6390,4156,15248,20368,86567,204988,338538
1014,0,0,2,3,142,419,302,6917,4554,17967,24362,98518,265525,418711
1013,0,0,1,3,129,257,328,5279,5178,10975,29299,79403,162900,293752
1012,0,1,7,16,399,885,939,17835,14357,37864,76468,254080,537663,940514
1011,0,2,3,23,275,687,661,12108,9499,26280,48065,169492,363442,630537
1010,0,2,2,15,342,714,701,14477,10192,34017,53370,212835,500560,827227
1009,0,2,2,15,260,615,565,11831,7822,26319,40651,164119,367886,620087
1008,0,2,3,29,489,923,1140,18530,14785,36616,68034,229333,469145,839029
1007,0,2,4,19,312,602,668,11753,8804,23298,42307,145668,300651,534088
1006,0,0,1,13,231,513,628,10849,9042,22976,48723,160645,336589,590210
1005,0,0,2,6,240,534,431,9857,6294,19450,29787,126354,250432,443387
1004,0,2,0,11,201,427,432,9387,6901,19836,35869,138427,293287,504780
1003,0,0,5,1,134,492,203,5376,2970,18664,15729,72456,236432,352462
1002,0,0,0,15,227,506,568,9796,8001,21037,42051,137052,295031,514284
1001,0,1,1,8,150,302,449,6956,5978,13875,29235,98514,194692,350161
1000,0,1,1,7,198,420,389,8590,5698,17739,30561,121180,246275,431059
999,0,0,1,7,113,278,178,4423,2482,11115,13260,63927,162194,257978
998,0,0,2,9,182,444,305,7784,4930,19482,25224,107383,268626,434371
997,0,0,2,7,190,356,454,7816,6553,16977,35036,114411,246096,427898
996,0,1,2,12,198,460,444,9990,6964,20681,36812,144897,298793,519254
995,0,1,0,5,143,297,322,6497,5246,14159,28417,96769,211030,362886
994,0,1,2,6,203,507,371,9229,5248,23238,27855,130667,331857,529184
993,0,0,4,2,145,314,277,5904,3822,13983,20335,83120,200338,328244
992,0,1,0,19,203,440,542,9264,7440,19106,37377,127279,261787,463458
991,0,1,2,5,109,234,215,4794,3542,10907,18555,72953,166558,277875
990,0,1,5,16,233,428,565,9115,7420,18429,35801,123717,249579,445309
989,0,2,1,8,180,386,427,8355,6689,17604,35007,120533,252868,442060
988,0,0,0,14,201,445,460,8919,6624,19665,34658,133773,301033,505792
987,0,0,1,7,137,293,301,6064,4493,13420,26207,93152,200396,344471
986,0,0,2,5,197,563,334,8326,5018,23792,25813,114192,324298,502540
985,0,0,2,3,97,319,212,4968,3134,12802,16094,74353,190741,302725
984,0,3,3,12,173,432,376,9177,5596,18390,28827,126744,259632,449365
983,0,1,0,3,94,219,262,4971,3533,10177,19179,75336,154174,267949
982,1,0,2,6,156,371,395,6856,5698,14747,31200,103116,218131,380679
981,1,0,2,5,148,304,298,5630,3906,12989,20161,81904,189844,315192
980,0,2,0,11,183,429,487,8813,6932,18250,35918,121336,255327,447688
979,0,0,0,6,106,262,249,5629,3408,12621,17862,76591,177629,294363
978,0,2,2,10,191,342,428,8274,7321,18110,39954,129597,272921,477152
977,0,1,0,13,186,439,409,7869,5817,16963,28514,104934,228406,393551
976,0,0,1,12,155,300,416,7748,6541,15730,35130,113306,233427,412766
975,0,3,4,20,321,728,713,11991,9085,24990,40868,145153,303622,537498
974,0,1,2,23,283,574,729,12755,9515,25394,47071,172222,347289,615858
973,0,0,4,6,177,376,337,7072,4867,16497,25347,101309,237731,393723
972,0,0,2,10,234,467,616,10315,9144,20463,47727,141837,286276,517091
971,0,1,0,8,168,300,375,6147,5521,13127,28097,86337,182031,322112
970,0,1,2,3,167,385,375,8060,5145,19247,27789,116718,272396,450288
969,0,0,2,5,130,250,205,4803,3281,11934,16665,67401,173446,278122
968,0,0,1,9,188,398,462,8643,6164,18892,30936,120385,260129,446207
967,0,0,0,2,80,215,152,4210,2443,10144,13448,64134,156158,250986
966,0,0,3,15,233,483,536,9933,7642,21029,42164,141147,300499,523684
965,0,1,3,16,294,489,441,9983,5873,18855,27252,127343,247678,438228
964,0,2,3,9,170,413,333,7932,5271,18239,28742,114882,265254,441250
963,0,0,1,8,118,248,283,5106,4530,10925,24956,76327,163333,285835
962,0,1,1,9,189,359,350,7531,5464,16704,28976,108944,240059,408587
961,0,1,3,14,170,358,435,6519,5569,13814,24948,83188,171585,306604
960,0,0,1,5,145,455,271,7490,3986,20073,20840,103688,276459,433413
959,0,2,0,5,100,198,239,4654,3247,10833,17439,70267,162968,269952
958,0,0,8,14,308,1134,471,11066,6389,34568,32229,140668,399365,626220
957,0,0,1,5,123,257,225,5422,3872,12764,20713,81295,191026,315703
956,0,0,4,9,222,419,452,8953,6108,18706,31104,123987,262083,452047
955,0,0,0,8,116,263,320,5285,5198,10487,29404,76013,153817,280911
954,0,3,0,7,159,322,436,7526,6310,15795,32986,112472,235050,411066
953,0,0,2,2,132,234,319,5344,3792,11160,19903,80847,166843,288578
952,0,0,2,14,199,373,765,9889,10381,18664,49922,138306,266919,495434
951,0,0,0,6,131,305,316,5568,4167,12412,20429,77995,174120,295449
950,0,2,1,17,265,564,778,11919,10171,25321,49078,166151,349882,614149
949,0,2,5,6,228,415,429,8240,5517,17501,26690,110103,236897,406033
948,0,0,0,8,201,406,349,7871,5308,18569,27971,118666,276765,456114
947,0,0,1,16,193,379,413,6873,5348,15254,26109,94244,201770,350600
946,0,2,6,20,249,842,477,10148,6671,27257,33178,137237,354062,570149
945,0,3,4,17,415,981,822,17862,11929,41337,60710,249292,571509,954881
944,0,2,5,16,511,1241,889,20032,12242,47594,63498,269228,629346,1044604
943,0,0,3,13,315,651,627,13524,8774,28529,45972,186159,415184,699751
942,0,2,3,21,384,882,879,17895,12890,41735,68722,262354,610514,1016281
941,0,2,3,6,164,398,282,7139,4238,18934,22592,103891,265766,423415
940,0,0,1,9,206,387,587,9219,8329,17642,46922,138094,264677,486073
939,0,0,1,3,108,281,299,5715,5058,11805,27639,88181,178530,317620
938,1,1,6,13,237,585,560,11416,7833,24839,39321,157162,335995,577969
937,0,0,1,11,173,373,422,7706,6045,15632,31165,110712,220741,392981
936,0,1,8,22,387,714,753,14153,10233,27903,46589,178774,349681,629218
935,0,0,1,5,130,286,302,6389,4329,12825,22821,89095,182960,319143
934,3,2,5,13,292,723,484,9666,7376,20174,38953,140500,292239,510430
933,0,0,0,5,146,289,345,6506,5129,12741,26250,93601,184393,329405
932,0,1,2,16,248,485,582,11525,8607,21401,44760,168370,310288,566285
931,0,2,2,8,119,231,373,6080,5657,12006,30618,91517,179603,326216
930,0,1,1,18,243,478,755,12676,11608,22480,58659,183514,329200,619633
929,0,0,1,12,151,296,408,6913,6213,13137,34748,102047,197369,361295
928,0,0,2,8,224,453,502,10068,7676,20482,39377,146635,305027,530454
927,0,0,2,8,146,304,333,6654,5158,13968,27761,100129,208836,363299
926,0,1,3,18,248,492,735,10993,10215,20412,54128,158681,296528,552454
925,0,0,3,3,162,280,383,6420,5487,12388,29713,93125,183285,331249
924,1,0,2,10,307,586,720,13020,10642,26299,58977,196271,387569,694404
923,0,0,0,12,188,373,415,8144,5961,17464,31136,119506,256468,439667
922,0,0,3,16,256,486,656,11369,10301,21518,54569,166441,316721,582336
921,0,0,2,3,164,308,418,7649,6483,14687,34079,107402,208350,379545
920,0,1,3,27,315,696,698,13052,9439,27296,45188,172797,356551,626063
919,0,0,1,10,164,343,352,6942,4894,14945,26029,97503,214081,365264
918,0,2,3,16,305,521,880,11693,10884,22207,51263,164013,308516,570303
917,0,2,1,8,140,269,309,6309,4887,11955,26920,94893,178857,324550
916,0,0,5,14,209,454,493,9349,7088,20768,37164,141001,317194,533739
915,0,0,0,4,143,264,331,5909,4729,11487,26553,87062,166153,302635
914,0,2,1,10,309,708,717,14141,9631,29748,48573,188245,399350,691435
913,0,1,3,13,160,336,379,6947,5368,13925,28653,102009,198348,356142
912,0,1,2,18,257,504,679,11674,9845,22701,50606,159522,313346,569155
911,0,0,3,6,109,218,282,5737,4542,11520,24054,84763,174186,305420
910,0,0,0,31,446,661,799,13816,10898,24952,59509,194397,356261,661770
909,0,0,2,9,195,361,528,8485,7942,16585,43551,127771,243684,449113
908,0,0,5,12,272,598,595,11299,8642,25879,44900,165476,375857,633535
907,0,2,1,9,201,400,493,9156,6457,16649,31931,122074,224249,411622
906,0,1,3,21,256,528,789,12997,11557,25860,60797,188929,371356,673094
905,0,2,0,15,153,337,430,7396,6220,14643,31806,105713,211874,378589
904,0,0,1,17,235,450,671,10363,10329,19962,53638,153951,295696,545313
903,0,0,2,9,134,289,324,6293,4839,13130,26326,94087,197119,342552
902,0,2,3,12,251,683,503,10232,7041,26376,37185,138270,353829,574387
901,0,0,4,10,167,372,475,7980,6803,16265,35931,122334,253165,443506
900,0,0,5,15,243,499,543,10395,8030,21699,42755,150177,326363,560724
899,0,0,0,14,167,300,509,7488,8226,14211,44349,114398,212633,402295
898,0,1,2,14,256,565,647,12235,8854,27647,47236,184471,410954,692882
897,0,2,3,6,164,297,469,7561,6789,14300,36038,110677,209801,386107
896,0,1,2,9,218,469,507,9414,7145,20715,38650,138640,298082,513852
895,0,0,0,8,201,367,601,8611,8132,15869,37557,116594,212110,400050
894,0,0,2,11,200,431,533,9372,7640,18378,43036,142328,273643,495574
893,1,1,2,4,218,485,442,9072,6036,19952,32026,124125,270324,462688
892,0,1,5,14,221,482,542,10799,8239,22723,43461,159306,342507,588300
891,0,1,1,17,271,415,648,10175,7786,17682,37059,124567,228066,426688
890,0,0,0,22,275,471,605,11250,9191,22357,47838,159844,318435,570288
889,0,0,2,7,172,358,331,6721,4453,14803,23232,96987,202628,349694
888,0,1,4,19,295,549,781,12023,11251,23099,59560,174052,333847,615481
887,0,1,2,6,130,254,431,6730,6452,12662,33601,97741,186173,344183
886,0,2,0,15,253,548,580,12140,8534,25416,43973,172598,361447,625506
885,0,1,2,9,158,351,384,7723,5472,16664,28118,112148,240525,411555
884,0,1,2,9,203,431,559,10076,8623,19591,48507,152522,305230,545754
883,0,2,0,18,275,450,516,9522,6680,17274,32496,119863,225782,412878
882,0,1,0,11,304,537,620,11584,8943,23135,45842,165787,330008,586772
881,0,0,2,9,194,504,334,6931,4777,19214,24771,93863,248379,398978
880,0,1,3,5,266,554,622,12581,9343,26090,49526,183239,386036,668266
879,1,0,2,6,129,342,316,6238,5145,15034,27798,93101,217199,365311
878,0,0,0,15,204,397,630,10192,9820,19756,53803,159550,302568,556935
877,0,0,0,6,130,332,303,6159,4564,13850,24750,92537,205521,348152
876,1,0,7,20,251,483,700,11579,10251,22273,55117,170837,325693,597212
875,0,1,1,14,201,362,529,9017,6720,16281,33583,122152,224462,413323
874,0,1,1,22,255,442,648,10595,9626,20767,53158,157290,305557,558362
873,0,3,2,14,207,418,551,9128,7550,17140,36281,122040,235551,428885
872,0,3,2,25,484,957,1259,22690,17582,42789,90546,321875,619684,1117896
871,0,0,5,7,222,491,578,10791,9165,21697,51523,160919,319334,574732
870,0,3,2,27,501,869,860,19023,12243,36097,61557,257430,485766,874378
869,0,1,2,8,169,356,470,8507,8287,16613,48142,131547,250166,464268
868,0,0,0,18,245,606,639,12219,9458,28143,52041,178975,410169,692513
867,0,0,1,14,199,402,506,9686,7318,18106,37152,133455,263277,470116
866,0,0,1,15,282,615,898,13870,13467,26744,76244,209105,403420,744661
865,0,0,0,17,159,349,481,7640,6269,16528,30678,116130,249541,427792
864,0,1,3,18,280,589,864,12461,12661,25992,70237,185287,350639,659032
863,0,1,1,7,160,334,397,8105,6157,15277,34621,121606,232678,419344
862,0,2,3,28,497,892,1218,19706,16669,36927,84290,273900,517991,952123
861,0,2,1,8,215,402,432,8897,6811,18339,37569,136858,279835,489369
860,0,1,3,15,312,625,828,15138,11772,29043,61911,221336,421758,762742
859,0,0,2,13,246,595,518,11179,6899,23964,34925,145574,311385,535300
858,0,0,1,8,265,557,620,11913,8505,25850,44719,174161,387011,653610
857,0,2,0,12,176,393,468,8736,6064,17848,31813,120494,259319,445325
856,0,1,3,13,292,676,768,14003,10797,27711,54188,198150,385207,691809
855,0,2,1,12,392,735,382,7492,5514,16176,29657,107723,232822,400908
854,0,3,1,15,280,538,741,12381,10286,24546,56679,190942,376495,672907
853,0,0,1,8,181,474,376,7541,5326,20858,28427,105268,276842,445302
852,0,3,0,30,472,970,1203,22774,17888,43442,98303,340468,643396,1168949
851,0,0,2,20,366,766,867,16236,12417,37582,65717,235844,558269,928086
850,0,2,4,35,459,974,1264,20683,18842,40584,102352,307338,605813,1098350
849,0,2,3,14,296,583,798,13048,11641,25718,61512,187199,371881,672695
848,0,3,7,26,447,890,960,19198,13791,39571,72502,273292,573208,993895
847,0,0,0,7,166,334,426,7299,6469,15066,36609,111398,226935,404709
846,0,2,2,27,367,799,715,16045,10657,28691,54394,212966,394040,718705
845,0,0,3,5,233,395,480,8716,6807,17151,34363,120858,239844,428855
844,0,2,2,19,230,463,698,10864,10328,21544,57189,165600,327820,594759
843,0,1,1,7,191,341,392,7648,5150,16975,26123,103554,229302,389685
842,0,0,0,20,207,447,556,10283,7749,21662,41571,152851,324450,559796
841,1,1,5,10,209,448,378,8153,5222,17354,26810,111588,233479,403658
840,0,1,3,12,193,431,514,9323,7471,18647,41290,139601,286809,504295
839,0,3,3,1,164,359,451,7881,5949,16102,29847,108444,223223,392427
838,1,3,3,23,320,685,529,12292,8010,27135,40808,160480,348101,598390
837,0,4,0,10,206,378,501,8294,7003,15627,35248,114260,212758,394289
836,1,1,0,25,371,697,1076,16541,14846,32358,74965,232469,456952,830302
835,0,2,3,13,255,492,458,9515,5819,19267,29291,123938,253975,443028
834,0,0,1,15,268,480,612,12078,9026,22038,48043,179785,322966,595312
833,0,1,2,9,172,321,523,7835,7580,14706,39106,115126,217290,402671
832,0,1,0,8,233,511,716,11432,9797,22957,47964,164286,336382,594287
831,1,1,2,8,138,278,380,6499,5555,13155,30274,99561,202421,358273
830,0,1,4,13,222,463,520,10519,7518,22877,41227,156567,336219,576150
829,0,1,2,9,182,360,392,7820,5880,16171,29232,105093,218173,383315
828,0,1,1,18,298,564,1083,15267,14730,27818,75014,218753,401061,754608
827,0,0,1,6,133,275,358,6798,5967,12849,34218,102741,199660,363006
826,0,1,2,10,238,528,533,9986,7667,22250,41079,147966,331635,561895
825,0,2,5,18,267,542,722,11552,8350,21628,35032,137639,257877,473634
824,1,1,1,12,237,470,707,11938,12003,22871,59403,182691,340177,630512
823,0,2,1,13,211,466,402,8889,5603,18823,28754,118506,256125,437795
822,0,1,2,11,251,482,569,11088,8101,23853,42309,163689,350359,600715
821,0,1,1,8,154,286,352,6493,4615,13249,24798,95593,198617,344167
820,0,2,2,18,311,560,736,13156,11106,25883,61728,198128,391408,703038
819,0,2,1,7,132,265,366,6562,5091,12254,28378,100130,183218,336406
818,0,4,8,16,315,599,624,12246,9227,25416,48563,178170,370708,645896
817,0,0,0,6,211,425,413,8959,5932,18341,30194,124181,253774,442436
816,0,0,1,15,225,417,566,10577,9501,19917,53465,165820,305824,566328
815,0,0,2,14,151,290,416,7163,5915,14782,30013,105032,215921,379699
814,0,0,1,18,278,516,627,13427,9563,23275,50792,185184,336696,620377
813,0,1,1,4,133,332,352,7234,5404,15265,29351,108353,230027,396457
812,0,0,1,15,303,596,829,13689,12092,25730,59566,196161,364352,673334
811,0,3,2,7,186,399,399,7672,5708,15457,30220,106398,219978,386429
810,0,5,6,37,623,1115,1401,21500,17185,38819,79906,265338,480561,906496
809,0,2,1,5,138,356,386,7196,5755,14243,30574,102485,207531,368672
808,0,1,2,20,365,603,841,13863,11344,26077,56505,185778,351879,647278
807,0,0,1,9,180,297,398,7069,6555,14066,35494,111078,212273,387420
806,1,2,2,32,592,1298,1577,28531,21763,54084,108861,390963,728513,1336219
805,0,0,3,24,376,754,870,16000,12530,32989,66084,232525,470112,832267
804,0,5,3,19,427,874,1192,20441,18118,41660,94079,306925,623222,1106965
803,0,0,0,9,182,369,378,7789,6094,16534,31561,112391,235081,410388
802,0,2,3,11,275,605,711,13730,11254,27224,61625,208508,417363,741311
801,0,1,2,28,233,429,631,9672,6979,18232,30762,131126,245395,443490
800,0,0,1,6,241,455,551,11180,8439,22837,45260,164331,339820,593121
799,0,0,1,4,142,297,315,6520,5016,13582,27501,99920,211792,365090
798,0,1,2,9,186,413,529,10252,7676,19289,41381,154130,292062,525930
797,0,3,3,7,142,318,410,7406,6377,14856,34794,112743,222889,399948
796,0,1,4,12,249,540,582,11851,8821,25193,44925,173333,368929,634440
795,0,0,0,11,195,300,370,7855,5461,15262,28315,112212,216691,386672
794,0,1,4,6,269,647,570,12138,8434,28254,43356,167695,390159,651533
793,0,1,0,3,147,297,350,6758,4824,13669,25748,100615,204602,357014
792,1,1,5,20,352,782,788,15280,10899,32403,55489,210384,445399,771803
791,0,0,2,9,185,348,378,7466,5874,15107,31757,109824,225749,396699
790,0,1,1,11,209,438,521,10221,7853,21510,41546,154867,328723,565901
789,0,2,0,4,119,262,333,6162,4859,12141,26649,92418,189844,332793
788,0,1,1,21,227,430,682,11456,10709,21582,57054,169450,319908,591521
787,0,1,1,10,170,286,454,7084,6437,12631,34950,99514,188985,350523
786,0,2,1,9,278,517,645,11501,9491,22630,52456,174987,338519,611036
785,1,0,4,12,199,402,523,10354,7703,19363,39348,152640,286642,517191
784,0,1,5,9,345,684,846,15483,11863,31997,64400,226808,488334,840775
783,0,0,0,10,139,342,396,7459,5614,15332,30817,112103,236072,408284
782,0,1,1,22,255,606,623,11601,8597,26025,46073,169261,386211,649276
781,0,2,5,11,243,603,514,9602,6761,20273,34751,128531,266822,468118
780,0,1,3,18,346,756,864,15389,11414,30932,54695,204709,404987,724114
779,0,0,1,15,182,400,385,8125,5443,16575,27868,110895,235739,405628
778,0,4,2,29,409,862,1145,19762,17838,38570,102455,296391,574952,1052419
777,0,3,2,20,433,716,737,15523,9416,27304,44468,192562,342770,633954
776,0,0,4,19,432,989,947,18901,12923,40817,67093,271019,575871,989015
775,0,1,1,6,152,308,403,7396,6233,15910,32375,109905,245771,418461
774,0,2,3,20,322,510,905,14215,13711,25186,70594,203158,366448,695074
773,0,0,0,2,191,428,357,7751,5443,17974,28046,110811,257996,428999
772,0,3,1,20,256,516,548,11566,7923,24135,42936,166259,348111,602274
771,0,1,0,7,185,394,335,7682,4945,16460,24552,105557,227156,387274
770,0,0,2,11,221,424,499,10326,7875,19981,42436,157093,288856,527724
769,0,0,2,5,120,275,355,6412,5152,12677,27325,93755,188081,334159
768,1,0,5,26,437,859,1132,18883,15532,35375,75663,248493,473933,870339
767,0,1,1,10,132,300,320,6290,4945,14063,25735,96095,211235,359127
766,0,1,1,9,218,372,516,9653,8002,20350,42648,147155,301488,530413
765,0,0,1,9,145,305,329,6489,4866,13593,26562,96235,204589,353123
764,0,2,1,4,214,425,504,9709,8165,19225,47588,146195,288971,521003
763,0,1,1,9,176,326,320,6730,4362,15115,23497,97670,214718,362925
762,0,1,1,11,201,485,525,10037,7645,22982,41657,145268,336024,564837
761,0,1,1,5,148,284,425,7296,5538,13901,30310,108472,203533,369914
760,0,0,1,16,243,421,574,10314,8847,19813,47026,153116,301284,541655
759,0,1,2,12,173,354,340,7027,5297,14479,28542,105112,220731,382070
758,0,0,5,18,391,720,852,16894,12929,32024,69192,257019,483785,873829
757,0,1,4,10,183,454,407,8668,5825,19108,30713,120084,259604,445061
756,0,1,1,14,270,446,736,11161,10757,21464,55637,163560,311915,575962
755,0,0,1,22,322,679,711,11895,9220,23917,42496,142624,275065,506952
754,0,3,2,16,251,508,750,11887,10738,23652,54893,169775,336366,608841
753,0,1,2,9,140,281,312,6516,4955,13396,27017,98891,207721,359241
752,0,0,3,10,227,480,543,10650,8447,20594,45388,166722,311371,564435
751,0,1,0,8,206,415,606,9488,8073,19164,42430,140053,281272,501716
750,0,2,3,19,405,872,847,17194,12111,37067,63216,248274,525248,905258
749,0,0,3,10,187,428,447,8274,6551,18291,34592,119100,257073,444956
748,0,1,2,11,279,614,695,12323,9503,27558,49403,180286,391886,672561
747,0,2,4,5,139,321,367,7372,5404,15722,28717,109828,231507,399388
746,0,2,0,12,253,462,658,10600,10149,20700,56668,159669,307036,566209
745,0,0,4,9,167,346,399,7482,5783,14848,30268,105909,213311,378526
744,1,1,1,8,230,526,488,10401,7876,23206,42310,155379,351995,592422
743,0,1,2,14,277,494,639,10324,8160,18958,39766,134216,247460,460311
742,0,1,0,28,394,772,1071,18549,16480,35925,86345,275744,529679,964988
741,0,1,1,11,186,375,459,8204,6368,16098,33934,124203,247635,437475
740,0,3,10,42,800,1650,1849,33368,25884,70498,133758,473481,984604,1725947
739,0,4,5,24,503,1004,1139,22640,17854,46832,95184,340674,705767,1231630
738,0,1,8,26,494,1144,1242,23990,18228,49337,99038,348947,730265,1272720
737,0,2,3,41,455,860,1389,20817,20791,39649,105012,291554,555129,1035702
736,0,2,3,19,436,901,955,20151,15125,40907,78642,295660,610026,1062827
735,0,3,2,16,316,592,772,14098,10866,28718,55635,202441,413689,727148
734,0,3,2,17,405,800,985,18642,14682,38723,77461,271571,570109,993400
733,0,2,2,20,241,341,569,9032,7749,16298,40834,122928,221013,419029
732,0,2,1,18,221,482,525,10507,7512,21559,41293,152849,316098,551067
731,0,1,0,9,189,332,416,8291,6186,15543,30865,114638,217273,393743
730,0,0,3,14,298,578,807,14165,12248,27436,68549,211024,406787,741909
729,0,0,1,13,211,392,514,9568,8021,18497,44599,145745,276824,504385
728,0,2,4,24,318,668,802,14097,10393,28883,53493,196783,397717,703184
727,0,1,1,12,228,476,427,9121,6063,19803,31011,126730,272994,466867
726,0,3,2,10,214,483,617,10193,9116,19693,50753,154962,295414,541460
725,0,1,3,8,121,274,361,6626,5180,13957,28394,97677,202550,355152
724,0,3,1,15,240,490,734,10365,9635,20353,49435,154858,301251,547380
723,0,3,0,9,127,287,318,6016,4268,12800,23332,87828,182698,317686
722,0,1,2,9,243,444,535,9934,7211,20405,39406,145219,293211,516620
721,0,1,3,17,316,412,471,10729,6293,17525,32353,131471,231477,431068
720,0,1,1,17,267,651,557,12156,7857,28616,39809,168595,383227,641754
719,0,0,3,15,211,369,604,9481,7744,17153,36780,124297,230122,426779
718,0,1,3,12,212,436,595,9736,8347,20525,45396,146834,303181,535278
717,0,0,3,7,266,535,435,9448,5636,18937,28270,118390,247360,429287
716,0,2,4,12,208,415,446,8621,6927,17215,38708,128287,263752,464597
715,0,0,0,11,156,292,387,7112,6184,13562,33898,107000,202612,371214
714,0,1,2,21,240,502,738,12177,11083,22391,56465,173619,322562,599801
713,0,0,1,3,138,267,402,5954,5805,11628,35154,92945,181778,334075
712,0,1,1,15,233,444,524,10063,7045,20789,37486,146946,304617,528164
711,0,0,0,15,237,440,527,9855,7513,19849,39098,139604,279844,496982
710,0,0,2,12,284,516,720,11958,11020,22906,61385,177048,328839,614690
709,0,2,0,9,226,482,446,9671,6067,20603,29586,126018,267008,460118
708,0,1,2,7,266,474,633,10891,9572,21830,53361,160171,323084,580292
707,0,2,4,6,159,344,432,7965,6021,17060,30501,112507,240642,415643
706,0,0,1,9,204,454,504,9405,7357,20072,40600,140639,301075,520320
705,0,1,1,10,197,320,475,8090,7855,14106,39378,114770,205736,390939
704,0,3,5,11,284,529,603,11516,8212,23698,44428,164918,329611,583818
703,0,0,1,15,155,294,382,7500,5807,14335,31036,116831,220721,397077
702,0,0,2,35,657,1316,1268,26208,18691,55888,96941,363943,772401,1337350
701,0,2,4,21,362,869,873,15885,12340,36867,65951,230337,521046,884557
700,0,1,5,16,429,848,1010,19031,14888,39144,80689,283811,585123,1024995
699,0,0,0,7,239,498,665,11468,9311,22503,48678,165112,338448,596929
698,0,1,2,23,274,613,791,15352,11906,28773,63494,228317,431480,781026
697,0,2,4,11,250,547,576,9704,7217,21116,34817,126640,270012,470896
696,0,1,1,10,251,472,532,11146,8246,23350,43745,165262,350992,604008
695,0,0,2,5,128,314,449,6958,7064,13793,39411,104742,206026,378892
694,0,0,2,17,242,428,588,11513,9027,21262,48435,173094,317619,582227
693,0,1,1,12,162,337,411,7052,6524,14311,34597,105300,213688,382396
692,0,1,4,19,270,518,570,12023,8078,24579,40883,171896,349312,608153
691,0,2,2,11,186,399,423,7125,5644,15234,28042,96948,202158,356174
690,1,2,1,22,325,658,764,15231,11758,31944,63456,230263,486290,840715
689,0,0,2,13,256,504,536,11014,7377,22518,38380,150483,316602,547685
688,0,0,2,17,301,622,797,13378,11161,27064,58554,194472,395685,702053
687,0,1,0,9,166,330,418,7740,5898,15613,31424,112866,227700,402165
686,0,0,1,7,257,500,840,11605,13637,22476,75547,179948,338102,642920
685,0,0,1,9,153,324,382,7154,5802,14666,30377,106999,218431,384298
684,0,7,8,10,362,830,735,15782,10286,34319,52708,212277,457647,784971
683,0,1,1,7,139,292,371,7069,5024,14724,25319,102219,212912,368078
682,0,0,0,8,190,508,492,9529,7593,22950,38465,135127,336648,551510
681,0,1,0,7,165,328,367,6782,4739,14233,23961,96201,206223,353007
680,0,1,3,24,287,519,1130,13987,15960,25174,75253,193513,351034,676885
679,0,0,1,4,138,282,498,7097,7046,14229,36369,106049,208003,379716
678,0,2,4,15,205,439,792,11175,11349,20550,61347,172236,308711,586825
677,0,2,3,10,113,242,285,5994,4674,12419,25280,88209,188495,325726
676,,1,4,26,542,988,1424,23329,19902,45777,103730,326410,623176,1145309
675,0,1,1,16,309,619,775,14304,10571,27102,55053,207219,386366,702336
674,0,1,3,17,311,660,791,15047,12132,29810,65873,223232,451108,798985
673,0,0,5,12,164,467,372,7467,5517,16850,27355,101859,221796,381864
672,0,0,1,12,262,466,694,11039,10333,20772,55671,159731,299468,558449
671,0,0,2,15,224,531,427,7180,6375,14064,33669,100837,200671,363995
670,0,2,1,23,275,525,870,12626,11513,21946,56932,171397,301431,577541
669,0,0,1,5,124,246,356,6083,4863,11588,26150,92256,172320,313992
668,0,3,1,16,333,518,877,13398,11829,23364,58656,177274,317647,603916
667,0,0,0,5,121,272,303,6151,4512,12354,25111,90629,180351,319809
666,0,1,4,9,203,449,447,10103,7098,22105,36144,150222,329015,555800
665,0,0,1,3,109,250,317,5976,5945,11660,33295,94050,182707,334313
664,0,2,1,19,377,667,779,15734,10212,29975,51839,214105,404464,728174
663,0,1,1,11,181,342,458,8069,6918,15475,38323,119080,228779,417638
662,0,2,1,20,226,487,572,10904,9158,21841,48817,167441,324022,583491
661,0,0,5,10,165,298,468,7356,6990,14167,38548,110848,210558,389413
660,0,1,3,11,232,470,437,9870,7153,21261,37863,147218,314669,539188
659,0,0,3,12,139,317,379,6297,4774,15547,25339,89939,229709,372455
658,0,1,6,10,304,720,575,12582,7618,29149,38733,162764,388861,641323
657,0,2,4,22,326,672,768,14421,11084,31242,58859,213051,467254,797705
656,0,1,1,38,404,810,1207,17280,15618,32867,77664,241552,457145,844587
655,0,2,4,31,478,973,1681,23349,22563,44418,116986,328472,627760,1166717
654,0,2,5,19,337,800,666,13259,8734,29692,43438,172145,379113,648210
653,0,2,1,12,234,565,702,11337,9808,23033,52291,164830,332586,595401
652,0,3,3,19,301,630,542,12860,8693,28211,44903,181468,391283,668916
651,0,1,1,4,138,305,343,6862,5035,14710,26408,105024,219912,378743
650,0,1,2,10,224,527,540,10413,7256,23323,39934,151266,338449,571945
649,0,0,0,4,122,273,336,6039,4842,11838,27803,89961,178011,319229
648,0,0,2,10,183,440,449,9608,6852,20140,36311,144348,304028,522371
647,0,0,1,13,164,326,431,7171,5944,13966,30488,101707,192260,352471
646,1,2,1,18,287,518,884,13372,12290,23182,60081,179492,316777,606905
645,1,1,1,10,174,345,565,8118,7612,14768,36779,115040,206400,389814
644,0,2,4,16,213,390,524,10073,7698,19822,42104,154508,296492,531846
643,0,0,2,8,129,315,250,5962,4042,14386,21723,86175,206508,339500
642,0,2,8,24,518,1080,1118,22145,15691,44181,80881,302225,604531,1072404
641,0,0,2,5,104,260,271,5362,4071,11495,22815,81621,173408,299414
640,1,1,2,7,187,424,449,8608,6484,17856,34773,130642,280974,480408
639,1,0,2,4,163,327,351,7460,5146,13618,27464,106840,194423,355799
638,0,1,4,23,306,524,791,12438,11054,23346,53512,167448,315116,584563
637,0,0,1,10,114,285,331,5814,5469,11480,30327,91467,182339,327637
636,0,0,0,16,203,436,484,9939,7248,22532,38444,147205,339438,565945
635,0,0,0,3,113,257,282,5838,4463,11777,23409,85390,176070,307602
634,0,1,1,9,188,429,540,9436,8435,18915,47749,140980,280963,507646
633,0,1,2,11,161,305,524,7461,7287,13472,40014,109068,198145,376451
632,0,1,4,27,328,614,828,13276,11382,25482,56565,179169,338712,626388
631,0,0,2,12,124,257,421,6594,6181,12261,34491,102193,187541,350077
630,0,0,4,10,248,512,574,9903,8017,20788,41856,148562,311683,542157
629,0,1,2,2,166,303,413,7793,5264,14235,27551,110300,205796,371826
628,0,2,2,16,262,548,757,12459,10997,25019,60322,182983,365134,658501
627,0,2,0,6,175,396,413,7934,5649,17696,29143,115599,256140,433153
626,0,1,3,14,354,582,623,13869,9442,25799,50331,195264,357273,653555
625,0,2,0,8,197,386,381,8172,5564,17283,28776,114070,243480,418319
624,0,2,3,9,275,622,674,12540,9069,28901,46488,178158,395133,671874
623,0,3,7,16,302,791,426,10543,5474,24784,26707,119463,270322,458838
622,0,2,5,22,288,520,1020,13762,13218,24176,66967,193833,351009,664822
621,0,2,0,7,183,362,568,8985,7173,16176,35518,123405,222460,414839
620,0,1,2,19,293,524,804,12612,11603,23932,62218,185992,350951,648951
619,0,0,2,8,125,277,409,6632,6176,13309,34629,101660,203623,366850
618,0,1,3,32,411,789,1084,18029,16339,35422,87543,266859,517330,943842
617,0,1,1,10,204,389,524,9927,7348,20337,39527,145688,306917,530873
616,0,1,1,12,359,681,770,14565,11405,29834,59474,211219,444509,772830
615,0,0,0,9,211,413,481,8789,6890,17492,38088,132176,267415,471964
614,0,5,3,23,535,856,878,18224,11584,34272,57255,236280,442524,802439
613,0,0,1,8,149,308,355,7573,5774,15468,30156,114953,236217,410962
612,0,2,4,16,292,542,813,12919,11648,23820,64598,187019,347513,649186
611,0,0,3,12,183,397,478,8630,6680,18438,33957,122918,264427,456123
610,0,2,8,54,886,1650,2004,39170,29585,74715,154946,559692,1068457,1931169
609,0,0,0,10,176,351,489,8643,6913,15544,34691,125905,223838,416560
608,0,2,0,17,291,569,799,13431,11625,24850,59808,192121,357196,660709
607,0,1,1,12,153,355,427,7789,6689,15603,37522,112944,226364,407860
606,0,0,2,11,254,453,618,11074,8201,20560,46332,166490,306440,560435
605,1,0,1,9,151,359,372,7702,5481,16530,29628,113953,242998,417185
604,0,0,7,12,313,783,585,13081,8447,32774,43528,178786,435438,713754
603,0,2,3,17,408,592,732,12931,8663,21387,39219,158084,274411,516449
602,0,2,7,18,312,557,797,13690,11370,26794,60132,207469,397717,718865
601,0,2,3,42,787,1536,1709,33707,24533,68932,124778,480937,975370,1712336
600,0,2,6,41,725,1506,1712,33532,24896,68731,129515,485376,982384,1728426
599,0,5,3,35,439,1029,1104,20900,16900,45032,89588,302527,658828,1136390
598,0,0,4,22,466,1024,1236,21952,17658,45765,94236,329039,700121,1211523
597,0,1,2,26,417,860,1054,18810,13902,35333,69562,256649,492317,888933
596,0,2,3,38,491,942,1389,22265,21081,41339,110870,329798,611605,1139823
595,0,1,0,4,152,324,402,6521,5423,13316,30699,96669,200223,353734
594,0,0,5,21,373,704,855,16485,12990,34175,69425,248487,518296,901816
593,1,2,1,12,251,501,539,10973,7477,22589,39785,155516,325319,562966
592,0,5,6,22,558,895,1031,22374,14169,39753,72567,290610,525423,967413
591,0,2,1,24,332,587,805,13232,11202,25359,51460,174620,328939,606563
590,0,1,1,16,289,617,663,13204,9284,27799,49435,193569,417659,712537
589,0,1,2,13,196,462,444,8971,6449,19482,32848,128781,275513,473162
588,0,0,1,9,217,426,446,9929,7758,20485,42732,152212,318960,553175
587,0,1,3,5,163,318,461,7313,6606,14709,34563,106880,212202,383224
586,0,2,4,10,242,442,563,11037,8776,20533,47963,172836,315037,577445
585,0,0,2,6,124,244,324,6190,5794,12047,33618,95125,183132,336606
584,0,1,2,12,303,557,848,13449,11400,24534,61040,190205,352743,655094
583,0,1,3,11,246,470,381,9271,5323,18520,27533,117080,243462,422301
582,0,0,4,12,204,376,683,10395,9669,20463,58238,160196,304938,565178
581,0,1,4,16,222,529,450,7613,6707,15893,36381,110870,221395,400081
580,0,5,5,25,443,846,1000,17567,12853,31757,64043,215525,402986,747055
579,0,2,1,16,154,308,360,7084,5585,14358,28718,102904,213416,372906
578,0,2,2,18,276,532,904,13541,13116,25066,71153,203944,373669,702223
577,0,1,2,12,195,386,485,8495,6399,17079,32546,120939,239088,425627
576,0,2,2,45,590,1159,1508,26950,23571,52613,130969,400117,769623,1407149
575,0,0,3,23,424,855,941,17697,12412,37791,65647,250575,540376,926744
574,0,1,4,22,570,1008,1209,25203,18865,48626,99394,369487,705313,1269702
573,0,1,0,15,163,338,451,7360,6612,14916,34771,106619,219899,391145
572,0,0,2,14,294,671,619,12283,8591,28292,44562,171489,373110,639927
571,0,0,1,10,193,397,498,8136,6997,16340,35461,111916,216183,396132
570,0,2,2,17,293,633,596,13107,9093,28578,46563,186047,408530,693461
569,0,2,0,17,164,353,546,8377,7873,15739,42156,122799,230627,428653
568,0,1,1,12,317,565,700,13616,10475,24157,54321,196249,355016,655430
567,0,0,2,20,250,441,628,9917,8130,19365,37653,126733,252880,456019
566,0,0,4,7,207,475,531,10204,7790,22268,41416,158764,345344,587010
565,0,1,3,17,348,624,588,13036,7568,23313,38694,162264,302008,548464
564,0,2,5,21,401,657,1007,15677,14742,29696,72170,211908,403546,749832
563,0,3,4,19,318,560,642,11480,8117,20481,38938,143777,258323,482662
562,0,0,1,14,250,599,597,10794,8274,29201,43562,154095,412460,659847
561,0,2,0,5,160,279,389,6881,5698,12937,30900,106382,197522,361155
560,0,1,0,11,216,496,605,10989,8821,24104,48362,158568,341854,594027
559,0,1,2,5,157,271,451,7375,6390,14154,34581,104264,206821,374472
558,0,0,3,20,341,617,785,14482,11653,26928,58890,206834,383960,704513
557,0,2,1,7,163,311,374,7129,5818,13652,31359,108121,212363,379300
556,0,1,2,10,247,522,623,11877,8456,25367,43492,170141,369656,630394
555,0,0,4,11,146,292,354,6449,4933,14159,27869,93096,211423,358736
554,0,1,4,20,312,554,973,13951,13966,24944,73237,204870,365811,698643
553,0,2,3,10,200,353,524,8652,7689,16636,40705,126343,240926,442043
552,0,2,2,14,354,640,570,12955,8423,28934,43751,179596,402768,678009
551,1,1,5,29,598,1256,1509,26432,21831,57217,112600,386409,830238,1438126
550,0,1,3,17,264,518,874,13495,12661,25397,67678,203097,376277,700282
549,0,4,6,29,751,1533,1726,33238,24526,69809,128413,469878,978015,1707928
548,0,2,7,18,402,776,930,18120,13199,37668,70169,266529,559502,967322
547,0,1,1,12,297,555,737,12385,10340,23284,53943,175263,326395,603213
546,0,1,7,12,375,691,738,15826,10789,33019,55872,229453,480634,827417
545,0,0,2,7,204,413,439,9023,7194,18551,39188,133210,267469,475700
544,0,3,2,16,328,658,932,15422,13211,28263,68638,218241,404688,750402
543,0,1,1,19,270,485,616,11291,8405,20102,40983,148713,275262,506148
542,0,3,4,18,353,606,834,15043,11613,27223,59326,218702,397028,730753
541,0,1,3,19,201,435,457,8775,6830,17252,35709,126420,245076,441178
540,0,2,3,24,416,705,785,14958,11319,27705,55771,202555,386687,700930
539,0,0,2,22,181,352,409,7582,5948,15909,32372,114120,236684,413581
538,0,3,4,24,342,750,947,16845,13449,31382,67388,233744,442591,807469
537,0,2,7,34,717,1281,1624,26484,21783,52625,103626,361087,714793,1284063
536,0,2,4,42,705,1289,1808,33583,24227,59919,122876,449100,827863,1521418
535,0,0,6,19,366,716,958,16099,13739,32842,74451,242752,492322,874270
534,0,1,3,45,670,1236,1555,30500,21519,53941,104956,410507,746598,1371531
533,0,1,3,18,303,627,780,14503,10893,27272,57039,212270,399014,722723
532,0,1,6,22,453,1013,1056,21504,14772,45298,76473,294160,613862,1068620
531,0,3,2,10,257,499,538,10202,7755,21544,41173,150071,322314,554368
530,0,0,2,12,325,675,768,14927,11180,31499,58629,219570,468610,806197
529,0,3,1,13,181,342,453,8133,7247,16154,43885,121206,243623,441241
528,0,2,0,20,310,637,900,14413,14310,29043,76747,220679,438811,795872
527,0,3,7,12,285,532,534,11514,7092,21061,34663,145003,272092,492798
526,0,1,4,22,486,834,1000,19433,12345,32889,59466,253458,448090,828028
525,0,0,1,12,265,354,458,9247,6161,16118,33456,129356,230204,425632
524,0,1,5,25,549,1079,1451,25194,20506,49897,109124,373350,737262,1318443
523,0,1,3,8,173,332,429,7782,6136,16140,33398,118646,241436,424484
522,0,1,2,12,243,537,683,12493,9741,25520,52479,187405,386517,675633
521,0,0,0,6,139,258,402,7509,6458,13483,35516,113620,206082,383473
520,0,4,3,22,459,804,1013,18065,13481,31251,65064,233907,412747,776820
519,0,0,4,12,168,364,447,8006,6520,15117,34073,114661,215521,394893
518,1,4,1,17,327,594,941,14452,13360,28717,70327,211451,412903,753095
517,0,2,1,13,198,445,424,8412,5870,17811,31849,121207,262492,448724
516,0,0,3,19,295,577,617,12965,9751,26750,54247,192399,397046,694669
515,0,0,2,8,175,312,424,7734,6295,14740,32960,114221,209847,386718
514,0,3,3,38,533,910,1909,20437,21353,37298,97188,262481,477464,919617
513,0,2,1,12,174,321,443,8561,6873,16040,37010,132862,243165,445464
512,0,3,1,22,308,630,976,14900,14421,28896,74891,212658,417283,764989
511,0,0,2,4,161,277,433,6335,4796,13678,26142,97258,209937,359023
510,,6,4,46,813,1650,1878,36821,26459,78213,139462,531998,1128327,1945677
509,0,3,6,24,497,1047,1179,23220,18073,45383,98074,347794,676702,1212002
508,0,2,4,32,575,1213,1542,27777,22505,56461,124605,417294,839666,1491676
507,0,3,5,24,440,877,1017,20855,15364,39491,81565,304668,577888,1042197
506,0,9,18,94,1696,3615,4072,76892,60057,160024,317075,1133030,2368907,4125489
505,0,0,3,13,263,656,564,11062,8252,26677,43173,155612,359813,606088
504,0,1,3,25,432,937,857,18883,13229,41076,67526,273233,594366,1010568
503,0,0,3,8,196,455,479,9277,6831,19743,36434,138447,302650,514523
502,0,3,1,25,386,709,1067,16011,16299,32034,86398,242090,469646,864669
501,0,1,3,7,231,388,469,9010,6868,17497,35553,128193,254766,452986
500,0,2,0,11,221,475,607,10905,9145,21983,51594,167767,342262,604972
499,0,2,1,15,226,447,511,9289,7155,18320,36479,127385,249609,449439
498,0,1,7,9,263,761,664,12707,8786,30869,46079,175590,424103,699839
497,0,0,2,5,173,413,338,7788,4982,17931,25624,106543,242818,406617
496,0,0,0,18,250,480,889,11665,14273,22374,79140,182553,340979,652621
495,0,0,4,10,176,350,393,7159,5299,14749,27358,104430,217390,377318
494,0,1,3,42,361,661,1231,14580,16374,27471,84723,203683,379888,729018
493,0,0,1,6,166,369,305,7080,4619,15981,24666,103074,228431,384698
492,1,8,15,40,766,1618,1537,31508,22336,67005,116655,437859,944345,1623693
491,0,2,3,20,424,825,971,17907,13452,34691,71965,263595,506963,910818
490,0,3,3,18,626,1344,1230,25619,17008,56614,89848,364696,795868,1352877
489,0,1,4,10,395,777,688,16030,10156,33265,52202,216502,455108,785138
488,0,1,2,37,475,914,1287,18826,17668,37667,93985,270485,528534,969881
487,0,1,2,8,214,401,534,9233,7331,17660,41878,138878,269640,485780
486,0,3,3,18,483,952,1055,20661,15309,42421,79838,300000,621885,1082628
485,0,2,4,13,212,391,636,9583,8379,17495,41169,134103,243063,455050
484,0,3,1,13,259,541,592,11888,8486,26064,44464,173712,382521,648544
483,0,2,0,10,129,281,453,6530,6598,12272,34882,97464,182814,341435
482,0,2,3,9,240,478,536,10476,8251,21138,46016,159655,320062,566866
481,0,1,2,8,147,334,306,6604,4415,15543,23041,95894,219834,366129
480,0,2,1,24,316,605,736,12869,10212,27382,55697,185480,392239,685563
479,0,1,0,6,141,301,428,6998,6632,13414,37571,106896,200558,372946
478,0,0,3,5,233,573,532,9593,7639,25055,41209,141314,377807,603963
477,0,0,0,7,130,285,256,5838,4087,12453,21985,84286,189812,319139
476,0,6,6,32,460,758,1007,16008,13270,28324,70619,217352,395354,743196
475,0,2,3,16,149,272,473,7479,6861,13871,36641,112643,208399,386809
474,0,1,5,12,422,775,721,15274,10535,28367,53616,209644,386963,706335
473,0,2,3,4,172,462,309,7386,4590,17259,23368,99282,227207,380044
472,0,3,5,13,267,655,534,11683,7847,27166,41537,161091,375870,626671
471,0,0,1,9,147,246,327,6817,5076,12254,27587,105023,184514,342001
470,0,1,2,9,260,601,627,12068,8663,26764,45944,174397,388168,657504
469,0,0,2,6,172,348,402,7654,5508,13643,28827,106911,193053,356526
468,1,1,4,19,376,658,1091,16567,15635,30333,77019,228611,410852,781167
467,0,0,1,3,172,296,377,7266,5441,13996,29816,109562,211616,378546
466,0,1,1,13,262,475,648,11743,9950,22790,54329,177351,346508,624071
465,0,1,1,7,159,332,421,7081,5985,14926,32706,100608,204548,366775
464,1,0,1,13,397,799,1092,16689,13853,31093,66523,217290,418276,766027
463,0,2,1,12,159,302,373,7265,5484,13149,29452,107864,196214,360277
462,1,2,1,16,415,1070,747,17031,10563,40714,54863,231770,535300,892493
461,0,0,6,8,243,563,529,10426,7030,21812,35315,140729,293674,510335
460,0,1,2,12,299,888,619,12303,8879,35505,46409,167168,471638,743723
459,0,1,2,10,182,407,344,7643,5428,16125,27556,107049,230295,395042
458,0,1,1,11,255,560,585,11788,8471,25373,44323,172912,364996,629276
457,1,0,3,15,239,438,609,10276,8347,19678,42118,145343,272644,499711
456,0,3,2,6,311,776,633,13190,8810,32242,45619,187263,454972,743827
455,0,1,3,9,149,281,353,6501,5169,12581,30012,96384,181795,333238
454,0,1,11,21,307,581,806,13430,11887,26411,59277,188066,369129,669927
453,0,0,1,5,141,293,238,5828,3945,13503,20559,83263,188633,316409
452,1,1,5,16,410,824,823,16240,11566,31724,55977,209938,412164,739689
451,0,0,2,9,189,356,426,8470,6125,15466,29319,113651,210234,384247
450,0,4,3,21,348,720,774,15170,11128,29680,53522,201556,394682,707608
449,0,0,2,5,165,302,356,7488,5638,13864,29668,99840,187213,344541
448,0,2,4,39,468,928,1268,18657,15440,33931,75538,235292,427276,808843
447,0,0,0,7,145,322,319,6590,5040,13373,26827,97432,203731,353786
446,0,1,2,16,277,509,668,12361,10142,23293,55079,191785,353547,647680
445,0,0,2,15,165,291,623,7600,8850,13603,44844,109854,196976,382823
444,0,2,7,23,672,1521,1551,29822,21623,72059,110061,406847,952280,1596468
443,0,0,2,9,167,296,444,7604,6025,13666,30477,108026,200404,367120
442,0,5,3,53,389,663,1536,16445,14753,28103,63370,216255,376664,718239
441,0,0,2,4,161,397,327,6607,4857,16677,25281,95389,236365,386067
440,0,2,3,15,276,575,599,13068,9453,26937,48354,187865,378777,665924
439,0,2,1,8,161,309,437,7104,5880,13749,32219,102545,193326,355741
438,0,1,3,12,265,541,554,13601,9467,24970,49160,195824,370934,665332
437,0,1,2,4,152,284,368,6176,5878,11631,34026,95117,176767,330406
436,0,3,4,25,507,909,1447,21109,20162,38869,96880,291078,539879,1010872
435,0,0,0,8,140,273,375,6767,5647,12313,30178,95026,178751,329478
434,0,2,2,17,321,511,842,13312,10509,22349,51670,178201,318033,595769
433,1,0,3,9,134,282,276,5773,4057,12544,20783,86970,186484,317316
432,0,4,4,36,409,764,1330,15994,17707,29907,90402,221571,407997,786125
431,0,0,2,7,160,343,387,7694,6354,14277,31417,108560,207615,376816
430,0,0,1,16,181,493,638,10920,9809,22107,55145,168610,324586,592506
429,0,1,0,3,135,319,347,6354,4901,14925,26195,90523,215808,359511
428,0,0,2,11,216,461,590,10927,10222,21175,58998,163064,316327,581993
427,0,1,2,9,172,447,297,7590,4207,16356,20989,97721,215491,363282
426,1,3,1,29,257,541,807,13120,11939,24033,64695,184822,346572,646820
425,0,1,0,13,139,333,325,6610,4772,14527,24939,95873,212600,360132
424,0,2,1,20,369,558,899,14019,12927,24571,65138,195420,346275,660199
423,0,1,2,9,140,302,293,6320,4069,14714,21672,92146,210552,350220
422,,1,6,60,676,1214,1350,22115,20240,42667,110560,321995,613263,1134147
421,0,1,3,17,355,759,837,16016,11866,33930,62512,233596,496957,856849
420,0,1,5,19,338,831,811,14180,11064,29908,56540,192152,407641,713490
419,0,1,1,11,164,349,541,8522,8054,15803,45000,131467,238686,448599
418,0,0,2,17,253,509,648,11037,10694,21430,60189,169956,327030,601765
417,0,0,4,11,143,348,367,7296,5159,15610,26661,105355,222447,383401
416,0,0,1,7,285,621,567,11767,8202,25573,42640,170886,373357,633906
415,0,1,1,24,360,753,819,16758,12093,35293,63058,250409,521964,901533
414,0,1,2,23,574,1093,1227,24286,17908,48995,92499,346635,695192,1228435
413,0,1,2,21,268,529,703,12307,9887,23791,52199,184066,353451,637225
412,0,1,4,38,576,1068,1543,24311,21295,43491,111328,330974,605952,1140581
411,0,2,3,12,268,514,643,11244,8959,21209,46202,148479,280699,518234
410,0,1,1,18,392,729,1288,17795,17450,31830,91215,258459,456333,875511
409,0,1,0,7,142,283,511,8212,7214,15062,38090,123890,228353,421765
408,0,0,3,14,330,815,599,14419,9099,32797,46232,192659,431954,728921
407,0,0,1,14,171,331,479,7631,7262,14871,39320,115072,217711,402863
406,0,2,2,34,445,707,1288,18067,15545,27970,73130,219953,371233,728376
405,0,0,0,6,116,281,284,6501,4564,14771,24265,95269,214116,360173
404,0,1,3,4,206,466,481,9948,6882,23328,36838,148775,361751,588683
403,0,0,2,20,141,286,490,7646,6806,13519,34996,105715,191080,360701
402,0,1,2,8,331,679,629,14179,8928,30534,43878,189203,412542,700914
401,0,1,2,7,138,338,312,6684,4510,14676,22861,97319,209520,356368
400,0,2,3,12,252,508,693,11935,10853,22926,59627,173593,344751,625155
399,0,0,1,12,162,322,533,8358,7659,15858,41069,124008,231667,429649
398,0,0,1,16,250,446,638,11514,9881,21258,54793,180456,324420,603673
397,,3,4,47,818,1654,1693,34763,24086,74360,126242,498945,1069317,1831932
396,0,2,8,57,823,1865,2152,42136,30945,86575,165978,636603,1308404,2275548
395,0,5,5,37,715,1417,1800,33696,26511,65865,137507,487250,947508,1702316
394,0,8,5,35,888,1641,1849,39199,25968,72902,133485,538619,1011486,1826085
393,0,1,1,19,370,796,865,17586,13648,34448,72818,262955,505867,909374
392,0,1,16,22,546,1112,1051,22790,15465,50818,82115,324153,727065,1225154
391,0,0,1,8,260,517,645,12068,9798,23362,53165,179154,344013,622991
390,0,4,4,35,545,996,1504,22537,19347,42878,92144,297690,559916,1037600
389,0,0,2,7,178,410,399,8691,5816,19682,31103,125604,285894,477786
388,0,3,2,17,324,688,647,14256,9403,32236,49244,201942,460207,768969
387,0,1,2,10,215,419,499,9717,7106,20902,38525,146079,309664,533139
386,0,2,3,12,220,465,585,10495,9414,20708,57363,162586,309330,571183
385,0,0,1,5,138,336,252,5906,3852,12896,20142,82907,180896,307331
384,0,1,2,15,343,613,659,13488,9199,24937,47054,186429,347894,630634
383,0,3,0,3,159,273,364,5954,4900,11209,24523,81713,153525,282626
382,0,3,4,8,265,664,495,12062,7526,28861,39528,169186,396039,654641
381,0,1,1,12,127,243,300,5696,4309,10754,23927,86705,158865,290940
380,0,3,7,25,601,1292,1360,26894,19316,53070,99691,382694,750406,1335359
379,0,1,2,30,439,779,1314,18918,16900,33154,83013,253722,451959,860231
378,0,0,5,39,488,729,1387,18239,17834,28223,84956,233534,,385434
377,0,0,0,9,219,363,740,11314,10808,17864,60885,172720,,274922
376,0,1,4,26,417,620,976,15757,14565,25164,75967,220612,,354109
375,0,3,2,21,316,475,1072,14605,16353,22432,86282,215870,,357431
374,0,1,2,18,304,444,1002,13019,14597,20579,80084,195074,,325124
373,0,0,6,27,363,594,1329,17446,18859,25849,94540,242195,,401208
372,0,6,7,117,1262,1844,4810,51895,63278,76449,310130,709560,,1219358
371,0,2,4,46,784,1140,2143,33264,31741,49620,166997,477908,,763649
370,0,4,5,58,637,900,2138,28719,31482,41641,161669,405548,,672801
369,0,2,0,28,397,594,1575,20450,23224,30485,120996,299729,,497480
368,0,2,1,20,292,475,1063,14846,16099,22416,89351,229403,,373968
367,0,1,3,19,276,376,980,13538,15057,19428,81691,203207,,334576
366,0,5,3,32,478,697,990,17462,13833,25558,68873,240132,,368063
365,3,2,5,23,347,600,1189,15633,16501,23537,84664,220890,,363394
364,0,1,1,16,280,428,883,12723,13666,20085,72621,197787,,318491
363,0,4,4,26,605,837,1487,22809,18107,31286,84818,279142,,439125
362,0,3,1,23,300,513,919,14457,13211,21520,70529,211726,,333202
361,0,1,0,25,297,413,842,12640,12383,18693,67931,190245,,303470
360,0,3,6,27,375,581,1224,17589,17832,26972,97666,262410,,424685
359,0,4,6,81,978,1509,3286,43056,46673,66011,247733,611494,,1020831
358,0,2,4,23,360,498,1168,15732,17137,23376,89695,230082,,378077
357,0,1,0,25,296,465,845,14197,13273,21143,70513,216541,,337299
356,0,2,0,22,373,544,1211,15353,16148,22628,86161,214271,,356713
355,0,2,3,24,343,483,1168,15228,17502,21887,101654,229629,,387923
354,0,2,1,19,364,534,1081,16265,15805,24235,83749,237512,,379567
353,0,5,12,60,879,1652,2530,35063,32431,60721,163151,461029,,757533
352,0,1,2,14,275,440,920,13411,14353,19736,79390,210809,,339351
351,0,0,2,15,324,490,802,13596,12067,20846,63850,199917,,311909
350,0,4,2,20,495,592,1578,19701,21801,27285,106675,268452,,446605
349,0,3,3,23,307,391,1179,13108,18388,19292,103004,199496,,355194
348,,2,6,65,911,1441,2921,42612,42869,65599,230766,630009,,1017201
347,0,6,3,78,788,1174,2852,35764,36919,53226,180709,495857,,807376
346,0,1,1,18,270,400,977,13331,15115,21133,82379,201074,,334699
345,0,0,1,18,243,390,775,11691,11525,18434,62050,179026,,284153
344,0,0,4,25,264,398,825,12032,12243,18103,64388,175600,,283882
343,0,1,2,19,275,409,886,11846,12865,18246,71761,173809,,290119
342,0,2,4,27,290,456,1037,12793,13837,19933,69570,181081,,299030
341,1,1,1,17,245,407,853,11412,12600,18853,65818,168651,,278859
340,0,3,1,46,336,499,1261,15142,16540,22139,81687,206635,,344289
339,0,2,1,31,278,428,1005,14409,13902,19818,72103,211904,,333881
338,0,1,2,42,411,606,1394,16709,18682,26257,92165,230300,,386569
337,0,1,1,21,282,464,883,13106,13213,20159,73413,192013,,313556
336,0,3,1,18,281,457,916,12932,13565,18988,72776,203231,,323168
335,0,1,1,25,315,423,1092,14001,15361,19854,81145,203373,,335591
334,0,0,0,8,245,418,761,11422,11266,18295,61624,172943,,276982
333,0,2,3,31,443,625,1016,18095,13178,25661,67132,222669,,348855
332,0,0,3,15,240,353,849,11818,11749,18351,63833,179472,,286683
331,1,1,4,19,333,521,826,14202,11874,21533,62250,194375,,305939
330,0,0,1,14,233,363,862,11346,12640,16930,72506,171706,,286601
329,1,2,1,15,245,392,1041,12507,17241,18544,97123,191998,,339110
328,0,1,2,22,321,450,1183,15310,17021,21554,87764,216160,,359788
327,1,2,3,37,536,729,1471,23407,22144,33627,120736,351353,,554046
326,0,0,4,37,569,875,1551,24383,22066,37164,112166,333614,,532429
325,0,2,5,40,439,685,1443,19955,20620,29998,108131,283251,,464569
324,0,2,2,20,301,467,947,15227,15172,23492,81028,231318,,367976
323,0,0,2,36,375,552,1275,16575,17025,24631,84258,232557,,377286
322,0,2,1,30,326,518,1072,17261,15236,23536,74856,235326,,368164
321,0,1,3,29,390,539,1155,17901,15867,24245,80327,241723,,382180
320,1,3,5,25,360,588,1194,15934,17944,25255,93539,233833,,388681
319,0,3,1,29,345,485,1120,15518,17100,23354,90691,226382,,375028
318,0,2,1,15,271,378,859,12817,12559,18383,70631,194242,,310158
317,0,1,3,35,334,542,1229,17087,18670,25272,98182,262425,,423780
316,0,1,3,44,680,927,1335,23580,17238,32107,83405,289202,,448522
315,0,0,2,20,324,507,932,15963,13704,22350,74127,232228,,360157
314,1,4,5,80,947,1428,3112,42252,48451,66353,257327,630759,,1050719
313,0,4,8,51,697,943,2028,28577,31113,42174,167152,443526,,716273
312,0,0,2,22,319,480,1195,15295,18068,21762,99574,228226,,384943
311,0,0,1,27,408,676,1018,16664,13980,24682,71031,216457,,344944
310,1,0,3,26,381,561,1431,17252,19468,25039,102407,249522,,416091
309,0,1,1,14,274,401,813,13414,11723,20962,61188,198772,,307563
308,0,3,4,31,356,500,1412,17210,18777,24436,94222,233644,,390595
307,0,1,1,22,310,460,1272,15582,18761,22414,95955,228559,,383337
306,0,2,2,16,314,482,1045,14647,16260,22141,91093,223436,,369438
305,0,2,3,16,271,433,828,12212,12796,18565,74266,184324,,303716
304,0,1,1,19,310,554,986,15781,14759,24311,75211,220823,,352756
303,0,1,4,18,406,589,951,16808,13333,25112,68089,229902,,355213
302,0,2,2,18,336,536,1096,15900,15468,23239,81118,225306,,363021
301,0,1,1,22,394,517,1218,17466,16294,24148,85086,249144,,394291
300,2,0,1,43,660,970,2177,29641,32162,43559,168699,430037,,707951
299,0,1,4,31,468,661,1479,20383,22803,30874,128629,305499,,510832
298,0,2,4,36,573,845,1725,21287,22962,33222,114086,282033,,476775
297,0,0,0,30,378,541,1138,17773,16058,24959,82978,247916,,391771
296,0,1,6,33,434,548,1404,17302,18444,23654,88679,227331,,377836
295,0,0,1,21,258,409,884,13574,13442,20138,71723,200689,,321139
294,0,0,4,27,335,526,1001,14502,14416,22521,75300,210302,,338934
293,0,3,5,36,626,968,2101,30255,32219,45250,176012,453889,,741364
292,0,1,2,19,265,383,1052,13650,16658,20153,89280,206674,,348137
291,0,1,1,25,319,429,981,13805,14001,20518,71725,195016,,316821
290,0,3,3,12,232,338,845,11128,13307,16007,78861,172083,,292819
289,0,1,8,50,603,769,1886,23393,26354,34446,134225,331523,,553258
288,0,0,2,27,378,596,1300,18082,17880,27772,94491,264991,,425519
287,0,1,5,35,462,673,1359,17711,18328,25341,91213,234025,,389153
286,0,1,0,28,383,531,1115,15527,15448,23536,76096,211979,,344644
285,0,3,3,23,269,368,1037,12736,13735,18040,72526,182070,,300810
284,0,1,3,35,381,559,1526,16834,22078,25782,121168,249980,,438347
283,0,1,1,21,329,492,1130,13836,14757,21252,77822,198753,,328394
282,0,1,3,16,220,317,781,11846,11642,17755,61892,173074,,277547
281,0,0,1,28,438,661,1309,14748,15955,24089,77056,194663,,328948
280,0,1,4,31,346,534,1213,15268,16570,21347,83915,207678,,346907
279,1,1,2,26,314,445,1180,15331,18375,22687,100057,239224,,397643
278,0,1,2,25,347,488,1253,15367,17455,21630,92174,222158,,370900
277,0,1,1,24,237,375,794,11758,12317,18519,67137,179193,,290356
276,0,1,1,17,219,342,785,11044,12035,18192,65871,167434,,275941
275,0,2,2,14,298,431,922,13520,14024,20341,75194,196730,,321478
274,0,1,6,68,1070,1653,2982,47631,41769,73877,219947,685146,,1074150
273,0,5,8,69,835,1196,2944,35760,39763,49802,202706,498499,,831587
272,0,3,1,29,508,810,1725,23581,25437,35554,133846,334234,,555728
271,0,1,3,28,460,850,1358,20085,18762,31914,95124,277704,,446289
270,0,1,5,19,287,472,974,13879,14472,21024,78483,209156,,338772
269,0,0,1,15,239,372,811,11027,12060,18014,66247,162457,,271243
268,0,0,2,13,233,353,720,10515,10124,15268,54935,158432,,250595
267,0,0,2,23,341,464,1127,13423,15081,20711,75611,188542,,315325
266,0,1,6,15,336,626,874,13987,12397,21703,64349,189850,,304144
265,0,4,5,58,896,1334,2705,40029,37720,58504,196379,573357,,910991
264,0,2,2,19,326,550,978,14726,14846,22933,78373,219350,,352105
263,0,0,1,26,269,424,876,12593,11810,19708,61172,189526,,296405
262,0,0,0,9,229,371,633,10277,9165,15697,50420,148572,,235373
261,0,9,11,68,938,1365,1087,12990,13509,17932,69729,167480,,285118
260,0,0,2,23,308,443,1119,13340,15150,19423,81111,191418,,322337
259,0,1,0,16,183,274,680,8970,10632,13465,63413,137224,,234858
258,0,1,1,21,279,383,917,12098,12720,18158,68554,177546,,290678
257,0,1,2,33,469,767,1343,20988,19140,33961,98645,296199,,471548
256,0,2,0,17,224,382,743,11081,12030,16967,68757,169235,,279438
255,0,0,0,16,231,341,674,10087,10220,14702,52745,145987,,235003
254,0,0,1,20,178,294,740,9662,12505,14180,71447,153065,,262092
253,0,1,4,24,220,320,928,11137,13221,15922,69123,166333,,277233
252,0,1,0,23,338,438,999,12373,13559,17419,67161,168216,,280527
251,0,0,4,16,304,441,877,13008,12563,18910,64015,181831,,291969
250,0,1,3,16,245,369,760,10413,11153,15841,60908,156664,,256373
249,0,1,4,29,419,519,1032,15348,12569,21138,60366,195029,,306454
248,0,1,4,15,355,471,891,13539,11973,19476,61040,186072,,293837
247,0,5,1,26,300,403,918,12032,14655,18262,82598,187315,,316515
246,0,3,0,15,261,397,825,12176,11778,19923,62135,179610,,287123
245,0,1,0,10,267,352,819,12194,11412,17222,60218,172603,,275098
244,0,2,0,17,256,427,897,11762,12059,19900,65337,173787,,284444
243,0,1,4,23,491,598,864,16461,12053,22125,58408,205651,,316679
242,0,4,6,82,1086,1662,3394,51201,47875,78540,256383,744417,,1184650
241,0,2,0,21,302,482,864,13343,11775,21273,60862,182582,,291506
240,0,1,3,28,260,421,1230,12577,16359,18280,84036,172577,,305772
239,0,7,6,52,868,1286,3009,40264,42656,60413,216870,578340,,943771
238,0,3,10,44,530,810,1816,24663,27293,35895,147116,360670,,598850
237,0,0,2,50,481,645,1848,20160,25111,27166,115954,283973,,475390
236,0,1,2,23,418,606,1208,17698,16169,26015,82850,248168,,393158
235,0,3,1,24,270,410,1079,14144,15451,20008,81446,201732,,334568
234,0,0,2,12,209,341,732,10214,10527,15043,55982,146239,,239301
233,0,0,3,30,408,496,1200,14126,13565,18873,59666,167511,,275878
232,0,1,4,15,278,401,689,11313,9706,15774,48692,151040,,237913
231,0,4,1,14,308,453,842,13476,10937,18539,51118,171993,,267685
230,0,0,1,31,315,378,1157,12993,14513,17420,63996,171564,,282368
229,0,1,3,33,379,509,1249,15307,17353,21244,89943,219872,,365893
228,0,0,2,20,221,356,956,11579,14656,16706,75442,174169,,294107
227,0,1,0,19,207,322,770,9616,10750,15432,57123,141344,,235584
226,0,0,5,10,240,324,660,10041,9452,15801,48277,143260,,228070
225,0,0,1,13,217,373,850,10080,11958,15924,60097,143941,,243454
224,0,3,0,15,274,508,770,12364,10447,19479,51541,160058,,255459
223,0,1,1,24,396,544,1166,15419,16510,23393,85259,215376,,358089
222,0,1,0,17,206,306,639,9630,9943,14261,54311,152995,,242309
221,0,1,5,15,183,311,737,9735,11157,14607,62590,144377,,243718
220,0,0,0,19,310,430,901,12384,12407,18541,60690,165465,,271147
219,0,0,3,27,362,542,1269,17324,17448,26504,88892,242837,,395208
218,0,1,0,27,290,415,983,12568,14333,17707,78184,184318,,308826
217,0,0,0,22,280,416,809,11178,11748,19424,60546,164291,,268714
216,0,1,4,18,302,417,833,12154,11537,18582,59218,163969,,267035
215,0,1,0,22,336,473,1024,12176,12163,18825,60237,154716,,259973
214,0,0,5,12,283,381,861,11270,12793,17631,68919,169668,,281823
213,0,1,2,22,182,380,753,10382,10285,18278,51401,140262,,231948
212,0,0,0,10,192,253,593,8666,8868,12952,49469,131366,,212369
211,0,1,1,15,250,340,636,10396,9518,15454,51668,153690,,241969
210,0,2,1,22,231,353,797,11147,11576,16032,60335,155150,,255646
209,0,6,11,78,1306,1842,3806,56957,55408,88136,294019,842821,,1344390
208,0,2,0,13,218,316,728,9771,11424,14916,63175,149366,,249929
207,0,2,1,28,513,843,1194,20670,17708,32307,90405,284650,,448321
206,0,0,3,21,347,528,1117,15316,17725,23740,93107,234679,,386583
205,0,1,3,16,254,346,782,10677,11421,15668,62535,154328,,256031
204,0,0,1,13,203,264,740,9046,10572,12651,56291,133179,,222960
203,0,1,1,13,147,233,516,7970,7798,12396,41709,117948,,188732
202,0,1,1,10,219,309,598,10207,9171,14133,46585,148498,,229732
201,0,1,0,8,190,266,553,8476,7993,12201,43007,124105,,196800
200,0,1,1,10,183,267,475,7339,7773,11355,43216,114616,,185236
199,0,0,1,13,220,338,595,9260,8773,14833,43353,137265,,214651
198,0,0,0,8,214,323,625,9559,9368,14591,49239,137203,,221130
197,0,2,1,15,180,340,529,8131,7992,14106,40941,117187,,189424
196,0,0,2,23,254,338,663,10442,9598,13870,46836,141799,,223825
195,0,2,3,20,191,382,678,10830,9697,16417,50545,157353,,246118
194,0,0,2,13,204,374,580,8908,8263,14631,44429,128698,,206102
193,0,4,1,10,168,259,486,8363,7985,12025,43205,128664,,201170
192,0,1,2,16,220,293,594,9328,8495,13061,46040,129461,,207511
191,0,1,1,19,233,363,930,10625,12126,14760,59987,150609,,249654
190,0,6,7,62,812,1162,2917,39788,40607,56346,214554,601318,,957579
189,0,2,1,8,162,262,573,8247,8683,12494,47570,126617,,204619
188,0,1,1,23,261,331,653,10717,9361,14830,44701,138974,,219853
187,0,1,2,11,140,221,570,7269,8827,10323,51844,114565,,193773
186,1,1,0,18,294,362,768,11722,10096,15667,49975,155165,,244069
185,0,1,1,12,149,212,517,8205,7769,11269,41725,126381,,196241
184,0,1,1,11,155,257,483,8242,6934,11820,36887,120878,,185669
183,1,0,5,11,182,247,649,8514,10074,12867,59968,132190,,224708
182,0,0,1,14,165,281,509,7650,7908,11851,42722,119060,,190161
181,0,1,0,11,148,265,476,7650,7052,11327,37309,117968,,182207
180,0,1,2,10,179,264,562,7504,8203,11995,43431,108220,,180371
179,0,1,2,17,245,364,871,11011,11949,16090,61200,161697,,263447
178,0,2,1,9,206,295,527,8810,7667,13697,40488,130390,,202092
177,0,0,4,8,182,326,517,8395,7643,12874,39992,116654,,186595
176,0,1,0,13,196,250,537,8249,7269,11949,36172,114254,,178890
175,0,0,1,23,246,351,648,9580,8388,14540,43532,120582,,197891
174,0,1,1,7,138,229,562,6831,7624,11262,41749,97305,,165709
173,0,0,0,4,133,233,460,6584,6562,9773,35866,96046,,155661
172,0,0,1,11,152,227,467,6629,6237,10325,33723,101035,,158807
171,0,0,0,11,113,197,489,5962,7557,9552,41351,93541,,158773
170,0,1,1,22,228,418,904,10616,11673,16563,58545,145213,,244184
169,0,0,0,12,162,281,573,7753,7916,11643,44440,116844,,189624
168,0,1,4,13,216,354,478,9323,6833,14665,36009,122734,,190630
167,0,0,0,17,140,234,615,6420,8974,9551,50882,95024,,171857
166,0,1,1,15,166,223,682,7063,10525,9915,55599,104921,,189111
165,0,0,1,12,147,228,522,7370,7992,10833,44354,112042,,183501
164,0,0,0,7,151,229,402,6808,6503,11086,35301,102132,,162619
163,0,1,2,7,163,251,534,8254,8531,11992,45713,123242,,198690
162,0,0,1,15,180,252,664,7634,8970,11435,46276,113090,,188517
161,0,0,2,8,131,222,429,6433,6767,10191,37396,103530,,165109
160,0,2,1,9,186,291,644,8090,9537,12065,52379,120884,,204088
159,0,3,3,26,255,352,976,10435,11726,13683,55240,139244,,231943
158,0,2,0,13,193,271,517,8366,7510,12595,39431,119098,,187996
157,0,4,3,34,474,675,1555,20443,22268,32023,116705,281155,,475339
156,0,1,2,23,254,602,639,9342,9266,16477,47855,127171,,211632
155,0,1,1,18,199,308,672,8975,9514,14796,47423,126148,,208055
154,0,0,2,8,206,311,533,8085,8243,12287,43560,117828,,191063
153,0,0,2,33,281,424,1063,11733,12494,15980,58132,148003,,248145
152,0,0,4,17,308,418,907,13492,12281,18787,64149,191232,,301595
151,0,1,2,17,241,336,745,11443,10998,16219,57046,168072,,265120
150,0,0,1,14,224,392,669,11382,9276,16469,48256,157656,,244339
149,0,0,2,10,213,285,804,8730,11672,12918,61473,119903,,216010
148,0,0,0,9,170,270,472,7484,6823,12076,36824,113455,,177583
147,0,0,1,18,176,257,564,8204,8924,12054,48448,116223,,194869
146,1,1,0,14,244,320,653,9743,9621,13898,49388,137208,,221091
145,0,7,16,99,1165,1824,3885,51772,54510,77971,281252,725219,,1197720
144,0,5,6,50,1134,1625,2658,46038,35977,64270,186083,615814,,953660
143,0,1,4,40,612,949,1977,27412,27818,40170,144790,400833,,644606
142,0,2,0,40,508,769,1431,23279,20895,33738,107035,339980,,527677
141,0,1,4,26,354,571,1155,17375,17011,26079,91258,251140,,404974
140,0,1,2,16,227,363,831,11307,12832,16326,76188,170373,,288466
139,0,4,8,21,436,565,699,13390,9363,19510,49970,171443,,265409
138,0,0,2,14,228,427,706,9760,9052,15133,47037,120952,,203311
137,0,2,0,14,168,256,481,6797,7142,10090,39263,98726,,162939
136,0,1,2,8,147,223,454,6963,6364,10658,33542,96623,,154985
135,0,1,0,7,135,175,404,5924,5872,8943,30635,90357,,142453
134,0,0,2,8,158,223,400,6464,5887,10351,29953,92272,,145718
133,0,2,0,14,145,244,528,8185,7773,11586,41545,114688,,184710
132,0,1,1,6,139,199,419,6652,6170,9976,32569,100272,,156404
131,0,0,0,10,142,205,503,6450,7504,9334,40558,96759,,161465
130,0,1,0,14,128,184,539,5961,8201,9116,46544,89728,,160416
129,0,0,1,7,194,279,458,7504,6059,11449,30184,101409,,157544
128,0,0,4,12,144,207,402,6753,5831,10072,30416,90983,,144824
127,0,0,1,13,128,239,517,6403,7768,10989,40947,94536,,161541
126,0,1,1,21,259,375,895,12100,14500,16298,75565,177841,,297856
125,0,1,3,9,184,257,597,9031,8517,13525,45405,140266,,217795
124,0,0,0,13,167,277,581,7736,8354,12059,43056,110085,,182328
123,0,2,1,12,142,181,458,6402,6279,9561,34225,90840,,148103
122,0,1,1,13,140,243,480,6386,7031,9927,37549,90392,,152163
121,0,2,1,7,111,165,423,5476,6079,8791,35140,81576,,137771
120,0,1,2,8,127,187,547,5780,8348,8648,46691,86683,,157022
119,1,1,0,7,133,183,457,6058,6907,8618,38631,91479,,152475
118,0,0,2,23,168,283,539,7415,7651,10549,38211,104352,,169193
117,0,1,2,14,138,238,445,6573,6410,10969,33411,95273,,153474
116,0,1,0,20,237,262,771,8666,9571,11451,47292,116941,,195212
115,0,0,0,13,144,190,419,6187,7003,9936,37024,90859,,151775
114,1,0,1,8,158,224,465,5944,7253,9214,42645,94860,,160773
113,0,0,3,16,170,266,571,8312,7744,11698,39654,121166,,189600
112,0,1,1,20,293,395,759,11675,10254,17126,54403,162024,,256951
111,0,3,0,12,204,288,707,9066,10237,13570,56401,134498,,224986
110,0,0,0,16,185,237,582,7817,8317,11943,46679,119998,,195774
109,0,0,0,14,153,217,448,6990,7325,10700,42542,102166,,170555
108,0,1,1,36,225,285,1082,9572,11546,12831,50245,129802,,215626
107,0,0,1,23,207,327,807,8537,12137,12920,60192,122227,,217378
106,0,0,0,14,203,312,680,9105,9854,12718,47409,129896,,210191
105,0,2,2,13,171,266,537,8289,8194,12288,45807,128535,,204104
104,0,7,7,86,1290,1956,3992,61948,59687,92645,321317,910681,,1453616
103,0,7,5,65,1030,1731,3284,50034,49486,77082,268469,740102,,1191295
102,0,7,7,43,673,1069,2211,30735,33815,47106,183386,461254,,760306
101,0,2,3,31,451,679,1443,19680,20788,31908,107391,279107,,461483
100,0,3,6,25,401,595,1008,15235,13877,22752,70436,208640,,332978
99,0,2,1,13,223,344,690,11009,10351,17087,54505,162280,,256505
98,0,1,1,13,209,300,616,9460,9007,14794,49315,135875,,219591
97,0,2,1,10,153,251,433,7341,6882,10897,35903,109798,,171671
96,0,1,0,6,121,218,405,6246,6121,9586,32169,90476,,145349
95,0,0,0,9,143,218,423,5623,6309,8309,32672,78192,,131898
94,0,0,1,12,112,135,410,4491,5586,7141,26691,66748,,111327
93,0,0,0,4,92,127,297,4207,3774,6436,21550,66294,,102781
92,0,1,0,7,113,163,430,5362,6570,8010,37930,85847,,144433
91,0,0,1,2,92,167,319,4645,5336,6940,28577,69482,,115561
90,0,0,0,6,94,137,315,4569,5134,6707,29604,67755,,114321
89,0,0,2,8,126,182,335,5086,4453,8181,22444,70036,,110853
88,1,0,5,11,147,269,426,5915,5685,10460,27811,80850,,131580
87,0,0,2,9,134,200,393,5976,5507,9005,27800,79053,,128079
86,3,0,0,8,123,151,360,4860,6125,7628,27705,72481,,119444
85,0,1,0,4,82,144,351,4546,5545,7307,31746,72148,,121874
84,0,1,0,17,278,400,751,11744,10815,17583,53502,158510,,253601
83,0,0,2,14,216,321,526,9211,8169,13781,42405,131671,,206316
82,0,0,0,8,121,217,409,6620,7043,10250,38338,101746,,164752
81,0,1,2,7,101,160,315,4673,4833,7556,27960,71649,,117257
80,0,0,0,6,114,184,360,5278,5004,8089,25193,73776,,118004
79,0,0,0,8,118,163,323,4883,4957,7345,26904,72884,,117585
78,0,0,2,14,167,256,474,6150,6715,10114,32035,82364,,138291
77,0,0,3,30,478,684,1533,22256,22694,32590,122274,341289,,543831
76,0,2,4,15,300,439,966,13620,14055,20624,77882,208896,,336803
75,0,2,6,17,293,471,988,15254,14602,23415,74736,213036,,342820
74,0,0,0,14,186,285,647,8438,10035,12620,56394,128248,,216867
73,0,0,2,10,200,263,610,8526,7565,11454,38253,114831,,181714
72,0,0,1,3,96,120,282,4210,4429,6133,19595,64573,,99442
71,0,0,2,8,144,224,325,5309,4221,8706,21488,67197,,107624
70,0,1,0,8,79,105,292,3907,3520,5442,18957,53390,,85701
69,0,1,1,9,71,139,243,3552,3263,5536,16997,49290,,79102
68,0,0,0,3,49,78,165,2292,2727,3493,16300,36497,,61604
67,0,0,0,6,120,182,423,5516,6221,8061,30781,73037,,124347
66,0,0,0,4,64,90,244,3418,3483,5141,19178,51611,,83233
65,0,1,1,5,106,193,223,3826,3302,6398,15834,50223,,80112
64,0,0,0,1,50,70,146,2340,2174,4030,11691,34551,,55053
63,0,0,0,2,73,124,253,3818,4044,5467,20151,52750,,86682
62,0,0,0,10,86,112,211,3282,3035,5260,16261,46034,,74291
61,0,2,1,16,272,421,743,11382,10397,17697,51560,156398,,248889
60,0,0,0,7,102,139,364,4640,6343,6676,36931,71039,,126241
59,0,2,0,3,62,102,253,3762,3860,5604,21129,58278,,93055
58,0,0,0,5,55,83,217,2884,3537,4079,19958,43582,,74400
57,0,0,1,4,50,78,153,2314,2039,3963,11030,33594,,53226
56,0,0,0,2,31,49,108,1904,1793,2686,9885,27518,,43976
55,0,0,1,2,62,79,167,2154,2197,3412,10987,29059,,48120
54,0,0,0,2,43,42,97,1874,1597,2938,8595,28936,,44124
53,0,0,0,8,65,101,243,3362,3897,4927,21134,49944,,83681
52,0,0,0,3,52,72,148,2535,2064,3612,11279,35642,,55407
51,0,0,0,6,53,65,183,2255,2771,2630,13937,31078,,52978
50,0,1,0,6,80,93,243,2459,2830,3586,13708,31432,,54438
49,0,0,0,10,88,148,197,2983,2182,5224,9798,35717,,56347
48,0,0,0,2,46,59,126,2237,1698,2764,8475,29822,,45229
47,0,1,0,1,41,62,101,2052,1669,3010,8683,30780,,46400
46,0,0,0,5,47,96,158,2867,2553,3875,12847,40996,,63444
45,0,0,0,4,50,75,177,2311,2415,3541,12415,35732,,56720
44,0,0,0,1,43,84,186,2354,2495,3653,13191,32776,,54783
43,0,1,1,4,38,61,126,2005,2153,3063,12032,32934,,52418
42,0,2,0,1,84,147,246,3748,3771,5885,20123,56479,,90486
41,0,0,0,5,48,85,177,2419,2971,3657,15954,37065,,62381
40,0,1,0,2,51,78,168,2262,2164,3525,10594,31258,,50103
39,0,0,0,1,47,55,123,1710,1760,2721,9510,26278,,42205
38,0,0,0,3,20,43,125,1527,1886,2426,10899,25099,,42028
37,0,0,0,2,47,63,150,2114,2344,3151,12365,32087,,52323
36,0,1,0,3,52,63,202,2135,2768,2938,14022,30709,,52893
35,0,0,0,0,40,70,129,2028,2202,3311,11431,29474,,48685
34,0,0,0,2,56,103,208,2924,2991,4219,16239,46787,,73529
33,0,0,0,6,30,49,98,1890,1843,2940,9833,29102,,45791
32,0,0,1,5,68,96,203,2302,2693,3254,13791,30820,,53233
31,0,0,0,3,21,38,133,1659,2337,2225,12370,26569,,45355
30,0,0,1,2,32,46,106,1875,1572,2700,8317,27325,,41976
29,0,0,0,4,52,113,156,2107,2098,3956,9775,27324,,45585
28,0,0,0,1,44,59,129,2100,1907,3132,9211,28536,,45119
27,0,0,0,5,28,47,107,1429,1957,2091,11717,23407,,40788
26,0,0,0,3,55,71,151,2480,2025,3073,10719,33458,,52035
25,0,0,0,3,38,43,119,1835,1665,3021,9138,25288,,41150
24,0,0,1,9,53,95,180,2214,2258,3454,10962,30461,,49687
23,0,0,1,5,40,55,144,1680,2045,2337,12112,25929,,44348
22,0,0,0,5,65,136,152,2856,1923,4621,9577,36019,,55354
21,0,0,1,6,42,102,126,2113,1793,3784,9201,29714,,46882
20,0,0,0,3,33,71,103,2037,1610,3567,8230,28858,,44512
19,0,0,0,6,42,65,173,1928,2300,2880,12002,29476,,48872
18,0,0,2,6,52,74,150,2557,2178,3667,10825,35250,,54761
17,0,0,0,4,28,54,193,1900,2986,2725,18286,29175,,55351
16,0,0,0,8,57,77,156,2546,2528,3669,13505,40046,,62592
15,0,0,0,5,49,77,241,2906,3481,4250,18739,40544,,70292
14,0,0,1,4,83,114,313,4343,4583,6874,24431,62416,,103162
13,0,0,1,7,102,169,330,4640,4433,7215,22994,65081,,104972
12,0,0,1,5,119,151,276,4457,3495,6052,17038,56037,,87631
11,0,0,1,2,46,72,181,2439,2944,3577,16435,36845,,62542
10,0,0,0,3,42,78,133,2321,1873,3758,10200,31938,,50346
9,1,0,0,8,80,147,278,3370,3557,5697,16431,40808,,70377
8,0,1,0,3,69,112,172,3003,2402,4497,11963,37105,,59327
7,0,0,0,5,62,80,157,2559,2401,3815,11882,35711,,56672
6,0,1,0,3,34,48,119,1587,2029,2372,12099,26023,,44315
5,0,0,0,3,55,78,144,2451,2003,3285,10269,34625,,52913
4,0,0,0,4,36,78,142,1912,1997,3143,11128,31722,,50162
3,0,0,0,3,73,110,176,3273,2344,3943,11374,42208,,63504
2,0,0,0,4,43,71,198,2337,2693,3371,14559,33951,,57227
1,0,0,1,7,72,95,207,3122,3322,4441,18725,49655,,79647
