No.,5+2,5+1,5,4+2,4+1,4,3+2,3+1,2+2,3,1+2,2+1,2
1974,42251861,109079.60,12746.80,2268.70,89.40,27.10,54.40,8.40,12.30,6.10,5.80,4,2.50
1973,0,0,37831.20,2618.50,119.50,36.60,51.90,10,11.40,7.50,5.20,4.30,2.80
1972,0,0,62486.50,1179.80,103.60,36,46.60,9.50,10,7.50,4.10,4.30,3.10
1971,0,79734.90,9317.60,1055.30,90.80,31,53.40,8.50,12,6.70,5.50,3.90,2.70
1970,0,79578,21698.40,1843.20,103.30,29.90,55.60,9.20,13.60,7.10,6,4.40,3
1969,0,0,15391.90,1438.20,111.70,35,50.60,10.50,11.40,7.80,5.60,4.90,3
1968,0,241033.20,14083.30,923.40,81.60,29.20,39.60,7,9.90,6.60,4.90,3.50,2.80
1967,0,372130.90,0,934.10,83.70,24.60,52.20,8.20,12.90,5.50,6.30,4.10,2.40
1966,0,0,20861.60,1709.90,111,33.40,49.90,9,11.40,7.10,5.30,4.10,2.80
1965,0,0,40243.90,1319.40,76.20,29.80,39.80,7.20,9.70,6.10,4.70,3.70,2.60
1964,0,0,77954.20,1533.20,81.60,26.20,54.50,7.70,13.50,6,6.40,3.90,2.60
1963,0,169119.70,15810.40,1025.90,97.10,28.80,55.30,9.20,13.10,6.90,6.30,4.40,2.80
1962,0,104828,14000,953.80,85.30,30.90,50.10,8.40,11.90,6.60,5.60,4.10,2.80
1961,0,104628,14671.90,846.20,87.50,32.40,31.80,8.20,7.40,7.40,3.40,3.90,3
1960,0,164357.70,12804.30,717.80,66.30,23.60,43.60,6.70,10.70,5.70,5.40,3.50,2.60
1959,0,0,10526.10,1092.80,112.60,39.50,42.50,9.10,9.60,7.70,4.10,4,2.90
1958,0,151502.50,8852.10,1378.60,112.40,26.20,60.30,9.50,14.10,6.10,6.60,4.70,2.70
1957,0,114868.90,16108,1140.20,113.20,38.30,49.50,9.10,11.60,8,5.20,4.10,3.20
1956,0,0,0,1570.20,121.30,36.70,37.90,8.70,8.50,7.60,3.60,4,3
1955,0,0,58409.30,1096.60,89.60,30.10,33.30,8.40,8.20,7.10,3.80,4,2.90
1954,0,0,7521.30,395.50,36.50,15.50,21.90,4.40,6.50,3.90,3.80,2.70,2.10
1953,0,102286.90,15937.40,827.30,85,29.70,33.70,6.40,8,6.30,3.80,3.20,2.70
1952,0,250668.20,14646.30,1479.50,92,30.20,48.80,8.20,11.10,6.20,5.30,3.80,2.50
1951,0,0,18114.40,731.30,64.20,26.50,27.80,5.80,6.80,5.60,3.60,3,2.40
1950,0,66250.60,12668.60,1033.40,80.70,22.50,47.50,7.90,11.60,5.90,5.50,3.90,2.50
1949,0,0,48653.50,1683.80,96.50,32.10,45.40,8.50,10.90,6.40,5.20,4,2.60
1948,0,108510.50,25360.70,806,87.40,32.40,32.60,7.90,7.50,6.80,3.40,3.70,2.80
1947,0,0,10099.30,1230.90,81.40,28.30,33.90,7.10,7.70,6.90,3.70,3.50,2.80
1946,0,0,0,1252.50,109.60,34.90,41.70,8.60,9.10,7.40,4,3.80,2.90
1945,0,0,156047.60,1201,122.90,38.40,39.50,9.20,8.50,8.30,3.40,4,3.20
1944,0,162942.20,8788.20,1423.40,83.60,25.30,46.50,8.10,11.40,6.20,5.50,3.90,2.60
1943,0,88927.10,0,602.10,56.80,23.20,31.30,6.20,8.20,5.50,4.10,3.30,2.50
1942,0,118584.10,27715,1278.80,120.90,36.80,54.70,10,12.30,7.80,5.60,4.40,2.80
1941,0,0,0,1382.80,117.90,38,52.60,9.50,12.30,8.30,5.50,4.20,3.20
1940,0,0,12024,1762.40,96.80,33,43.90,8,10.20,7.20,4.70,3.90,2.90
1939,41844862.30,104045.10,12158.50,1113.80,85.10,31.50,47.70,7.70,10.90,7,4.90,3.60,2.90
1938,0,216866.60,11696.60,1280,102.20,37.60,44.20,8.70,9.40,7.40,4.20,3.80,2.80
1937,0,0,0,887.30,91.30,28.10,45.40,7.70,11,5.70,5.10,3.80,2.50
1936,0,182160.10,42573.80,947.10,85.20,30.80,36.50,8,8.30,6.80,3.80,3.60,2.70
1935,0,75619.60,29455.90,834,82.10,30.30,39.90,7.30,9.20,6.80,4.30,3.40,2.70
1934,0,159626.80,37307.40,830,104,32.60,42.80,8.70,10.40,6.80,4.90,4.10,2.70
1933,0,125271,14638.90,651.30,87.90,28,29.30,6.80,6.90,6.10,3.30,3.20,2.50
1932,0,0,0,1100.50,103.80,39.80,47.50,8.80,9.80,8,4.30,3.80,3
1931,0,0,8991.60,869.10,57.70,20.90,30.60,6,8.40,5.10,4.50,3.10,2.30
1930,0,153423.70,35857.60,1675.30,93.60,32.20,49.60,8.60,11.80,6.80,5.60,4.10,2.70
1929,0,28468.40,4990.10,478.20,54.40,20.90,25.40,6.20,6.70,5.80,3.40,3.40,2.60
1928,0,287147.50,26844.40,774.20,88.80,25.90,41.10,8,10.30,6,5,3.90,2.60
1927,181073415.70,355164.90,16601.50,994.40,84.60,27.20,43.60,8,10.90,6.10,5.40,3.90,2.50
1926,0,159379.80,20694.20,773.40,78.80,26.50,32.50,7,8.10,6,3.90,3.60,2.60
1925,0,97585.80,27368.90,926.60,85.80,33.40,32,7.50,7,7,3.20,3.40,2.70
1924,0,48922.70,5163.70,656,57,18.80,35.80,6.90,9.40,5.40,4.60,3.60,2.40
1923,0,133518.40,0,971.90,92.70,30.50,42.90,8.90,10.50,7.10,4.90,4.10,2.80
1922,0,0,16930.80,799,68.70,25,26.90,6.40,6.80,5.70,3.40,3.20,2.50
1921,56220296,73960.70,21607.30,897.30,74.60,22.20,48.20,7.60,11.90,5.60,5.60,3.90,2.50
1920,46837974,182645.20,18294.50,725.20,87.70,30.80,34.30,7.60,8.10,6.70,4,3.70,2.80
1919,33739190,0,68063.80,617.80,80.50,28.80,28.70,7.10,6.80,6,3.20,3.50,2.60
1918,25335564,86733.10,7239.60,853.20,59,16.20,37.80,6.30,9.50,4.40,4.90,3.40,2.10
1917,14688000,336942.40,11249.80,1362.60,116.40,38.20,41.40,9.80,8.50,8.30,3.70,4.20,3.10
1916,107122901,199343.80,19967.10,870.60,93.90,31.70,44.80,8.60,10.40,7.30,4.80,4.10,3
1915,95340961,0,63720.60,1253.30,96.50,37.60,35.70,8.50,7.70,7.50,3.60,3.60,2.90
1914,86501911,270675.20,21087,656.80,70.20,21.30,33.20,6.30,8.80,5.10,4.40,3.30,2.40
1913,75830353,206403.30,32159.90,751.20,90,28,41.60,7.90,10.50,5.90,5.40,3.90,2.40
1912,67080148,177547.30,7780.40,745.60,69.40,23.50,35.20,6.70,8.80,5.60,4.50,3.40,2.50
1911,56012423,127230.10,14867.80,1262.90,89.30,28.10,41.80,8.20,9.70,6.60,4.70,3.90,2.70
1910,46714773,78591.50,12245.40,762.80,68.10,22.40,34.30,6.50,8.80,5.50,4.40,3.30,2.50
1909,35029519,0,140047.40,1126.80,84.50,20,47.90,8.30,12.40,4.90,6.20,4.20,2.20
1908,26917650,124067,12887.30,976.40,107.50,31.60,52.30,9.40,12.30,6.60,5.70,4.40,2.70
1907,14846100,0,13961.40,1185.90,97.40,25.40,52.80,8.50,12.10,5.80,5.70,4.10,2.40
1906,47164703,49455.80,13003.40,1408.70,74.50,44.80,26.80,11.20,7.50,6.80,5,3.70,3
1905,36219854,67507,11833.10,1340.20,88.40,27.60,54.80,8.20,13.10,5.50,6.10,4.10,2.30
1904,26272412,0,17260.70,1897.50,91.80,27.70,52.40,8.70,11.90,6.30,5.40,4.10,2.50
1903,14902200,0,10816.60,1473.90,103.90,34.80,46.90,9.60,11.20,7.50,4.90,4.30,2.90
1902,14941300,112091,20958,1255.30,98.40,43.90,30.50,10.40,8.20,6.70,4.80,3.80,2.70
1901,124643821,74535.80,0,825.60,72,37.30,24.20,9,6.90,5.70,4.50,3.60,2.50
1900,113633000,0,12075.30,1097,88.40,26.10,50.90,8.30,11.70,6.20,5.50,4,2.50
1899,14971900,172189.10,8942.90,1089.90,98.80,30,48.60,8.70,11.60,6.10,5.40,4.10,2.50
1898,156646223,133980.10,26094.40,812.70,85.20,30,31.70,7.40,7.20,6.70,3.40,3.50,2.70
1897,142321587,0,48911,513.90,70.10,25.90,23.50,6.40,5.70,5.90,2.70,3.20,2.60
1896,131464184,0,15739.20,658.50,78.60,25.70,30,6.80,7.10,6.20,3.40,3.30,2.60
1895,118491408,0,13735.30,977.80,84.70,24.10,44.70,7.80,10.50,5.70,5,3.80,2.40
1894,108302730,0,33247.80,1010.30,89.50,33.20,41.30,7.10,10.10,6.60,4.80,3.40,2.70
1893,95492878,0,24455.50,982.80,94.60,30.80,43.90,8.70,10.40,6.90,4.80,4.10,2.80
1892,86185474,131865.50,17610.90,1279.90,101.70,36,37.70,8.50,8.30,7.10,3.60,3.90,2.80
1891,75171029,129585.30,11357.30,975.80,73.30,22,39.20,6.90,9.90,5.30,4.90,3.50,2.40
1890,66400273,0,0,929.90,99.70,33.70,45.10,8.40,9.80,7.20,4.40,3.90,2.80
1889,54999780,0,8987.40,1145.20,87,26,46.60,7.80,11.40,5.80,5.40,3.70,2.30
1888,45681300,237057.20,9234,1078.50,74.40,26.40,47,7.10,10.90,6.10,5.40,3.50,2.50
1887,33950861,0,104575.60,1542.60,102.60,30.70,49.10,9,11.50,6.50,5.40,4.20,2.60
1886,25559255,453507.30,17665.30,892.20,95.70,36.30,40.50,8.20,8.70,7.70,3.80,4,3.20
1885,14817200,158713,9273.40,888.70,60.10,18.50,34.10,6.30,8.90,4.80,4.50,3.30,2.30
1884,25701358,40638.50,8036.60,879.50,66.80,17.40,38.20,6.40,10.40,4.30,5.50,3.50,2
1883,14773000,0,24769.10,1052,114.30,37.20,37.10,9.30,8.20,8.10,3.50,4.20,3.20
1882,26038157.40,0,12892.10,479.40,60,22.50,25.70,5.90,6.90,5.50,3.70,3.20,2.50
1881,14852900,41920.60,0,519.40,69.70,26.80,24.90,6.30,6.30,5.70,3.20,3.20,2.50
1880,113568000,63856.70,10534.80,593.40,60.10,19,36,6.30,9.10,5.10,4.60,3.40,2.40
1879,56128723,0,21190.80,412.50,55,19.40,24,4.90,6.50,4.60,3.50,2.80,2.20
1878,46564196,0,0,926.70,90.70,28.20,46.90,8.30,11.90,6,5.60,3.90,2.40
1877,34718425,179435.60,27958,1004.70,88.70,29,42,7.30,9.80,6.60,4.60,3.40,2.70
1876,25768241,230268.10,21526.90,684.10,81.10,24,39,7,9.80,5.80,4.80,3.60,2.50
1875,14732200,0,83571.40,1174.10,75.90,25.50,31.10,7.50,7.60,6.10,3.60,3.70,2.60
1874,56681384,524043.10,24495.50,1271.60,113.10,37.60,38.40,9,8.40,8,3.60,4.10,3.10
1873,44408792,0,22190.60,1382.30,118.70,35.50,54.80,10.20,11.80,7.20,5.40,4.60,2.70
1872,34757748,92359.60,53964.90,517.10,68,24.30,30.40,6.10,7.10,5.40,3.80,3.10,2.40
1871,23177179,176142.60,0,1349.70,100.90,32.50,60,9.60,14,7.10,6.40,4.70,2.90
1870,14745800,0,9321.40,887.10,71.40,20.80,38.80,7,10,4.90,5,3.70,2.30
1869,21615000,182967.60,26077.30,728.90,91,34,44.40,9.10,10.20,7.60,4.50,4.10,3
1868,200645465,416384.50,14971.60,962.20,109.10,35.40,47.50,9.50,10.30,7.90,4.40,4.30,3.10
1867,184536067,680767.80,0,854.40,108.80,35.40,40.90,8.90,9.10,7.60,3.90,4.10,3.10
1866,171118004,124791.30,8333,757,68.50,17.40,40.20,7.60,10.20,5.60,5,3.80,2.50
1865,156693569,192769.60,27032,1503.50,105.30,34.20,44.30,8.20,10.30,6.60,4.60,3.90,2.80
1864,145228808,223227,11179.60,716.90,68.30,20.80,38.50,7.10,9.70,5.40,4.80,3.70,2.50
1863,130116570,130194.30,0,1516.40,119.90,37.50,44.70,9.50,9.10,8.10,3.70,4.10,2.90
1862,120532068,123475.80,16032.40,1664.50,96.90,27.20,54.30,8.70,12.90,5.80,6,4.20,2.40
1861,107138894,98755.50,8877.20,1797.20,69.30,23.50,51.60,7.60,12.70,6.10,6,3.80,2.60
1860,96797541,77502.50,18113.60,867.90,69.90,25.30,33.40,6.90,8.10,5.90,4,3.40,2.60
1859,84014945,0,9687.60,1257.20,110.50,33.20,50.80,9.40,11.80,7.20,5.10,4.50,3
1858,75185800,0,14783.20,1151.10,93.70,28.70,47.10,8.30,10.30,6.40,4.80,3.90,2.60
1857,64367280,44331,15541.30,660.10,54.90,22.80,29.70,5.90,8.40,5.60,4.40,3.30,2.50
1856,56006015,509266.60,11902.40,950.50,103.30,36.40,35.80,8.60,7.80,7.80,3.40,3.90,3.10
1855,43818269,130759.50,11460.20,839.90,87.30,34.80,45.10,7.30,10.60,7.30,5,3.50,3
1854,34475868,97950.80,19077.20,1048.60,83.10,29.60,45.50,8.30,11.30,6.90,5.10,4.10,3
1853,22994509,0,0,832.40,66.20,22,29.40,5.90,7.80,5.30,4.30,3.10,2.30
1852,14569000,118828.80,27772.20,843.90,78.30,29.60,33.10,7.50,7.80,6.70,3.70,3.60,2.80
1851,213650000,6287001.20,16119.10,1043.20,91.90,33.20,38.70,8,9.20,7.40,4.40,3.80,3.10
1850,212575000,3613887,20347.90,1252.80,123,41.50,46.50,10.70,10,9.30,4.10,4.90,3.70
1849,211875000,4537217.20,20680.70,1380.30,116.60,38.80,56.30,10.10,12.60,8.60,5.60,4.60,3.50
1848,210775000,2026284.40,17062.70,966.20,99.80,34,50.50,8.80,12.20,7.20,5.80,4.30,2.90
1847,201083864,152190,23712.80,863.20,103.70,35.50,38.60,8.70,8.60,7.80,3.80,4,3.10
1846,184193289,0,11422.70,1085.40,89.80,26.20,39.70,7.30,9.80,5.70,4.80,3.70,2.60
1845,166329474,353812.50,16538.30,1226.40,106.50,35.40,55.20,9.70,12.90,7.70,6,4.60,3
1844,153225546,0,17998.90,1303.70,117,35.60,56.70,9.70,12.80,8.10,5.70,4.50,3.20
1843,139135511,610125.70,20370.90,906.40,79.10,28.20,41.90,7.50,10.50,6.50,5.10,3.70,2.80
1842,127273727,143043.10,23879.60,1041.30,89.30,30.30,47.50,8.80,11.50,6.90,5.50,4.20,2.80
1841,113923081,0,31620.60,820.70,95.40,32.80,35.40,6.50,9,6.80,4.30,3.80,3
1840,104104433,108208.70,25290.10,684.90,81.30,29.50,28.20,7.20,7.40,6.70,3.70,3.60,2.80
1839,92054251,159578.90,15984.10,1025,108.80,34.40,37.60,8.60,8.20,7.20,3.80,3.90,2.80
1838,82880184,145979.50,17058.90,1012,74.50,20.50,44.80,7.50,11.40,5.10,5.70,3.80,2.30
1837,71243649,0,46627,945.70,92.10,27.50,50.90,8.90,12.20,6.30,5.80,4.30,2.70
1836,63560012,105354,24622.90,935.20,101.40,23.80,55.50,9.90,12.80,6.30,5.90,4.80,2.70
1835,53570179,0,111297.90,938.10,97.10,28.70,54,8,12.80,6,6.10,4.10,2.70
1834,45027369,92640.70,18043,766.30,89.50,33,37.30,8.30,8.60,7.50,3.90,4,3.10
1833,33794376,0,90063.20,1155.20,117.90,34.80,62.70,9.80,12.60,7.10,5.80,4.50,2.80
1832,25709199,0,17175.30,944,95.20,32.80,36.60,8.60,8.40,7.60,3.70,3.90,3
1831,14594500,83293.40,0,932.80,95.40,38.60,43.20,8.70,9.60,7.60,4.30,3.90,2.90
1830,25602915,0,22139.30,1231.40,106.30,34,38.30,8.90,8.60,8.10,3.50,4.20,3.30
1829,14213700,195699.30,10164,3165.80,133.50,39,60.20,10.30,13.70,7.80,6.30,4.80,3
1828,209300000,246037.60,13503.10,870.10,91.10,28.90,42.70,8.60,10.70,6.80,5.10,4.20,2.80
1827,183946479,449612.60,26270.40,948.70,90.30,32.20,41.40,8.40,9.60,7,4.50,4,2.90
1826,168069397,236839.10,13024.20,957.80,90.20,28.30,45,7.60,11.20,6,5.50,3.80,2.50
1825,151084676,241142.50,28179.50,1595.80,114.40,40.10,54.50,10.10,12.50,8.10,5.60,4.50,3.10
1824,137561429,0,23875.10,1081.60,97.30,32,43.80,8.60,9.70,7.30,4.40,3.90,2.90
1823,121975243,215693.30,15123.30,1273.10,108.40,38.30,44.60,9.10,10.40,8,4.80,4.20,3.20
1822,109187000,0,17873.90,750.60,81.60,29.60,34.30,7.80,8.50,6.90,4,3.80,2.90
1821,14123600,50033.60,16371.10,910.50,88.60,30.50,40.60,8.40,9.60,7.40,4.50,4,3
1820,43285890,0,15175.20,1080.30,99.20,34.80,37.20,8.50,8.90,7.70,4,4.10,3.20
1819,32322607,124113.30,14503.60,1232,91.70,26.90,45.10,7.40,10.40,5.50,5.20,3.90,2.50
1818,24259190,0,10872.60,1058.20,83.70,26.40,41.60,7.70,10.50,6.10,5.10,3.90,2.70
1817,14108300,0,19866.10,651.30,76.50,28.90,23.60,6.80,6,6.90,3.20,3.40,2.90
1816,65341620.50,0,30023.90,1039,111.80,35.40,52.40,9.60,11.30,7.80,5,4.40,3
1815,53555254,0,0,993,105.70,37.50,54.90,10.40,12.30,8.20,5.40,4.60,3.20
1814,44444737,0,106738.50,787.20,103.40,32.90,45,8.20,11.20,6.60,5.60,4,2.70
1813,33048456,0,0,1139.20,108.70,38.70,53,9.70,11.20,7.80,5.10,4.30,3
1812,24863884,0,0,1227.50,119.60,40.30,44.20,9.80,9,8.50,3.80,4.30,3.30
1811,14268100,0,79331.10,1235.40,136.20,43.10,49.90,10.50,11.40,8.70,4.90,4.70,3.40
1810,83474081.80,66244.60,9953,678.10,67,24.90,32.90,7.10,7.90,6.30,3.90,3.60,2.80
1809,72694900,85082.50,0,884.80,68.10,24.20,39.80,6.70,9.80,6.10,4.80,3.40,2.70
1808,64403626,59248.60,9586.60,606.50,67.90,26.10,32.60,6.80,8.30,6.40,4.20,3.60,2.80
1807,53997370,68232.20,19136.40,1568.50,111.80,37.20,38.30,8.90,8.80,8,3.90,4.10,3.20
1806,44419556,128811.80,40140.60,1209.90,86.20,32.90,42.40,7.70,10.30,7.60,4.90,3.70,3.10
1805,32480651,0,0,1979.80,123.90,36.90,58.40,10.70,14.40,8.10,6.60,5.10,3.30
1804,24174526,233625.50,18200.70,1172.90,103,32.80,41.60,8.70,10.10,7,4.80,4.10,2.90
1803,14081100,137981.30,11726.70,1255.50,94.60,28,48.70,8.40,12.30,6.30,5.80,4.10,2.60
1802,34188089,0,12253.70,572.50,74,24.40,30.70,7.10,7.90,6,4,3.70,2.70
1801,23871600,0,6503.10,1012.70,78.20,16.60,49.10,8.10,13.10,4.70,6.50,4.20,2.20
1800,14108300,163018.80,14287.50,757.40,82.80,27.10,36.30,7.70,8.80,6.50,4.30,3.80,2.80
1799,64077706,0,12857.20,667.40,63.90,25,29.70,6.10,7.20,6,3.60,3.40,2.70
1798,56493998,0,16438.20,1001.70,105.40,28.30,50.50,9.20,12,6.80,5.50,4.40,2.90
1797,42059626,0,0,985.40,91.30,36.10,31.70,7.80,7.40,7.40,3.70,3.60,3
1796,33484744,0,57918.40,963.90,113.80,34.70,51.70,10,12.30,7.70,5.70,4.70,3.20
1795,22425451,0,95359.90,1339.70,116.90,39.80,47.30,9.80,10.80,8.50,4.80,4.50,3.30
1794,14128700,0,19227.20,781.10,70.70,26.10,28.40,7,7.40,6.20,3.70,3.50,2.70
1793,177033699.20,53642.70,13432.70,1065,72.30,23.10,47.50,7.70,12.10,5.70,5.90,4,2.60
1792,161692181,110304.60,10502.90,949.70,74.50,22.50,43.90,7.40,10.60,5.70,5.10,3.80,2.60
1791,140419087,321840.60,13676.20,867.70,77.70,27.70,42.60,7.80,11.10,6.30,5.60,3.90,2.70
1790,128577965,760055.80,19737.50,1084.80,124.10,40.40,46.20,9.20,9.70,7.80,4.40,4.10,2.90
1789,114433995,185970.10,10866,990.50,82.20,24.20,43.20,7.70,11.20,5.80,5.80,4,2.50
1788,103665143,233762.30,13658.50,1309,115.90,38,54.70,10,12.80,8.30,5.50,4.60,3.30
1787,91973310,84935.20,14888,843.10,78.50,27.50,38.30,8,9.30,6.50,4.30,4,2.80
1786,82255604,109852.40,32092.90,799.60,105,34.40,33.80,7.70,8.20,7.20,3.70,3.80,3.10
1785,71368025,0,33209.50,1349.20,119.50,31,58.80,10.30,13.70,6.70,6.50,4.90,2.70
1784,63622199,297406.10,19859.60,1082.50,78.60,28.60,48.90,7.20,11.40,6.50,5.60,3.70,2.80
1783,52767199,196845.10,10223.50,1194.10,74.80,23.10,48.30,7.40,11.90,5.80,5.70,3.80,2.60
1782,44214819,258088.60,20106.50,1073.60,98,23.60,49.40,9.20,12.80,5.60,6,4.70,2.60
1781,32964079,377211.50,17632.10,1017,105.10,36.30,43.70,9.70,9.70,8.50,4.10,4.50,3.40
1780,24975215,162376.90,18975,1182,88.50,33.70,50.40,8.60,12,7.80,5.40,4.10,3.20
1779,14263000,88658.30,11840.50,832.70,89.20,27.60,38.20,7.60,9.10,6.40,4.40,3.70,2.70
1778,135824926,67914.50,9523.60,611.60,60.30,17.50,33.50,6.50,9.40,5,4.90,3.60,2.40
1777,120099439,90102.30,14740.80,998.10,99.90,30.10,49.90,8.50,11.90,6.90,5.50,4.20,2.90
1776,108576000,0,11614.80,957.60,81.10,24.20,45.70,7.40,11.30,5.60,5.60,3.70,2.50
1775,54491831,101410.90,0,1181.10,101.60,36.80,40.20,9,8.90,8.10,3.90,4,3.20
1774,45909304,167294.50,9022.90,676.50,89.40,32.50,27.20,8,6.60,7.60,3,3.90,3.20
1773,34996870,0,113535.90,1410.30,107.30,31.60,56.90,9.80,13.20,7.60,6.30,4.80,3.10
1772,26624239,0,24874.60,1684.30,95.20,24.70,49.70,8.30,12.50,5.80,5.90,4.10,2.50
1771,14332700,358025.50,13946,2004.80,134.40,43.90,53.20,10.90,11.50,9.20,4.80,4.80,3.60
1770,125920031,183257.40,24474.40,970.20,96.10,35.40,49.20,8.70,11.50,7.80,5.20,4,3.10
1769,111706402,0,11753.10,732.10,73.10,23.80,28.10,6.20,7.40,5.50,3.80,3.20,2.50
1768,100932446,131584.90,10983.40,997.80,76.80,25.90,34.50,7.20,8.80,6.10,4.30,3.70,2.70
1767,88587174,0,115065.60,942.90,99.80,33.90,47.40,8.90,11.20,7.20,5.30,4.10,2.80
1766,80134912,0,18128.30,1411.60,91.10,33.70,46.10,8,11.10,7.30,5.20,3.70,2.90
1765,70030320,48831.70,5370.70,568.70,45.30,13.80,34.20,5.20,10,4.10,5.30,3.10,2.10
1764,62021629,129844.10,24277.30,1303.70,105,29.60,54.40,9.30,12.50,6.50,6,4.40,2.70
1763,52082902,0,0,1027.50,117.10,37.40,49.60,10,11.60,8,5.10,4.50,3
1762,43386309,116187.50,18103.20,1025.20,73.80,25.20,44.40,7.60,10.80,5.40,5.30,4,2.50
1761,32811078,0,10910.60,1034.20,89.60,26.80,52.50,8.50,12.40,6.50,6,4.20,2.70
1760,24543900,142237.30,7123.50,970.70,70,22.50,44.50,6.80,11.10,5.50,5.60,3.60,2.40
1759,14336100,0,77759.40,997.40,96.90,37.70,36.40,8.60,7.80,7.30,3.60,3.90,2.90
1758,24145749.70,107972.80,10094,582.20,64.20,24.70,31.10,6.90,7.70,6.20,3.80,3.70,2.80
1757,14312300,105136,0,302.10,67.10,25.30,15.60,6,6.10,5.90,4,3.40,2.70
1756,44158558,0,39604,881.10,80.10,28.20,45.50,7.80,10.70,7.30,4.90,3.90,3.10
1755,32439060,0,0,1413.10,126.20,43.70,57.60,10.20,12.60,9.20,5.40,4.40,3.50
1754,24485102,151337.90,13263.80,918,81.90,24.60,46.50,7.50,11.50,5.60,5.70,3.90,2.50
1753,14392200,167728.20,11200.20,718.20,74.10,23.70,39.20,7.20,9.80,6,4.80,3.70,2.60
1752,33078306.60,78213.30,7834.10,759.10,74.20,22.70,41.80,7.90,11.10,5.70,5.80,4.10,2.50
1751,22493319,0,0,1197,116.90,35.30,48.50,9.40,10.30,7.70,4.40,4.10,2.90
1750,14422800,0,21366.20,1331,99.30,24.60,46.20,8.10,11.90,5.70,5.90,4.10,2.50
1749,180756232,100139.30,12482.20,1060.30,95.70,34.70,42.10,8.90,8.80,8,3.80,4.10,3.20
1748,165658649,60847.60,4524.80,838,37.30,13.20,37.20,5.10,10.30,4.30,5.30,3.20,2.20
1747,148984360,133173.20,25937.30,1182.20,111.60,32.60,55.10,10.10,12.40,6.70,5.70,4.70,2.70
1746,136146674,77616.40,9547.50,642,64.80,20.60,33,6.60,9,5.60,4.50,3.60,2.60
1745,121156630,0,13742.60,764.30,83.40,31.30,35.30,7.90,8.40,7.30,3.90,3.70,3
1744,110474000,95775.80,40291.90,794.30,88.10,29.50,31.90,7.80,7.50,6.90,3.60,3.80,2.90
1743,59838166,196646.70,13131.30,1101.10,81.50,27.10,34.60,6.60,9.30,6,4.90,3.20,2.60
1742,52171704,246725.90,0,1238.60,79.90,31.90,40.10,6.50,10,6.60,4.80,3.20,2.80
1741,40682863,178725.70,6961.80,1734.70,93.40,38.30,52,9.30,11.50,8.60,5.10,4.20,3.40
1740,32523165,226335,17632.70,1136.30,75.50,25.60,36.50,6.70,9.10,5.80,4.60,3.40,2.50
1739,22076027,0,14740.40,695.60,94.60,34.10,35.30,7.60,7.70,7.10,3.60,3.40,2.80
1738,14562200,217237.10,0,1265.10,133.30,39,61,10.90,14.60,8.20,6.50,5.10,3.20
1737,41933803,71196.30,11885.50,602.60,55.70,20.80,29.60,6.10,7.50,5.50,3.60,3.20,2.60
1736,33335763,0,16848.60,1749.30,92.20,28.70,49.40,8.50,11.80,6.10,5.80,4.10,2.50
1735,22751465,0,0,1154.10,129,41.20,56.10,11.20,12.20,9,5.30,4.80,3.30
1734,14597900,145757.50,12774.70,1326.30,71.80,27,39.50,6.70,10,6,5,3.30,2.70
1733,142605492,79104.90,11377.30,677.40,61.20,20,35.60,6.70,9.30,5.50,4.70,3.60,2.50
1732,130290236,393914.60,16738.90,1246.70,107,35,46.10,9.40,9.90,7.80,4.30,4.30,3.10
1731,115318610,135311.60,15812.20,1158.80,90.70,27.90,43.60,8,10.40,6.10,5,3.90,2.60
1730,104634780,665785.10,14145.90,1242.70,97.20,32,47.30,8.30,11.60,7.10,5.10,4.30,3.10
1729,90926180,0,21641.60,766,103.30,31.70,34.20,8.60,7.20,7.70,3,3.90,3.10
1728,81652272,0,15611.60,1051.30,84.60,28.90,40.60,7.50,10,6.10,4.80,3.70,2.50
1727,71095344,0,100313.50,1096.10,94.30,29.30,44.60,7.50,10.10,6,4.90,3.70,2.50
1726,63133397,254777.10,9160.80,904.70,86.40,28.10,47.40,8.10,11.30,6.40,5.40,4,2.70
1725,52991752,0,0,1041,113.30,38.20,38.20,9,8.10,7.70,3.50,4,3
1724,44637566,0,18578.80,1446.70,108.70,36.80,59.50,10.40,13.70,7.80,6.10,4.80,2.90
1723,33474458,69196.50,16172.30,662.80,55,20.50,35,5.70,9,5.40,4.60,3.10,2.50
1722,25257322,0,3672.40,865.60,48.10,14.80,48.90,6.30,12.60,4.80,6.10,3.50,2.30
1721,14531600,0,12548.30,1019.60,66.60,22.90,36.80,6.70,9.20,5.50,4.60,3.40,2.50
1720,111228000,300190.10,19134.30,1394.80,114.60,39.40,46.20,9.30,11.10,8.30,5.10,4.10,3.20
1719,62319725,202467.80,23660,1473.90,96.70,30.40,55.90,8.90,12.90,6.60,6.10,4.30,2.70
1718,54258756,0,13097.60,764.90,68.90,26.90,27.80,6.30,6.60,5.80,3.40,3.20,2.50
1717,42534485,0,12151,779.20,65.40,24,27.60,6.40,6.90,5.90,3.50,3.20,2.60
1716,33832786,117360.20,12190.60,589.20,62.80,24.70,29.30,5.90,7.70,5.70,4.20,3.20,2.50
1715,22668447,0,7834.70,659.50,42.60,14.20,27.90,4.90,8.40,4.40,4.50,2.90,2.30
1714,14529900,0,113042.90,1389.60,123.10,37,55.90,10.30,13,7.10,6,4.80,2.70
1713,62959762,0,0,672,99.90,35.40,27.80,8.20,6.50,7.50,2.80,3.80,3.10
1712,54947313,0,8905.40,667.70,59.40,19.70,37.10,5.90,10.20,4.90,5.20,3.30,2.30
1711,42755567,190536.80,0,815.90,92.90,30.10,33.80,7.80,7.60,6.60,3.60,3.60,2.60
1710,34071155,0,0,1804.20,105.20,35.80,55.20,9.40,12.80,7.20,5.80,4.40,2.80
1709,22793244,177604.90,13836.40,861.90,68.10,22.10,37.90,6.60,9.80,5.30,4.90,3.60,2.50
1708,14535000,119808.90,16000.70,375.10,55.60,18.40,23.80,5.80,6.50,5.10,3.50,3.20,2.50
1707,61708231,57185.10,6682.50,551.70,43.60,17.50,29.10,5,8.60,5,4.70,3,2.40
1706,111176000,102206.20,26873.10,1312.90,95.70,30.20,51.60,8.80,12.40,6.70,5.70,4.20,2.80
1705,14548600,0,0,1328.90,97.70,28.60,50.80,8.50,12.10,7,5.90,4.10,2.80
1704,14596200,149242.50,0,1207.10,116.50,36.30,52.30,9.30,12.30,7.70,5.70,4.20,2.90
1703,75779937,138132.20,4402.30,1005.50,64.70,20,48.80,7.50,12.30,5.60,5.90,3.90,2.50
1702,67303737,195251.20,13690,1040,116.50,34.60,57.90,9.80,12.70,7.60,5.80,4.30,2.90
1701,55675221,0,12654.90,1452.20,88.80,28.50,42.70,7.70,9.70,6.40,4.70,3.60,2.60
1700,46379442,0,16078.90,594.10,86.20,28,34.10,7.40,7.20,6.30,3.60,3.50,2.60
1699,34818330,0,0,4010.20,109.70,28.80,57,9.40,12.80,6.20,6.10,4.50,2.40
1698,26478414,164770.80,23105.70,946.90,106.50,37.80,41.60,9,9,7.60,4.10,3.90,2.90
1697,14761100,0,0,22598.60,99.60,34.40,60.70,8.90,13.80,7.10,6.40,4.10,2.80
1696,48293103,77146,25242.40,727.90,103.70,30.90,49.50,8.90,12.90,7,5.90,4.40,2.80
1695,34944314,0,0,1992.10,120.40,33.10,55.10,9.90,13.10,7.60,6,4.50,2.90
1694,26077370,0,21953,976.80,91.40,35.20,38,8.70,8.60,7.50,3.70,3.90,3
1693,14613200,378148.80,44189.80,1310.80,114.20,34.20,65.90,10.30,14.80,7.70,6.70,4.90,3.10
1692,206064000,1191020.20,18674.20,1045.60,114.50,36.40,48.30,9.70,10.60,8.10,4.60,4.50,3.20
1691,187781097,100913.60,11792.50,667.80,71.30,24,31.70,6.90,7.90,5.90,3.80,3.50,2.60
1690,171360000,183484.40,14294.40,1381.70,91.70,27.80,50.80,8.50,12,6.50,5.70,4.10,2.70
1689,71962515,98820.30,15397.30,639.40,62.60,23.50,37.30,6,9.70,6,4.70,3.10,2.60
1688,64035895,0,14104.80,901.10,91.90,29.40,43.20,8.40,9.70,6.90,4.30,3.90,2.80
1687,53979641,0,0,1017.10,107.40,35.80,49.40,8.90,11.80,7.80,4.80,3.90,3
1686,45465075,114932.80,0,1014.10,95.40,35.80,35,8.40,7.80,7.70,3.40,3.80,3.10
1685,33793154,0,0,766,88.70,32.30,37.20,7.90,7.80,7.20,3.40,3.50,2.80
1684,25756383,0,9885.50,1184.20,79.20,23.40,47.50,7.70,12.20,5.80,5.80,3.80,2.50
1683,14805300,0,0,760,75.70,22.50,42.80,7.20,10.20,5.40,4.90,3.60,2.30
1682,27069201,84616.60,29664.40,697.30,82.70,31,32.50,7.90,8,7,3.70,3.80,2.90
1681,14812100,0,0,1081.90,72.50,22.10,37.30,6.60,9.80,5.30,4.70,3.60,2.40
1680,14832500,220132.50,0,1281.90,112.60,39.20,44.80,9.80,9.40,8.40,3.90,4.20,3.20
1679,22890578,343025.90,11452.90,609,75.60,27.60,34.10,7.60,8.70,6.40,4.10,3.80,2.80
1678,14822300,0,79151.80,990.70,98.20,32.40,46.20,8.50,10.50,7.10,4.80,4,2.90
1677,58485999,94191.80,7338,1054.90,69.70,24.60,36.60,6.30,10,5.70,4.90,3.40,2.70
1676,49110551,619718.80,12069.80,1409.80,111.10,38,48.40,9.20,10.80,7.90,4.80,4.10,3
1675,34588543,364133.50,14184,716.40,85,29.40,33,7.70,7.80,6.70,3.70,3.70,2.90
1674,26109833,486876.70,22758.20,908.70,104.70,36,42.90,8.80,9.70,7.50,4.40,4.10,3
1673,14752600,84535,9878.60,1025.60,89,31.50,38.10,7.20,9.70,6.60,4.60,3.50,2.70
1672,112723000,53969.70,8072.70,427.60,50.40,19.40,21.50,5.20,6.10,5,3.30,2.90,2.40
1671,34891934,57995.80,5809.10,337.70,46.20,17.40,18.60,5,5.40,4.90,2.90,2.80,2.40
1670,26145484,0,0,921.50,92.40,32.70,31,7.70,6.50,6.80,3.10,3.40,2.60
1669,14657400,0,0,1049.90,98.20,35.70,38.80,8.30,8.60,7.70,3.80,3.70,2.90
1668,23631994.90,185147.10,16226.90,1555.10,102.30,33.50,49.20,8.70,11.50,6.80,5.40,4,2.70
1667,34196431,0,0,1209.20,106.30,34.70,48.20,9.20,11.10,7.40,5,4.20,2.90
1666,25673828,0,21227.40,918.30,78.10,29.20,38.10,6.40,9.60,6,4.80,3.20,2.60
1665,14526500,115924.20,9031.10,1205.50,126,32.70,60.90,10.50,14.10,6.70,6.60,4.90,2.60
1664,93555381,0,21348.80,1369,117.60,39.10,52.50,9,10.70,8.20,4.70,3.90,3.10
1663,81076005,0,16774.10,847.20,93.40,30.60,45.20,8.40,10.80,6.70,5.10,4,2.80
1662,72007686,182576.60,21335.50,1077.60,97.10,33.30,47.60,8.50,10.60,7.10,4.90,4.10,2.90
1661,60733663,57629.40,0,839,66.90,24.70,38.80,7.10,9.90,6.40,4.60,3.50,2.80
1660,52979607,100771.40,29439.90,1078.80,104.90,34.40,57.60,9.40,13.60,7.10,6.40,4.30,2.80
1659,41619162,83431.90,0,1429,99.80,29.20,42.60,8.20,10.60,5.90,5.10,3.90,2.50
1658,33701388,0,14425.50,533,65.30,23,24.30,5.80,6.40,5.40,3.20,3,2.40
1657,22733867,170538.50,0,1079.50,103.90,34.40,42.30,8.90,8.80,7.70,3.80,3.80,2.90
1656,14688000,111557.90,11587.90,1160.10,94,32.40,48.50,9,11.20,7.50,4.90,4.20,3
1655,62072865,0,31114.20,570,89.70,32.70,44.20,8.60,10.50,7.10,4.50,4.10,3
1654,53782090,0,76613.60,1446.60,110.20,34,44.30,9.10,9.30,7.70,4.10,4,2.90
1653,41977767,71353.60,5558.80,1082.10,70.10,15.10,39.10,6.60,11,3.90,5.60,3.70,2.10
1652,33716628,0,25689.50,1391.50,99.40,33.70,45.20,9,10.30,7.70,4.60,3.80,2.90
1651,22669005,168994.40,13165.50,946.30,111.60,33.50,45.20,9.60,10.70,7.40,4.80,4.30,2.90
1650,14587700,216941.90,16900.90,1128,89.30,32,43.50,7.80,10,7.40,4.70,3.60,2.90
1649,31131648.90,0,0,686,95.60,31.10,34.50,8.20,8.10,6.70,3.80,3.90,2.80
1648,54578549,0,19419,725.80,72.10,23.40,28.60,6.40,7.30,5.30,3.70,3.30,2.40
1647,42683435,189869.30,8875.10,476.60,70.80,23.40,19.60,6.60,6.20,5.90,3.50,3.50,2.70
1646,33841817,155321,0,1094.20,96.70,31.40,46.20,8.30,10.70,6.70,5,3.90,2.70
1645,22677891,170141.90,13254.90,750.60,59.80,20.50,30.10,6,7.40,5.10,4.10,3.20,2.40
1644,14575800,223102.70,0,1412.20,96.10,26.40,50.90,8.70,12.60,6,6.10,4.40,2.50
1643,55013819,0,0,987.40,63,23.70,37.70,6.50,9.40,6.10,4.60,3.30,2.70
1642,45828914,0,0,5042.50,91.20,29.60,49.20,8.40,11.90,6.90,5.50,4.10,2.80
1641,34278403,183448.70,21437.50,1112.80,114.10,36.40,45.70,8.80,10.50,7.90,4.80,3.90,3
1640,25664210,0,98397.10,1290.20,130.60,38.20,61.30,10.90,14.10,8,6.60,5.10,3
1639,14642100,0,7753.30,1857.60,92.10,25.80,43.90,8.50,10.80,6.40,5.10,4,2.60
1638,111709000,119826.50,10317.70,1420,78.50,20.70,50.40,8,12.20,5.30,5.90,4.10,2.40
1637,75373366,80349.40,18778.90,1169.80,106.80,37.70,40,9,8.40,7.50,3.60,4,2.90
1636,67468716,0,39668.80,1195.70,93.10,33.20,47.30,8.50,10.30,7.20,4.40,4,2.90
1635,56740038,126064.60,12627.10,724.50,71.40,20.60,38.90,6.80,9.70,5.20,4.70,3.50,2.40
1634,47431501,161903.70,11351.80,803.50,76.20,28,31.70,7.70,8,7.10,3.60,3.90,3
1633,35570682,0,11872.90,1078.60,77,25.70,40.30,6.80,10,5.50,4.90,3.50,2.40
1632,26606452,0,13446.40,930.70,91.30,31.70,35.70,7.40,7.60,6.20,3.60,3.40,2.40
1631,14788300,0,85311.30,599.20,54.40,23.30,23.80,5.30,6.60,5.50,3.60,2.90,2.50
1630,46209384.50,0,18651.30,757.70,75.80,28.30,25.10,6.80,5.80,6.50,2.70,3.30,2.70
1629,124819178,254848.50,19854.10,1374.20,90,34.50,42.30,7.60,10.30,7.20,4.80,3.60,3
1628,113251141,0,10547.20,938.60,70.90,19.20,43.90,6.80,10.70,4.60,5.30,3.50,2.10
1627,100207415,0,21441.60,834.80,94.90,26.90,37.80,8.10,11.50,5.90,5.20,4.30,2.60
1626,89830507,201986.90,10894,588.10,63.50,21.90,24.20,6.20,6.30,5.50,3.20,3.20,2.40
1625,76233786,98100.40,15285.10,772,81.50,23.20,51.30,7.40,11.70,5.10,5.80,3.80,2.20
1624,67887691,254250.40,16977.80,1233.90,78.60,30.20,43.80,7.40,10,6.70,4.40,3.50,2.80
1623,56485517,0,8148.90,769.10,59.10,18.50,32.90,6.10,9,4.80,4.60,3.30,2.20
1622,47438874,0,17832,1009.80,92.40,28.60,39.50,8.20,11.70,6.60,5.40,4.20,2.60
1621,35463718,0,16024.60,1559.70,96.70,30.70,36,7.80,7.70,6.80,3.40,3.60,2.70
1620,26659604,235280.80,36659.30,1268.70,93.30,31.20,44,8.30,10.50,6.80,4.90,4,2.80
1619,14954900,338302.30,19766.70,1296.10,95.90,32,61.50,9.30,14.60,7.30,6.60,4.30,3
1618,58372984,83374,16702.10,1071,77.60,26.20,41.40,7.90,10.20,6,4.90,3.80,2.50
1617,45645985,0,14109,941.70,68.30,26.10,37.70,6.40,9.30,6,4.40,3.20,2.60
1616,35918139,70515.10,11536.30,1159.10,89.30,27,49.60,8.20,11.60,6.50,5.40,4,2.70
1615,23965886,0,13567.50,939.10,98.90,26.90,55.40,9.10,13.50,6,6.30,4.50,2.50
1614,15045000,119453.50,0,993.80,103.30,34.10,36,8.60,8.10,7.60,3.40,3.90,3
1613,129396973,121728.40,12931.70,852,76.50,28.30,38.60,7.50,9.20,6.10,4.60,3.60,2.50
1612,114855000,97756.90,8940.20,902,74.90,21,45,7.70,11.50,5.10,5.50,3.90,2.30
1611,14937900,0,7895.60,848,86.70,29.90,41,7.80,9.90,6.20,4.70,3.80,2.70
1610,90371760,293182.70,12458.40,656.70,60.70,21,42.80,6.70,9.90,5.80,4.60,3.50,2.60
1609,77415556,0,30494.80,770.10,88.80,31.40,34.70,7.90,7.80,7,3.30,3.60,2.80
1608,69376023,252591.30,11806.90,967.70,74,23.60,37,7.10,8.80,5.40,4.30,3.60,2.40
1607,55753429,96709.50,0,1340.90,84.90,33.60,50.80,8.30,11.60,7.50,5,3.80,3
1606,45930816,0,6527.90,416.40,55.30,22.50,21.10,6.20,6.70,5.90,3.30,3.10,2.60
1605,33306456,69764.40,0,1336.40,104.60,33,38.90,8.50,8.40,7.20,3.50,3.80,2.80
1604,24084384,125858.60,6863.50,661.10,72.70,21.70,35,7.10,8.80,5.70,4.20,3.50,2.40
1603,58309892,0,0,274.70,51.50,21.60,13.50,4.90,3.90,5.10,2.30,2.70,2.30
1602,47780702,123321.40,8868.30,1088.10,82.90,18.70,46.40,8.10,12.20,4.50,6,4.10,2.10
1601,35443812,177789.10,20776.10,761.30,96.10,32.90,38.30,8.10,9.30,7.30,4.50,3.80,3
1600,26337501,111574,13038.30,902.40,82.40,27.90,38.30,7.10,9,5.80,4.30,3.40,2.50
1599,14953200,53816.90,0,783.50,104.30,33.40,38.90,8.40,8.50,7.20,3.70,3.80,2.80
1598,60965285,0,12076.40,626.90,67.80,20,34.30,6.40,8.80,5,4.30,3.30,2.30
1597,45400661,0,95515.40,1006.40,94,28.70,41.10,8.20,9.60,6.70,4.60,3.80,2.70
1596,35309699,0,0,6536.30,112.20,32.70,49.20,9.70,12.80,7.20,5.90,4.50,2.80
1595,23803034,176452.90,16495.90,1223.30,118.30,38.90,54.20,9.60,11,7.80,4.80,4.10,2.90
1594,15080700,114552.90,15298.80,741.20,106.80,32.10,44.30,8.60,10.70,6.90,4.60,4.10,2.80
1593,23875805,0,0,745.20,84.80,32.10,34.20,7.40,7.80,6.90,3.30,3.50,2.90
1592,14999100,242568.70,11338.40,1038.70,80.70,26.50,37.20,6.70,9.50,5.60,4.60,3.40,2.40
1591,45082941,55086,10013.50,539.80,48,17.40,28.50,5.20,8,4.70,4.30,2.90,2.30
1590,35395096,239849.70,0,634.90,79.40,30.50,27.70,7,6.60,6.80,3.30,3.40,2.80
1589,23268384,91688.80,5042.10,1160.80,63,13.20,48.60,7.10,12.90,4.10,6.40,4,2.10
1588,14614900,242138.50,18863.90,1007.20,111.20,33.60,48.20,9.10,11.20,7.70,4.90,4.20,3
1587,123320251,112168.30,0,669.30,83.30,23.90,45.70,7.50,11.40,5.50,5.60,3.80,2.40
1586,111540000,838125.50,15067.90,984,100.10,30,46.50,8.60,10.90,7,5.10,4.20,2.90
1585,75920333,434567.20,0,1318.10,105.50,30.80,58.60,9.20,13.30,7,6.20,4.40,2.80
1584,67132541,133649.90,12494.40,997.80,88.20,31.50,38.10,8.20,8.80,7,4,3.90,2.90
1583,56748589,0,0,1340.30,98.10,31.30,43,7.60,9.60,6.30,4.50,3.50,2.50
1582,47550303,167274.40,10662.20,1107,102.20,29,49.90,9.10,11.70,6.50,5.40,4.20,2.60
1581,35479091,121743.90,0,1063.50,82.30,18.80,44,7.70,11.30,4.70,5.60,4.10,2.20
1580,26494350,154870.70,13573.40,966.30,81.50,29.20,40.90,7.30,9.70,6,4.90,3.50,2.50
1579,14856300,115923.80,27093.30,1687.70,103.40,31.20,50.30,8.60,10.40,6.90,4.80,3.80,2.60
1578,140883229,387318.30,18104.50,1105.70,94.40,34.10,51.30,8.30,11.30,7.60,5,3.80,3
1577,122547643,257850,15065.90,1501.60,110.40,35.70,54.20,9.90,11.30,7.50,5.10,4.50,3
1576,111894067,0,9462.30,645.90,37.40,8.60,46.70,7.90,11.70,5.30,5.60,4.10,2.50
1575,100076816,244791.70,22884.70,1113.70,102.10,31.70,49.30,9.20,11,6.90,5,4.20,2.80
1574,90544468,292110.90,12412.90,1215.10,94.50,31.20,47.80,8.90,11,7,4.90,4.10,2.80
1573,78341770,102375.70,19141.50,961.60,92.20,27.10,42.30,7.40,9.50,5.70,4.70,3.50,2.40
1572,69613418,0,30162,799.50,101.20,34.10,33.30,8.50,6.70,7.70,2.70,3.70,2.90
1571,59380835,0,17930.70,1034.20,75.90,23.10,41.50,7.40,10.20,6.10,4.70,3.80,2.70
1570,49259271,0,16372.30,1274.80,107.70,34.90,53.30,10.10,11.50,7.30,5.30,4.60,2.70
1569,36121026,0,10516.90,770.70,85.70,25.60,44.90,7.60,11,6,5.40,3.70,2.50
1568,27036551,119917.80,14013.30,997.60,68.50,19.90,48.20,7.10,11.80,5,5.70,3.70,2.30
1567,15232000,81492.10,0,847.40,88.60,28.30,44.40,7.70,10,6.10,4.50,3.60,2.60
1566,171815297.80,93099.60,24867.30,695.10,81.60,28.80,33.70,7.40,8,6.60,3.70,3.50,2.70
1565,152925599,82017.10,12198.30,1019.30,77,23.80,45.90,7.40,11.30,5.70,5.50,3.70,2.50
1564,140833357,120098.50,24059.10,1380.40,86.20,30.50,50.80,8,11.30,7,5,3.80,2.90
1563,124482154,284724,0,1337.20,105.30,31.20,47.60,9,12.20,6.40,5.60,4.20,2.60
1562,112723000,112345.20,16708.90,806.30,68.10,22.80,28.90,6.60,6.80,5.50,3.40,3.30,2.40
1561,14626800,45051,0,690.40,52.70,19.20,33.40,5.40,8.90,5,4.50,3,2.40
1560,110978200.90,130074.90,8941.30,1183.60,71,22.50,44.20,6.50,10.90,5.20,5.40,3.40,2.30
1559,97113219,80257.70,6252.50,796.70,42.80,17.20,29.90,5.50,8.40,4.80,4.70,3.30,2.30
1558,86284946,100610.50,15676.20,1220.60,106.30,26.90,54.80,9.20,13.50,6,6.40,4.50,2.50
1557,73999475,0,111262.40,1492,87.80,34.50,55.50,8.60,12.20,7.70,5.30,4,3.20
1556,66099798,66729.80,11342.40,670,65.50,25.20,25.90,6,6.90,5.60,3.70,3.20,2.50
1555,55133982,0,11425.20,889.60,76.20,28.70,43.20,7.30,10.60,7.10,4.90,3.50,3
1554,46494644,0,23917.30,1128.70,88,26.60,45.10,8.50,11.10,6.60,5.30,4.20,2.80
1553,34583514,0,18010.50,1274.90,93.40,30.20,40.20,7.50,9.80,6.10,4.80,3.60,2.50
1552,25623593,0,22916.10,829.90,110.60,33.80,51.70,9,12.40,6.90,5.70,4.30,2.80
1551,14220500,92579.70,0,962.70,79.50,26.80,42.50,7.50,11.50,6.50,5.60,4,2.80
1550,35051148,0,13661.60,736.40,79.60,31.30,29.40,7.40,7.90,7.40,3.70,3.90,3.10
1549,23142411,78618.90,5742,665.40,51.70,15.40,27.50,5.60,8,4.40,4.50,3.30,2.20
1548,14482300,0,79242.50,1315,99.50,31.10,47.60,8.80,11.10,7,5.40,4.20,2.90
1547,195707000,0,20983.70,975.50,94.30,28.50,48.20,8.50,11.80,6.50,5.60,4.10,2.70
1546,195546000,1476431.50,20188.80,822.70,72,24.30,41.10,7.70,10.90,6.50,5.30,4.10,3
1545,194189000,3665079.10,25058.20,1660.60,109.40,35.70,52.60,9.80,12.10,7.70,5.60,4.60,3.10
1544,194810000,1077924.50,14797.50,973,103,34.90,43.20,9.60,10,8.30,4.30,4.50,3.40
1543,185077898,102040.20,31798,974.10,83,27.90,38,7.50,8.70,6.50,4.10,3.60,2.70
1542,169466829,218724.70,11359.90,796.10,84.60,26.50,50.40,8.10,11.80,6.40,5.70,4.10,2.70
1541,152102048,125966.80,0,1432.80,103.50,36.10,53.30,9.80,11.40,7.90,4.90,4.50,3.10
1540,138565344,374760.90,19463.90,992,79.50,23.80,46.40,7.40,11.90,5.80,5.80,3.90,2.50
1539,123428111,0,16859.90,1105.50,84.20,27.60,47.50,8.60,11.50,6.90,5.30,4.20,2.80
1538,111761000,0,10915.80,903.10,84.70,30.80,37.10,7.40,9.20,6.30,4.40,3.50,2.60
1537,14824000,83291.50,9733.30,1154.90,89.50,28.20,42.50,8,10.40,6.20,4.90,3.70,2.60
1536,54957242.50,0,29738.70,1277.60,105.60,28.50,57.50,9.60,14,7.40,6.40,4.50,2.90
1535,42921837,74857,7289.70,579.70,57.10,23.60,25,6.40,7.20,5.90,3.70,3.40,2.60
1534,34490264,243620,0,1542.10,116,33.40,52.20,8.90,12.30,7,5.70,4.10,2.80
1533,22894587,88335,0,494.60,68.60,29.80,24.60,6.40,5.80,6.40,3.30,3.20,2.70
1532,14456800,113120.80,11750.30,803.40,82.30,31.70,32.80,7.50,7.50,7.30,3.50,3.60,3
1531,43463036,0,28586.10,785.60,90.90,27.70,40.70,8,10,6.20,4.90,3.80,2.50
1530,34161724,165376.40,19325.60,708.10,88.80,31.90,34.40,7.70,7.60,6.60,3.60,3.60,2.70
1529,22703208,0,0,1377.10,107.80,38.70,47.60,8.80,10.80,7.60,4.90,4,3
1528,14463600,0,16299.20,712.50,97.60,30.10,36.10,8,8.40,6.50,4,3.80,2.70
1527,184262899.10,0,18492.70,892.40,76,26.30,34.70,7.40,7.70,6.20,3.50,3.60,2.60
1526,167246203,186995.70,13657.40,764.70,74.10,24.50,39,7,10,5.80,4.90,3.70,2.60
1525,146807728,0,0,1040.10,100.90,36.10,38.70,8.60,8.70,7.60,4,3.90,3
1524,133283578,0,22540.70,842.50,105.80,34.40,30.60,8.30,6.30,7.50,2.90,3.80,3
1523,117647597,0,27604.30,1194.10,99.30,33.50,49.40,8.90,11.60,7.20,5.40,4.10,2.80
1522,105610620,139419.20,18102.50,906.10,94.20,30.70,43.10,8.40,10,6.80,4.70,4,2.80
1521,91127452,243014.10,22718.50,786.20,84.60,25.40,42.60,8.10,11.10,6,5.50,4.20,2.70
1520,82217272,585591.30,17107.70,947.30,84.60,33.20,43.50,8.20,11,7.80,5.20,4,3.30
1519,72305405,0,25323.50,1660.50,123.60,40.10,55,10.40,12.60,8.10,5.60,4.60,3.10
1518,64389965,0,0,1162.20,119.30,37.10,53.10,10.10,12.50,7.70,5.60,4.50,3
1517,54201384,99703.70,11651.10,691.20,64.80,24,36,6.40,9.50,5.90,4.90,3.40,2.70
1516,45807063,264913.80,13758.80,1042.40,87.70,25.30,46.70,8.30,11.40,6,5.50,4.10,2.60
1515,34147332,71823.30,11990.20,1537.80,93.50,30,49.80,8.70,10.80,6.90,5.20,4.10,2.80
1514,25518127,0,7931.60,1235.20,66,19.70,47.50,7,12,5.20,6,3.70,2.40
1513,14152500,112798.10,6590.60,1119.70,72.10,20.60,44.50,7,11.20,5.20,5.80,3.70,2.40
1512,22498627,0,29365.60,892.30,95.40,26.60,48.30,8.40,12.20,5.80,5.90,4.10,2.50
1511,33625791,0,56878.80,308.60,47,19.70,19.30,5.50,5.90,5.20,3.30,3.20,2.50
1510,25219181,0,11316.90,704.90,78.90,27.70,27.30,6.70,7,6,3.70,3.30,2.60
1509,14154200,0,5150.40,557.90,57.30,20.40,30.20,6.10,8.10,5.50,4.20,3.40,2.60
1508,64890075,293569.20,0,1473.80,130.10,39.30,68.20,11.50,14.90,8.10,6.90,5.40,3.10
1507,55075675,80878,8592,639.90,75,26.90,32.90,7.50,8,6.90,3.80,3.70,3
1506,46332113,0,20226.40,969.20,65,23.10,35.70,6.60,8.90,5.70,4.60,3.50,2.60
1505,34210472,134762.50,0,382.20,67.80,27,21.20,6.60,5.70,6.30,2.90,3.40,2.80
1504,25336094,0,23619.40,1186.50,127.10,36,53,10.30,12.80,8.10,5.80,4.90,3.30
1503,14281700,0,9237.90,1177.10,102.80,25.40,51.50,9,13.20,6.40,6.40,4.40,2.70
1502,25905357,174991.30,17527.80,1158,94.30,30.40,45.70,8.40,10.40,7.20,4.90,4,2.90
1501,14339500,125085.70,0,1437.70,101.60,35.90,53,10.10,12.50,8.30,5.40,4.50,3.30
1500,109915000,108811.40,20807.10,858.90,99.10,34.80,32,8.50,7.10,7.80,3.20,4,3.20
1499,52442757,221273.10,0,1110.80,113.20,36.80,43.50,9.50,10,8.20,4.40,4.30,3.20
1498,42779117,283621.80,16571.70,1588.20,104.40,33.90,60.30,9.20,13.80,7.60,6.60,4.30,3
1497,30632619,200160,18712.20,1457.10,103,33.40,47.40,8.90,10.70,7.80,4.80,4.10,3.10
1496,21857937,335319.90,16793.50,1241.20,111.60,34.50,58.30,9.80,12.80,7.90,5.80,4.50,3.10
1495,56246458,63630.70,8007.70,405.30,47.50,17.50,22.90,5.30,7.10,5,3.90,3.20,2.60
1494,46600782,80682.70,11999.80,1245.80,98.30,27.20,57.70,8.90,13.70,6.50,6.60,4.40,2.80
1493,34392715,102221.10,13651.80,1240.20,91.20,25.20,57.30,8.30,14,5.90,6.70,4.30,2.70
1492,25451971,127023.80,39583.40,1056.70,97.70,33.80,47.30,9.10,11.30,7.30,5.10,4.30,3.10
1491,14189900,0,0,1730.50,108.40,36,55.30,10.20,12.50,8.20,5.70,4.70,3.20
1490,14788260,49931.90,10836.30,750,61.20,22.70,36.90,6.90,9.50,6.90,4.60,3.50,2.90
1489,66903928,88104.20,5147.80,1105.80,69,18.50,49.30,7.20,12.70,5,6.20,3.80,2.40
1488,58741896,314521.50,21002.50,1431,116.80,37.90,53.90,9.70,11.50,7.80,5.10,4.40,3.10
1487,44829384,45907.90,8047,716.10,59.50,22.70,39.60,6,9.90,6,4.90,3.20,2.70
1486,35175553,0,126850.30,779.60,91.70,36.30,33.10,7.90,7.50,7.50,3.40,3.70,3
1485,23257356,192626.90,18008,1001.60,96.50,34.20,42.70,8.90,9.50,7.80,4.10,4,3.10
1484,14518000,505609.30,0,721.70,79,26.90,29.60,7.70,7.30,6.60,3.50,3.80,2.80
1483,122150223,298841.90,17461,1144.90,107.70,37.30,50.80,9.20,11.40,7.90,5,4.40,3.20
1482,111176000,138366.60,21559,1343,108.10,34.40,56.10,9,13.20,7.30,6.10,4.20,2.90
1481,14501000,0,28145,1143.40,98.20,32.50,48.80,8.70,11.20,6.90,5.20,4,2.70
1480,137864547,107781.50,25190.30,1307.60,109.10,36.80,44.30,9.70,8.60,8.10,3.30,4.30,3.20
1479,122108668,287059.60,16772.60,1044.80,92.60,31.40,45.30,8.80,11.10,7.50,5,4.20,3.10
1478,111127331,0,32811.50,1042.80,109.70,30.80,41,8.90,9.50,7.60,4.20,4.20,3.10
1477,98160844,131347.90,13643.60,1233.70,76.20,28.60,43.10,7.20,10.80,6.70,5.20,3.60,2.90
1476,89439998,0,14123.20,1157.60,92.10,33.70,38,8,8.20,7,3.90,3.70,2.80
1475,77468576,0,0,1410.90,101.60,30.10,44.10,8.20,10.70,6.30,4.90,3.90,2.70
1474,68724444,112374,11938,1363.40,85.10,25.30,48.10,8,11.70,6.10,5.50,4,2.60
1473,57114246,202406.20,10512.30,1281.20,81.50,26.60,43.90,7.80,11.10,6.10,5.30,3.80,2.60
1472,47441476,110833.60,21586.30,747,85.60,31.30,34.70,7.90,8.10,7.10,3.70,3.80,2.90
1471,34759941,129513.80,15134.70,1229.70,69.90,31.40,49.30,8.20,11.60,6.80,5.50,3.80,2.70
1470,26052151,0,9757.50,1402.70,77.60,21.80,48.20,7.70,11.90,5.30,6.10,3.90,2.40
1469,14348000,97965.60,18316.90,1056.50,117.50,39.10,56.60,10.50,12.40,8.50,5.40,4.70,3.30
1468,185548000,3679293.50,27090.40,1130.80,123.90,41.90,48.40,10,11,8.70,4.90,4.60,3.50
1467,186780000,995740.80,11127.60,1110.80,101.80,29.80,55.50,9.30,13.20,6.90,6.20,4.60,2.90
1466,174236090,118041.10,10795.30,991.50,92,33.10,37.30,8.10,8.40,7.20,3.80,3.80,2.90
1465,153912260,748194.30,43716.30,892.80,102.50,36.20,37.80,8.20,8.40,7.70,3.90,3.70,3
1464,140503213,121426.90,12416,1145.80,89.90,28.10,47.40,8.60,11.60,6.40,5.60,4.10,2.60
1463,124787147,0,0,917.30,82.30,27.60,34,6.70,7.80,5.90,3.90,3.20,2.40
1462,111514000,178622.50,16056.50,1274.80,90.20,22.60,49.80,8.40,12.20,5.50,5.90,4.30,2.40
1461,43202295,193617.30,30167.70,939.60,83.60,33,32.40,8.20,7.70,7.10,3.50,3.90,2.90
1460,33997943,0,8441.10,551.20,70.90,23,27.90,6.40,7.80,5,4.10,3.30,2.30
1459,22635401,0,0,1015.40,94.50,32.70,34.20,8.40,7.70,7.30,3.50,3.90,2.90
1458,14519700,87019.10,6355.50,368.20,56.70,18.40,21.50,5.80,5.90,4.80,3.30,3.20,2.30
1457,22846891,0,11131.30,591.90,68.30,26.10,27.40,6.60,6.70,6.80,3.40,3.30,2.90
1456,14572400,36551.30,14644.50,280,43.60,21.10,12.60,4.60,3.80,5.20,2.40,2.70,2.40
1455,18204387.20,190872,7434.90,868.40,71,20.40,40.10,7.20,10.30,5.30,5.20,3.70,2.40
1454,45496988,0,102904,1256.20,130.50,38.70,58.50,10.30,13.80,8,6.30,4.60,3
1453,33769472,367161.20,0,1909.10,95.90,33.20,47.80,7.20,11.60,6.70,5.20,4.20,3
1452,25427047,75443.40,8816.10,784.50,46.30,16,34.70,5.40,9.60,4.30,5.30,3.20,2.20
1451,14502700,0,12954.50,1424.10,112.60,37.60,44.30,9.60,9.90,8.40,4.20,4.30,3.20
1450,96295864,158344.30,61679.40,1309.80,113.50,36.70,55.80,9.60,12.90,7.50,6,4.40,2.90
1449,80768518,0,113143.20,1236.30,113.60,39.40,44.40,9.40,9.30,8.10,3.90,4.30,3.30
1448,71953143,70096.60,7709.50,1200.60,65,15.70,47.80,7,12.50,4.70,6.10,4,2.40
1447,61543198,136542.20,13676.60,1064.90,96.30,32.30,42.40,8,9.30,7.10,4.70,3.80,2.80
1446,53612736,0,11675.10,982.80,80.80,28.60,40,8,10,6.60,4.70,3.90,2.80
1445,41620685,0,3825,903.80,68.80,11.60,44.90,7.40,12.60,3.60,6.50,4.20,1.90
1444,33265919,0,81070.50,1046.40,117,38,44.60,8.60,10,7.50,4.40,3.80,2.90
1443,22680547,82072.80,15345.40,853.50,88.90,28.90,32.20,7.50,7.90,6.60,3.80,3.60,2.70
1442,14591100,0,24832.10,1104.90,104.70,37,47.70,9.20,11.70,7.70,5.30,4.20,3
1441,22605876,0,4625.40,365.50,36.50,12.90,28.40,4.80,8.60,4.20,4.80,2.80,2.30
1440,14545200,0,20603.40,1035,102.40,33.30,47.80,9.50,12.10,7.40,5.60,4.40,2.90
1439,14572400,0,12775.80,1038,75.30,23,42.10,7,10.80,5.30,5.30,3.60,2.30
1438,66920458,293696.20,19611.90,1042.90,81.20,28.20,41.20,7.60,10.70,6.40,5,3.90,2.80
1437,55319641,76788.70,17946.70,508.10,45.20,20.50,31.10,5.80,8.70,6,4.60,3.20,2.70
1436,46189363,0,88682.20,1526.20,129,41.60,60.60,10.40,13.60,8.20,6.20,4.50,3
1435,34205994,0,27563.10,990.60,88.30,32,33.30,7.60,7.80,6.80,3.60,3.60,2.80
1434,25792320,66843.30,13669.60,558.30,68.40,25.70,25.80,6.40,6.80,6.30,3.40,3.30,2.80
1433,14650600,170277.30,13265.50,774.70,62.80,25.30,38.80,6.20,10.40,5.90,5.10,3.30,2.80
1432,26086547,68783.60,6619.40,515.40,55.60,19.50,32.50,6,9,5.30,4.60,3.40,2.50
1431,14630200,117817.80,0,887.20,90.90,31.90,38.40,7.90,8.60,7.60,3.90,3.70,3.10
1430,111540000,0,13430.60,909.40,97.80,34.90,46.50,8.70,10.30,7.50,4.60,4,2.90
1429,76697764,109471.40,7310,1226,76,28.50,41.10,7.20,9.70,6.70,4.30,3.60,2.90
1428,67621751,136840.30,15990.90,1732.40,110,30,53.10,9.60,12.60,6.30,5.70,4.50,2.50
1427,57062224,0,159156.30,1006.20,94.30,33.90,32.80,7.90,7.50,6.90,3.40,3.70,2.80
1426,47309401,100402.40,23465.70,849.80,79.90,24.90,38.80,7,9.60,5.40,4.70,3.50,2.40
1425,35026951,0,42838.70,1482.50,106.80,32,57.70,9.40,12.90,6.80,6,4.30,2.60
1424,26067927,0,15644.30,1065.90,78.50,25.50,38.30,7.30,9.50,5.90,5,3.70,2.60
1423,14611500,0,16147.30,1323.50,93,34.20,49,8.30,11.10,7.70,4.80,4,3.20
1422,60398926,133360.40,15584.20,995.70,69.30,25,44.80,7,11.50,6.40,5.20,3.70,2.80
1421,46934848,130928.10,7650,893.50,78.60,21.70,40.70,7.40,10.70,5.30,5.30,3.80,2.40
1420,37822859,190960.70,13389.20,758.20,96.70,29.40,43.30,8.30,10.60,6.50,5,4,2.70
1419,23689352,0,0,1205.30,95.10,29.30,50.40,8.60,12.10,6.10,5.70,4.10,2.50
1418,14818900,91378.30,11864.80,489.10,62.50,20.80,24,6,6,5,3.10,3.20,2.30
1417,59041812.70,141034.40,14126.50,1100,88.70,26.80,52.50,8.90,13.20,6.30,6.30,4.50,2.60
1416,49320956,103945.80,0,741.80,90.80,30.70,33.30,7.90,7.90,7,3.60,3.70,2.90
1415,36649681,0,53737.30,920.50,98,35,42.10,9,8.80,7.60,3.60,4.20,3
1414,27117635,0,8842,1377,84.80,29.40,45.80,7.80,11.40,6.60,5.30,3.90,2.80
1413,14611500,0,0,1260.50,110.30,36.20,49.90,8.70,11.10,7.90,4.80,3.80,3.10
1412,122550350.80,0,20993.60,1188.90,94.90,33.30,40.70,8.70,9.30,7.80,4,4,3.10
1411,109533174,141462.10,33062,1056.20,99.10,35.80,37.20,8.30,8.40,7.10,3.80,3.80,2.80
1410,98680896,141345.80,7865.40,935.40,93.50,32.50,38.60,8.30,8.60,7.20,3.90,3.80,2.90
1409,85405694,163344.80,14316.10,1081,104.60,36,39.50,9,8.60,7.70,3.70,4,3.10
1408,75281575,151775.60,23648.30,1699.80,115.10,33.20,56.30,10,13.20,7,6.10,4.50,2.70
1407,62934911,116124.40,18093.40,845.30,99.10,33.90,39,8.60,9.10,7.30,4.10,4.10,3
1406,52197036,85740.40,10790.20,1248.30,73.30,18.80,48.60,7.50,12.30,4.70,6.20,4,2.20
1405,37825963,221383.90,0,786.10,124.40,31.80,60.10,10.50,14.50,6.80,6.80,4.90,2.70
1404,27914329,0,25586.30,1732.50,115,40.70,53.40,9.80,11.90,8.30,5.10,4.30,3
1403,14728800,206246.20,19281.20,1000.90,77.60,27.90,38,6.90,9.60,6.50,4.50,3.40,2.80
1402,182028000,1927121.30,9034.80,911.90,75.40,24.80,40.20,7.30,10.60,6.10,5.40,4,2.80
1401,180663000,2813488.90,29819.70,1211.40,92.60,29.50,51.60,8.80,12.40,7.30,5.60,4.50,3.20
1400,178761140,123284.80,17288.20,1242.60,90.40,30.50,48.20,8.30,11.70,6.90,5.50,4,2.80
1399,157644778,137339.50,9440.70,666.50,60.70,21.30,35.50,6,8.70,5.70,4.40,3.10,2.60
1398,144125471,271597.80,14648.50,988.50,92.10,26.90,49.60,8,11.90,5.90,5.70,3.90,2.50
1397,127347464,0,17682.40,786.80,75.20,24.10,48,7,11.60,5.70,5.60,3.50,2.40
1396,114088000,100576.20,17629.70,583.10,75.30,26.10,33.60,7.30,8.10,6.30,3.90,3.60,2.70
1395,36764670,0,8745.80,972.80,95.50,29.70,53.80,8.80,13.40,6.50,6.10,4.30,2.80
1394,27189645,0,0,1077.40,89.20,28.50,36.90,7.30,8.70,6.10,4.20,3.40,2.50
1393,15067100,0,0,889.80,68.80,22.10,25.90,6.50,6.30,5.40,3,3.20,2.30
1392,71712110,544574.10,63637.90,1132.60,101.10,33.90,46.10,8.20,10.30,7.50,4.70,3.80,3
1391,60310182,63883.60,22395.90,1213.10,94.10,31.60,42.30,7.70,9.90,7.10,4.60,3.50,2.80
1390,50129756,252829,0,836.50,81.90,25.50,41.50,7.40,10.20,5.90,4.90,3.60,2.50
1389,37176013,0,20670.90,1030.10,78.10,25.20,36.20,7.70,8.40,6.40,3.70,3.60,2.60
1388,27784790,119151.70,18565.10,738.20,88.30,32.20,39.30,8.30,8.40,7.10,3.80,3.80,2.80
1387,15352700,81919.90,0,6277.30,99.60,33.60,44,8,10.90,6.40,4.70,3.80,2.70
1386,39774466.40,72215.20,13502.30,894.80,76.80,23.60,43.50,8,10.10,6.20,4.60,4,2.70
1385,25557847,0,20298.90,903.20,92.20,34.20,37,7.70,7.90,6.60,3.40,3.50,2.70
1384,15595800,0,128796,552.70,68.90,25.70,25.10,6.30,6.30,6.10,3,3,2.50
1383,39844969,95239.60,0,1848.80,86.10,26.40,42.40,7.90,10.30,5.90,4.80,3.70,2.40
1382,28785119,0,10413.20,405.40,35.80,15.80,25.30,3.90,7.10,4.10,3.90,2.30,2
1381,15398600,51956.30,7727.40,1260.70,62.20,18.90,40.10,6,9.90,4.80,4.90,3.20,2.20
1380,183120000,1886380,18207.80,1320.70,78.20,24.90,49.80,8,12.90,6.20,6.40,4.20,2.90
1379,181500000,0,11680,895.50,81.20,25.60,43.30,7.50,10.40,5.70,4.90,3.60,2.30
1378,180800000,0,9243.20,984.90,78.90,21.70,42.50,7.30,10,5.10,4.70,3.60,2.30
1377,160906372,209578.40,0,863.50,102.60,31.80,48.20,8.70,11.80,6.60,5.40,4,2.60
1376,146729731,242775.50,6079.30,589.10,45.20,16.80,34.60,5.20,8.90,4.80,4.60,2.90,2.30
1375,128449942,114741.10,11173.70,1044.10,92.60,28.40,50.30,8.40,11.90,6.50,5.70,4,2.70
1374,116103000,0,0,919.50,90.30,29.40,35.10,8,7.70,7,3.20,3.60,2.80
1373,69354137,0,0,601.30,67.90,24,28.40,6.40,7.10,5.50,3.50,3.20,2.40
1372,60684475,0,4868,703.90,54.60,16.40,37,5.90,9.80,4.40,5,3.30,2.10
1371,45088804,0,27803.60,1237.10,90.40,26.10,46.60,7.50,11.70,5.80,5.60,3.60,2.40
1370,36006084,0,16268.30,741.50,77.20,27.90,44.30,7.20,9.80,5.90,4.60,3.30,2.40
1369,23844506,43372,5068.30,513.90,36,15.50,25.80,4.30,7.10,4.50,3.80,2.50,2.20
1368,15301700,104782.40,12244.60,565,53.60,20,23.40,5.60,6.10,5.10,3.10,3,2.40
1367,79315197.70,0,9424.40,1100.80,66.20,19.30,44.60,6.50,10.60,4.90,5.20,3.30,2.10
1366,70979568,0,4144.30,1082.60,43.80,13.60,40.50,5.10,10.10,3.80,5.20,2.90,1.80
1365,59778232,0,10958.40,1038.80,75.10,25.40,40.40,6.40,9,5.70,4.20,3,2.30
1364,49383832,0,20526.10,639.30,85.20,30.30,36.70,7.70,8.20,6.60,3.40,3.50,2.70
1363,36618665,0,0,1199.70,102.40,29.20,46.70,8.70,12.20,6.30,5.40,4.10,2.50
1362,27489353,0,31953.20,678.50,81.20,29.90,29.10,7.20,6.40,6.70,2.80,3.30,2.60
1361,15485300,0,14203.40,1382.50,103.10,32,48.50,8.70,11.50,7.10,5.20,4,2.80
1360,27761091,0,12365.40,641.90,74.40,28,27.30,6.70,6.50,5.90,3.10,3.10,2.40
1359,15531200,0,11987.90,1400.20,91.70,21.40,50.90,8.60,12.70,5.30,6,4.30,2.20
1358,118729000,155916.10,7288,727.50,65.70,21,34.90,6.80,8.70,5.60,4.10,3.50,2.50
1357,71063522,79147.50,30830.10,1371.80,88.40,27.30,43.60,8,9.80,6.30,4.60,3.80,2.60
1356,61732489,98413.50,19167.30,587.20,56.90,20.10,28.70,5.80,7.30,5,3.60,3,2.20
1355,47250235,120589.30,12078.70,731.50,74,26.80,33.20,6.80,8.10,6.20,3.90,3.40,2.60
1354,37525275,217843,12728.30,1268.60,100.70,30.40,58.50,9.30,13.30,7.10,6.10,4.40,2.80
1353,24534097,0,18797.80,1018.20,100.80,32.40,55.50,8.70,12.80,6.80,5.80,3.90,2.60
1352,15174200,112950.20,13199.10,865.50,89.80,30,34.30,7.70,7.70,6.80,3.40,3.60,2.80
1351,139992069,99076.20,0,983.50,79.20,28.80,42.70,7.20,10.20,6.10,4.80,3.50,2.50
1350,126895018,74641.90,8722.50,470.20,52,20.70,22.90,5,5.90,5.20,3.20,2.70,2.30
1349,112618069,0,10675.50,778.20,71.30,24.50,40.70,6.90,9.80,5.60,4.70,3.50,2.30
1348,100807281,98796.80,15393.60,918.10,80,29.80,32.10,7.30,7.10,6.80,3.30,3.40,2.70
1347,87266444,82374.10,0,999.40,74,21.50,43.10,6.90,11,5.20,5.30,3.50,2.30
1346,77977112,98853.80,0,1499.20,98.90,27.20,48.30,8,11.60,5.50,5.50,3.80,2.30
1345,66130274,183991.50,0,864.10,93.10,29.60,30.20,7.40,6.90,6.30,3.10,3.30,2.50
1344,57863944,0,15892.60,962.50,103.90,30.90,44.50,8.20,10.10,6.40,4.60,3.70,2.50
1343,44373299,0,0,544,60.90,25.60,22.40,5.30,5.40,5,2.70,2.80,2.30
1342,35077775,0,87534.10,1147.70,107.90,34.50,40,8.50,8.70,7.50,3.60,3.70,2.90
1341,23795774,0,9287.50,460.20,50.30,19.80,18.80,4.70,4.80,4.70,2.50,2.50,2.10
1340,15483600,131811.30,13202.70,1251.50,95.50,24.60,52.90,8,11.80,5.60,5.80,3.70,2.20
1339,44865863,113575.80,0,670.30,82.30,28.10,33.80,7,7.80,6.20,3.90,3.30,2.60
1338,35838894,56226.30,18397.40,540.50,55.10,22.50,22.70,5.30,5.70,5.60,3,2.70,2.40
1337,24013488,0,64186.50,1196,85.90,27.30,54,7.90,12.60,6.20,5.80,3.70,2.50
1336,15225200,45869.90,6891.80,455.30,57.40,21.50,22,5.30,5.70,5.30,2.90,2.80,2.30
1335,130059174,70066.30,8187.80,755.60,70.30,22.40,42.60,6.90,10.20,5.30,4.80,3.50,2.30
1334,117260000,77632,5498.10,576.60,67,23.20,29.60,6.50,7.30,5.80,3.50,3.20,2.50
1333,56510237,0,4875.20,1056.30,68.40,19.60,36.40,6.50,9,4.80,4.30,3.20,2.10
1332,46859882,45829.10,5355.50,790.10,52.70,15,35.80,5.50,8.90,4.30,4.40,3,2.10
1331,34732623,0,127178,1072,85.10,27.50,38.30,7.60,9.60,6.10,4.50,3.60,2.50
1330,26333468,97030.30,11338.70,807.20,69.90,22.40,35.70,6.40,9.50,5.20,4.60,3.20,2.20
1329,15245600,148217.80,17320.40,1348.70,62.50,17.80,37.20,6.20,9.40,4.40,4.80,3.30,2.10
1328,46399553,0,33046.40,812.60,100.60,36.40,38.40,8.70,8.90,7.50,3.70,3.90,2.90
1327,34451775,106371.70,0,703.90,77.80,29,31.70,7.60,7.10,6.40,3.30,3.50,2.60
1326,25999539,138772.90,8845.50,452.30,50.70,19.10,24.20,5.40,6.60,5,3.40,3,2.30
1325,15148700,55559.30,7213.90,1189.50,68.10,21.40,38.60,6.50,9.20,5.30,4.40,3.30,2.30
1324,15294900,74131.70,6663.70,196.90,55.40,21.30,14.70,5.40,5.50,5.10,3.40,2.90,2.30
1323,16530705.70,58719.50,11436.40,339.20,39.40,15.60,20.80,4.80,6,4.40,3.40,2.80,2.20
1322,25387006,0,34890.80,504.90,58.50,24.40,21.20,5.60,5.40,5.40,2.90,2.80,2.40
1321,15170800,0,10549.40,938.80,77.70,28.80,39.10,7.10,9.40,6.90,4.10,3.40,2.80
1320,65175962,375723.30,14635.40,882.30,68,20.20,37.80,7,9.80,5.50,4.60,3.80,2.60
1319,56472701,0,0,722.20,74.50,21.70,37.30,7,9.70,5.50,4.70,3.60,2.40
1318,49837132,85602.30,40013.30,1083.70,95.40,33.50,40,8,8.90,7.10,3.90,3.60,2.80
1317,42596857,0,0,1565.70,56.60,24.60,35.40,5.50,8.90,5.90,4.40,2.90,2.60
1316,36228690,0,17717.20,1226.30,101.40,35.20,38.50,8.40,8.40,7.20,3.60,3.80,2.80
1315,28167968,119448.40,18611.30,869.50,76.60,25.80,35.70,6.60,8.80,5.80,4.30,3.40,2.50
1314,22310697,147729.50,6277.60,370.80,47.20,17.60,21.40,5,6,4.70,3.20,2.90,2.30
1313,15026300,0,29011.70,427.90,45,16.10,24.50,4.90,6.90,4.40,3.80,2.80,2.10
1312,58366487.50,170723,11400.20,994.20,107.90,24.60,57.20,9.40,12.80,6.50,5.80,4.60,2.80
1311,51538058,251086.60,0,6996.40,135.20,39.70,61.30,11.10,13.10,8.80,5.50,4.80,3.20
1310,46937085,0,63893.90,837.80,67.10,20.60,39.20,6.60,9.70,5.20,4.70,3.30,2.30
1309,40506751,0,0,2009.50,101,30.40,53.90,8.30,12.20,6.40,5.70,3.70,2.50
1308,34546128,0,0,751.90,94.60,32.20,41.30,8.40,8.40,7.30,3.60,3.80,2.80
1307,27308650,0,32053.20,756.50,62.30,20.30,33.30,6.60,8.40,5.30,4.10,3.50,2.40
1306,22095531,86425.10,15149.20,1715.80,67.50,28,45.30,6.80,10.20,6.50,4.70,3.30,2.70
1305,15621300,0,31205.40,920.60,69.40,17.90,48.50,7.50,12,4.40,5.70,3.80,2
1304,15696100,0,11009.40,1008.50,84.90,22.80,51.60,7.30,11.40,5,5.40,3.60,2.10
1303,57869670,0,5451.20,848.90,47.10,12.40,36.30,5.20,10.20,3.60,5.20,2.90,1.80
1302,50321191,104739.50,12239.60,1361.50,66.80,20.90,50.90,6.60,12.10,5,6,3.50,2.30
1301,35567254,89816.70,7633.30,871.70,77.90,25.60,52,7.90,13.10,6.10,6.20,4,2.60
1300,26423336,159609.40,0,1452.30,141.40,38.40,56.80,10.80,13.70,8,6,5,3.10
1299,14841000,0,9636,774.50,85.80,24.80,49.60,8.30,12.70,5.60,5.90,4.10,2.40
1298,57826962,134316.20,20927.90,454.70,49.30,19.20,30.90,5.20,8.50,5,4.70,2.90,2.40
1297,43515336,205741.20,24042.50,730.60,79,26.40,31.30,7.10,8,6.40,4,3.70,2.80
1296,34421724,131467.30,20484,598.10,65.50,27.60,27.10,7,7.30,6.50,3.60,3.50,2.80
1295,22469712,196804.60,0,1302.40,122.10,36.10,53,10.20,13.30,7.90,6,4.90,3.30
1294,14140600,0,20734.20,1761.30,114.70,33.70,53.40,10.60,13,8.10,5.80,4.80,3.10
1293,14342900,0,0,1230.90,113.10,34.50,51.90,9.50,12.10,7.70,5.60,4.60,3.10
1292,110500000,90210.10,10039.80,525.30,69,25.80,26.50,6.30,7,6,3.50,3.30,2.60
1291,34634832,110594.70,11487.90,685.10,90,30.10,39.80,7.50,9.90,7.40,4.70,3.60,3
1290,24336652,60159.50,9341.20,1749.80,72.30,27.80,47.60,7.20,10.20,6.50,6.10,4.40,2.50
1289,14409200,0,0,1929.10,105.80,41.90,69.10,8.40,12.10,7.80,6.50,4.60,2.80
1288,24139851,137403.30,13334.50,806.80,64,20.60,36.50,6.60,7.80,5.60,4.40,4.30,2.50
1287,14463600,172016.40,24038.70,2799.50,132.20,50.50,65.60,9.80,10,9.50,5,5.10,3.20
1286,85964733,225740.30,0,1607.30,94.20,38.50,44.30,7.70,8.30,7.50,5.10,4.40,2.70
1285,78000490,176931.80,32967.50,4243.50,117,49.10,81.70,9.80,14.60,9.20,7.70,5.20,3.10
1284,71717560,0,0,1731.70,105.60,38,60.20,9.30,10.40,8.20,5.40,5.10,2.90
1283,64021946,0,8242.60,2447.80,108.60,39.10,75,9.50,13.30,7.20,7.20,5.20,2.60
1282,55523057,147674.20,21496.80,3235.30,126.30,41.80,96.70,11.20,17.70,8.10,9.40,6,2.80
1281,44717396,432936.90,33611.90,2740.10,127.80,48.80,86.50,11.20,14.40,9.70,7.10,5.80,3.30
1280,33089326,337517.30,17469.20,2480.70,113.10,35.30,75.90,9.20,13.10,7.30,7.10,5,2.60
1279,23534756,0,0,1508.30,94,37.40,45.80,7.20,8.20,7.10,4.90,4.10,2.50
1278,14484000,0,52344,2075.90,126.60,46.80,71.60,8.80,13.20,8.60,7.10,4.90,3
1277,41621418,0,9211.50,914.10,64.80,21.90,46.60,7.20,9.30,6.10,5.40,4.40,2.50
1276,32875644,0,17494.40,1845.60,90.70,29.10,73.40,8.60,13.40,6.60,7.60,5.10,2.60
1275,21715889,0,0,1119.30,76,31.90,40.30,7.70,7.90,7.20,4.60,4.60,2.70
1274,14319100,0,0,4806.20,132.90,40.30,90.30,10.70,15.90,7.90,8.50,5.70,2.80
1273,40957696.60,0,0,2624.30,153.80,48,97.10,11.30,17.40,8.70,9.30,6.40,3.10
1272,32747133,376426,0,2199.10,107.60,35.20,62.60,8.40,10.90,7,6.10,4.70,2.60
1271,22196254,133632.30,0,1522.30,108.40,42,48.40,8.70,8.30,7.90,4.50,4.60,2.80
1270,14608100,174165.50,27043.40,2834.50,115,39.20,80.20,9.80,14.70,8.70,7.80,5.50,3.10
1269,105100701.90,0,13336.20,1696,92.30,33.40,50.40,8.10,9.90,6.90,5.60,4.70,2.60
1268,98311223,84897.80,21751,2875.40,116.50,37.40,77.50,9.70,14.10,7.50,7.60,5.30,2.60
1267,89866288,139558.40,0,1728.10,115.90,41.10,71.20,9.10,11.90,8,6.30,4.80,2.70
1266,84012704,250569,29180.20,1067.10,86.40,34.80,40.20,7.50,8.10,7.10,4.90,4.60,2.70
1265,74873475,0,18630.80,2700.10,112.80,35.40,93.70,10.10,16.60,7.40,8.80,5.70,2.70
1264,69286018,411229.10,47889.90,2179,133.70,49.90,68.80,11.20,11.10,9.90,5.10,5.70,3.40
1263,62293451,0,27846.80,2724.10,112.80,41.10,71.50,9.70,13.30,8,6.90,5.30,2.80
1262,53313310,271805.10,37983.90,3572.90,155.30,54.30,102.40,13.20,17.10,10.90,8.60,6.80,3.50
1261,41922445,0,26153.90,1683.20,118,46,85.40,9.60,13.10,9.10,6.70,4.80,3.10
1260,33536983,124836.10,10262,2942.40,138.50,39.90,99.60,12.20,18.40,7.60,9.70,6.70,2.60
1259,22772993,0,14095.50,3265.80,135.30,40.80,77,10.10,13.40,8.60,6.70,5.10,3.10
1258,14830800,0,33781,2015,114.10,43.30,74.30,8.90,12.40,8.20,6.40,4.60,2.80
1257,170221000,3696996.80,17583.10,2687.60,129.20,44.20,90,10.50,16.20,8.30,8.80,5.70,2.90
1256,169024000,1844973.60,36561.60,1511.20,140,51,59,11.40,10.80,10.10,6.80,5.90,3.50
1255,168720000,1784722.10,33760,2711.10,147.60,53.70,98.90,12.60,17.20,10.30,8.80,6.70,3.50
1254,169005000,3530287.70,52469.50,2444.20,163.30,56.40,86,13,14.60,11,6.80,6.90,3.80
1253,167751000,3631906.10,20775.80,3126.80,162.30,53.50,96.20,12.40,16.60,10.40,8.40,6.50,3.50
1252,167609701,0,8130.50,1446.10,87.30,33.20,51.50,8.30,9.30,7.40,5.10,4.60,2.60
1251,155282163,146767.90,23928.70,2721.90,143.30,45.80,88.10,11.70,15.60,8.40,7.90,6.40,2.90
1250,145566007,333217.50,19402.50,1829.40,106.40,43.50,65.80,8.60,11.70,8.40,6.30,4.60,2.90
1249,134122038,0,33104.40,2158.90,93.70,37.10,50.10,8.10,9.10,7.40,4.90,4.40,2.60
1248,125665319,170093.20,21609,1321.20,92.80,35.10,48.60,7.70,8.80,7.30,4.90,4.30,2.60
1247,116404085,0,169518.90,2473.20,101.30,39.50,66.40,8.70,11.80,7.90,6.40,4.70,2.70
1246,107759330,0,138415.80,2257,140,49.10,78.20,11.30,12.30,9.50,6,5.70,3.10
1245,97958413,0,15135.50,2313.50,109.80,36,71.80,9.60,12,7.70,6,5.20,2.80
1244,91533020,164541.50,0,1874.50,98.10,38.20,52.70,8.80,9,7.80,4.70,4.80,2.70
1243,83338679,0,33511.10,2341.60,106.10,36.80,71.50,9.20,12.40,7.70,6.40,4.80,2.50
1242,77208525,0,17307.20,1656.20,98.10,36.40,58,8.10,10.20,6.90,5.40,4.30,2.40
1241,70899768,106568.20,41368.20,2334.70,93,35.40,68.90,7.10,12.30,7.10,6.40,4.10,2.60
1240,65218898,0,78453.90,4039.30,142.80,38.90,94.10,11.40,15.60,8,8,5.90,2.70
1239,52917787,277001.30,14337,3712.60,131.20,42.20,100.50,10.60,17,7.70,9.10,5.70,2.60
1238,43958121,73682.20,6240.50,919.90,43.60,17.20,39.40,6,8.20,5.80,4.50,3.80,2.40
1237,33364792,0,34468.40,1404.90,80.80,33.30,43.90,6.90,8.40,6.50,4.70,4,2.40
1236,25032609,0,27348.70,1967.20,119.30,40.20,73.40,9.40,12.20,7.40,6.60,4.90,2.50
1235,15254100,0,13776.90,924.90,92.10,34.10,30.80,6.80,5.60,6.70,3.20,3.80,2.40
1234,96710509,88633.70,9830.30,807.80,59.70,26.60,34.70,6.10,7,6.10,4.30,3.70,2.40
1233,88185562,0,27222.20,1416.50,73.50,28.50,53.30,5.90,10.20,5.90,5.80,3.50,2.30
1232,81180289,286532,40041.90,2083.50,159.20,50.90,79.10,12,13.50,10.10,6.30,6.20,3.40
1231,73547916,0,65941,2389.10,94.90,40.10,63.30,8.60,11.40,8.30,5.80,4.50,2.90
1230,67458174,0,12401.30,1714.20,93.60,35.70,57.60,8.10,9.80,7.50,5.10,4.50,2.70
1229,60173279,280252,14505.30,2902.40,115.40,34.40,96.50,9.80,16.70,7,9,5.50,2.50
1228,51583856,229927.90,10710.50,1540.80,118.50,36.70,67.20,9.40,12.30,7.30,6.70,5.10,2.60
1227,40597881,0,662362.50,4080.20,143.10,50.50,82,11.20,13.50,9.10,6.70,5.90,3.10
1226,32775384,346537.80,53808.40,1315.90,89.70,35,34.30,7.50,6.60,7.10,3.80,4.40,2.70
1225,22579505,0,0,938.10,75,31.40,38.90,7.80,7.10,7.40,3.60,4.50,2.80
1224,15152100,0,11849.60,1987.20,101.90,36.20,50.40,7.90,8.20,7.50,4.30,4.30,2.60
1223,123458008,137056.70,0,3122.80,126.10,39.40,92.60,11.50,16.70,8.10,8.80,6.40,2.80
1222,115726000,0,17455.80,1408.30,96.70,36.30,51.30,8.10,9.60,7.40,5.20,4.50,2.70
1221,22504557,0,36240.50,1899.20,139.70,50.60,62.40,10.50,10.50,9,5,5.40,3
1220,15034800,647319.80,0,2949.80,157.30,50.70,85.20,11.30,15.30,8.70,8.10,5.90,2.80
1219,28837305,72609.70,14797.60,1484.70,66.70,28.30,47.60,6.50,9.50,5.90,5.90,4,2.30
1218,49736732,113878,15914.10,1415.20,84.10,34.30,65.10,7.60,11.50,7.40,6.10,4.40,2.80
1217,39211724,0,159048.80,3674.10,160.30,48.90,105.90,12.90,18.40,10.10,9.60,6.80,3.30
1216,31674666,132775.50,77312.30,2521,131.80,51.90,81.30,10.40,13.70,9.80,6.80,5.40,3.30
1215,21687521,236245.60,0,2153.10,100.70,32.80,67.10,8.40,12.40,6.80,7.30,4.90,2.50
1214,14694800,0,0,1902,119.70,48.50,63.90,9.60,10.50,9,5.50,4.90,2.90
1213,21438454,161685.10,12552.70,2125.30,121.70,41.70,70.80,10.40,13,8.30,7.20,5.60,2.80
1212,14467000,159488.90,0,2271.20,97.10,35.30,70.50,8.30,12.60,7.80,6.80,4.70,2.90
1211,21815835,164954.40,0,2013.40,92,28.80,66.40,8.90,13.50,6.60,7.30,5.10,2.60
1210,14682900,0,128687.50,2460.20,146,47.10,87.60,11.20,16,9.40,8.30,6,3.10
1209,38254645.20,0,21383.80,1376.20,96.10,37.30,41.70,7.60,7.80,7.50,4.40,4.30,2.70
1208,31273852,0,265007.30,2720.80,134.40,50.10,86.30,10.90,14,9.10,7.20,5.50,3
1207,21879091,0,13718.40,2236.70,138.30,39.20,73.50,10.10,13.30,7.70,7.10,5.20,2.60
1206,14701600,0,51152,3263.40,159.10,59.20,90.10,12.40,13.10,10.60,6.10,6,3.40
1205,68329653,118616.70,0,1987.20,109.80,35.10,89.70,10.90,14.80,7.80,8,5.90,2.80
1204,62771731,0,35038.60,1173.80,81.90,31.60,42.80,7,7.70,6.90,4.40,4.10,2.60
1203,50833887,146790.80,27351.40,2306.60,87.10,35.40,64.10,8,12.70,8.10,6.80,4.80,3
1202,43015001,253489.30,17712.10,2221.40,112.60,36,73.60,9.50,13.80,7.40,7.60,5.50,2.70
1201,32010911,76230.80,20714.10,2431.60,98.30,38,53.20,8.60,10.10,7.70,5.60,5,2.80
1200,24580716,99307.90,12454.50,1799.80,93.70,30.60,68.30,9.30,13.60,7,7.50,5.40,2.70
1199,14552000,0,37549,3443.70,132,44.30,97.40,10.10,17.20,7.70,9.20,5.60,2.80
1198,71057439,146939.20,12079,3239.90,127.60,41.60,102,10.80,18.10,8.10,9.70,5.90,2.80
1197,64356515,0,7078.20,609,39.70,15.30,35.70,5.20,8,4.60,5,3.60,2.10
1196,55265839,113240.50,20513.90,1770.70,100.90,39.70,56.60,8.80,9.70,7.80,5.10,4.80,2.70
1195,43294160,0,178723.60,3002.60,141.20,41.40,94.70,10.80,15.50,8.20,8.10,5.80,2.90
1194,35148482,226436.50,13184.90,2579.60,105.60,23.40,97.40,10.50,17,5.70,9.20,6.20,2.30
1193,22256333,270919.70,18028.60,1870.50,99.60,39.50,75.10,9,14.10,8.90,7.20,5,3.10
1192,14773000,234210.20,23378.60,1231.40,110.50,46.90,34.10,8.40,6.10,8.50,3.50,4.50,2.90
1191,152400366,199928.90,25869.80,1479,91.40,34.10,53.10,7.70,9.60,7.10,5.30,4.40,2.70
1190,144375567,198517.70,15412.30,2025.30,110.20,36.90,72.30,9.80,13.80,7.70,7.30,5.50,2.80
1189,133312302,0,30374.60,2536.50,141.30,52.10,82.70,11.10,13.90,9.60,6.70,5.70,3.20
1188,123991632,168674.50,34375.40,3057.10,131.20,45.90,82.70,10.20,13.70,8.60,7,5.20,2.80
1187,113958151,442658.20,11455.50,2101.20,100.10,39.70,84.90,9.70,14.80,8.90,7.40,5.20,3.10
1186,105204000,0,17431.50,2542.90,125.90,43.60,77.70,10.60,13,8.70,6.60,5.40,2.90
1185,75051591,128060.40,13557.60,1696.40,98.60,37.80,55.10,8.70,9.90,7.90,5.40,4.90,2.90
1184,68153942,135132.60,23605.40,2008,82.30,29.20,66.20,8,13.10,6.60,7.30,4.90,2.50
1183,61621961,0,18676.10,2131.50,117.80,38.50,81.30,9.40,14.20,7.20,7.50,5.20,2.60
1182,53285987,0,27655.40,1764.40,108.80,39.10,67.60,8.70,12.20,7.40,6.50,4.90,2.70
1181,42137452,0,40163.30,2104.80,113.60,44.60,55.80,9,9.70,8.30,5.10,4.70,2.80
1180,34004534,235713.70,27450.20,1678.30,119.80,41.50,72.80,10.10,12.40,8.60,6.60,5.30,2.90
1179,23253235,0,16028.20,1524.40,115.40,36.50,69.30,8.90,12.30,7,6.50,4.80,2.40
1178,15228600,0,12893.70,1360.20,67.90,16.90,56.50,6.60,12,4.20,7,4.40,2
1177,114969775.70,76384.70,16308.30,1113,73.30,24,45.50,7.20,9.30,5.90,5.50,4.40,2.40
1176,108543762,322633.20,15028.90,2901.70,142.90,43,97.90,12.10,17.30,8.10,9,6.50,2.70
1175,99026381,167294.90,31171.90,2178.10,116.30,39.30,56,8.50,10.20,7.40,5.50,4.60,2.60
1174,92134454,0,18035.50,1673,86.70,37,67.70,7.90,11.60,7.30,6.10,4.30,2.60
1173,83057501,203580,28449.60,1265,104.90,36.30,50.10,8.50,8.30,7.80,4.30,4.50,2.80
1172,76884342,151780.50,16068.80,2788.90,114.50,32.90,85.10,9.80,15.50,7.20,8.50,5.50,2.60
1171,69712546,103765.50,12084,1019,54.80,19.50,40.60,5.50,8.50,4.90,5.60,3.60,2.10
1170,63478325,184790.40,9061,2551.70,118.80,35.70,87.10,10.20,16.10,7.10,8.50,5.70,2.50
1169,51799990,0,0,3200.10,116.50,48.30,75.60,9.30,13,8.60,6.70,4.70,2.80
1168,43374190,79870,6439.30,2099.70,79.10,18,69.90,8.30,13.90,4.70,8,5.30,2.10
1167,32439819,252341,23509.20,2299.80,105.90,37.90,72.60,9.30,13.30,7.30,7.20,5.10,2.60
1166,24866684,127983.20,14904.30,1620,75.90,27.20,61.30,7.60,12.10,6,6.90,4.60,2.40
1165,15130000,0,51150,3574.10,118.80,38.30,91.90,10.60,17.40,8,9.30,5.70,2.80
1164,44832935,0,30734.30,3006.60,124.10,29.80,81.20,9.30,14.20,5.80,7.80,5.30,2.10
1163,33184923,0,0,1101,70,25.90,42.50,6.10,8,5.60,4.70,3.80,2.20
1162,25702466,0,20700.40,2454.50,121.30,38.10,104.40,11.50,17.70,7.50,9.50,6.40,2.60
1161,14832500,0,38280.40,2080.40,120,45.40,67.70,10.50,12.20,9.20,5.90,5.50,3.20
1160,76369806.80,0,13414.90,1740.80,86.20,33.20,60.70,7.60,11.10,6.80,6.40,4.40,2.50
1159,70193991,0,12951.30,2043.50,114.10,24,80.80,9.80,15,5.30,8,5.50,2.10
1158,64245817,53622,15895.30,1943.70,88.90,32.60,55.80,8.30,10.20,7.20,5.50,4.70,2.60
1157,52107396,581472.70,0,4140.20,127.30,41.10,99.60,9.20,16.80,7.40,9.60,5.50,2.70
1156,43581440,0,0,2078.10,148,44.70,100.10,11,17.10,8.90,8.90,5.50,2.80
1155,32638799,125435.10,19476.80,1905.30,118.60,37.90,75.90,10.40,13.50,8.30,6.80,5.70,3
1154,25070150,134539.40,22382.60,1256.30,94.10,33.40,42.70,8.10,8,7.20,4.40,4.50,2.70
1153,14873300,251382.80,39033.20,0,131.90,45.20,96.10,10.90,16,8.70,8.20,5.80,2.90
1152,14948100,97370.70,14431.90,2426.50,84.50,26.40,72.80,8.40,14.20,6.50,7.50,5.10,2.60
1151,144603632,53895.10,7113.20,1557.80,62.30,22.40,56.70,7,11.80,5.90,6.70,4.50,2.50
1150,135382686,225954.60,43856.10,1739.30,80.80,33.50,52.70,7.30,9.50,7,5.30,4.40,2.60
1149,124411811,0,21042.90,1684.20,92,35.30,47.60,7.70,9.20,7.10,4.90,4.50,2.60
1148,116870000,0,13403.90,1218.40,69,25.90,56.30,6.50,10.80,5.90,6.20,3.90,2.30
1147,40651934,132225.40,0,3347.40,121.20,39.10,93.80,10.80,17.80,7.20,9.50,5.80,2.50
1146,32776219,0,13631.50,2529,122.60,45.70,78.70,9.20,13.20,8.90,6.70,4.70,2.90
1145,22382447,115810.30,0,2777.50,103.20,40.20,79.90,8.90,13.90,8.50,7.10,4.90,3
1144,15216700,152348,15770.40,2239.40,92.70,34.10,62.60,7.30,11.70,6.80,6.30,4.70,2.50
1143,40979973,0,12759.30,2006,104.10,32.10,74.50,8.90,13.60,6.90,7.30,5,2.50
1142,32721629,162428.30,4323.50,2313,144.80,50.80,62.80,10.20,10.30,9,5.20,5.20,3
1141,22758649,90353.10,15031.60,3216.60,116.50,39.50,96.30,10.70,18.20,8.20,9.40,6,2.90
1140,15393500,153431.80,0,3329.40,148.50,41.20,89.90,11.80,15.50,8,8.30,6.20,2.60
1139,96785706,121960.70,34087.20,5210.30,164.90,40.90,98.30,12,17.50,8.10,9.20,6.50,2.70
1138,89766677,423295.20,21908.90,2606.60,114.40,35.80,95.10,10.10,16.70,7.30,9,5.60,2.60
1137,81090231,328447,15299.80,2138.10,104,29.30,74.70,9,14.60,6.90,7.70,5.20,2.60
1136,75029181,96827.80,45104.60,2674.10,134,48.40,66.60,10.40,10,9.20,5,5.30,3.10
1135,67719962,0,17868.20,2549.10,125.40,42.70,76.60,9.80,13.30,7.80,7,5.20,2.70
1134,61780382,771131.20,19956.10,2196.20,139,42.90,99.30,11.90,17.40,8.50,9.20,6.40,2.90
1133,50637585,177664.90,62070.20,3195.80,133.80,48.50,82,11.50,14.60,9,7.60,6,3
1132,42386533,0,13531.10,2206.10,94.50,28.50,63.20,8,11.90,6,6.70,4.60,2.30
1131,32023423,0,21006.20,1388.40,114.80,43.20,54.50,9.30,9.20,8.30,4.60,4.70,2.80
1130,24941396,0,0,2957.10,143.60,49.10,72.90,10.90,11.60,9.50,5.30,5.40,3.10
1129,15126600,222211.40,0,1808.20,118.40,42.30,75.40,10.40,13.90,8,7.50,5.70,2.70
1128,15021200,415324.10,0,3154.30,112.40,33.50,99.90,10.30,17.80,7.20,9.60,5.80,2.70
1127,57975367.70,0,39833.70,2922.50,100.20,34.10,71.40,8.70,12.60,7.20,6.70,4.80,2.60
1126,49801491,355683.80,33137.10,2026,124.70,45.40,82.40,10.70,14.90,8.50,7.60,5.90,3
1125,39091736,0,26729.40,1162.10,87,33.10,44,7.40,7.90,7.20,4.30,4.20,2.70
1124,31647298,0,14522,3088.30,127.90,37.30,103,10.10,18,7.50,9.50,5.40,2.60
1123,21730843,0,0,2545.70,134.70,45.70,61.60,9.70,9.90,8.70,4.80,4.80,2.90
1122,14960000,0,0,1558.30,118.30,39.20,51,9.30,9.30,8.10,4.60,5.10,2.90
1121,31809040,0,14924.60,1381.10,86.50,28.70,46,8,8.90,6.80,4.80,4.50,2.50
1120,24560828,0,49091.40,3001.50,132.20,39.40,90.20,11.80,17,7.40,8.90,6.40,2.60
1119,14954900,0,0,1203.30,89.90,29.50,51.60,7.40,9.80,6.10,5.40,4.30,2.40
1118,14931100,0,0,1177.70,106.70,37.80,48,9.30,8.80,8.30,4.50,5,2.90
1117,14886900,0,17244.40,1686.90,87.90,36.40,68.60,8.40,12,8.20,6.10,4.60,2.90
1116,34972315,0,122898.20,2329.40,111.90,44.50,68.80,8.70,12.40,8.40,6.70,4.70,2.90
1115,57637756,105461.70,13646.20,2730.50,113.40,43.40,70.40,9.30,12,8.50,6.30,5.10,2.90
1114,50089464,0,13180.60,1646,94.90,38.40,57.80,7.50,10.90,7.50,6.10,4.20,2.70
1113,39384424,0,202527,4318.60,163.60,52.20,116.50,12.90,20.20,9.10,10.40,6.70,3.10
1112,32040070,0,9774.60,739.30,49.70,19.50,35.50,5.60,7.80,5.20,4.70,3.70,2.20
1111,22065747,0,60640.80,2949.10,112.30,35.30,103.80,10.90,19.10,7.70,10.40,6.10,2.80
1110,15004200,162462.10,30271.40,2000.90,118,40.80,83,10.30,15.20,8.40,8,5.70,3
1109,39948586,541468,18016.30,2467.40,111.10,41,59.60,9.20,10.50,8.60,5.50,5.20,3.20
1108,32659632,140245,13610.20,3631.20,99.40,31,96,9.50,17.80,6.80,9.70,5.40,2.50
1107,21805469,0,25154.20,1892.80,119.30,40.70,58.30,8.90,9.70,8,5.10,4.80,2.70
1106,14958300,0,26469.10,3377.40,148.20,48.60,106.30,11.50,17.60,9.20,9.20,6,3
1105,121328187,199921.30,15521.30,1598.30,99.30,36.90,43.30,8.10,7.40,7.50,3.90,4.50,2.70
1104,114010000,423989.20,16458.60,2337.20,104.20,36.70,70.60,9.60,13,8.10,6.80,5.20,2.90
1103,22289222,0,0,1635.60,106.10,34.30,57.50,9.50,10.60,7.70,5.50,5.10,2.80
1102,14740700,109643.20,25537.10,2562.20,114.10,47.70,78.30,10,13.30,9.10,6.60,5.20,3.10
1101,14829100,0,15722.80,3845.20,135.40,34.40,111.70,12.30,18.70,8,10.40,7,2.80
1100,66429609,0,0,2484.30,131,50.10,70,10.80,11.80,9.20,5.60,5.50,3
1099,59156133,0,0,1341.80,91.90,40.50,43.80,7.80,7.70,8,4.10,4.40,2.80
1098,51598288,0,14750.90,1443,97.30,34.80,66.50,8.20,12.10,7.30,6.70,4.60,2.60
1097,40629122,0,90037.40,4479.80,116.90,42.30,90.70,9.90,16,8.10,8.60,5.20,2.70
1096,32771739,174077.90,0,3051,108.20,36.70,76.80,8.70,14,6.90,7.60,5,2.50
1095,22265427,0,0,2578.20,122.30,41,74,9.70,14.60,8.10,7.80,5.50,2.90
1094,14992300,228180.10,0,2166.20,95.80,21.80,88,9.30,16.10,5.40,8.90,5.70,2.20
1093,54643467,188271.50,0,2010.80,83.60,21.40,82,8.50,15.30,5.40,8.60,5.10,2.20
1092,45846428,387985.60,8606.30,2266.70,111.10,27.20,91.10,11.20,17,6.50,9.10,6.30,2.40
1091,34392263,133825.50,17811.10,1563.60,106.10,39.40,58.40,9,9.80,8.10,5.10,4.90,2.90
1090,26096672,363393.50,16927.70,3942.70,153,46.60,108.60,13.30,18.10,8.70,9.20,6.90,2.80
1089,14956600,0,351385.90,3092.20,178.90,64.10,105.40,13.50,18.30,11.30,9.20,6.70,3.60
1088,77798898.10,0,21455.80,976.20,89.80,36.40,36.20,7.60,6.50,7.20,3.70,4.10,2.60
1087,142157622,169512.60,11280.40,1931.10,85.10,30.30,67.90,8.30,12.40,6.80,6.90,4.90,2.60
1086,133365227,224264.80,15362.80,1906.60,96.70,32.60,72.60,8.70,13.20,6.60,7.50,5,2.50
1085,123305866,0,0,2107.50,83.50,23.70,61,7.30,12.50,5.10,7.20,4.50,2.10
1084,114539544,1168902.90,34031.30,2560.80,153.50,49.70,90.90,12.40,16.30,9.10,8.30,6.60,3.10
1083,104423108,158759.50,13206,2444.10,90.40,25.80,78.30,8.90,14.80,6.10,8.10,5.30,2.40
1082,95972671,0,24506.30,2631.20,119.20,46.60,88.30,9.80,14.90,9.10,7.30,5.30,3.20
1081,86173606,132820.10,19334.50,1220.20,74,32.30,57,6.70,11,7,6.30,4.10,2.60
1080,79917041,0,13868.10,1337.50,91.30,34.70,49.10,8.30,9.10,7.20,5,4.80,2.70
1079,71872851,153211.20,17842.30,1396.30,55,26,51.50,5.70,10,6.10,6.20,3.60,2.40
1078,66212715,0,19653.20,1351.80,89.40,32.50,46.20,7.60,8,7,4.30,4.20,2.50
1077,54434216,0,26616.70,3426,125.30,42.30,96.20,10.90,18.40,8.30,9.50,5.90,2.90
1076,45394452,260748.10,22774.20,1437.30,91.90,34.80,51.70,8.20,9.60,6.90,5.40,4.70,2.60
1075,33484288,175926.80,24585.20,2147.30,109.80,41.10,60.70,8.70,10.40,8.10,5.50,4.70,2.90
1074,25687589,96111.80,17410.90,1824.90,125.70,42.40,63.70,9.70,10.50,8.30,5.30,5.10,2.80
1073,15084100,0,0,2189.30,95.80,35.80,59.20,8.20,10.60,7,6,4.40,2.50
1072,34588069,0,97151.20,2895.80,119.60,32.40,84.20,10.10,15.20,6.20,8.10,5.70,2.30
1071,21951423,149589.60,11613.70,1893.50,110.60,37.90,72.20,9.90,13.60,7.80,7.40,5.40,2.70
1070,15089200,0,23509.80,1749.90,102.80,38,55,8.60,9.50,7.90,5,4.70,2.80
1069,119876081,285288.60,28477.20,1547.60,108.60,37.90,60.90,9.60,10.90,7.90,5.50,5.30,3
1068,111674784,0,268793.70,2956.80,156.70,51.10,89.60,11.90,15.40,9.60,7.90,6.20,3.10
1067,101938670,257440.90,35976.50,2513.80,138.80,51.50,70.40,9.90,12.40,9.20,6,5.60,3.10
1066,94304641,302827.90,0,2156.20,118.90,44.80,71.10,9.10,12.50,8.70,6.80,4.80,3
1065,85788778,357606.30,20822.60,3017.70,161.50,52.80,70,11.30,11.40,10,5.30,5.80,3.40
1064,79577293,0,38913.60,3398.90,152.60,43.80,112.70,12.60,18.80,8.20,9.70,6.70,2.70
1063,71866782,0,0,1345.20,75.90,29.40,39,6.90,7.70,6.50,4.30,4.10,2.50
1062,66743323,0,167233.30,1892.10,124.20,41.60,74.40,9.90,13.30,8.10,7.20,5.20,2.80
1061,54215274,0,0,731.10,55.40,23.30,31.70,5.90,6.50,6,3.80,3.80,2.50
1060,46135062,0,186633.40,4790.30,139.10,48.40,107,12,18.20,9.40,9.30,6,3
1059,34502478,0,0,4156.30,136.80,46.50,87.20,10.90,14.60,8.90,7.40,5.60,2.90
1058,26361644,0,0,1477,78.90,25.80,55.50,8.10,10.50,6.70,5.50,4.70,2.50
1057,14970200,0,0,2501.60,131.60,38.40,95.50,10.40,17.50,7,9.30,5.40,2.40
1056,25476778.30,223578.30,11158.70,1046.70,75.20,28,41.30,7.70,8.40,6.60,4.80,4.50,2.50
1055,14919200,0,205394.80,3349.20,172.50,58.60,77.30,11.60,11.30,10.50,5,5.60,3.40
1054,15011000,225273.60,9837.90,2026.10,86.10,28.20,73.30,8.90,13.40,6.90,7.20,5,2.60
1053,58670142,90744.90,11528.40,1148.60,51.80,19.70,50.80,5.70,10.80,5,6.50,3.90,2.10
1052,49712130,92991.50,11551.30,1008.90,59.20,24.90,37.10,6.10,7.50,5.90,4.60,3.90,2.40
1051,37871775,0,0,1892.50,77.30,31.60,57,6.40,11.20,6.60,6.40,3.70,2.40
1050,29491384,0,22951.20,2245.20,120.60,41.60,70.40,9.50,12.90,8.10,6.70,5.20,2.80
1049,15209900,0,29569.30,2225.10,132.40,49.30,63.20,9.90,10.60,9.10,5.20,5.10,3
1048,170810000,900571.70,19468.90,1301.20,71.60,31.20,49,7.40,10.20,7.30,6.30,4.80,2.80
1047,168701000,981944,19486.80,2314.80,117.60,39.10,80.40,10.10,13.60,8.50,6.70,5.60,3.10
1046,157898325,195868.30,15966.90,1259.60,82.10,33.70,36.60,7.60,6.60,7.40,3.70,4.30,2.70
1045,143626132,128055.70,0,2778.70,155.60,51.40,99.10,12.60,17,9.60,8.60,6.40,3.10
1044,134911784,655838.70,33944.90,2334.80,125.90,45.70,83.20,10.30,13.50,8.70,7.10,5.50,3
1043,123904174,110762,18761.90,2462.10,102.60,38.50,71.80,8.70,12.90,8,7,4.70,2.90
1042,114504000,223535.80,16441.20,3638,114.90,37.60,89.80,9.70,16.30,7.40,8.80,5.40,2.70
1041,33717075,0,22231.90,2091.20,83.20,26.30,64.50,7.70,12.20,5.30,6.90,4.60,2.20
1040,25993675,0,35651,2906.30,128.20,43.70,70.80,9.70,11.90,8.20,5.80,4.90,2.80
1039,15560100,0,7828.80,806.10,54.10,24.20,41,6,8.20,5.40,5.10,3.80,2.20
1038,25914013,207054.20,28935.10,1608.30,79,32.60,38.30,6.70,6.60,6.40,3.80,3.90,2.40
1037,15767500,0,0,1470.10,80.20,30.50,54.90,7.30,9.50,6.40,5.10,4,2.30
1036,15735200,304858.10,10143.50,2894.20,88.10,25.40,98.10,8.50,18.30,5.40,10.10,5.10,2.20
1035,40510685,37653.60,13154.90,408.50,35.60,19.30,20.50,4.30,5.40,5,3.70,3.10,2.20
1034,32520149,0,27712.60,1882.60,111.20,43.40,50,9.20,8.50,8.40,4.20,4.90,2.90
1033,22117219,0,125951.50,2586.20,125,42.20,87,10.50,14.80,8.30,7.90,5.50,2.80
1032,15449600,206688.30,0,2140.60,116.60,38.80,102.40,10.70,18.50,8.20,9.80,6,3
1031,33089644,116466,21701,2211.30,116.70,45.90,67.40,9.10,11.90,9,6.40,4.70,3
1030,25529274,0,29179,2854.40,146.60,56,88.70,11.70,12.20,10.50,5.70,5.60,3.20
1029,15208200,114465.30,8886.70,2086.40,96,30,70.80,9,14,6.80,7.60,5.20,2.60
1028,51702049.60,243054.30,24261.40,1457.30,108.10,37.90,62.30,8.80,11.30,7.70,6.10,4.80,2.70
1027,40445365,0,37414.80,2387,155.70,49.70,85.50,11,13.60,9.10,6.70,5.50,2.80
1026,32874047,0,0,1304.50,80.80,33.30,42.10,6.70,7.50,6.90,4,3.90,2.50
1025,22265567,0,0,2372,112,46.60,49.40,9,7.40,9,3.80,4.40,2.90
1024,14900500,687688.80,0,2061.60,117.80,43.10,80.60,9.40,14.40,8,7.90,5.10,2.80
1023,15189500,0,20376.70,1718.40,119.90,39.20,77.60,9.50,13.60,7.60,7.20,5.10,2.60
1022,25663715,141002.20,16420.50,2590.80,104.30,42.40,71,10.10,11.50,9.20,5.60,5.30,3.10
1021,14943000,0,0,1260.40,95.60,35.50,41,8,7.60,7.50,4,4.40,2.70
1020,87570000,200047.10,0,2681.10,127.30,43.40,72.20,10.20,12.40,8.80,6.20,5.50,3.10
1019,70127201,85964.80,20022.20,1371,71.80,28.30,62,7.30,11.40,6.40,6.40,4.50,2.50
1018,64082100,0,42269.90,1837.80,121.60,44.80,37,8.20,5.90,8.20,3.30,4.20,2.70
1017,52594374,181650.80,31731.40,2586.80,124.20,41.10,81.80,9.90,14.30,7.90,7.70,5.40,2.80
1016,44150291,90509.70,12972.70,4124.40,134.70,41.30,114.70,11.50,20,8.50,10.50,6.10,2.80
1015,33506785,0,9702.90,2190.40,99.40,27.70,66.20,8.30,13.10,5.90,7.40,4.80,2.30
1014,25684767,0,14388.70,4553.90,118.10,30.30,85.30,10.20,16.10,6.60,8.30,5.90,2.40
1013,14866500,0,205282.50,1835.60,118,45.20,51.10,10.10,7.90,9.30,3.80,5.10,3.10
1012,134808762,178884.10,12680.30,1285.10,83.20,30.20,48.40,7.80,8.90,7,4.70,4.50,2.60
1011,121851562,322740.30,13265.20,2042.60,92.90,32.50,55,8.40,10.40,7.40,5.80,4.80,2.70
1010,113475960,277779.90,28754.70,2301.50,109.70,39.30,73.20,9.90,13,7.70,7,5.30,2.70
1009,102101430,220475.10,25675.50,1969.90,100.50,32.80,70.60,8.70,13.50,7.10,7.30,5.10,2.70
1008,93927013,175490.50,16349.50,1034,59.30,25.30,37.70,6.30,7.90,6,5,4.20,2.50
1007,84319251,249438.80,10252.40,1039.60,66.60,28.90,42.30,6.90,8.90,6.90,5.40,4.50,2.80
1006,76813393,0,110103.10,1849.70,117.50,41.60,57.30,9.20,9.80,8.30,5,4.90,2.90
1005,68249429,0,11095.50,1356.70,59.50,26.70,50.30,6.30,9.50,6.50,6,4,2.60
1004,63162406,207435.10,0,2305.50,109.20,47,74.50,8.90,11.70,8.60,6.60,4.90,2.90
1003,55848627,0,9274.70,2948.70,109.70,21.20,108.60,10.80,19.70,5.20,10.60,6.40,2.10
1002,48309589,0,0,1361.50,104.90,40.30,48.70,9,9,8.10,4.80,5,2.90
1001,38059267,55765.90,16699.50,1143.50,80.40,34.40,39,7.40,7.50,7.60,4.40,4.30,2.80
1000,30153753,233051.50,27140.10,2042.30,95.60,36.10,66.40,8,12.40,7.60,6.70,4.60,2.90
999,20624201,0,36215.10,3795.80,133,40.40,113.80,10.90,20,8.40,10.50,5.90,2.90
998,14422800,0,29085.20,1546.30,89,27.90,71.80,8.50,13.20,6.20,7.50,5.10,2.40
997,70887897,0,29605.70,2129.50,113.70,45.90,54.40,9.30,9.30,8.10,4.80,4.90,2.80
996,65668144,411379.80,17420.90,1994.30,111.20,39.30,70.60,8.80,12.50,8.20,6.60,4.80,2.90
995,58513592,192732.90,0,2058.40,122.10,47.30,59.80,9.60,10.30,8.50,5.40,5,2.90
994,49849009,394866,13138.40,3911.70,133.10,36.20,112,11,19.40,7.30,10.40,6.10,2.60
993,39630350,0,8865.70,1818.50,101.20,34.50,72.30,9.10,13.20,7.10,7.20,5.10,2.50
992,31918888,95008.10,0,923.90,69.10,31.60,38.90,7,7.70,6.80,4.40,4.10,2.60
991,21818290,251255.10,23408,2726,148.50,49.60,88.30,11.70,15.40,9.20,8.30,6,3
990,14742400,343943,14565.10,932.90,82,34.70,42.10,7.70,8.30,7.40,4.80,4.50,2.80
989,70386999,159392,21213.80,2343,111.70,42.50,55.50,8.70,9.60,8.40,5.20,4.70,2.90
988,64931865,0,0,2977.50,146.70,48.20,92,12,15.80,10.10,8.10,6.20,3.30
987,51910688,0,180293.90,2897.30,157.90,56.20,96.20,11.80,15.60,10.30,7.30,5.90,3.40
986,43311596,0,29203.10,3726.30,137,32.90,99.60,11.50,18.10,7.10,9.50,6.40,2.60
985,31923442,0,163596.80,3556.80,157.30,40.90,118.40,12.20,20.60,8.60,10.90,6.40,2.90
984,24449171,102785.70,16757.90,2561.50,84.20,31.40,76.80,7.70,13.60,7.10,7.40,4.60,2.70
983,14383700,247463,0,4698.60,128.20,51.30,88.70,10.30,15.20,9.40,7.60,5.30,3.20
982,14509500,0,19617.60,2326.20,115.10,43.10,71.80,10.10,11.60,9,5.80,5.30,3.10
981,19987961.20,0,21464.20,2333,114.80,40.20,69.30,9.70,13,7.90,7.10,5.20,2.70
980,32204121,187109.80,0,1375.20,91.80,34.80,57.60,8.20,10.80,7.60,5.80,4.90,2.90
979,21809971,0,0,2350.40,100.40,40.50,66.30,8.70,13.30,7.80,7.60,5.30,2.80
978,14686300,247513.70,34589.20,2819.70,128.90,52.10,66.50,10.40,10.10,9.70,5,5.10,3.10
977,22233944,174623.90,0,1297.40,87.90,29.40,49.10,7.40,9.40,6.30,5.40,4.30,2.40
976,14495900,0,15956.80,1500.90,112.30,44.90,52.40,8.80,9.20,8.60,4.80,4.80,3
975,76052175,61152.10,6266.90,744,50.30,17,34.80,5.40,7.70,4.90,4.90,3.80,2.30
974,70419453,287742.90,12565.90,1024.40,84.90,36.40,40.60,7.60,8.10,7.40,4.50,4.40,2.80
973,62366698,0,17884.50,2413.20,118.40,43,78.90,10.70,14,8.30,7.30,5.70,2.90
972,53936316,0,22220.10,1577.60,75.60,33.40,45.10,7,8.10,6.90,4.50,4.10,2.60
971,40259650,183875,0,1256.80,89.30,35,57.70,9.40,10.10,7.80,5.30,5.20,2.90
970,31898943,140190,18139.90,3992.70,112.90,37.60,84.60,9.20,14.70,7.10,7.80,5.20,2.60
969,21591336,0,89492.90,1929.50,107.90,32.80,78.80,10.10,14.40,6.80,8,5.80,2.60
968,14538400,0,24012.10,1957.50,97.90,36.80,61.10,8.20,11.60,7.20,6.40,4.70,2.60
967,21534783,0,0,3876.70,116.40,37.60,101.60,10,17.80,7.60,9.60,5.40,2.70
966,14487400,0,25928.40,1811.70,95.70,38.20,57.50,9.20,10.40,8.50,5.30,5.10,3.10
965,51875129,43276,9407.50,1030.10,46.50,22.90,50.20,5.50,11.10,5.90,6.90,3.70,2.50
964,43003166,137678.80,19240.10,3035.70,121.80,40.40,96.70,11.50,17,8.70,8.70,6.20,3
963,32050401,0,63429.70,1939,131,50,55.90,10.40,9.40,9.20,4.80,5.30,3.10
962,24450957,90944.30,28242.60,1625.20,103.60,37.10,67,9,11.60,7.90,6,5,2.90
961,14392200,123468.90,14378.60,1308.40,79,26.40,43.10,7.20,8.70,6.10,5.20,4.40,2.50
960,24662130,0,43419.40,4247.50,127.90,35.20,108.10,10,19,6.70,10.30,5.70,2.50
959,14494200,128214.50,0,2655.70,143.20,50,86.30,11.20,15.10,8.80,7.90,5.60,2.80
958,26009712,0,5685.10,1872.70,71.80,16.10,71.70,8.10,14.30,4.70,8.30,5.20,2.10
957,40546633,0,41892.50,2794.20,131.10,47.60,79.80,10.70,13.60,8.70,7,5.50,2.80
956,32720430,0,10551.40,1835,93.90,34.70,57.90,8.30,10.40,7.40,5.70,4.70,2.70
955,22092234,0,0,1016,102.50,40.40,39.40,8.80,6.70,8.80,3.40,4.80,3
954,14648900,119106.80,0,2087.50,108,42.10,62,9.20,10.80,8.50,5.80,4.90,2.90
953,35072281,0,40037.40,2447.90,108.40,41.40,59.40,8.70,12.20,8.20,6.70,4.60,2.80
952,26830014,0,23929,1222.80,96.80,43.60,32.90,7.40,5.30,7.80,3,3.90,2.60
951,15362900,0,0,1263.50,82.40,27.60,48.70,7.60,9.50,6.30,5.30,4.40,2.40
950,15667698,197954.50,28816.10,1006.70,90.20,33.40,40,7.70,7.80,6.80,4.50,4.40,2.50
949,44777159,97091.90,15075.80,1327.30,73.20,29.40,46.80,6.80,9.70,6.50,5.80,4.20,2.50
948,35497880,0,0,2324.70,105.50,39.10,78.30,9.50,13,7.60,7.10,5,2.60
947,23638239,0,109030.30,1162.40,76.30,27.50,47.10,7.30,9,6.30,5.20,4.20,2.40
946,15330600,161682.70,13449.20,1534.90,81.90,21.50,64.80,8.10,13,5.40,7.40,5,2.20
945,153361048,110667.70,21479.80,1881.70,86.30,27.70,66.40,8.10,12.80,6.20,7,4.80,2.40
944,140104641,118742.80,16011.60,2038.40,81.10,23.60,66.90,7.80,13.20,5.90,7.30,4.70,2.30
943,124041722,0,20172.20,1938.10,86,32.80,65,7.50,12.30,6.60,6.90,4.60,2.40
942,112697000,262531.70,24458.60,2136.30,126.20,43.80,76.40,10.30,13.60,8.20,7.30,5.70,2.90
941,14671000,196299.40,19594.40,3194.70,133.50,36.40,113.80,10.80,19,7.20,10.40,5.90,2.60
940,20683054,0,26116.40,3420,151.20,79.90,36.80,10.50,11,9.30,5.60,5.50,2.90
939,12900000,0,39085,3758.10,175.90,79.60,45.40,10.90,12.50,8.90,6.30,5.50,2.80
938,34037587.40,188510.80,17454.70,2964,105.80,47.60,43.90,8.50,14.20,6.20,8.30,5.20,2.30
937,25859082,0,36083.70,3280.30,131.30,62.60,43.80,9.60,13.40,7.90,7,5.20,2.60
936,20243965,181383,13741.10,1757.50,82.60,42.30,28.20,7,10.30,6,6.70,4.50,2.40
935,12579000,0,278037.30,5792.40,152.80,78.30,50.50,10.40,16.20,8.50,8.60,5.80,2.90
934,6567504.30,105444.60,15063.50,2551,104.10,42.50,51,11,16.80,8.60,8.80,6.20,2.90
933,25605853,0,0,2622.80,122.60,66.20,37.40,9.40,11.80,8.10,6.40,5.20,2.70
932,20257321,147585.40,32796.70,3011.90,134.20,75.20,48,9.20,14.10,8.50,7.50,5,2.80
931,12870000,207554.10,34592.30,3706.30,174.90,86.20,42.70,11.70,12.50,9.70,6.50,6.20,3.10
930,47566032,101470.20,50735.10,1976.60,122.90,72.20,22.80,7.70,7.20,7.90,4.20,4.30,2.60
929,39327773,0,52533.10,3752.30,186,87.10,42.70,11.80,12.90,10.10,6.30,6.10,3.10
928,33820376,0,24685.20,2794.50,139.60,69.30,44.60,10.40,15.10,8.50,8.30,5.70,2.80
927,25724734,0,42734.10,3815.50,164,84.60,48,10.70,14.20,8.90,7.20,5.60,2.80
926,20140295,302680.50,33631.10,2565,152.70,84.20,33.70,10.20,10.80,9.30,5.50,5.40,3
925,12612000,0,40356.20,3152.80,125.20,71.80,32.90,9.50,11.20,8.70,5.90,5.40,2.90
924,61102442.90,0,35586.50,2916.90,143.30,63.20,44.60,10.60,14,8.50,7.10,5.60,2.80
923,51731973,0,0,3001.30,143.70,65.30,48.80,10.30,15.40,7.40,8.30,5.50,2.50
922,45790415,0,26017.30,2230,126.40,74,32.80,9.40,10.30,8.70,5.40,5,2.80
921,38223590,0,111147.80,3003.90,155.80,82.70,37.20,9.90,11.50,8.70,6.10,5.40,2.90
920,32611251,89836.60,16636.40,1803.90,95.40,46.30,33.90,7.40,11.80,6,7,4.60,2.30
919,25081394,0,26539.20,2527.50,147.40,63.60,45.10,10,14.90,7.10,8,5.60,2.40
918,20261530,126721.40,32853.70,1848,97.90,57.40,25,8.10,9.20,7.30,5.80,4.90,2.60
917,12760500,321019.50,53503.20,2892,165.70,83.30,56.50,11.30,16.30,9.60,8.20,5.90,3.10
916,20022696,0,37710.80,3078.40,168.10,67.60,55.20,11.10,16.70,7.90,9.30,5.90,2.50
915,12448500,0,0,4604.90,135.50,74.10,52.50,11.40,16.30,9.90,7.90,6.10,3.30
914,32395415,247242.50,36628.50,2891.70,114.50,51.50,41.50,8.70,13.90,6.70,8,5.30,2.50
913,23371931,357192.60,26458.70,2429.80,135.80,74.50,44.90,10.40,13.80,9.40,7.40,5.70,3.20
912,18818757,323608.70,29418.90,2129,112.20,52.80,33.20,8.90,11.20,7.10,6.40,5.40,2.60
911,11928000,0,44249.60,3814.60,182.90,89.70,52,11.50,16.40,9.30,9,6.40,3.10
910,67227348,0,0,1412.40,90.90,64.90,37.20,9.60,12.80,9.30,6.60,5.70,3.20
909,57100579,0,75989,2814.40,176.10,92.50,40.90,11.40,12.40,10.30,6.10,5.90,3.30
908,50611162,0,25105.10,2689.80,132,54.80,48.20,10.70,15.80,7.50,8.80,6.10,2.60
907,41708725,66382.20,29503.20,2553.10,115.40,65.80,38.60,8.70,13.40,8.70,7.70,5.20,3.10
906,35790545,137750.90,24489,2623.80,154.80,75.70,40.20,10.60,12.40,8.70,6.60,5.90,2.90
905,28279072,148143.90,0,2329.30,147.10,75.40,40,10.40,12.90,8.90,7.10,5.80,3
904,23593583,0,681684.60,2840.30,176.60,90.80,39.70,11.70,11.80,10.30,6.30,6.10,3.20
903,16625472,0,37532.40,3311.60,180.40,79.70,54.80,11.80,16.90,9.20,8.90,6.40,3
902,11811000,187950.60,18795,2936.70,142.20,48.10,57.50,11.80,18.30,6.70,9.60,6.90,2.50
901,57525794,0,48998.80,3585.20,201.90,94,52,12.40,15.30,10.20,7.90,6.30,3.10
900,51342488,0,36804.80,4488.40,194.70,96.70,68.30,14.40,20.30,10.80,10.40,7.60,3.30
899,43360228,0,0,1782.70,132.10,74.10,27.20,9.50,8.50,8.70,4.60,5.20,2.90
898,37275721,138694.20,52835.80,3934.50,176.40,75.20,57.50,11.70,17.20,8.30,9.30,6.10,2.60
897,28958268,186307.10,82803.10,4006.60,164.10,95.40,37.90,10.70,11.60,9.90,6,5.60,3.20
896,23868937,252900.90,67440.20,3665.20,164,69.70,52.50,11.90,17.50,8.80,9.30,6.70,3
895,16895105,0,0,1923.60,124.70,66.80,25.40,8.30,8.80,7.80,5.20,4.80,2.70
894,11932500,0,63834.10,3626.90,190.70,95.30,47.70,11.60,13.80,10.10,6.90,5.90,3.10
893,51818873.70,207523.40,23058.10,3739.10,120.90,52,45.60,9.30,15.50,6.60,8.60,5.70,2.50
892,46258071,562697.40,53590.20,3677.70,181.50,90.40,55,12,16.70,9.70,8.90,6.40,3
891,37762659,187582.60,25011,1582.90,82,54.90,24.80,6.80,9.10,7,5.50,4.50,2.60
890,31942807,0,0,2741.80,149.40,76.10,43.30,10.20,12.70,8.70,6.70,5.60,2.90
889,23722612,0,37214.60,4651.80,153.10,65.80,57.30,10.50,18.20,8.10,9.70,5.80,2.70
888,18978724,327323.40,54553.90,2517.80,152.10,86.30,35.30,11,10.30,9.90,5.50,5.80,3.20
887,11845500,682933.50,28455.50,2845.50,154.60,82.90,33,10.50,10,9.60,5.40,5.60,3.20
886,46514105,284508.40,0,3059.20,158.30,73.70,51,10.40,16,8.40,8.50,5.70,2.80
885,38751467,393508.80,29148.80,3857.90,166.80,75.60,48.20,10.20,15.20,7.90,8.60,5.60,2.60
884,32729736,370015.80,74003.10,4868.60,198.10,100.60,51.50,12.60,14.70,10.80,7.30,6.40,3.30
883,24864878,109182,0,2054.50,87,53.20,29.20,7.10,10.80,7.10,6.70,4.80,2.70
882,19432742,277165.40,0,2639.60,131.20,68.10,39.50,9.30,13.10,8.30,7.30,5.40,2.90
881,11698500,0,27103.10,3209.50,115.70,38.10,49.70,10.30,16.30,5.50,9.20,6.40,2.20
880,11842500,260731.10,19313.40,3778.70,114,49.90,44.30,9.10,15.60,6.90,9,5.60,2.50
879,24605103,0,41196.80,3531.10,207.10,75.50,57,13.60,16.20,8.90,8.50,7,2.80
878,19006842,0,0,2870,175.80,92.30,37.50,10.90,10.70,9.60,5.60,5.50,3
877,11700000,0,0,2996.10,156.80,69.60,52.70,11,16.30,8.40,8.80,6,2.70
876,24769931.90,0,24725.40,2687.50,151.30,85.60,39.40,10.50,12,9.70,6.10,5.60,3.20
875,17090950,376067.50,15669.40,2725.10,102.70,57.90,35.90,7.90,12.40,7.40,7.40,4.80,2.70
874,11541000,576435.20,48036.20,3202.40,189.50,101.10,49.90,12.30,14.40,10.70,7,6.60,3.30
873,11373000,167169.30,39802.20,2246.90,123.40,70.70,30.30,8.60,10.40,8.30,6.30,5.30,2.90
872,50382546,303465.20,121386.10,3128.50,139.30,81.40,40.40,9.60,12.80,8.70,7.20,5.40,2.90
871,87892394,0,103882.40,4328.40,189.50,90.10,53.70,12,14.90,10.30,7.60,6.30,3.30
870,79365304,193348.50,39661.20,3032.90,131.50,68.20,47.80,9.30,15.10,8.30,8.40,5.30,2.90
869,70146761,507038,37558.30,4694.70,210.60,109.40,47.50,13,13.30,11.20,6.20,6.70,3.60
868,62768100,0,0,3820.90,216.20,90.50,60.70,13.90,18.10,9.80,8.90,7.20,3
867,52409215,0,624487.60,3321.70,164.90,87,44.50,9.90,14.40,9.20,7.90,5.70,3
866,46235544,0,286182.20,3974.70,177.10,93.20,41.10,11.40,12.60,10.40,6.40,6,3.30
865,36601816,0,0,2978.30,209.40,99.60,48.60,13.10,16.50,10.50,9.60,6.80,3.20
864,31339370,183740.20,36748,3602.70,186.70,90.80,41.60,12.40,12.60,9.70,6.30,6.60,3.50
863,23871796,211553.40,28207.10,4549.50,220.30,109.30,58.60,12.60,16.70,11.30,8.10,6.20,3.40
862,18422340,160728.90,53576.30,1994.80,109.90,64.60,30.30,8.80,10.30,8.50,6,5.30,2.90
861,11112000,167583.90,46551,4504.90,195.80,101.60,64.20,13.30,18.20,10.80,9.20,6.60,3.20
860,60657149,349463.30,51772.30,3477.20,158.50,90.90,45.80,10.30,14.20,10.20,7.80,5.60,3.30
859,51599368,0,24815.80,3226,120.50,47.70,50.30,9.60,17.60,6.90,9.90,6,2.60
858,45271012,0,43356,5419.50,193.30,83.20,59.60,12.80,19.10,9.20,10.10,6.80,2.90
857,37358158,117688.20,0,3813.90,155.80,71,55.30,11.50,17.80,8.70,9.60,6.40,2.90
856,31893763,249490.10,34651.40,2143.30,112.50,50,38.60,9,12.70,7.50,7.50,5.40,2.80
855,23663957,107506.10,19112.10,1706.40,42,17.50,56,12.30,18.70,9.20,9.70,7.10,3.20
854,18467154,216587.60,108293.80,4246.80,178.90,96.70,51.70,12.50,15.20,10.90,7.80,6.50,3.40
853,10599000,0,25790.60,4891.30,185.50,58.60,58.10,13.30,19.30,7,10.30,7.40,2.50
852,114814234,276669.50,0,4498.60,212.70,106.90,58.80,13.20,17.90,11.80,8.70,6.70,3.70
851,101384894,0,60145.90,5012.10,202.90,85.80,58,13.40,18,8.70,9.50,7.20,2.80
850,92419190,441327.70,40863.60,2228.90,150,76.50,35.10,10.80,11.20,9.30,6.10,6,3.10
849,79495676,347476.80,51478,3563.80,155.70,81.50,36,11.10,11.70,9.40,6.30,6.10,3.10
848,71380000,252642.20,44914.10,3402.50,158.40,68.40,56.20,12,18,8.90,9.70,6.60,3
847,39134284,0,0,3416.20,182.80,94.10,48.30,13,15.10,10.70,7.40,6.90,3.40
846,33935721,150386,36457.20,2784.90,94.30,49,40,7.70,14.20,7.70,8.10,5,2.90
845,26892567,0,112812.90,2951.40,151.70,80.90,40.40,10.40,12.80,9,7.10,5.70,3
844,22011013,358320.90,51188.60,2488.30,181.80,85.20,37.10,11.40,11.80,9.50,6,6.10,3.10
843,15634628,357074.10,17003.50,4250.80,152,69.70,49.30,10.70,16.70,8.10,9.30,6.20,2.80
842,11035500,0,0,4065.30,204.60,90.80,54.80,12.40,17.30,9.70,9,6.50,3
841,11517653.60,731368,27087.70,3482.70,139,65.80,57.10,10.60,18.60,8.30,10,6.10,2.90
840,18085197,1059101,58838.90,5883.80,245.50,114.20,67.50,15.90,20.80,12.90,10.20,8,3.80
839,11101500,233306.20,23330.60,4022.50,145.80,67.90,44,10.10,14.30,8,7.90,5.80,2.80
838,11065500,79097.60,26365.80,3237.90,123.60,53.70,52.40,10,17.60,7.20,9.80,6.20,2.80
837,11152500,149089.30,0,1725.50,120.50,60.80,32.50,9.30,10.80,8.40,6,5.40,3
836,35170063.70,295347.30,0,2140.10,148.20,75.20,32.60,10,10.70,8.50,6,5.60,2.90
835,27140220,252623.60,19432.50,3508.60,121.80,60.30,42.10,9.50,16.50,7.70,9.20,5.60,2.80
834,22450618,0,60061.60,4869.80,187.90,111.60,52,11.10,15.90,10.80,8.30,5.50,3.40
833,15723801,121943.80,30485.90,2709.80,156.60,93.10,29.30,10.10,9.40,9.90,5.20,5.50,3.20
832,11032500,145322.10,0,2387.90,152.40,77.10,36.60,10.40,12.10,8.70,7.10,5.80,2.80
831,22464582.80,250492.10,62623,4174.80,205.20,96.20,59.60,13.80,17.90,11.10,9.10,7.10,3.40
830,17883898,354497.40,39388.60,3938.80,177.20,85.60,56.60,11.70,18.40,9,9.70,6.40,2.90
829,11077500,229413,57353.20,3018.50,136.30,68.70,41.40,9.90,13.40,7.90,7.50,5.70,2.80
828,10908000,270418.20,120185.80,2690.70,187.30,101.40,38.40,11.30,11.70,10.30,6.20,6,3.30
827,22297655,0,124917.30,3903.60,205.80,102.30,48.70,12.20,13.40,11.10,6.50,6.20,3.50
826,17370968,172177.80,43044.40,4199.40,197.90,91.10,65,14.10,19.50,10.40,10,7.30,3.20
825,10582500,175227.90,19469.70,1600.20,83.10,41.60,27.60,6.80,10.40,6,6.80,4.50,2.50
824,28595278.40,161532.80,53844.20,4096.80,211.10,103.90,43.50,12.10,10.20,11,5.50,5.90,3.40
823,21748476,127047,28232.60,3529,148.60,55.30,60.20,10.40,18.90,7.30,10.40,6.30,2.60
822,17058370,1041370,49589,5104.70,197.70,89.30,63.90,13,19.60,9.20,10.40,6.70,2.90
821,10500000,356550.50,33957.10,5402.20,179.60,95.40,62,12.50,19.80,10.40,10.80,6.70,3.20
820,17564689,290384.70,38717.90,3072.80,186.50,102.40,51.50,12.90,15.40,11.20,7.80,6.70,3.50
819,10639500,236017.90,33716.80,4214.60,171.20,103.70,59.10,12,18.20,11.40,9.10,6.40,3.70
818,28675998,140348.20,26732.90,3898.50,166,77,49.50,12,16.80,9.70,9.20,6.60,3.20
817,21651101,0,0,6775.20,167.30,75.40,54.40,10.80,17.60,8.90,9.80,6.10,3
816,16844082,0,121729.20,4564.80,183.60,106,52,13.20,14.50,11.90,6.90,6.50,3.60
815,10572000,0,59195.60,2573.70,182.70,94.20,51.20,12.40,15.80,10,8.40,6.50,3.20
814,29461344,0,38599.40,3711.40,136.10,83.70,42.20,8.60,15.20,9.50,8.10,5.40,3.30
813,22161317,259301.50,25930.10,5186,172.90,74.50,54.30,11.70,17.20,9.10,9.10,6.30,3
812,17408173,0,45851.60,3275.10,162.20,82.70,35.50,10,10.80,9.10,6,5.40,3
811,10653000,179583.40,59861.10,3627.90,156.80,77.30,50.90,11.30,15.80,9,8.30,6.20,3
810,17954602,63382.70,21127.50,1320.40,78.10,45.70,21.60,7.20,8.50,7.10,5.20,4.80,2.90
809,10669500,92390.50,30796.80,3849.60,159.40,77.50,47.70,11.60,14.90,9.60,7.80,6.40,3.20
808,17776969,95563.10,31854.30,2147.40,120.10,69.70,34.80,9.80,11.80,8.70,6.50,5.70,3.10
807,10785000,0,129601.10,3702.80,200.30,99.80,49.70,13,13.40,11.20,6.60,6.30,3.30
806,93388943.90,246326.10,65686.90,2692,133.10,63.30,36.30,9.30,12.20,8.10,6.80,5.30,2.90
805,82265988,0,38713.10,2732.60,142.10,69.20,41.30,10.10,13.70,8.40,7.60,5.80,2.90
804,72850000,223571.50,67071.40,5081.10,209.20,100,46.20,12.70,14.30,10.20,7.50,6.40,3.10
803,15874102,0,0,3539.70,156.30,69.90,52.90,11.40,16,8.70,8.50,6.30,3
802,10791000,381983.50,47747.90,6585.90,219.30,108.30,55,13.30,15.70,11.20,7.70,6.50,3.30
801,26656367,254780.40,42463.40,1179.50,99,62.30,26.20,7.50,11.50,7.80,7.90,4.60,2.80
800,22169936,0,62795.20,5091.50,185,99.10,62.90,13,17.90,10.90,9.40,6.60,3.40
799,15476457,0,41664.10,5681.40,231.70,113.20,71.60,15.50,20.50,12.10,10.10,7.40,3.50
798,10932000,1020652.90,85054.40,4725.20,215.40,108,57.20,12.80,18.50,11.50,9.30,6.50,3.50
797,34276743,137945.40,91963.60,3831.80,219.40,104.80,43.60,13,14.50,11.20,7.30,6.60,3.50
796,29532380,378884.40,27063.10,4209.80,167.40,76.40,55.50,11.50,16.80,8.80,9.20,6.20,2.90
795,22723433,0,0,4024.90,138.70,73.60,51.90,9.90,16,8.50,8.80,5.60,2.90
794,17749913,145322.10,22605.60,8073.40,164.40,65.80,58,11.30,18.20,7.90,9.70,6.40,2.70
793,10741500,186128.50,0,5170.20,208.30,97.70,59.10,12.80,19.10,10.40,10,6.70,3.30
792,36298267.30,337742.30,30021.50,3311.10,158.20,75.20,50.60,11.20,16.60,8.90,8.90,6.30,3
791,28100414,0,48033.90,4002.80,182.40,80.80,55.50,12.20,16.20,9.70,8.60,6.50,3.10
790,22844230,379032.50,126344.10,5414.70,223.70,102.80,68,13.80,20.10,10.70,10.30,7.10,3.20
789,15639792,382155.70,0,4392.50,222,99.90,57.80,13.70,19.30,10.90,9.80,7.20,3.50
788,10876500,544386.40,120974.70,2668.50,177.80,105,39,10.80,10.90,10.10,5.80,5.60,3.20
787,15679890,368649.70,30720.80,2457.60,124.50,84,33.80,10.40,10.80,10.30,5.60,5.90,3.40
786,11055000,135716.90,21288.90,3692.90,144,74.30,50.70,11.60,15.80,9.60,8.10,6.40,3.30
785,53193914,0,36534.90,3574,148.90,83.20,47.90,10.10,15.70,9.60,8.70,5.70,3.20
784,47673633,231385.40,38564.20,5932.90,184,99.70,60.70,13.40,19,10.90,9.90,7.20,3.30
783,38975399,0,0,3597.80,167.60,76.90,55.50,12.30,17.30,9.70,9.20,6.50,3.10
782,32843195,207643.90,59326.80,3993.10,203.90,90.60,67.20,14.40,21,10.10,10.80,7.60,3.20
781,24825416,209614.40,16440.30,3583.10,130.60,54.90,47.10,10.20,15.60,7.70,8.50,6,2.90
780,19376761,178147.80,39588.40,2699.20,134,64.20,40.30,9.40,13.20,8,7.60,5.30,2.70
779,10656000,0,89813.80,3454.30,147.50,76.60,53.10,10.90,17.30,8.90,9.30,6.30,3
778,72180000,241406.80,72422,4362.70,182.90,99,48.20,12.30,14.10,10.70,6.60,6.50,3.50
777,59016205,62732.70,27345,1777.40,73.70,48.10,33.30,6.80,13,6.90,8,4.50,2.70
776,52055697,0,38331.20,4152.50,152.40,68.40,59.90,11.10,19.30,8.20,10.40,6.30,2.80
775,43197448,293674.20,97891.30,3765,205.50,97.10,52.30,13.30,15.80,9.50,8.70,7,2.90
774,37807029,242496.10,80832,2694.40,174.30,102.30,36.70,11.10,11.10,10.50,6.10,5.90,3.30
773,30050324,0,0,4784.90,173.60,72.10,65.10,12.60,19.90,8.60,10.60,6.90,2.90
772,24682682,220314.70,55078.60,3734.10,143.50,65.60,60.50,11.20,19.20,8.70,10.10,6.40,3
771,16073137,751192.80,0,4038.60,141.50,62.90,57.60,10.10,18.50,7.70,10.60,6,2.70
770,11154000,0,29562.10,4223.10,163.30,87.80,53.40,10.40,16.90,9.20,8.80,5.90,3.40
769,11370000,0,26733.20,3880.60,156.60,76.40,44.80,10.60,15.70,9.40,8.80,6.10,3.10
768,5622000,0,24233.60,1762.40,93.40,52.20,30.10,7.60,10.20,7,6,4.80,2.60
767,16266792,377971.20,50396.10,4199.60,185.50,84.90,60.10,11.90,17.80,9,9.70,6.40,2.90
766,11247000,1067104.10,50814.40,5737.10,192.50,100.80,56.20,13,16.70,10.40,8.40,6.60,3.20
765,12413744,0,65134.80,3101.60,170.80,80.30,58.40,12.40,19.50,9.60,10.20,7,3.20
764,19476379,587098.20,78279.70,4163.80,204.50,108.30,51.70,13.70,14.90,12,6.90,6.90,3.70
763,11659500,193047.60,17159.70,3574.90,139.10,56.70,60.70,10.80,19.80,7.60,10.50,6.20,2.70
762,24754047,220515.40,36752.50,4711.80,177.20,66.50,55.70,12.80,17.60,8.30,9,7,2.80
761,16954080,360756.30,60126,4146.60,175.30,92.10,51.90,11.40,16.20,10.10,8.50,6,3.20
760,11751000,0,40160.50,5020,150.90,86.60,41.70,10.80,12.30,9.50,6.20,5.60,3
759,11727000,201210.50,44713.40,2484,176.70,85.90,55.60,12.70,18,10.10,9.60,6.60,3.10
758,19781351,0,24683.80,5289.30,155,93.20,52.60,11.10,16.20,10.10,8.40,5.50,3.10
757,11787000,270957.70,27095.70,4105.40,154.90,62.10,51.70,10.40,16.40,7.30,8.80,5.90,2.60
756,11737500,214232.20,71410.70,2879.40,176.30,91.60,34.20,10.80,10.50,9.90,5.40,5.80,3.20
755,31462687,0,23584.70,990.10,60,30.80,18,5.50,7.30,4.90,4.80,4,2.20
754,25517469,381582.80,54511.80,2687.20,166.90,80.30,39.10,11.30,12.40,9.20,6.50,6.20,3.10
753,17246777,757729.20,50515.20,3714.30,247.70,108.30,72,14.50,20.40,10.90,10.10,7.20,3.20
752,11851500,0,91646.60,5091.40,195.30,99.90,59.90,12.40,16.90,11.10,8.40,5.90,3.30
751,57837341,315219.50,0,9850.60,159.90,78.60,41.50,11.10,13.10,9.10,7.20,5.90,2.90
750,51217623,200201.80,22244.60,3538.90,134.60,54.60,51.10,10.50,17.20,7.40,9.40,6,2.60
749,40715869,0,58325,2916.20,147.40,65.70,44.10,10.50,13.80,7.90,7.40,5.80,2.70
748,34100271,1175106.10,78340.40,4896.20,165.40,70.40,46.90,10.90,14.90,8.40,8,5.80,2.70
747,26007143,260022.10,52004.40,4333.70,214.20,88.80,61.50,12.90,19,9,9.80,6.70,2.90
746,20235047,373794.70,0,2748.40,186.20,100,36.70,11.70,11.30,10.70,5.70,6.20,3.50
745,11766000,0,137598.40,3541.10,171.20,86.70,56.10,11.90,17.20,9.80,8.90,6.40,3.20
744,12935936.30,393432.70,30264,4574.70,176.30,68.40,65.60,12.90,19.90,8.80,10.50,7,2.90
743,17438916,129350.50,23518.20,1319.90,84.80,49.20,22.90,7.10,8.30,7,5,4.50,2.70
742,11763000,255073.10,0,2415.40,114.80,61.10,31.50,8.90,10.20,8,6,5.10,2.80
741,11848500,404235.60,38498.60,3641.70,161.90,79.20,54.20,11.40,15.70,9.40,8.50,5.80,2.90
740,149758000,1617162.40,37442.20,3056.50,150.20,68.90,44.20,10.70,14.50,8.50,7.90,5.90,2.90
739,143641614,241508.90,32201.10,3500.10,169.10,78.30,50.70,11.10,15.60,8.70,8.30,6,2.80
738,130128674,551772.90,43276.30,4087.20,183.70,84.70,57.30,12.10,17.80,9.60,9.20,6.60,3.10
737,114362313,511642.80,30096.60,1421.20,114.30,62.20,24.80,8.70,8.40,7.80,4.80,5.10,2.80
736,101812996,271449.50,57580.20,4726.70,206,99,62.20,13.10,19,10.60,9.90,6.80,3.30
735,88304909,333167.40,34171,3315,138.40,66.30,45.10,10.10,14.60,8.10,8,5.70,2.80
734,78370000,215228.30,33983.40,3398.30,152.10,69.10,43.40,10.20,14,8.30,7.80,5.60,2.80
733,25668301,97254,43224,1157.70,83.90,53,18.70,6.70,7.70,7.20,4.70,4.60,2.90
732,20137574,197160.30,78864.10,3865.80,167.80,80.60,55.50,11.70,17.80,9.30,9,6.30,3.10
731,11770500,260041.60,0,3611.60,138.90,81,39.60,9.50,12,8.70,6.70,5.10,2.80
730,68362889,0,25579.30,3564.30,180.10,91.60,43.80,11.30,12.90,9.70,6.40,6,3.20
729,59479470,0,50007.40,4412.40,191.60,101.40,49.60,11.90,14.10,10.40,6.90,6,3.10
728,52772468,200043.60,33340.60,2740.30,118.30,59.10,43.80,9.10,14.50,7.40,8.30,5.30,2.60
727,44245873,132973.20,18996.10,3243.20,139.30,62.20,50.50,9.90,16.50,7.60,9.30,5.60,2.60
726,37783420,217151.30,27839.90,1723.40,107.60,51.70,40.40,10.90,12.50,9.60,6.20,5.90,3.20
725,29994082,369962.80,35234.50,4404.30,181.60,78.70,52.60,11.20,16.30,8.50,8.30,6.30,3
724,24464842,207980.30,173316.90,2063.20,160.30,85.60,28.20,10.60,10.80,9.80,6.20,5.70,3.10
723,16991311,115285.10,0,3842.80,159.60,79.60,61.30,12.70,19.50,9.60,10.10,6.90,3.10
722,12000000,192324,26711.60,5342.30,151.10,76,53.20,11,16.90,8.90,8.50,6,3
721,43584628,157766.50,23904,2480.60,87.20,71,42.30,7.90,13.70,8.40,7.70,4.70,2.90
720,37718167,496371,27576.10,4596,152.70,58.90,54.90,10.30,18,7,9.90,5.80,2.40
719,30079457,0,48516.60,1410.30,90.20,53,24.20,7.10,8.70,7,5.40,4.40,2.60
718,24759542,256541.50,31095.90,4072,204.10,91.10,51.90,13.20,15.30,10.50,7.40,6.70,3.30
717,17029645,0,32968.40,2747.30,82.80,44.90,38.40,7.10,13.80,6.20,8.10,4.70,2.40
716,11977500,163443.80,23349.10,3986.40,151.10,79.40,58,13,17.50,11,8.60,7,3.50
715,29815964,0,0,2471.20,147.10,77.30,40.20,10.60,12.10,9.60,6.40,5.70,3.10
714,24470875,1033362.90,43056.70,1957.10,118.70,71.40,28,8.20,9.20,8.20,5.30,4.80,2.90
713,16916606,0,184181.60,2677,178.90,95.70,42.70,12.30,12,10.90,5.40,6.30,3.40
712,11878500,500505.10,111223.30,4069.10,173.70,90.80,56.50,11.50,19.10,9.40,10.10,6.40,3.10
711,53758144,0,0,2842.90,127.10,64.20,41.60,9.40,14,7.70,7.50,5.40,2.70
710,47789038,0,31957.90,3617.80,133.70,68.20,40,10.30,12.30,8.90,6.20,5.70,3.10
709,39193498,112104.30,0,2972.40,116.60,48,50.50,8.90,16.70,6.20,9.50,5.50,2.40
708,33347512,278795.10,74345.30,3954.50,173.90,86.70,44.50,12.30,13.10,10.30,6.40,6.50,3.30
707,25344616,251828,35975.40,2997.90,136.10,67.70,42.40,9.50,14,7.90,7.80,5.50,2.70
706,19914711,0,116852.90,4494.30,212.70,91.70,64.80,14,19.30,10.80,9.50,7.30,3.30
705,12021000,223500.80,44700.10,2598.80,130.50,85.20,32.60,9,9.70,8.90,5.60,5,2.90
704,19964918,154144.50,32697.30,3330.20,127.40,62.70,46.50,9.50,16.80,7.70,8.50,5.80,2.90
703,11983500,0,80481.50,2568.50,161.70,87.20,57.30,11,16.20,9.90,8.30,5.60,3.10
702,109589905,0,60654.60,3748.30,165.80,72.90,54.70,11.20,16.70,8.30,8.90,6.20,2.80
701,95933457,138484.30,29675.20,3405.30,169.70,64.20,48.10,11.20,15.40,7.30,8.20,6.20,2.50
700,86858395,476502.90,33438.80,4474.20,189.80,90.60,55.50,12.10,16.90,9.50,8.80,6.30,3
699,72437363,0,0,4047.20,146.20,81.20,42.80,10.70,13.90,9.20,7.50,5.90,3
698,64246871,250320.10,52150,3259.30,151.70,81.80,47.30,10,14.40,9.30,7.50,5.30,3
697,54445724,136065.80,24739.20,2194.60,101.40,47.10,32.70,7.90,12,6.10,7.20,5.10,2.40
696,48094706,379639.40,75927.80,4038.70,190,87.10,65.40,12.60,18.90,9.50,9.70,6.60,2.90
695,39669453,0,35456.20,7299.80,215.80,96,43.80,12.50,13.10,10.40,6.40,6.40,3.20
694,33974182,0,58982.50,2949.10,154.30,82.30,46.30,10.30,14.70,9.40,7.70,5.50,3.10
693,25746571,243327.90,60831.90,2829.30,156.30,76.70,41.60,11.30,11.70,9.30,5.90,5.80,2.90
692,20214823,1068992,50904.30,3711.70,157.70,80.20,59,10.60,17.70,8.60,9.60,5.80,2.80
691,12321000,227820.20,20710.90,3164.10,148.50,66.50,37.90,10.50,12.50,8.10,6.90,5.80,2.80
690,73205659.50,269069.90,224225,4576,208.20,97,59.70,12.70,18.20,9.70,9.30,6.50,3
689,62955401,0,37631.20,3272.20,131.70,63.10,51.50,10.10,17.10,8,9.20,5.80,2.70
688,56005506,0,27134.40,2183.20,133.10,69,36.70,9.60,11.90,7.80,6.60,5.40,2.60
687,46672601,376122,0,3917.90,162.20,80,45.60,10.30,14.50,8.30,7.80,5.60,2.80
686,40962533,0,44102.30,2450.10,146.80,78.10,29.60,10.70,8.70,9.80,4.30,5.70,3.20
685,32625427,0,30446.70,4510.60,148,78.70,53.10,11.10,16.10,8.90,8.60,5.90,2.90
684,26905670,104153.70,20099.80,3818.90,119.30,45.90,50.60,9.40,17.40,6.40,9.70,5.70,2.40
683,17853605,140107.60,38918.70,3155.50,160.60,67.10,52.20,10.80,16.90,8.30,9.60,6,2.70
682,12415500,0,0,3283.80,169.80,64.80,50,12.20,15.30,7.60,9,6.90,2.50
681,12457500,169485.60,0,2404,143.20,69.80,52.10,10.80,17.70,8.40,9.80,6.10,2.80
680,20942416,179315.40,51232.90,1519.60,117.50,66.50,20.10,8.20,6.60,8.20,3.90,4.60,2.70
679,12549000,0,73167.10,2494.30,144.10,68.60,29.70,9.30,9.30,7.80,5.10,5,2.60
678,21325022,373910.40,46738.80,2832.60,182.10,97.40,31.20,10.50,8.90,10.60,4.60,5.40,3.30
677,12603000,181079.90,60359.90,3894.10,158.60,86.70,54,11.10,16.20,9.30,8.40,6.20,3
676,107932603.20,251609.50,34534.60,2329.70,125.20,68.50,31.30,8.70,10.10,8.10,5.40,4.90,2.80
675,93707468,250798.70,37999.80,2824.30,126.80,66,44.50,8.80,14,8,7.60,4.90,2.70
674,82990000,316429.80,57532.60,4585.90,191,85.80,52.30,11.70,15.40,9.70,7.90,6,3
673,12375000,0,29043.30,3319.20,137.30,55,40.40,9.40,12.90,6.70,7.20,5.20,2.40
672,35072863,0,61031.60,2953.10,154,88.20,33.60,10.20,10.90,9.40,5.50,5.60,3.20
671,26289565,0,29828.20,1955.90,107,48.10,33.70,10,11.20,8.10,6,5.70,2.80
670,20630644,207772.30,49469.60,1236.70,93.20,61.40,21.10,7.40,7.40,7.90,4.30,4.40,2.80
669,12378000,0,466457.30,3239.20,192.80,99.60,50.10,11.60,15.60,11,8,5.90,3.40
668,20927566,187470.20,37494,2060.10,107.10,68.10,26.50,7.80,9.10,8,5.20,4.80,2.90
667,12445500,0,0,5086.80,151.50,71,52,10.50,16.20,8.60,8.10,5.70,2.90
666,21037161,553637.90,36909.10,3926.50,186.20,82.70,67.60,12.20,20,9,10.80,6.40,2.80
665,12433500,0,38645.50,6440.90,205.70,98.80,44.30,12.10,12.60,10.10,6.20,6,3
664,59249234,666220.40,37012.20,2960.90,119.90,68.60,43.10,8.70,14.60,7.80,8.30,5.10,2.80
663,49446896,169309.50,56436.50,4551.30,173.80,89.60,43.90,11,12.30,9.70,6.10,5.60,3
662,43002299,168155.90,78472.70,3065.30,181,89.40,46,11.30,12.80,10.20,6.80,5.60,3.20
661,33466125,0,29211.20,2190.80,150.70,88.30,33.60,10.60,10.10,9.80,5.10,5.50,3.10
660,27266155,577348.50,48112.30,5201.30,194.60,76.20,65.50,12.70,19.80,9.20,10.40,6.70,2.90
659,18577883,0,36506.60,3116.40,225.80,82.80,59.20,14,18.80,8.40,9.70,7.40,2.60
658,12453000,112865.70,19801,3188.20,127.80,53.10,50.70,9.30,16.90,6.40,9.70,5.60,2.30
657,54123899,164513.30,29031.70,3628.90,168,73.10,52.30,11.60,16.90,8.50,8.80,6.20,2.70
656,96289141,226781.70,58795.20,2519.70,148.90,81,30.60,9.70,10.10,9,5.60,5.20,2.90
655,83850382,125281.30,83520.80,2480.80,140.70,75.80,26.50,9,8.30,8.30,4.60,5,2.80
654,72089654,108519.60,14210.90,2286.80,92.20,40.40,38,7.70,13.40,5.80,7.80,4.80,2.30
653,62469261,216893.40,45186.10,3929.20,156.80,70.80,41.30,10.90,12.50,8.90,6.30,5.80,2.90
652,53875274,208839.80,29834.20,3423.60,136.20,61.60,47.90,8.90,15.10,6.80,8.50,5.10,2.40
651,44362413,160184.20,88991.20,4171.40,167.80,77.50,59.40,11.40,17.50,8.90,9.30,5.80,2.80
650,37664283,336526.40,29913.40,4487,172.10,70.50,55.30,11.50,17.70,8.20,8.60,6.10,2.60
649,26551498,0,0,3688.40,166.40,63.40,46.70,11.20,14.50,9.60,7.10,5.90,3
648,20874773,0,68541.50,4631.10,228.20,93.50,62.90,12.60,19.30,9.80,9.90,6.30,2.90
647,12445500,0,71777.50,1656.40,109.70,56.40,29.60,8.10,10.50,7.20,6,4.70,2.60
646,12429000,207924.90,57756.90,2113,99.40,58.70,26.60,7.40,8.90,7.30,5.20,4.60,2.60
645,26863588.20,359010.60,29917.50,1869.80,114.80,66.30,23.80,8.10,7.80,8.30,4.60,4.70,2.90
644,21186645,81094,29283.90,2928.30,134,75.10,47,9.30,14.70,8.50,7.90,5.10,2.80
643,12606000,0,32420,5972.10,213.50,83.50,69.70,13.10,20,8.70,10.40,6.70,2.70
642,83830000,227257.10,28407.10,2705.40,121.10,53.30,41.90,8.80,13.90,6.90,7.60,5.20,2.50
641,12682500,0,36358.20,4544.70,159,73.20,58.80,12.50,18.50,9.40,9.50,6.70,3.10
640,6255000,205782.60,114323.60,4182.50,186.30,86.60,60.60,12.40,19.30,9.60,10.30,6.70,3.10
639,18107223.80,0,44812.80,3394.90,128.40,73.20,43.70,8.70,13.30,8.50,7.40,4.60,2.70
638,12709500,151248.10,21606.80,2071.80,119,65.80,28.20,8.10,9.20,7.30,5.20,4.60,2.60
637,12856500,0,69565.50,3366,176.20,90.30,41.90,11.40,11.10,9.50,5.50,5.50,2.80
636,27080608,0,0,3616.50,194.10,83.40,57.50,11.40,17.40,8,9.10,6,2.50
635,18308847,0,0,4547.20,189.80,83.20,51.50,11.70,16.60,9.20,8.90,6.20,2.90
634,12711000,342839.60,114279.80,4761.60,206.30,94.30,48.80,13,13.40,11,6.20,6.40,3.30
633,43086063,399236.70,26615.70,1751,118.20,62.70,31,9.90,10.60,9,5.70,5.70,3.20
632,36840020,219076.30,19217.20,1587.50,103.70,56.90,26.50,7.60,8.70,7.30,4.90,4.50,2.60
631,27440665,0,195186.10,2103.20,166,87.90,29.90,9.10,9,9.20,4.80,4.90,3
630,21498731,0,35087.50,3373.80,121.90,79.10,48.60,11.10,14.70,9.10,8,5.80,2.80
629,12544500,174787.20,46609.90,3531,141.20,79.70,46.50,9.60,14.70,9.20,8,5.20,2.90
628,55193986,249875.80,41645.90,2288.20,166.80,82.50,40.30,11.40,12.10,9.60,6.10,5.90,3.10
627,45405876,100261.10,0,4050.90,152.10,69.30,54,10.90,17.20,7.70,9.20,5.90,2.60
626,38960567,288743.10,42776.70,4010.30,126.30,76.80,48.70,9.10,15.30,8.40,7.80,5.10,3
625,29412765,256130.20,0,3283.70,135.10,59.10,48.80,9.60,15.90,7.10,9,5.60,2.50
624,23253808,188016,36558.60,4218.30,129.10,57.60,44,9.10,14.90,6.80,8.20,5.30,2.40
623,12666000,40699,9225.10,2453.40,83.60,28.80,38.90,7.20,14.50,4.90,8.50,5,2.10
622,10801883,183930.70,28297,2216,143.90,78.10,30.10,9.20,10,8.70,5.50,5.10,2.80
621,12709500,139287.80,0,1967.30,121.70,71.20,30.40,8,10,7.90,5.70,4.60,2.70
620,10942818,81674.50,23594.80,2298.20,126.20,74.70,32.90,9.50,10.10,9.10,5.20,5.10,3
619,12931500,0,57123.80,3939.50,197.50,86,42.90,11.40,12,9.80,5.70,5.80,2.90
618,80738985,352991.20,52294.90,2262.70,160.90,80.30,35.60,10.30,10.70,8.90,5.30,5.40,2.90
617,68593880,230597.30,76865.80,4270.30,159.30,82.90,46.60,10.70,15.50,8.70,8.50,5.80,2.70
616,60621367,235420.40,56052.40,3216.10,148.70,76.50,49.50,10.60,14.80,8.80,7.80,5.60,2.80
615,51018937,0,0,4755.20,146.10,69.70,47.70,10.30,14.60,8.20,7.60,5.40,2.60
614,44134518,94551.60,29092.80,2148.90,76,44.40,30.60,6.40,11.40,6,6.70,4.10,2.30
613,34673271,0,41010,6475.20,186.50,95.20,58.60,12,17.50,9.50,9.10,6,2.90
612,28309281,275044.20,40747.20,4167.30,185,93.20,42.20,11.50,12.90,10.40,6.20,6.20,3.40
611,19184610,0,37790.60,2906.90,137.20,64.70,37.60,9.20,12.20,7,6.70,5,2.30
610,13081162,252202.30,31525.20,2711.80,117.50,65.40,42.60,8.80,13.20,8,7,4.90,2.70
609,12907500,0,0,2714.70,151.70,77.30,37.30,9,11.70,8.80,6.40,4.60,2.80
608,12925500,254019.10,0,1782.50,111.10,67,26.10,7.80,9.10,8,5.10,4.60,2.80
607,19201363,239904.20,79968,2789.50,179.10,74.90,40.30,10.90,12.40,8.70,6.30,5.80,2.80
606,12987000,0,281685.90,3321.70,147.20,89.80,48,10.10,15.60,9.70,8,5.30,3.10
605,28847237,0,84851.80,4105.70,175.30,79.30,60.70,12.10,18.70,8.80,9.80,6.50,2.80
604,22417687,0,19091.70,3942.80,120,41.40,55.10,9.40,17.50,5.60,9.70,5.60,2.10
603,12844500,56678.70,18892.90,1594.80,72.10,49.40,28.40,6.30,10.60,6.50,6.50,4,2.40
602,12843000,149161.90,18080.20,2968.30,152.70,80.90,42.70,10.60,12.90,9.30,6.80,5.50,3
601,79779517,246015.90,32802.10,3814.20,117.70,58.30,41.50,8.60,13.10,7,7.50,4.90,2.40
600,143627629,280394,41539.80,3338,156.30,77,49.30,10.60,14.70,8.70,7.90,5.60,2.80
599,125775679,118797.90,24513.80,2859.90,133.50,52.50,46.40,10.80,14.80,7.30,7.90,6.20,2.60
598,111780731,0,78645.10,3574.70,202.20,94,57.20,13,17.20,10.20,8.80,6.60,3
597,96181290,256023.70,22458.20,2294.10,100.40,59.40,29.80,7,10.60,7,6.40,4.50,2.50
596,85130000,391314.30,38364.10,2264.50,147.90,79.80,33.20,9.60,10.20,9.10,5.50,5.10,2.90
595,19080295,185954.90,0,4768,185.10,82.90,56.10,13.50,15.80,11,7.40,6.80,3.30
594,12841500,0,39955.40,3329.60,180,88.90,51.10,11.10,15.80,9,8,5.80,2.80
593,81381673.30,204490.70,42602.20,3704.50,131.40,60.30,50.70,9.60,17.20,7.60,9.10,5.60,2.60
592,73074352,76502.60,24158.70,2165.10,73.60,49.90,35.90,6.40,12.80,6.40,7.20,4.20,2.50
591,61122965,123225.70,57505.30,1482,95.90,54.10,24.20,7,8.30,6.70,5,4.20,2.50
590,53520165,137973.40,41392,4599.10,173.20,76.80,58.50,11.40,18.20,8.50,9.80,5.90,2.70
589,43382876,274601.30,91533.70,3520.50,140.50,68.20,48.10,9.50,15.10,7.40,8.30,5.30,2.50
588,36503084,0,248619.90,5039.50,208.30,95.30,68.90,13.90,20.80,10.70,10.50,7.30,3.20
587,27337587,241333.10,21939.30,4022.20,150.80,70.50,35,9.70,11.10,7.80,6.10,5.40,2.60
586,21355336,365684,45710.50,5540.60,180.90,104.40,58,11.20,16,11,8.10,5.40,3.30
585,12727500,0,27821.10,3091.20,152.80,91,40.20,10.90,11,10.20,5.40,5.60,3.20
584,27335676,218569.70,45535.30,1626.20,114.90,72.30,29.80,8.80,9.80,8.80,5.20,4.90,2.90
583,18557707,96672.70,22556.90,2891.90,74.20,37.10,47.30,7.30,16.30,5.60,9.40,5,2.20
582,12874500,0,34673.20,3333.90,213.60,108.40,50.90,13,13.20,11.20,6,6.10,3.20
581,12879000,80929.80,4316.20,1185.70,66.90,26,28.80,7.90,10.40,6,5.70,5,2.40
580,22422511,81919,25485.90,1481.70,83.90,44,24.40,6.80,9.50,6.40,5.40,4.60,2.60
579,12825000,245044.80,61261.20,2849.30,170.10,89,50.90,11.90,16.20,10.10,8.80,6.30,3.20
578,11268414,298639.10,36198.60,2804.10,155.90,86.50,32.70,9.60,9.90,9,5.20,5,2.90
577,12741000,361988,24132.50,2942.90,132.30,62.80,41.80,9.50,14.10,7.50,7.90,5.40,2.60
576,112017541,395566.50,73253,3296.30,171.10,90.30,41.50,11.10,12,9.80,5.80,5.70,3.10
575,96302211,0,41396.20,3557.40,148.30,71.10,51,11,16.70,8.40,8.80,6,2.70
574,85330000,336277.60,42034.70,3865.20,142,82.60,48,9.50,14.50,8.60,7.70,5.10,2.80
573,18770152,363234.10,0,2470.90,176.20,85,40.20,11.60,11.70,9.40,6.30,6.20,3.10
572,12997500,0,25880.80,2670.20,108.30,45.10,42.70,8.60,14.20,6.20,7.90,5.20,2.30
571,13135500,0,22522.30,1535.60,85.70,42.30,21.20,6.50,7.70,5.90,4.50,4.10,2.30
570,45058160,406734.70,81346.90,4150.30,160.60,70.10,53.40,10.50,17,7.60,9.30,5.70,2.50
569,34631815,105303.60,0,2275,136.70,71.40,33.10,9.30,10.30,8.30,5.40,5,2.80
568,28372232,371873.60,46484.20,3873.60,147.70,82.70,45.50,10,13.90,9.40,7.10,5.10,3
567,18874481,0,20107.70,1365.30,92.80,45.70,24,7,8.30,5.80,5,4.30,2.20
566,12981000,0,38198.70,5208.90,176.10,77.20,58.30,11.60,17.90,8.60,9.50,6,2.70
565,52357563,91600.90,19628.70,2694.10,97.10,56.50,42.30,7.50,13.60,7.30,7.50,4.60,2.60
564,44855571,242567.80,31098.40,2150.40,120.70,66.50,30.70,8.40,9.90,7.50,5.70,5,2.70
563,34628142,48881.10,17457.50,1373,76.10,43.30,25.60,6.60,9.40,6.20,5.60,4.20,2.40
562,27886637,0,33629.40,5966.50,168.90,56.70,53.60,12.30,17.20,6.40,9.30,7,2.20
561,19070109,240944.10,0,3886.10,166.20,96,46.20,11.10,14.40,10.60,7.40,5.70,3.30
560,13063500,262109.60,0,3235.90,165.80,76.60,43.90,11,13.90,8.30,7,6,2.80
559,6431250,66534.30,36963.50,1440.10,111.90,63.80,28.80,9.10,10.50,8.40,5.60,5.40,2.90
558,37772357,0,63866.40,3041.20,137,70,37.20,9.30,11.80,8.10,6.40,5.10,2.70
557,27777897,389124.20,51883.20,3930.50,179.20,101.10,56.80,12.60,16.10,10.80,8.40,6.40,3.20
556,21672986,282279.60,75274.50,4480.60,169.40,76.60,52,11.10,16.80,8.50,9.10,5.90,2.70
555,12441000,0,30199.90,3774.90,191.80,86.50,60.70,13.70,18.40,9.10,9.20,7.40,3
554,28307149,246070.40,51264.60,2595.60,143.40,78.80,32.30,9.90,10.30,9.10,5.50,5.50,3.10
553,18341712,269797.20,26979.70,3290.20,167.40,93.60,38.30,10.50,11.30,9.70,5.70,5.50,3.20
552,12216000,293022.70,26046.40,3756.70,132.20,58.10,57.70,10.10,18.10,7.20,10,5.90,2.50
551,10243449,606509,44926.50,4043.30,177.60,78.30,48.70,11.90,15.20,8.60,8.20,6.40,2.80
550,21875652,244247,37007.10,3392.30,161.90,90.60,30.40,9.60,8.90,9.30,4.80,4.90,3
549,12322500,243653,45120.90,4721.90,145.20,68,47.90,10,15.40,7.80,8.30,5.70,2.70
548,83087699,151413.40,27759.10,4550.60,156,78.70,51.40,10.70,16.40,8.60,8.80,5.70,2.70
547,70070413,254961.20,67989.60,3268.70,143.80,83.70,36.80,9.90,11,9.50,5.70,5.30,3.10
546,62293153,352695.90,29391.30,4053.90,173.10,81,59.50,11,18.50,8.70,9.80,5.90,2.80
545,51106703,0,101230.30,3531.20,147.10,68.80,44.10,9.90,13.60,7.90,7.10,5.60,2.80
544,44054164,331669.40,40202.30,2834.70,142.40,79.10,34.20,9.70,10.70,9.50,5.60,5.30,3.10
543,34505412,432869.60,48096.60,3069.90,130.20,68.20,37.60,9,12,8.10,6.70,5.10,2.70
542,27864810,158672.10,60446.50,3305.60,136.80,78.60,41.90,9.30,13.50,8.60,7.50,5,2.80
541,18165905,159589.70,29553.60,2509.20,124.70,59.80,43.40,9.80,13.70,8.30,7.20,5.50,2.90
540,12147000,106826.50,26113.10,1645.70,83,53.30,28.70,7.30,10.30,7.40,6.50,4.70,2.70
539,18330737,0,39290.30,916.70,165.90,93.50,56.50,12.60,17.30,10.30,8.90,6.50,3.30
538,12039000,160871,32999.10,2465.40,127.60,64.70,35.50,8.50,11.30,7.90,6.40,5,2.80
537,136124363,85914.80,24056.10,1728.10,105.50,59,29.80,8.60,10.60,7.50,6.20,5.10,2.60
536,122416477,240159.40,51462.70,2610.40,139.60,75.60,38.80,8.30,13.10,8,7.20,4.90,2.90
535,106443387,0,34286.40,3380.30,169.20,83.80,44.50,11.50,13.30,9.30,6.90,5.90,2.90
534,95574746,160569.50,39250.30,2858,111.50,64.60,37.10,8,12.70,7.70,7.30,4.70,2.70
533,82777654,196797.10,43732.70,3226.10,168.40,83.30,45.50,10,14.80,9.20,7.90,5.30,3
532,73585548,388055.50,47037,3804.40,127.60,62.80,43.50,8.60,14.50,7.10,7.90,5.20,2.60
531,62668378,243292.10,64877.90,3450.90,162.50,72.50,54.30,11.80,17.60,8.90,9.40,6.60,2.90
530,55297557,0,46099.90,5762.40,155.90,72.90,58.80,11.90,19,9.10,10,6.60,3
529,44407071,294686.80,24557.20,2584.90,206.60,101.70,46.10,13.30,13.30,11,6.30,6.80,3.40
528,37648529,216033.10,0,2512,176.80,77.20,36.50,10.70,10.50,8.90,5.40,5.60,2.80
527,27768213,80920.90,15866.80,2497.50,81.40,49.60,39,7.10,13.30,6.80,7.90,4.60,2.60
526,21701658,209766.20,32271.70,2231.50,102.80,60.80,35.30,7.20,13,7.60,7.70,4.40,2.70
525,12015000,0,36599.20,2725.40,114.10,73.40,47.20,9.40,15.30,9.40,7.90,5.20,3.10
524,79750000,116345,22518.30,3292.70,142.90,74.10,41,10.30,12.80,9,6.90,5.50,2.90
523,27120727,821669.30,22824.10,5267.10,174.10,84,52.70,11.50,16.20,8.80,8.50,6,2.80
522,21218945,248592,59188.50,4603.50,188.60,84.20,62.20,12.40,18.70,9.80,9.60,6.50,3.10
521,12058500,0,0,4476,192.90,114.10,46.20,11.80,12,11.40,5.80,5.50,3.20
520,21511885,137753.20,27550.60,1967.90,101.60,59.90,31.40,7.70,10.40,7.60,6,4.60,2.70
519,12016500,0,19192.20,2494.90,130.20,68.70,40.40,10,12.90,8.80,6.80,5.60,2.90
518,37827314.60,193217.70,75140.20,3046.20,156.70,83.70,35.70,10.80,11.40,9,6.20,5.80,2.90
517,27605924,215600.60,71866.80,4355.50,182.80,83.60,56.90,11.30,16.80,9.20,8.90,5.80,2.80
516,21380703,0,53860.40,4064.90,174.70,86.20,60.20,11.90,18.40,9.30,9.50,6.30,3
515,11914500,0,32139.80,3060.90,153.20,83.80,45.80,10.10,14.20,9.30,7.40,5.40,3.10
514,37709047,228738.50,41588.80,1243.10,98.30,58.50,18.30,7.50,6.90,7.30,4.20,4.70,2.80
513,27638401,445440.80,296960.50,4124.40,168.20,95,50.80,10.90,14.90,10.10,7.80,5.50,3.10
512,21173767,143967.70,71983.80,2273.10,152.30,77.60,31.20,10.10,9.70,8.80,5.40,5.50,2.90
511,11805000,0,41422.80,4999.30,211.70,101.40,45,14.10,20.50,10.60,10.30,7.20,3.20
510,148656000,1994322.90,50580.60,5100.50,181.50,81.50,59.40,11.90,18.30,9.10,9.80,6.30,2.90
509,151012000,1736317.20,40652.60,4639.70,168.70,86.30,56,11.70,16.90,10.30,8.60,6.10,3.30
508,142677285,501783.40,76027.70,4099.50,195.70,99.50,53.60,12.60,15.90,10.60,7.80,6.50,3.40
507,123419567,281708.10,46951.30,4401.60,189.90,99.10,54.90,12,16.40,10.70,8.40,6.10,3.30
506,110973507,200339.90,42739.10,3788.90,171.80,76.50,50.60,11.20,15.50,8.60,8.40,6,2.80
505,87418315,0,43831,3181.20,170.80,68.10,51.70,12.10,16.90,8,8.90,6.70,2.70
504,79035843,241674.70,80558.20,4778.80,161,70.60,60.50,11.20,18.40,8.40,10.40,6.20,2.80
503,67543388,0,33784,6032.80,219.60,89.60,64.70,13,19.90,9.40,10.10,6.70,2.90
502,60323858,167444.20,42934.40,3000.70,162.90,82.40,40.30,11.60,12.10,9.80,6.30,6.10,3.10
501,48445181,299764.80,29976.40,3655.60,148.80,78.50,46.80,10.50,14.70,9,8.10,5.70,2.90
500,42076911,332649.70,0,4620.10,205.90,103.10,60.10,14.10,17.70,11.70,8.50,6.90,3.50
499,32812559,202941.70,24598.90,2652.80,110.90,54,35.30,8.70,11.50,7.40,6.40,5,2.70
498,26900432,242313.30,21255.50,3481.50,138.10,47.10,51.20,10.80,17.20,6.40,9.60,6.40,2.40
497,17516871,0,40943.90,3838.40,144.20,58.60,59.40,10.40,19,6.90,10.30,6,2.50
496,12117000,0,0,3472.90,172.30,94.50,31.40,11.60,8.40,10.50,4.10,5.60,3.10
495,12109500,0,26564,3415.30,126,60.70,47.60,9.80,15.50,8.30,8.50,5.40,2.70
494,10814550,209152.20,24606.10,1596.50,132.60,71.50,24.70,9.60,7.80,8.60,4.10,5.30,2.90
493,12043500,0,37008.70,4178.40,152.10,64.20,66.90,11.30,20.30,8,10.70,6.30,2.70
492,63837543.60,102891.70,21661.40,3215.30,132.40,58.50,52.20,10.30,16.60,7.70,9,6,2.60
491,109315762,266505.80,76144.50,3416.70,147.10,81.40,48.80,10.50,16,9.50,8.40,5.90,3.20
490,97123444,340774,48682,4868.20,159.60,69.90,60,11.30,19.70,8.20,10.40,6.20,2.70
489,80806756,119832.10,14265.70,3840.70,98.50,47.20,50.90,8.50,16.80,6.50,9.30,5.20,2.50
488,71823678,177060.40,48289.20,2141.80,139.60,69.40,33.60,10.70,11,9,5.60,5.80,3.10
487,60290704,329253.10,32925.30,4988.60,188.20,106.70,54.20,12.60,16,11.40,7.70,6.40,3.40
486,53068969,377206,50294.10,3644.50,167.80,81.60,55.20,11.70,17.90,9.40,9.90,6.40,3
485,41232245,207268,19739.80,1946.10,106.20,65.50,26.60,8,9.30,8.10,5.50,4.70,2.80
484,35495169,177782.60,46091.70,4148.20,177.20,73.70,59.80,11.60,18.70,8.20,10.20,6.20,2.70
483,26250991,116460.30,0,1265.80,132.50,78.80,29.10,9.70,9.20,9.60,4.90,5.40,3.20
482,21084008,237040.50,98766.90,4703.10,200.90,100,57.70,12.60,17.80,10.70,8.60,6.50,3.30
481,12258000,303742.10,22499.40,3615.90,166.20,67.20,63.60,11.10,19.30,7.50,10.40,6,2.50
480,36231900,311562.90,103854.30,2806.80,197.90,88.20,46,12.30,14.70,9.60,7.40,6.40,3.10
479,26895374,239396.50,0,4127.50,172.50,87.70,35.80,10.60,9.50,10.10,4.80,5.30,3.10
478,21345735,0,32222,5523.70,213,71.60,71.30,15.50,20.70,8.10,10.60,8.30,2.50
477,12369000,0,0,4337.90,175.70,81.50,60.40,12.50,19.60,9,10.50,6.60,2.70
476,44408417,99842.70,19200.50,1770.20,103.30,64.50,27.60,8.40,8.90,8.60,4.90,4.80,3
475,32603075,120249.90,48099.90,2614.10,194.10,101.20,37,10.60,10.40,10.30,5.30,5.30,3.10
474,27033455,166205.40,29831.70,3878.10,129.50,71.40,47.60,9.60,15.30,9.10,8.20,5.20,3.10
473,18087550,239738.70,18441.40,3632.40,137.60,49.70,64.20,10.20,20.70,6.80,11.20,6.10,2.50
472,12522000,227458.80,42122,3645.10,185.10,68.40,63.50,12.30,20.10,8.40,10.60,6.70,2.80
471,12555000,0,106661.60,4444.20,161.70,90.10,49.80,10.30,15,10.20,7.70,5.20,3.10
470,21827112,162108.50,34386.60,4398.20,137.90,57.10,52.50,10.30,17.30,7.10,9.40,5.80,2.40
469,12508500,0,26857.60,3069.40,139.80,82,45.10,9.50,14.10,8.90,7.50,5.20,2.90
468,38034639.70,205015.40,45558.90,2135.50,109.50,56.80,26.10,7.30,8.70,6.50,5.20,4.40,2.50
467,28201173,0,49870.40,6926.40,170.10,91.60,54.60,11.10,16.30,9.90,8.10,5.70,3
466,22200501,402933.60,100733.40,4477,184.50,101.80,48.10,11.90,14.30,10.70,7,6.20,3.30
465,12525000,713667.30,39648.10,4101.50,177.60,84.70,40.70,11,12.30,8.60,6.10,6.10,3
464,22198232.50,0,56871.40,2095.20,112.60,64,28.40,8.40,9.30,7.80,5.20,4.90,2.70
463,12720000,136737.10,45579,3255.60,124,70.70,47.60,9.10,14.50,8.70,7.80,4.90,2.90
462,46432285.20,166822.60,27803.70,3835,124.20,44.90,55.50,9.50,18.20,6,9.90,5.50,2.20
461,35142486,0,18442.50,3310.20,122.60,52.20,47.10,8.80,15.40,6.90,8.70,5.10,2.40
460,28527269,156348.50,27795.30,5345.20,177.40,48.80,63.10,13.70,19.60,6.70,10.50,7.80,2.40
459,18731949,260001.30,32500.10,3823.50,170.20,80.90,60.90,12.30,18.60,9.30,9.90,6.70,3
458,12565500,1230792.40,82052.80,5259.70,177.10,76,62.20,11.60,19.50,8.70,10.30,6.20,2.80
457,45160170.50,0,24842.10,1552.60,97.40,51.80,31.30,7.70,10.80,6.50,6.20,4.70,2.40
456,38388399,129712.50,43237.50,5842.90,157.10,59.40,61.50,11.30,20,7.10,10.70,6.40,2.40
455,28074424,252525,42087.50,3006.20,182.60,90.70,47.40,11.70,15,10.10,7.20,6.20,3.20
454,22380458,304497.90,25374.80,2636.30,147.40,72.50,34,9.70,10.20,8.30,5.50,5.20,2.70
453,12523500,0,308363.90,7227.20,198,74.50,66.60,12.20,20.10,8.10,10.50,6.60,2.70
452,40627241,435634.50,36302.80,2757.10,103.80,53.30,33.70,8.10,11.40,7,6.50,4.90,2.60
451,30343120,0,27829.10,2608.90,128.70,73.40,37.30,8.50,11.90,8.20,6.70,4.70,2.80
450,24189679,150315.40,50105.10,2277.50,114.20,56.40,32.80,7.70,11.20,6.60,6.70,4.70,2.50
449,12394500,0,48064,2503.30,108.60,64,32.90,7.40,10.90,7.10,6.10,4.90,2.70
448,30177623,153060.70,17660.80,1077.80,77.20,41.60,23.90,6.80,9.30,6.40,5.40,4.60,2.60
447,50010872,0,0,4143.20,161.20,90.20,52.30,10.50,16.40,9.40,8.50,5.90,3
446,43303615,730948.40,81216.40,3583,197.20,108.20,55.50,12.30,17,11.40,8.40,6.20,3.50
445,31879970,0,49945.20,1950.90,159.40,90.50,25.20,9.70,7.30,9.30,3.90,5,2.90
444,25852188,413085.10,27539,4236.70,149.90,55.70,47.60,10,15.80,6.10,8.60,5.90,2.20
443,12549000,0,32848.70,2346.30,108.70,67.50,31.60,7.90,10.70,7.70,6.30,4.60,2.60
442,39175449,98038.80,22359.70,649.50,86.60,55.50,14.70,6.80,7.50,7.60,5.20,4.30,2.80
441,28908882,0,31247.50,4463.90,144,51.30,51.20,10.70,15.80,6.40,8.80,5.90,2.20
440,22918879,204997.30,34166.20,3306.40,144.70,68,49,10,15,8.20,7.90,5.50,2.80
439,12904500,171772.60,57257.50,2726.50,159.50,79.90,34.60,9.80,10.90,8.90,5.50,5.20,2.90
438,23341756,629166.10,46604.90,3554.60,134,68.70,54.10,9.50,15.90,8.70,8.40,5.20,2.90
437,12825000,720277.80,60023.10,3334.60,154.40,81.60,40.50,10.50,11.90,9.70,5.90,5.70,3.20
436,30126040,120540.60,49109.10,1872.80,124.50,71.40,23.10,8.20,7.60,8.20,4.50,4.60,2.70
435,18941023,0,0,2430.60,144,76.10,37,9.70,11.50,8.70,6.10,5.30,2.80
434,12850500,163623.40,34708,1491.30,88.50,57.90,26.80,7.70,10.50,7.90,6.20,4.90,2.80
433,12817500,0,244473.50,3704.10,172.50,75.60,64.20,12.10,20,9.10,10.60,6.30,2.90
432,58162735,176177.30,31320.40,1381.70,111.60,63.20,23.50,9,7.60,8.20,4,5,2.80
431,46793457,0,33276.40,2182,115,67.30,32.70,8.50,10.50,8.30,6,4.80,2.80
430,39862087,0,51244.90,2530.60,169.50,77.20,39.30,10.20,12.20,8.60,6,5.40,2.90
429,28991611,726102.60,0,4840.60,207.20,95.30,63.20,13.60,18.50,9.20,9.30,7.30,2.80
428,23734845,0,63977.70,3046.50,150.20,81,38.80,9.90,10.70,8.60,5.40,5.30,2.70
427,13059000,363386.60,80752.50,4845.10,148.40,60.30,55.90,9.70,19,6.80,10.70,5.80,2.40
426,20841013.80,220229.60,62922.70,2474.40,164.80,85.40,35.50,10.60,10.40,9.90,5.10,5.60,3.20
425,30927684,407335.20,0,3573.10,217.10,89.40,61.40,13.20,18.70,9.70,9.80,6.90,3
424,24130874,93333.50,33703.80,1685.10,96.80,64.40,23.50,7.70,7.70,8,4.20,4.50,2.80
423,13152000,153731.80,42703.30,4417.50,132.50,57.40,61.70,10.60,19.70,7.40,10.50,5.90,2.50
422,101203600.70,116013,25220.20,993.20,81.80,48.50,25.90,8.50,9.40,8.20,5.10,5.20,3
421,86290000,226366.80,28295.80,2902.10,147.30,63.50,48.60,10.30,15.90,7.90,8.50,5.70,2.60
420,13912755,220986.10,18415.50,2232.10,120.10,52.80,37.70,9.30,12.40,7.40,6.60,5.50,2.60
419,30913743,855670.10,95074.40,2376.80,163.10,92.60,29.50,9.70,9.10,10,4.80,5.10,3.20
418,23961854,0,49531.30,2330.80,132.50,74.10,31.90,9.70,9.70,8.80,5,5.20,2.80
417,13039500,0,30635.10,2988.70,131,62.90,51.80,9.50,16.90,7.40,9.10,5.40,2.50
416,13108500,0,40908.90,3787.80,145.30,59.20,51.30,10.20,17.10,7.40,9.20,5.60,2.50
415,140822522,246962.20,98784.90,2838.60,147,77.50,53.80,9.90,17.20,8.20,9.40,5.50,2.60
414,126867263,404157,112265.80,3701,147.90,75.50,45.90,9.80,14.10,8.20,7.60,5.20,2.70
413,111920466,196605.90,39321.20,2621.40,172.20,91.50,43.20,11.40,15.60,10.30,8.10,6,3.30
412,101404135,245597.20,33709.40,2558.30,135,77.50,33.60,9.60,10.80,8.80,5.60,5.30,3
411,87376837,242189.10,40364.80,2306.50,113.80,61,30.10,8.20,9.90,7.60,5.20,4.80,2.80
410,78976312,80504.90,25256.40,980.20,74.70,47.40,17,6.50,6.20,7,3.70,4,2.50
409,65488523,206769.90,0,3362.10,160.30,89.40,34.80,9.80,11.40,8.90,6.20,5.10,2.80
408,58085462,0,24627.50,4453.90,120.50,46.40,54.40,9.30,17.80,6.50,9.60,5.60,2.40
407,47058914,0,32997.10,2179,129.30,71.30,31.40,8.40,9.20,7.70,4.90,4.50,2.50
406,40675287,206090.10,29441.40,1338.20,85.90,60.30,20.70,6.30,8.10,7.30,4.90,4.30,2.60
405,30055771,0,0,3441.60,162,65.30,57.40,10.50,17.10,7.10,9.10,5.60,2.30
404,23440309,610164.70,31290.40,5811,183.80,70.40,67.50,12.30,21.50,7.80,11.50,6.60,2.40
403,13080000,0,54774.80,1422.70,86.30,56.20,23.40,7,8.10,7.10,4.90,4.20,2.50
402,23933989,417450.70,37950,3313.10,107.60,50.50,48.10,8.80,16.40,6.90,9.20,5.30,2.50
401,13272000,362346.90,30195.50,4313.60,155.40,59.40,57.40,10.10,18.80,7.40,10.20,5.60,2.50
400,6612750,107259.60,39328.50,2286.50,125.40,65.70,30.30,8.50,9.60,7.70,5.10,5,2.60
399,20319793,0,42950.60,1952.30,111,63.70,28.10,8.50,8.90,7.90,4.80,4.60,2.70
398,13173000,0,61038.10,3338,162.50,88.70,44.70,10.40,12.90,9.70,6.60,5.10,2.90
397,161653000,1779995,56753.40,3669.40,165.70,73,58.60,11.60,19.30,8.70,10.40,6.40,2.90
396,164761000,3314251.30,46893.80,3962.80,172.90,77.20,53.80,10.90,17,8.60,9,5.80,2.80
395,159008879,219221.40,46976,3192.50,148.30,74.60,40.40,9.60,12.20,8.50,6.40,5.10,2.80
394,141820902,159128.50,26521.40,2923.60,108.10,59.60,42.30,8.10,13.60,7.60,7.40,4.70,2.60
393,120687895,261260.20,48381.50,4268.90,164.60,79.50,49.30,10.20,14.20,8.90,7.30,5.10,2.80
392,107428374,588791.60,17842.10,3345.40,147.40,61.90,54.70,10.80,18.10,7.60,9.70,6,2.60
391,91693456,0,37297.50,4303.50,144.50,73,44.80,10,13.50,8.50,6.80,5.20,2.70
390,82001875,157221.20,40313.10,2278.50,112.30,61,29.10,7.80,9.50,6.90,5.20,4.60,2.60
389,68132630,0,45003.10,3857.40,162.20,63.80,60.50,10.50,18.70,7.40,10,5.80,2.40
388,60872491,294622.40,37772.10,5455.90,179.40,79.60,65.50,12.40,20.70,8.70,10.80,6.70,2.70
387,48962688,282940.50,47156.70,3627.40,183.90,80.10,61.40,12.30,19.20,8.80,9.90,6.50,2.80
386,41359053,249617.50,46225.40,3924.80,172,88.20,42.80,11.60,11.80,10.60,5.40,5.70,3.30
385,29730067,0,29040.30,1722.70,85.50,41,40.40,7.20,14.30,5.70,8.30,4.50,2.20
384,23752200,149598.10,26595.20,2493.30,86.10,52.70,39.40,7.10,13,6.90,7.40,4.40,2.50
383,13102500,105602.30,0,4061.60,116.50,69,35.20,9,11.30,8.20,6.10,5,2.80
382,24115451,163385.50,33514.90,4951,172.90,65.90,72.10,11.30,21.50,7.30,11.40,6.30,2.50
381,13143000,229830.50,38305,4104.10,194.80,108.30,58.70,12.30,16.90,11.40,8.10,5.80,3.40
380,105892179,266426.20,30890,3624.80,140.90,67.90,45.90,9.30,14.20,7.90,7.60,5,2.60
379,88200000,94404.40,51135.70,1391.40,95.90,59.40,20.90,7.10,7.20,7.30,4.20,4.30,2.60
378,25227296,0,31471.70,2866.50,126.80,52.30,44.10,15.50,14.80,8.70,6.90,5.70,8.15
377,13335000,0,0,4805.40,193,84,71.50,20.90,21.50,11.90,8.80,6.50,9.13
376,38301216,249297.60,79589.90,4997.70,182.40,76.70,70.30,21.70,20.40,12,8.60,6.90,11.31
375,25974202,156654.40,36610.80,3293,183.30,87.70,48.10,19.60,14,11.80,6.10,6.20,9.53
374,13275000,357455.60,67626.70,3916.60,199.10,82.80,55.50,21.60,16.10,12.20,6.60,6.70,10.21
373,13269000,0,27671.80,2196.10,112.50,49.60,35.80,14.10,12.30,8.10,6,5.10,7.06
372,60861008,260835.50,39187.50,1720.90,117.40,54.80,30.40,15.70,10.10,9.80,4.80,5.40,8.17
371,94101577,233137.30,36502.40,4021.90,141.90,65.40,55.70,17.20,17.10,10.60,7.70,5.80,8.91
370,71628834,281393.80,79855,3802.60,190.70,93.50,52.30,19.80,15.40,13.10,6.70,6.30,10.85
369,53278317,227826.30,0,2979.40,177,85.20,42.70,17.50,12.70,11.50,5.60,5.60,8.21
368,37687076,418118.30,88991.40,5085.20,227.60,100.10,66.30,23.50,17.50,14.40,7.20,6.80,11.68
367,24146665,360605.70,68222.70,4616.50,230.90,114.20,54.40,21,15.10,14,6.40,6.30,10.16
366,12714000,168568.60,77735.20,3390.80,133.10,58.80,58.10,16.60,19.30,10,9,5.50,11.14
365,4873639.80,226621,45936.60,3994.40,181.80,83.80,52.80,20.60,15.70,13.10,6.70,6.50,50.81
364,12940500,183908.80,71761.70,4362.40,197.90,91.90,54.90,19.40,15.50,12.30,6.70,5.80,8.82
363,12354361,130177.90,20934,2451.20,80.30,41.80,40.80,11.90,14.40,8.10,7.10,4.70,8
362,12657000,273664.20,69032.40,5283,186.70,83.40,73.80,20.60,21.70,12.30,9,6.70,12.25
361,12487500,259514.70,0,5009.90,157,71.80,67.70,20.50,21,12.30,8.90,6.60,10.31
360,13178614,362016.10,59928.30,5771.50,241.10,104.60,75,24.20,21.80,14.40,8.70,7.50,13.81
359,16301884,388384.20,88173.70,3558.20,206.40,90.10,54,22.80,16.80,13.10,6.90,7.40,11.51
358,37234742,349534.30,53411.10,4167.70,214,102.30,58.30,22.10,17,14.10,7,6.70,11.49
357,24100215,555110.60,0,5488.80,201.10,91,76.90,20.90,21.80,12.50,9.30,6.30,11.06
356,12748500,541175.90,0,3134.20,159,73.90,53.80,19.50,17.10,11.90,7.30,6.60,11.79
355,38556253,300602.30,68244.80,3692.90,195.20,95.60,48.30,21.70,14,14.20,5.60,6.60,10.40
354,25874272,99411.70,34480.60,4182.20,167.60,71.90,60.20,19.50,17.60,11.80,7.70,6.30,9.22
353,13716650,263738,46777.80,3405.10,158.90,57,51.20,18.60,16.40,9.50,7.50,6.40,11.07
352,25300621,425575.60,46450.50,2954.20,138.90,77.80,51.10,16.40,16.20,11.70,7.30,5.40,9.08
351,13042500,0,58101.10,5533.40,174.60,74.10,71.90,19.30,22.20,10.80,9.50,6.40,9.59
350,13115962,167269.80,44077.80,2003.50,107.80,62.60,28.60,13.20,9.20,9.60,4.50,4.80,7.67
349,13152000,333244.60,94569.40,4590.70,253.80,128.20,56.20,27.10,15.10,17.10,5.50,7.90,13.20
348,113019926,521015.20,70036.90,4569.70,207.80,94.30,63,22,18.90,12.80,7.90,6.80,121.89
347,87100000,268411.50,67707.40,2237.80,129.80,61.60,40.40,17.20,15.10,11.10,7.40,6.30,10.53
346,12235471,433186.60,122931.30,3540.60,232.80,97.80,55.50,23.50,15.50,13.10,6.70,7.20,10.76
345,12558000,0,37677.10,4186.30,146.50,65.70,59.30,17.70,18.10,10.50,7.80,5.90,8.34
344,12454500,0,42504.10,1572.40,150.60,76.30,54,18.70,16.10,12.30,7.20,6.20,8.88
343,12543000,179185.20,55934.80,3769.10,196.20,83.80,55.70,21.90,17.10,12.30,7.20,6.90,10.07
342,6173250,283647.30,56346.10,1871.90,151.70,70,35.30,18.40,13.50,11.10,6.80,6.60,10.93
341,12202500,495204.30,80303.40,4015.10,230.70,91,62.10,24,17.70,12.80,7.80,7.40,55.56
340,4093500,129787,34892.90,2675.40,151.80,72.40,44.40,17.20,14.50,10.80,6.50,5.90,9.24
339,12502500,693573,98412.30,4055.40,169.10,94.90,58.10,18.10,17.90,12.90,8,5.90,13.03
338,23414853,533765.70,55081.40,2607.10,165.80,72.40,41,18.90,13.20,10.70,6.20,6.30,9.80
337,12592500,337219.80,191395,5126.60,196,97.20,65.90,23.50,18.60,14.40,7.40,7,11.25
336,35767540,177015.10,50234,6057.90,218.30,108.50,77.80,27.10,23.50,16.80,9.90,7.80,12.89
335,23591586,349323.70,297397.20,3218.50,165.70,89.50,44.90,19.10,15.80,13.20,7,6.60,10.57
334,12424500,0,0,6204.40,246.40,106.20,79.60,26.20,22.30,14.40,9,7.50,10.40
333,23090988,267525.20,46719.50,3707.90,124.60,63.40,58.50,16.50,21.60,10.70,9.80,6.40,11.14
332,12540000,0,550723.30,6587.60,302.20,140.60,81.10,28.10,23.30,16.10,9.50,8,17.04
331,12408000,263598,66493.20,4190.70,160.80,75.20,72.10,19.70,21.40,12,9.20,6.70,51.76
330,12442500,0,51975.40,3964.80,207.90,89.90,59.10,22,17.40,12.60,7.40,6.90,9.22
329,12693000,264921.70,120288.80,4619.30,240.80,100.50,50.50,22.80,12,13.90,4.80,6.50,47.26
328,13072500,258472,39120,2951.70,146.60,75.90,46.70,17.30,14.10,11.30,6.40,5.70,8.56
327,84451320.60,242957.10,43875.50,5107.20,202.60,100.10,79.80,22.60,21.50,14.50,8.90,6.80,163.37
326,67967955,0,31724,2710.50,136.80,55.70,50,15.80,16.30,9.10,7.30,5.50,7.83
325,52603784,238034.30,61921,3446.40,184.40,85,55.10,18.70,16.40,11.20,6.90,6.20,10.10
324,38064784,612294.20,77226.30,5225.80,250.90,110.20,75.90,23.10,19.50,13.60,8.10,6.80,13.26
323,25378348,0,28398.40,2429.20,109.50,50.20,39.60,14.10,13.20,8.80,6.20,5.10,7.02
322,13177500,349803.10,119122.10,3376.40,158.30,78.20,51.50,16.50,16.30,10.70,7.50,5.50,10.07
321,13339500,198533.10,46950.40,2834,125.40,71.90,50,15.30,16,10.90,7.20,5.30,8.42
320,39754555,416636.30,59117.30,4735.70,212.80,97.90,56.40,22.70,16,13.50,6.80,7,115.47
319,26412247,220914.80,52243.30,3893.90,184.70,86.60,55.70,19.70,15.90,12.20,6.70,6.20,10.32
318,13633500,367413.80,125119.30,5958,228.10,110.30,69.50,22.60,22.30,15,8.90,7.10,12.79
317,41706216,307736.60,69864.50,3838.70,201.10,92.40,55.50,20.30,16,12.90,6.90,6.10,9.64
316,26963008,163961.40,40713.40,2658.80,103.40,56.40,51.40,14,17.10,9.80,8,5.20,8.26
315,13222500,0,52964.60,4988.80,229.20,109.30,76.90,22.70,22.70,15,9,6.70,10.10
314,56008113.20,395255.90,67300.30,4108.60,217.80,91.60,59.90,23.20,16.30,12.90,6.70,7,64.28
313,87570000,250839.30,71184.10,4647.10,219.50,104.70,68.70,24.70,19.50,15.30,8,7.20,12.13
312,25403095,0,59094.80,2573.80,147.10,74,37.70,17.10,11.50,11.60,4.80,5.60,7.22
311,13197000,0,57669.70,3677.90,147.50,65.40,59.60,17.50,17.80,10.70,7.60,6.10,8.66
310,26151124.20,0,50000.30,3184.70,120.20,71.60,42.60,18.40,15.20,11.40,6.60,6,71.14
309,38666984,577360.30,109230.30,6159.60,223.70,100,73.60,21.40,22.40,12.20,9.70,6.70,11.92
308,25315385,207513.40,49074.10,2580.50,137.60,76.40,33.80,14.90,10.90,10.40,4.90,5.20,8.77
307,13590000,345806.80,98134.30,1752.30,126.70,71.50,26.90,13.50,8.90,9.80,4.20,4.70,6.95
306,52883496,867566.80,67145.80,4587.60,228.20,101.60,66.80,24.10,18.80,14.70,7.70,7.30,14.75
305,39585642,616198.60,87433.50,7457,289.10,129.30,91.70,29.60,24.60,17.80,9,8.70,16.80
304,26301056,140538.70,74779.90,3621.30,197.50,84.10,60.10,19.50,17.40,11.70,7.40,6.10,9.08
303,13660500,176470,32404.20,3513.20,86.50,41.30,54.70,12.50,18.20,7.20,8.70,4.80,7.91
302,13536000,312039.80,103310.50,4564.50,201.80,89.50,59.70,20.50,18,12.70,7.80,6.40,11.21
301,14839480,241561.90,48965.20,3242.70,138.40,71.10,47.70,15.60,15.10,10.40,6.80,5.10,7.94
300,45570835.50,0,62415.30,3184.40,158.50,77.30,47.50,18.40,13.90,11.90,5.80,5.80,136.46
299,71278155,464999.70,46573.90,3326.70,172.30,85.20,50.70,20.30,14.40,12.30,6,6.30,9.37
298,55868893,279013.60,47507.70,2664.90,143,63.10,41.20,18,13.30,10.30,5.90,6.10,9.39
297,40391228,0,0,3550.40,157.80,77.10,54.10,17.10,16.80,11.30,7.20,5.60,7.94
296,27066647,437940,51783.40,3170.40,148,78.70,46.90,17.40,14.40,11.60,6.60,5.80,9.98
295,13764000,0,45339.70,4224.10,187,96.60,53.40,18.60,14.60,12.30,5.80,5.50,7.74
294,13830000,0,45393.50,2925.40,125.80,59.30,45.80,15.20,14.40,9.10,6.40,5.20,7.64
293,90740000,360223.90,59183.30,3788.60,177.90,78.60,53.70,20.10,16.30,12.20,6.90,6.50,10.34
292,37805108,460154.70,59356.50,3672.20,211.90,94.70,50.80,22.20,14.70,13.20,6.30,6.80,10.27
291,24942782,349732.70,99248.40,3375.70,161.70,81,49.60,18,15.60,11.40,7.10,5.90,9.56
290,13219500,263795.70,11977.50,5859.90,267.20,128.60,63.30,25.60,16.60,17.10,6,7.60,12.35
289,32731271,273165.90,45600,2796.50,134.50,71.10,37.10,17,11.60,11.20,5,5.60,8.32
288,49372566,0,51234.30,3716.70,164.10,72.20,54.90,18.70,16.90,11.20,7.30,6,8.48
287,35727239,277740,48503.40,3106.10,125.10,60.30,45,16.30,14.50,10.40,6.50,5.80,9.14
286,23957846,165198.70,0,2890.80,128.90,59,42.40,15.50,13.30,9.30,6.30,5.20,7.60
285,13008000,286508.50,47428.70,3359.70,176.70,102.40,40.30,17.30,15,13.30,6.40,6.40,11.64
284,49802092,257824,50653.50,2294.40,155.10,69.90,36.30,18.30,11.30,10.80,4.80,6,8.12
283,36399342,244958.20,48125.90,4099.80,190,87.90,49.80,20.60,16.60,12.90,7.30,6.90,10
282,24056336,531733.10,67065.40,5132.50,236.90,114.90,70.50,23.50,20.60,14.30,8.60,7.40,12.77
281,12787500,0,30309.40,2214.10,123.90,56.30,39,17.10,13,9.50,5.90,6,7.74
280,12853500,291549.80,96526.60,2154.60,128.90,65.70,35.60,15.60,11.60,10.70,5.20,5.50,8.95
279,24951269.40,248468.20,88139,2596.10,169.60,82,43.20,19,13.80,11.70,6.20,6,71.55
278,37574774,274036.10,47856.60,2645.10,150.80,80.50,39.10,17.30,11.90,12,5.20,5.60,8.18
277,24953014,539516.40,47109.50,4915.10,250.10,103.50,70.40,24.80,18.90,14.60,7.40,7,11.73
276,13254000,272536.40,60154.40,3195.90,161.80,68.50,49.10,17.60,15.60,9.60,6.80,6.10,9.10
275,13402500,550363.80,89248.10,4648.30,201,95,55.20,20,15.90,12.60,6.60,6.30,12.38
274,113229891,244317.60,47146.70,4431,177.40,78.80,68,19.70,20.30,11.30,8.60,6.10,9.35
273,88364737,211152.20,36874.80,3141.30,162,89.30,44,19.40,12.70,13.30,5.20,6.10,9.49
272,69762491,207334.10,63741.20,2589.30,124.90,63.80,37.90,15.40,12.20,10,5.50,5.40,8.12
271,51694404,273913.80,36820.50,3028.50,158.60,64.20,49,17.50,14.90,10.60,6.60,5.60,8.55
270,38126495,753913.20,80230.60,4494.70,215.60,107.50,61,21.80,16.90,13.70,7,6.70,12.39
269,25879558,0,77807.40,4228.60,200.10,77.80,57,22.40,16.30,11.70,6.50,7.10,9.23
268,14082000,0,50475.50,3795.10,185.60,86.90,65.40,19.50,19.60,12.20,8.10,6.10,9.07
267,14023690,0,29510.20,1925.90,127.10,59.80,37.20,16.30,12.30,9.70,5.60,5.50,7.24
266,14858473,170194.60,27047.10,3285.60,133.80,52,62,18.70,19.20,10.40,8.20,6.40,9.80
265,45060000,198425.40,38713,3277.20,134.80,70,46.10,15.10,14.80,10.20,6.70,5.10,8.25
264,38191683,399943.80,85123.10,4462.50,214.30,96.40,65.60,22.40,18.70,13.40,7.90,6.80,12.12
263,25094625,0,136776.50,3907.90,176.90,77.70,54.70,18.10,17.60,10.40,7.90,5.50,8.55
262,13461000,0,0,5678,154.30,67.40,63,16.80,20.10,10.40,8.50,5.90,8.40
261,6563250,70522.60,16481.40,464.80,26.30,13.10,35.90,17.30,12.50,12,5.40,6.40,10.47
260,25509888,0,63787.20,5541.30,236.80,114.90,56.70,23.60,14.70,15.30,5.80,6.70,9.40
259,14193000,454839,0,4852.40,251.30,115.50,60,24.70,15.60,14.80,6,7.20,11.10
258,13554000,311877.50,75862.10,2809.70,137.10,64,43.60,16.20,13.40,10.10,6.10,5.30,8.46
257,50993587,192230,50655.20,3165.90,140.80,59.50,55.30,16.80,17.50,9.10,7.70,5.70,8.54
256,38731512,432608.40,0,4818.10,261.90,123.20,76.80,26.70,20.20,15.80,7.60,7.90,13.51
255,25725186,0,0,2773,129.20,69.90,47.20,15.20,14,10,6.30,5.10,7.02
254,14019000,0,164066.40,3624.40,224.90,103.70,49.20,20.80,12.40,13.80,4.90,6,8.26
253,6723750,494165,62327.10,2946.10,190.70,91.70,49.30,20.90,15.20,13.90,6.60,6.50,11.27
252,12993000,102331.40,0,1876.20,119.30,67.60,36.90,15.90,11.70,11.20,5.40,5.40,7.39
251,23209583,0,36522.80,3114.90,143.70,63.20,47.50,16.70,14.60,10.20,7,5.80,8.24
250,12733500,212306.60,36149.50,3797.20,157.80,73.50,54.40,17.90,15.90,10.80,6.90,5.80,9.18
249,12916500,149227.40,28975.10,2354.60,98.80,51.80,43.40,13.70,15.20,8.90,7.40,5.10,8.08
248,12232500,296197.90,34611.30,3335.50,125.90,53.60,51.40,15.50,16.40,9.40,7.70,5.40,9.07
247,17036151.50,203760.30,77098.50,2664.60,165.10,91.10,47.60,20.80,13.90,14,5.90,6.60,11.78
246,22430836,376398.90,0,5651.60,206.20,85.60,66.80,21.20,19.40,11,8.40,6.60,13.13
245,11643000,433035.50,0,3251,152.50,87.70,46.50,16.50,15.40,11.90,7.10,5.90,9.46
244,22911461,804374.70,0,3821.40,186.70,75.20,61.70,22.50,19.40,11.90,8.30,7.30,15.31
243,11697000,335845,41696.90,4038.40,123.90,68.50,59.80,16,19.70,11.20,9.10,5.60,10.04
242,102804000,7055142.10,62713.10,4997.80,212.90,93.60,77.20,23.10,23.20,13.70,9.70,7.40,34.63
241,11848500,249195.50,0,4329.60,197.90,84.30,66.60,21.90,20.10,12.30,8.60,7,11.46
240,11902500,249285,57880.60,2628.70,165.40,77.90,35.30,18.90,11.30,11.60,5.10,6.50,9.16
239,48247118.50,363663.20,78918.90,4336.20,188.60,87.50,53.80,19.30,16.10,11.60,7.20,6.10,11.59
238,73535143,343531.30,51309.80,4903.80,239,109.10,61.60,23.70,16.60,15.30,6.60,7,11.97
237,56497830,0,58785.80,2006.80,135.10,76.50,30.50,15.50,10.40,11.60,5.30,5.50,7.27
236,42652554,385838.40,109494.60,4512.10,165.10,83.80,54.70,18.70,17.20,12.60,7.80,5.90,10.03
235,31572685,205974.90,71441.70,4592.60,194.30,100.90,55.70,19,16.50,12,7.20,6.50,10.80
234,21278542,0,24303.60,2734.70,121.40,62.10,51,17.60,17.20,11.20,7.90,6.30,8.60
233,11836500,0,33482.50,2114.10,108.40,55.20,34.50,14,12.30,9.70,6.30,5.30,7.57
232,11904000,492963.90,69947.50,4441.10,167,85.40,61.50,18.60,18.10,13,8.10,6.10,12.06
231,12022500,129407.50,45904.70,3482,126.80,60.60,49.10,14.40,16.70,9.40,8.10,5.30,9.70
230,11887500,0,183229.30,1878.60,120.90,67.70,29.40,14.80,10.10,11,5.30,5.20,7.44
229,46162270,842187.50,71699.70,3181,184.90,98.50,46.30,20.50,13.80,14.30,6,6.50,11.39
228,34282210,0,105679.20,3102.10,211.10,99.90,47.30,22.20,13.20,14.80,5.40,6.70,9.09
227,23643210,277657.90,0,3808.50,236.60,104.90,57.60,24.60,16.20,13.90,6.90,7.50,10.85
226,12021000,0,42095.70,3870.10,156,70.10,58.10,17.80,18.30,10.50,8.30,6,9.32
225,11785500,0,50373.60,3533.80,179.40,69.50,45.10,19.10,13.70,10.60,6.20,6.40,8.29
224,2989875,78653.10,0,2996.80,125.80,55.90,52.10,15.90,17.30,9.20,8.10,5.70,8.89
223,44376310,274574.10,46751.80,3552.50,144,64.70,50.40,18,16.30,10.40,7.40,6.30,9.31
222,32235833,318655.20,0,6459.20,268.40,118.10,80,25,21.80,15.30,9,6.80,11.46
221,21330632,703871.30,66582.40,4755.80,286.40,119.60,71.70,28.10,19.50,16.50,7.80,8.30,15.06
220,11808000,0,0,3788.50,153,74.30,53.40,18.90,16.50,11.40,7.30,6.30,8.61
219,46291408,0,46385.70,2663.90,130.20,65.40,41.80,15.50,13.80,9.80,6.50,5.50,7.66
218,34029801,194586.70,0,2834.20,151.40,77.80,45.20,19.80,13.80,13.40,5.80,6.40,8.77
217,22132109,0,0,5931.30,216.50,89.70,63.60,23.20,18,12.40,7.70,7,9.70
216,11893500,181380.50,37746.70,1972.80,103.60,49.40,41.80,14.90,15.10,9.10,7.10,5.80,8.80
215,11700000,215371.20,0,2826.60,146.30,65.50,44.60,18.90,14.90,10.50,6.90,6.70,9.48
214,21956568,0,57687.80,4276,186.90,80.10,54.40,21.60,17.10,11.80,7.50,7,10.09
213,11449500,359099.90,50953.30,3333.90,165.90,66.20,53.50,19,17.30,9.60,8,6.70,10.91
212,11482500,0,0,5327.40,244.60,122.90,83.90,26.60,23.40,16.10,9.20,8,10.99
211,21828987,400813,85308.10,7064.80,225.20,110.50,84.90,25.20,25,15.10,10.70,7.70,13.26
210,11254500,473488.20,111973.50,4751.30,230.90,104.90,66.70,23.90,18.90,14.40,7.90,7.20,14.15
209,96525000,6462181.30,56931.50,4697.80,198,86.70,66.80,22.30,20.50,12.70,8.90,7.10,39.10
208,11314500,231436.40,0,4836.30,277.70,126.80,76,27.80,20.80,16.20,8.40,8.20,12.76
207,56838131,257540.90,29691.10,4494.40,146.50,56.20,71.30,19.10,22.10,10.40,9.90,6.70,10.71
206,43043848,0,68469.60,5240,232,104.30,64.60,23.80,18.40,13.90,8.10,7.50,10.50
205,30830593,598011.40,96974.80,4407.90,207,97.70,62.80,23.50,18.60,14.50,7.90,7.50,13.42
204,20174823,0,117395.20,2852.10,162.60,89.80,37.40,18,11.60,12.90,5.30,6,8.01
203,11092500,673970,114757,5123,263.70,119.10,74.90,24.90,21.20,14.60,8.50,7.50,14.54
202,20144622,373854.60,45468.80,4639.60,159,76.60,69.40,19.50,21,12.90,9.40,6.30,10.94
201,10765500,690689.30,0,6000.10,201.80,102,73.10,23.50,21.50,15.10,8.70,7.30,13.62
200,19829479,2162396.70,204551,5923.20,271.80,128.80,85.90,28.50,23.70,16.50,9.30,8.10,24.09
199,10713000,0,85648.30,4979.50,180.60,85.80,68.80,21.70,20.60,12.60,9.10,7,10.17
198,19779134,0,0,4726.10,195.70,89.30,65.90,21.40,19.50,12.80,8.30,7,9.46
197,10744500,190786.10,66173.50,3832.40,176.20,65.10,65.50,21.20,20.70,10.60,9.50,7.20,12.21
196,5283750,0,47259,3626.70,138.50,81.80,55.80,17.20,17.50,13.40,8.10,6,9.12
195,28675991,344736.10,42800.80,4367.40,203.80,92.60,72.40,21.40,22.10,13.10,9.80,6.90,13.29
194,19424115,0,80555.10,6769.30,264.30,108.40,85.70,27.20,24.60,14.90,10.30,8.10,12.41
193,10515000,299353.50,74332.70,5818.60,238.10,115.50,83.10,23.90,23.30,15.50,9.80,7.10,16.65
192,5250000,542914.90,88040.20,4585.40,204.50,100.50,72.30,22.60,23.10,15.40,9.50,7.80,14.29
191,2085000,167477.30,26615.30,2274,139.10,73.70,42.20,19.70,14,14.20,6.20,6.70,9.23
190,89986000,6989367.40,91864.20,4571.60,218.50,114,63.20,21.30,18.50,14.70,7.90,6.40,53.60
189,19075668,311846.30,77434.70,6232.10,266.20,121.60,83.10,26.80,23.10,15.80,9.60,8,14.48
188,10407000,411604.30,64892.50,3284.70,131.30,61.60,49.60,15.90,17,10,8.50,6,10.60
187,10222500,355592.70,100911.40,4859.20,261.80,140.60,57.10,25.20,13.60,17.50,5.60,7,11.80
186,26533767.50,391699.30,0,4452.20,195.90,110.40,62.90,20.20,18.80,15,8.30,6.50,119.79
185,18180933,696762.10,84741.30,6323.90,254.70,133.90,87,23.50,23.20,16.40,9.80,6.80,14.24
184,10245000,651473.20,92438.70,8085,225.50,106.60,86.10,22.30,24.70,13.60,10.50,6.80,14.34
183,35425411.80,0,64260,6311.20,283.50,137,73.10,29.90,19.90,17.90,7.40,8.80,170.18
182,26567438,0,82278.80,6353.50,246.60,108.80,89.10,27.40,25.60,15.50,10.60,8.50,12.35
181,18065039,307937.30,0,6425.50,229.90,93,84.40,22.20,25.40,12.90,10.70,7.20,12.19
180,10129500,297319.20,73827.50,5082.70,197.90,87.30,63.10,22.10,19.10,11.90,8.40,7.20,12.19
179,38751123,313340.60,80837.20,4350.30,205,94.30,57.70,21.20,17,13.30,7.60,6.70,10.94
178,27130830,214988.10,44740.70,6566.60,260.80,115.90,92.90,25.50,26.60,14.40,11.50,7.60,13.62
177,18141468,0,34977,5418.10,163.70,76.20,65.40,20,19.90,12.20,8.80,6.90,10.21
176,10143000,259708.40,0,3452,168.80,92.80,55,18.20,18.40,13.60,8.70,6.10,10.33
175,18315755,0,39919,2492.90,124.50,52.40,50.40,16.70,18.10,9.90,8.40,6.60,9.08
174,10227000,993274.40,40267.80,3412.50,190.20,74.80,49.70,20.90,15.70,10.70,6.80,7.30,15.12
173,10213500,0,0,7015.50,254.30,120.10,81.30,28,23.60,16.80,9.60,8.50,11.51
172,10198500,0,54883.20,5073.20,229.90,97.40,86.30,26.40,26.40,14.60,11.40,7.80,11.78
171,10300500,0,0,4825.10,292.70,134.70,60.70,29.70,17.50,17.60,7.70,9,11.21
170,12184606,417371.30,54666,2685.70,178.90,74.90,46.50,21.20,15.10,12.20,6.80,7.10,10.97
169,27129600,0,0,5019.60,241.70,113.20,72,25.90,19.90,16.70,8.20,7.80,10.55
168,18412118,103585.30,14697.90,4453.90,125.80,57,78.90,19.10,24.50,11.60,10.70,7,10.83
167,10222500,0,0,2635.70,214.70,99.90,44.80,25.60,14.50,15.40,6,8.40,9.72
166,10255500,363790.60,80296.10,3166.80,226.30,108.90,44.40,23.80,12.50,15.70,5.40,7.50,11.24
165,18409444,0,90113.20,5703.30,257.30,123.80,67,24.80,19.70,15.70,8.20,7.70,10.88
164,10222500,0,0,5111.90,244.80,103.20,85.30,25.70,25.50,13.80,10.80,8.10,11.27
163,27883920,407285.70,69348.60,4629.40,194.30,88.20,60.30,20.60,18.40,13.20,8.40,6.90,12
162,19068212,0,163855.90,5033.90,243,115,66,27.40,19.80,16.40,8.70,8.20,11.99
161,10222500,0,109053,7921.50,326.20,138.70,94.90,30.40,24.40,17.10,10,8.40,13.17
160,14407661,232466.80,48378.20,3729,185.30,96.30,52.80,23.20,16.30,15.40,7.10,7.50,12.01
159,19003239,161010.40,52721.70,1966,130.60,82.30,32.70,16.80,11.60,13.20,5.80,6.10,10.56
158,10147500,332104.60,0,4712.20,206.90,100.60,73.60,22.40,21.50,13.40,9.60,7.20,13.75
157,66980000,278557.50,40722.70,4247.30,225.90,104.80,58.40,23.40,17.60,13.30,7.40,8.10,12.80
156,17980945,406202.50,40684.80,3714.50,154,34.90,66.10,23.20,19.90,12.30,8.40,7.70,12.57
155,9925500,322871.40,53448.30,2899.50,138.80,60.10,59.10,20.80,19.20,11.20,8.70,7.20,11.39
154,9892500,0,25982,3275,138,59.80,54.30,20.20,17.90,11.40,8.30,7.20,9.50
153,9931500,0,47776.40,1619.90,119.20,63.10,33.70,17.10,12,12.20,5.70,6.20,8.22
152,26508665,0,61556.50,5447.40,203.50,107.60,71.20,22.80,21.10,15.90,8.80,7.10,10.94
151,45347820,414162.20,91414.10,4816.90,181.90,90,61.50,18.80,18.70,12.30,8.60,6.30,11.20
150,35802728,0,73394.50,5339.50,215.70,108.90,83.40,22.10,24.30,14.90,10.30,7,10.71
149,26717930,0,46988.70,2376.10,169.60,82.90,42.40,22.30,14.10,13.80,6,8,9.62
148,18316018,0,0,7526.90,320,151.70,93.70,30.30,27.50,18,11.20,8.40,12.41
147,10155000,0,82732.20,3798.90,218.50,114.10,54,22,16.10,15.10,6.80,7.60,10.10
146,5061750,157304.80,0,2431.90,127.80,72.20,48.40,18,15.60,13,7.60,6.50,32.17
145,0,6750278.40,68008.90,2367.60,148.70,72.70,41.30,17.90,14.20,11.20,6.60,6.40,48.52
144,103732783,479782.20,56339.70,5894.10,191.30,99.20,76.30,21,22.50,14.20,9.80,6.60,12.78
143,88344099,413010.10,93764.40,4406.20,202.70,95.40,61.30,21.80,18.80,13.80,8.60,7.10,10.96
142,76340225,314091.80,0,5942.20,201.40,93.70,76,21.70,22.90,13.10,10.40,6.80,11.37
141,65142684,1228704.80,49812.30,4640.90,212.50,101.40,66.30,23.70,19.90,14.60,8.30,7.40,13.59
140,56070560,512089,169543,5632.60,271.30,135.90,63.80,27,16.40,18,6.30,7.90,12.97
139,46854371,154107.90,28594.80,4827.70,129.40,59.90,80.50,18.50,25.10,11.10,10.80,6.60,13.05
138,40239985,0,24104.90,2600.60,135.30,56.50,46.30,18.50,16,10.50,7.20,6.80,8.94
137,31939763,421834.90,0,4597.10,226.30,104.40,74.50,25.60,20.10,15.20,8.30,7.60,15.69
136,24337182,505121.90,52125.60,4266.20,170,74.50,66.10,19.70,21,11.30,9.10,7,13.47
135,17240142,323443.70,0,4917.20,195.70,93.10,67.80,20.80,20.90,12.80,9.80,6.60,11.83
134,10155000,0,45371.70,4093.60,192.30,78.40,69.80,20.60,21.50,11.70,9.90,7,10.45
133,39013160,367453,0,5803.90,234.40,113.90,76.10,25.90,21.90,15.70,9.30,8,15.08
132,31392520,668382.20,56902.80,6774.10,275.90,119.10,81.20,25.40,24.90,15.50,10.50,7.50,15.56
131,23807666,0,0,5143,294.30,134.40,69,29.20,17.60,19.10,6.70,8.10,10.59
130,16954778,461024.70,0,3167.80,222.30,109.70,46.90,23.50,13,13.80,5.50,7.10,11.50
129,10326000,0,39485.90,3985.30,154.40,76.70,66.60,19.10,21.40,11.70,9.90,6.50,9.61
128,17191693,0,58999.90,5125.40,240.30,92.70,73.90,23.20,22.50,12.40,9.60,7.30,12.08
127,10374000,0,290856.30,3711,235.70,80.10,53.90,24.60,16.20,12.20,6.90,7.70,11.42
126,23809497,198191.40,81240.60,2763.20,164.30,92.30,45.30,20.10,13.40,14.70,6,6.60,9.26
125,40812950,770899.60,93758,4832.80,230.80,112.70,82.10,24,24.60,15,10.40,7.10,15.21
124,32403049,0,0,3866,190.20,81.50,62.40,24.50,17.90,14.70,7.40,8.10,10.24
123,24499898,163785,46479.50,3944.50,184.40,84.10,62.90,22,20.20,13.30,8.40,7.60,12.59
122,17366509,212073.80,67705.90,3335.20,181.80,76.10,47.30,20.20,15.60,11.30,7.10,7,10.78
121,10335000,302725.80,85908.60,4435.90,240.60,101.60,62.70,24.10,18.50,12.90,7.50,7.50,14.70
120,5163000,208484.20,31322.30,3169.50,199.90,86.90,44.80,24.20,13.20,14.20,5.60,7.50,10.49
119,10137000,956384.80,0,4846.50,198.50,108.40,52.40,20.70,14.80,14.20,6.50,6.50,81.28
118,8794649,0,39656.60,2672.20,140,77.90,45.40,18.60,15.10,13.50,7.30,6.50,9.24
117,10320000,472991.20,134227.20,3550.90,176.60,78,61.60,19.70,19,11,8.40,6.60,13.96
116,4492566.50,106529.50,0,1420.60,97.60,58.80,30.10,14.80,11.70,11.10,6.10,5.80,7.84
115,10440000,0,0,4051.20,273.60,130.90,60.70,27.80,17,16.10,7.30,8.40,10.72
114,17804197.80,0,300820.50,3803,241.50,116.50,54.60,25.70,17.50,15.60,7.40,8.30,122.85
113,10485000,0,43743.40,4860.30,192.10,90.40,66.70,20.50,19.80,13,8.70,6.40,10.02
112,53102939,551594.10,71151.50,5704.50,193.40,90.80,78.10,22.70,23.20,13.80,9.80,7.20,12.95
111,45191782,242648.50,0,4624.20,225.40,95.10,66.80,24.10,20,13.50,8.50,7.70,13.45
110,36196725,0,0,5922.50,282,129.30,82.20,27.10,22.90,16.30,9.10,8.10,11.34
109,26351576,0,0,4415.60,195.50,81.10,69.20,24,21.30,13.20,8.90,8,10.56
108,18470476,237063.60,67274.80,1075,119.40,68.20,25.80,16.60,10.70,12.50,5.50,6,8.88
107,10255500,0,37496.60,2921.80,179.80,75.80,42.20,21.20,12.90,12.50,5.70,7.10,8.79
106,19180108,0,0,4197.20,223.50,107.50,54.90,22.70,16.50,14.70,7.80,7.30,9.75
105,10296000,270212.50,127803.20,7303,285,127.70,87.30,25.10,24.40,15.60,10,7.70,15.03
104,42019877,179829.80,35037.40,3845.80,173.50,84.30,67.70,21.80,20.60,13.70,8.90,7.10,10.78
103,105412292,511554.50,75488.80,5663.90,227.90,95.60,71.90,23.40,21,13.20,8.90,7.40,13.48
102,87820908,291771,64799.90,4078.80,194.70,89.60,57.90,23,17.20,13.60,7.30,7.30,12.71
101,73898698,229310,71924.40,3575.50,177.70,80.10,55.70,20.80,17.60,11.80,7.90,7.10,10.80
100,61801800,154340.30,30659.40,3532.20,120.30,57.10,56.20,16.10,19.10,10.50,8.90,6,10.52
99,53342474,359803.20,81685,7115.40,234.30,99.20,82.40,25.40,22.70,14.50,9.70,7.70,13.95
98,45483082,845338.20,89959.90,6047.70,245.30,115.20,82.10,27.40,23.70,15,9.40,8.40,15.71
97,38305717,270161.90,55758.20,4660.60,200.30,84.30,79.10,20.90,22.10,12.20,10.20,6.80,13.28
96,30453067,332289.80,0,6123.20,230.60,108,69.30,24.10,19.60,15.10,7.90,7.50,12.36
95,23443437,0,0,3087.10,165.90,67.30,54.90,19.70,17.90,11.10,8.10,7,9.23
94,16846594,0,42074.40,2817.40,219.50,91.10,47.60,24,16.10,13.80,8.70,7.70,10.55
93,10312500,0,0,6641.30,227,113.70,90.90,24.10,27.30,15.80,11.50,7.50,11.09
92,30453995,962471.30,0,4645.10,272.30,131.20,63.40,27.70,15.40,17.70,5.80,7.60,16.19
91,23432048,0,89165,6947.90,320.80,135.50,82.70,31.70,21,19.20,8,9.20,12.48
90,16727964,0,0,5448,283,139.50,69.40,28.50,18.60,18.90,6.80,8.50,10.76
89,10143000,0,60706.60,5027.40,201.40,88.20,73.70,21.40,22.70,12.50,10.40,7.10,11.46
88,10215000,0,30973.40,3726.10,147.40,61.30,52.30,18.10,17,9.80,8.40,6.50,87.68
87,5167500,0,63148.60,3720,200.40,90.80,56.90,20.70,16.50,12.30,8,6.70,10.19
86,4255018,0,0,5321.80,251.20,122,77.80,26,21.30,15.70,9.20,8.30,118.20
85,10200000,868458.80,0,8187.80,298.20,127.40,77.20,28.50,21,16.50,8.30,8.20,17.99
84,51513123,360301.20,0,3651.70,176.60,79.80,54.50,19,17,11.80,8.10,6.40,10.28
83,44899448,0,68216.40,4129.30,190.10,84,77.40,21.80,23.80,13,10.50,7.20,11.01
82,39270421,0,0,5490.70,265.70,123.60,82.50,27,20.70,16,8.70,7.70,10.57
81,31534575,662874.70,70542.40,6501.60,282.20,121.30,85.90,27.60,22.60,15.10,9.10,8.10,18.01
80,24045393,0,0,7252.40,217.20,98.40,61.60,21.70,20.80,13.40,9.50,7.80,10.60
79,17327035,0,0,4676.10,208.80,94.60,69.20,23.60,21,14.10,8.80,7.60,10.32
78,10443000,0,35581.20,3258.30,155.30,65,49.30,19.90,15.10,10.70,7.20,6.90,9.50
77,79881799,0,84691.60,5041.10,229.30,106,74.60,24.30,22.10,15.80,9.30,7.30,10.83
76,67927336,931042.50,66053.60,7189.50,289.20,128.50,83.10,28.40,23.40,16.50,9.50,8.30,17.78
75,57176654,324765.60,51201.70,4140.30,181.90,83.40,56.40,19.40,17.70,12,8,6.60,11.71
74,48784765,0,0,5464.50,262.40,132,84.80,31.30,21.80,19.30,8,9.50,12.05
73,40827016,0,160184.30,3845.90,184.40,92.70,62.20,20,18.50,13.10,8.50,6.30,10.83
72,34370581,0,60580.40,6085,218.90,110.70,78.60,22.50,24.10,14.50,11.10,6.90,10.95
71,28094862,0,26393.40,3851.50,135.20,52,58.90,17.80,20.50,9.30,9.60,6.80,9.84
70,21734699,307304.60,0,5105.80,253.80,123.60,56.80,21.50,21.90,14.30,9.10,7.40,14.05
69,15902687,146416.90,83101.40,3372.60,174.30,83.60,53.50,18.90,16,12.30,7.50,6.20,11.60
68,10402500,0,0,4199,247.40,114.40,74.80,28.40,22.10,16.80,8.90,8.80,11.30
67,29611179,0,0,2561.30,157.50,75,42.40,18.30,13.60,11.40,6.30,6.40,8.08
66,22628469,0,0,6330.10,259.30,120.90,77.10,24.40,22.40,14.80,9.40,7.50,10.53
65,15917412,235015.60,66693.60,4142.40,165.90,65.10,60.10,19.70,18.30,10.30,8.60,6.60,12.92
64,10155000,0,0,6698.90,272,111.50,93.50,27.20,27.10,13.80,11.50,8.30,11.65
63,8128285.50,0,0,2953.50,143.30,70.70,43.10,17.90,14.10,11.80,6.70,6.30,8
62,10278000,0,0,5229.80,221.40,101.20,79.30,25.50,23.30,15.10,9.40,8,11.50
61,43951166,269279.20,76417,4264.30,182.40,83.40,63.10,21.20,20,12.40,9.10,7.10,12.31
60,36934606,0,0,5502.70,297.50,156.30,65.90,30.30,17,18.80,6.30,8.90,10.72
59,31323139,563793.70,0,7294.60,293.40,133.10,78.70,24.90,22.30,14.80,9,7.60,22.53
58,24623504,0,0,4293.30,233.40,126.10,56.60,25.10,15.90,17.20,6.40,7.80,9.72
57,18499838,0,51336.90,5333.70,193.60,73.70,82.60,23.30,23.90,12.30,10.30,7.60,11.67
56,12348100,0,0,4248,195.60,89.10,73.80,23.90,23.10,14.70,9.60,7.80,10.52
55,6907000,0,55111.70,5248.70,264.60,109.60,74.40,26.90,20.90,14.70,8.30,8.20,12.19
54,6903000,0,0,5915.90,317.90,146.50,105.50,29.40,30.40,16.70,12.20,8.20,12.16
53,23978705,0,0,3544,186.40,90.70,56.50,21.20,18.20,12.70,8.30,7.10,9.54
52,17823072,0,0,5136.90,162,78.20,79.70,19.50,24.70,12,11.40,6.70,9.97
51,12275202,0,0,3537.60,211.70,133.50,43.90,21.90,12.60,17,5.70,6.70,8.79
50,6970000,63544.80,0,1492.20,98,51.10,33.30,15,12,10.30,5.90,5.80,8.53
49,9148089,0,0,3601,136,61.20,58.40,17.40,19.40,10.10,9.30,6.40,9.50
48,12408063,0,0,5219.60,198.70,101.40,83.90,21,23.90,15.20,10.80,6.60,10.04
47,7074000,163899,0,6328.10,227.10,101.30,86.80,22.90,25.90,14,11.40,6.80,13.69
46,7037000,0,0,4944.40,217.80,107.80,70.70,21,19.90,14.50,8.70,6.20,9.29
45,17973434,0,0,6048.70,261.20,120.70,83.30,26.90,23,16.20,9.50,7.60,11.03
44,12388642,0,0,3991.80,188.50,77.30,52.10,18.10,16.70,10.60,7.50,6.60,8.52
43,6945000,302523.60,85851.20,5332.30,236.30,106.90,80.90,23.70,21.10,14,8.80,6.90,17.25
42,30738943,370699.10,0,4943.50,238.70,99.30,71.40,23.70,20.60,13.50,8.80,7.40,18.12
41,23523322,0,0,5580.30,272.90,117.90,66.20,28.40,18.20,16.50,7,8.30,10.66
40,17364782,292370.60,0,3435.60,157.40,66.80,51.10,16.60,16.70,9.90,7.80,5.80,13.84
39,12066841,0,0,6384.20,240.50,111.90,78.10,26.10,22.60,15.70,9.70,8,10.97
38,6967000,0,0,5366.90,352.70,148.10,78.20,29.80,21.20,16.70,8.40,8.30,11.07
37,17398554,0,0,3810.90,314.60,73.70,57,18.80,18.70,12.50,8.70,6.70,9.20
36,11885938,531285.80,0,3988.60,219.20,114.40,53.10,22.40,13.80,15.80,5.70,6.60,18.67
35,6950000,0,0,0,187.90,86,53.70,21.40,16.60,12.20,7.40,7.10,8.93
34,20656084,0,0,5098.60,239.20,111.60,72.50,24.50,20.90,16.10,8.50,7.10,9.83
33,17853153,0,0,6034.80,292.60,133.40,90.20,27.40,23.40,16.60,9.60,7.80,11.48
32,15652287,0,111556.60,3320.10,179.40,87,51.40,21.50,16.20,14.30,7,7.20,11.59
31,13705824,0,0,10256.50,239.60,130,53.80,23.10,15.40,17,6.60,7,9.43
30,11745718,0,190042.40,4378.80,192.90,87.40,61.20,18.90,20.70,11.50,9.40,6.30,13.46
29,9880576,0,0,1631.10,146.60,58.30,44.90,21.80,15.50,11.90,7.30,7.70,9.54
28,8372421,0,0,3243.10,152.20,70.40,57,18.90,19.10,11.10,9.30,6.90,9.20
27,6740000,0,0,7375.70,340.50,256.50,130.10,46.10,24.50,21.80,8.30,9,13.23
26,16568021,0,0,6045.90,179.20,154.60,87.90,26.10,22.60,15.60,9.70,6.70,10.35
25,14603161,0,0,28204.30,301.50,189.70,128,38.20,26.30,15.60,10.20,8.20,14.12
24,12787495,0,50343.70,6624.10,198.10,124.90,101.90,31.40,21.60,13.10,9,7,12.60
23,11275186,0,84330.40,6657.60,258.80,199.10,110,38.50,22.50,19.80,8.10,8.20,14.04
22,9720341,0,0,7424.80,180.10,109.20,123.80,29.30,28.50,12.10,11.70,7,11.58
21,8214347,0,114768,12080.80,310.30,156.50,129.60,35.60,25.80,13.40,9.90,7.60,15.39
20,6685000,0,0,10598.60,351,215.90,152,39.70,30.60,15.80,11.60,8.10,13.26
19,8140055,0,0,9404.70,317.20,214.10,115.90,41.90,23.30,18.90,8.70,8.40,13.19
18,6580000,0,314488.70,6208.60,164.10,119,98.20,24.60,20.90,12,9.40,6.10,21.32
17,8735476,0,0,6707.70,299.70,199,80.60,39.80,15.80,18.50,6,8.20,10.55
16,6712000,0,0,24069.50,292.10,206.20,132.80,37.50,24.80,18.70,9.50,7.40,14.33
15,6712000,0,0,10522.40,230.80,157.90,108,34.90,23.50,16.40,8.80,8.40,12.24
14,22849563,0,82064.20,8920,275.70,175.70,111.50,37.30,23,15.10,8.90,7.90,12.38
13,19983000,0,117739.30,10388.70,248.40,178.80,111.80,35.60,22.30,16.30,8.50,7.40,12.78
12,16887500,0,60513.80,7036.40,156.30,131.80,103.10,27,22.20,13,9.50,6.40,10.95
11,13390000,0,67055.10,7450.50,224,172,98.40,34.40,18.50,17,6.90,7.20,11.20
10,10027500,0,0,8751.10,231.30,125,129,36.10,28.30,14.50,11,8.10,12.42
9,16752144.80,0,0,4768.80,155.10,82.30,74.80,26,18.10,10.40,8,7.30,248.32
8,15183435,91960.80,0,6297.40,198.20,128.80,104.10,29.60,23.80,13.10,9.90,7,12.47
7,13451480,0,0,6788.30,229.60,154.60,97.80,32.10,22.30,13.50,8.90,7.40,11.17
6,11696661,388211.70,0,9995.70,305.70,197.70,138.70,43.60,25.60,18.80,9.30,8.80,21.70
5,10171500,0,0,8790.80,233.20,171.10,136.10,34.80,26.50,17.60,10,7.30,11.79
4,13870849,0,0,9966.70,295.40,212.70,129.40,40.90,24.80,18,9.20,7.70,12.29
3,11880304,0,0,17020.40,266.30,207.70,135.80,34.80,26.90,17.30,10.30,7.20,12.34
2,10111500,0,0,6979,226.90,148.10,100.10,32.90,20,15.60,7.70,7.10,10.56
1,10143000,0,112550.90,8155.80,250,167.50,140.50,39.50,29.20,17.80,10.30,8.60,14.46
