DrawDate,Match 6 Prize,Match 6 Winners,Match 6 Total,Match 5 plus Bonus Prize,Match 5 plus Bonus Winners,Match 5 plus Bonus Total,Match 5 Prize,Match 5 Winners,Match 5 Total,Match 4 plus Bonus Prize,Match 4 plus Bonus Winners,Match 4 plus Bonus Total,Match 4 Prize,Match 4 Winners,Match 4 Total,Match 3 plus Bonus Prize,Match 3 plus Bonus Winners,Match 3 plus Bonus Total,Match 3 Prize,Match 3 Winners,Match 3 Total,Match 2 plus Bonus Prize,Match 2 plus Bonus Winners,Match 2 plus Bonus Total
2026-08-22,1000000,0,0,5000,0,0,500,17,8500,50,39,1950,20,913,18260,10,1290,12900,3,14811,44433,2,11771,23542
2026-08-19,1000000,0,0,5000,0,0,500,9,4500,50,24,1200,20,720,14400,10,819,8190,3,10457,31371,2,7966,15932
2026-08-15,1000000,0,0,5000,0,0,500,9,4500,50,31,1550,20,658,13160,10,945,9450,3,11933,35799,2,9631,19262
2026-08-12,1000000,0,0,5000,0,0,500,7,3500,50,24,1200,20,487,9740,10,661,6610,3,8445,25335,2,7004,14008
2026-08-08,1000000,0,0,5000,1,5000,500,38,19000,50,39,1950,20,1153,23060,10,1000,10000,3,17311,51933,2,9490,18980
2026-08-05,1000000,0,0,5000,1,5000,500,15,7500,50,36,1800,20,920,18400,10,1013,10130,3,12837,38511,2,8110,16220
2026-08-01,1000000,0,0,5000,0,0,500,15,7500,50,30,1500,20,691,13820,10,1035,10350,3,12414,37242,2,10505,21010
2026-07-29,1000000,0,0,5000,0,0,500,16,8000,50,46,2300,20,597,11940,10,1013,10130,3,10270,30810,2,9222,18444
2026-07-25,1000000,0,0,5000,0,0,500,26,13000,50,31,1550,20,1061,21220,10,1127,11270,3,17769,53307,2,10269,20538
2026-07-22,1000000,0,0,5000,0,0,500,13,6500,50,45,2250,20,735,14700,10,985,9850,3,12821,38463,2,9625,19250
2026-07-18,1000000,1,1000000,5000,2,10000,500,19,9500,50,44,2200,20,828,16560,10,1039,10390,3,14354,43062,2,10003,20006
2026-07-15,1000000,0,0,5000,0,0,500,11,5500,50,30,1500,20,583,11660,10,798,7980,3,10497,31491,2,7514,15028
2026-07-11,1000000,0,0,5000,0,0,500,16,8000,50,37,1850,20,886,17720,10,1254,12540,3,15547,46641,2,12364,24728
2026-07-08,1000000,0,0,5000,0,0,500,13,6500,50,43,2150,20,637,12740,10,944,9440,3,11130,33390,2,8920,17840
2026-07-04,1000000,0,0,5000,1,5000,500,31,15500,50,40,2000,20,1391,27820,10,1072,10720,3,19228,57684,2,9722,19444
2026-07-01,1000000,0,0,5000,0,0,500,10,5000,50,20,1000,20,499,9980,10,767,7670,3,9010,27030,2,7651,15302
2026-06-27,1000000,0,0,5000,0,0,500,18,9000,50,43,2150,20,832,16640,10,1042,10420,3,15205,45615,2,9712,19424
2026-06-24,1000000,0,0,5000,0,0,500,13,6500,50,17,850,20,663,13260,10,669,6690,3,11221,33663,2,6436,12872
2026-06-20,1000000,0,0,5000,0,0,500,33,16500,50,108,5400,20,1474,29480,10,2019,20190,3,20193,60579,2,14591,29182
2026-06-17,1000000,0,0,5000,0,0,500,10,5000,50,34,1700,20,509,10180,10,618,6180,3,8245,24735,2,6793,13586
2026-06-13,1000000,0,0,5000,0,0,500,14,7000,50,29,1450,20,905,18100,10,937,9370,3,15871,47613,2,8884,17768
2026-06-10,1000000,0,0,5000,0,0,500,5,2500,50,28,1400,20,498,9960,10,695,6950,3,8595,25785,2,7733,15466
2026-06-06,1000000,0,0,5000,0,0,500,17,8500,50,37,1850,20,806,16120,10,1153,11530,3,14572,43716,2,11016,22032
2026-06-03,1000000,0,0,5000,0,0,500,14,7000,50,36,1800,20,547,10940,10,898,8980,3,10247,30741,2,8622,17244
2026-05-30,1000000,0,0,5000,0,0,500,24,12000,50,61,3050,20,866,17320,10,1197,11970,3,14591,43773,2,11004,22008
2026-05-27,1000000,0,0,5000,0,0,500,9,4500,50,17,850,20,467,9340,10,692,6920,3,8121,24363,2,6290,12580
2026-05-23,1000000,0,0,5000,0,0,500,8,4000,50,33,1650,20,780,15600,10,1050,10500,3,12654,37962,2,10208,20416
2026-05-20,1000000,0,0,5000,0,0,500,15,7500,50,19,950,20,770,15400,10,641,6410,3,12198,36594,2,6261,12522
2026-05-16,1000000,0,0,5000,1,5000,500,15,7500,50,42,2100,20,661,13220,10,921,9210,3,11364,34092,2,8257,16514
2026-05-13,1000000,0,0,5000,0,0,500,13,6500,50,21,1050,20,546,10920,10,718,7180,3,10091,30273,2,6382,12764
2026-05-09,1000000,0,0,5000,0,0,500,21,10500,50,42,2100,20,966,19320,10,970,9700,3,15048,45144,2,9193,18386
2026-05-06,1000000,0,0,5000,0,0,500,9,4500,50,24,1200,20,517,10340,10,849,8490,3,9193,27579,2,8497,16994
2026-05-02,1000000,0,0,5000,1,5000,500,16,8000,50,62,3100,20,812,16240,10,1125,11250,3,15274,45822,2,12166,24332
2026-04-29,1000000,0,0,5000,0,0,500,22,11000,50,57,2850,20,971,19420,10,1412,14120,3,14516,43548,2,11933,23866
2026-04-25,1000000,0,0,5000,1,5000,500,21,10500,50,44,2200,20,872,17440,10,1298,12980,3,15043,45129,2,12238,24476
2026-04-22,1000000,0,0,5000,0,0,500,16,8000,50,30,1500,20,557,11140,10,870,8700,3,10310,30930,2,8953,17906
2026-04-18,1000000,1,1000000,5000,0,0,500,23,11500,50,64,3200,20,1011,20220,10,1301,13010,3,17118,51354,2,12951,25902
2026-04-15,1000000,0,0,5000,1,5000,500,8,4000,50,31,1550,20,588,11760,10,695,6950,3,9702,29106,2,7218,14436
2026-04-11,1000000,0,0,5000,1,5000,500,22,11000,50,42,2100,20,864,17280,10,1025,10250,3,14884,44652,2,9858,19716
2026-04-08,1000000,0,0,5000,0,0,500,15,7500,50,58,2900,20,695,13900,10,1301,13010,3,11816,35448,2,11377,22754
2026-04-04,1000000,0,0,5000,0,0,500,24,12000,50,65,3250,20,1053,21060,10,1551,15510,3,17260,51780,2,14470,28940
2026-04-01,1000000,0,0,5000,0,0,500,13,6500,50,41,2050,20,623,12460,10,929,9290,3,10610,31830,2,9006,18012
2026-03-28,1000000,0,0,5000,0,0,500,13,6500,50,53,2650,20,778,15560,10,1134,11340,3,13089,39267,2,10970,21940
2026-03-25,1000000,1,1000000,5000,1,5000,500,11,5500,50,35,1750,20,546,10920,10,746,7460,3,9614,28842,2,7250,14500
2026-03-21,1000000,0,0,5000,1,5000,500,19,9500,50,31,1550,20,698,13960,10,970,9700,3,12241,36723,2,10041,20082
2026-03-18,1000000,0,0,5000,0,0,500,25,12500,50,70,3500,20,795,15900,10,1358,13580,3,11959,35877,2,10594,21188
2026-03-14,1000000,0,0,5000,1,5000,500,14,7000,50,32,1600,20,856,17120,10,1082,10820,3,15408,46224,2,10151,20302
2026-03-11,1000000,0,0,5000,0,0,500,13,6500,50,20,1000,20,666,13320,10,749,7490,3,11516,34548,2,6594,13188
2026-03-07,1000000,0,0,5000,0,0,500,19,9500,50,38,1900,20,767,15340,10,963,9630,3,13554,40662,2,8978,17956
2026-03-04,1000000,0,0,5000,0,0,500,11,5500,50,41,2050,20,674,13480,10,1070,10700,3,11285,33855,2,9347,18694
2026-02-28,1000000,0,0,5000,1,5000,500,5,2500,50,40,2000,20,664,13280,10,1004,10040,3,12250,36750,2,9879,19758
2026-02-25,1000000,0,0,5000,0,0,500,20,10000,50,56,2800,20,909,18180,10,1386,13860,3,14975,44925,2,12867,25734
2026-02-21,1000000,0,0,5000,0,0,500,14,7000,50,52,2600,20,967,19340,10,1505,15050,3,17854,53562,2,15311,30622
2026-02-18,1000000,0,0,5000,0,0,500,66,33000,50,54,2700,20,1869,37380,10,1186,11860,3,20723,62169,2,9776,19552
2026-02-14,1000000,0,0,5000,1,5000,500,18,9000,50,45,2250,20,1016,20320,10,1396,13960,3,18037,54111,2,13960,27920
2026-02-11,1000000,0,0,5000,3,15000,500,90,45000,50,96,4800,20,2169,43380,10,1670,16700,3,21746,65238,2,12174,24348
2026-02-07,1000000,0,0,5000,1,5000,500,13,6500,50,47,2350,20,870,17400,10,1180,11800,3,15429,46287,2,11683,23366
2026-02-04,1000000,0,0,5000,0,0,500,10,5000,50,36,1800,20,647,12940,10,920,9200,3,11332,33996,2,9753,19506
2026-01-31,1000000,0,0,5000,2,10000,500,23,11500,50,56,2800,20,877,17540,10,1166,11660,3,15971,47913,2,10836,21672
2026-01-28,1000000,0,0,5000,0,0,500,16,8000,50,25,1250,20,667,13340,10,796,7960,3,11325,33975,2,7944,15888
2026-01-24,1000000,0,0,5000,0,0,500,11,5500,50,43,2150,20,923,18460,10,1245,12450,3,15619,46857,2,13256,26512
2026-01-21,1000000,0,0,5000,0,0,500,13,6500,50,18,900,20,716,14320,10,764,7640,3,12026,36078,2,7091,14182
2026-01-17,1000000,0,0,5000,1,5000,500,17,8500,50,29,1450,20,875,17500,10,1041,10410,3,15390,46170,2,9931,19862
2026-01-14,1000000,0,0,5000,0,0,500,13,6500,50,25,1250,20,565,11300,10,854,8540,3,10068,30204,2,9049,18098
2026-01-10,1000000,0,0,5000,0,0,500,15,7500,50,45,2250,20,951,19020,10,1098,10980,3,16037,48111,2,10775,21550
2026-01-07,1000000,0,0,5000,0,0,500,12,6000,50,33,1650,20,544,10880,10,833,8330,3,9535,28605,2,8690,17380
2026-01-03,1000000,0,0,5000,0,0,500,14,7000,50,35,1750,20,682,13640,10,984,9840,3,12292,36876,2,9048,18096
2025-12-31,1000000,0,0,5000,0,0,500,31,15500,50,52,2600,20,995,19900,10,1230,12300,3,15666,46998,2,11006,22012
2025-12-27,1000000,0,0,5000,1,5000,500,11,5500,50,36,1800,20,650,13000,10,886,8860,3,11182,33546,2,8647,17294
2025-12-24,1000000,0,0,5000,0,0,500,26,13000,50,43,2150,20,1072,21440,10,1114,11140,3,17299,51897,2,10145,20290
2025-12-20,1000000,0,0,5000,0,0,500,16,8000,50,48,2400,20,908,18160,10,1159,11590,3,16009,48027,2,9757,19514
2025-12-17,1000000,0,0,5000,0,0,500,10,5000,50,37,1850,20,593,11860,10,892,8920,3,10215,30645,2,8269,16538
2025-12-13,1000000,0,0,5000,0,0,500,15,7500,50,51,2550,20,788,15760,10,1179,11790,3,13621,40863,2,11572,23144
2025-12-10,1000000,0,0,5000,0,0,500,14,7000,50,35,1750,20,439,8780,10,691,6910,3,8320,24960,2,6991,13982
2025-12-06,1000000,0,0,5000,2,10000,500,17,8500,50,107,5350,20,972,19440,10,1715,17150,3,15560,46680,2,14630,29260
2025-12-03,1000000,0,0,5000,0,0,500,12,6000,50,27,1350,20,531,10620,10,828,8280,3,9560,28680,2,7661,15322
2025-11-29,1000000,0,0,5000,0,0,500,22,11000,50,28,1400,20,849,16980,10,993,9930,3,15163,45489,2,9207,18414
2025-11-26,1000000,0,0,5000,0,0,500,11,5500,50,62,3100,20,739,14780,10,1047,10470,3,12498,37494,2,8999,17998
2025-11-22,1000000,0,0,5000,0,0,500,9,4500,50,36,1800,20,721,14420,10,923,9230,3,12537,37611,2,10170,20340
2025-11-19,1000000,0,0,5000,0,0,500,9,4500,50,35,1750,20,545,10900,10,798,7980,3,9483,28449,2,7797,15594
2025-11-15,1000000,0,0,5000,0,0,500,27,13500,50,79,3950,20,1318,26360,10,1539,15390,3,18100,54300,2,12521,25042
2025-11-12,1000000,0,0,5000,0,0,500,6,3000,50,25,1250,20,486,9720,10,789,7890,3,9569,28707,2,8011,16022
2025-11-08,1000000,0,0,5000,1,5000,500,23,11500,50,50,2500,20,1008,20160,10,1464,14640,3,16382,49146,2,13129,26258
2025-11-05,1000000,0,0,5000,0,0,500,11,5500,50,24,1200,20,554,11080,10,726,7260,3,9284,27852,2,7469,14938
2025-11-01,1000000,2,2000000,5000,0,0,500,18,9000,50,52,2600,20,1055,21100,10,1368,13680,3,16188,48564,2,11490,22980
2025-10-29,1000000,0,0,5000,0,0,500,12,6000,50,29,1450,20,810,16200,10,723,7230,3,12046,36138,2,6395,12790
2025-10-25,1000000,0,0,5000,0,0,500,18,9000,50,42,2100,20,770,15400,10,1010,10100,3,12932,38796,2,9889,19778
2025-10-22,1000000,0,0,5000,1,5000,500,14,7000,50,39,1950,20,681,13620,10,856,8560,3,11171,33513,2,8278,16556
2025-10-18,1000000,0,0,5000,1,5000,500,24,12000,50,53,2650,20,953,19060,10,1280,12800,3,15893,47679,2,12179,24358
2025-10-15,1000000,0,0,5000,0,0,500,18,9000,50,36,1800,20,685,13700,10,1164,11640,3,11897,35691,2,10323,20646
2025-10-11,1000000,0,0,5000,1,5000,500,21,10500,50,96,4800,20,1123,22460,10,1826,18260,3,17341,52023,2,14471,28942
2025-10-08,1000000,0,0,5000,0,0,500,10,5000,50,32,1600,20,610,12200,10,829,8290,3,9693,29079,2,8469,16938
2025-10-04,1000000,0,0,5000,1,5000,500,21,10500,50,42,2100,20,766,15320,10,995,9950,3,14009,42027,2,9636,19272
2025-10-01,1000000,0,0,5000,0,0,500,11,5500,50,27,1350,20,539,10780,10,729,7290,3,9564,28692,2,6978,13956
2025-09-27,1000000,0,0,5000,0,0,500,15,7500,50,38,1900,20,765,15300,10,1128,11280,3,14177,42531,2,11141,22282
2025-09-24,1000000,1,1000000,5000,1,5000,500,10,5000,50,24,1200,20,592,11840,10,756,7560,3,10171,30513,2,7249,14498
2025-09-20,1000000,0,0,5000,0,0,500,14,7000,50,43,2150,20,672,13440,10,1028,10280,3,11831,35493,2,9803,19606
2025-09-17,1000000,0,0,5000,0,0,500,5,2500,50,27,1350,20,505,10100,10,684,6840,3,9608,28824,2,6874,13748
2025-09-13,1000000,0,0,5000,1,5000,500,19,9500,50,35,1750,20,714,14280,10,976,9760,3,13235,39705,2,9507,19014
2025-09-10,1000000,0,0,5000,0,0,500,12,6000,50,29,1450,20,527,10540,10,613,6130,3,9681,29043,2,6071,12142
2025-09-06,1000000,0,0,5000,0,0,500,20,10000,50,40,2000,20,767,15340,10,1122,11220,3,13402,40206,2,11051,22102
2025-09-03,1000000,0,0,5000,0,0,500,9,4500,50,28,1400,20,527,10540,10,863,8630,3,9568,28704,2,8921,17842
2025-08-30,1000000,0,0,5000,1,5000,500,14,7000,50,41,2050,20,735,14700,10,1079,10790,3,12497,37491,2,10967,21934
2025-08-27,1000000,0,0,5000,0,0,500,17,8500,50,40,2000,20,943,18860,10,1279,12790,3,15571,46713,2,11850,23700
2025-08-23,1000000,0,0,5000,0,0,500,22,11000,50,57,2850,20,974,19480,10,1477,14770,3,17829,53487,2,14843,29686
2025-08-20,1000000,0,0,5000,0,0,500,12,6000,50,29,1450,20,774,15480,10,980,9800,3,13238,39714,2,10254,20508
2025-08-16,1000000,0,0,5000,2,10000,500,29,14500,50,87,4350,20,1387,27740,10,1865,18650,3,21569,64707,2,16077,32154
2025-08-13,1000000,0,0,5000,0,0,500,18,9000,50,49,2450,20,799,15980,10,1064,10640,3,13315,39945,2,10374,20748
2025-08-09,1000000,0,0,5000,0,0,500,21,10500,50,56,2800,20,1300,26000,10,1432,14320,3,19925,59775,2,12897,25794
2025-08-06,1000000,0,0,5000,1,5000,500,16,8000,50,35,1750,20,932,18640,10,959,9590,3,15488,46464,2,8772,17544
2025-08-02,1000000,0,0,5000,0,0,500,17,8500,50,44,2200,20,896,17920,10,1285,12850,3,15595,46785,2,13036,26072
2025-07-30,1000000,0,0,5000,1,5000,500,17,8500,50,38,1900,20,719,14380,10,988,9880,3,13302,39906,2,10384,20768
2025-07-26,1000000,0,0,5000,1,5000,500,15,7500,50,52,2600,20,943,18860,10,1197,11970,3,17097,51291,2,11733,23466
2025-07-23,1000000,0,0,5000,2,10000,500,20,10000,50,25,1250,20,733,14660,10,987,9870,3,12074,36222,2,9329,18658
2025-07-19,1000000,0,0,5000,0,0,500,25,12500,50,54,2700,20,1025,20500,10,1373,13730,3,16593,49779,2,13525,27050
2025-07-16,1000000,0,0,5000,0,0,500,22,11000,50,46,2300,20,947,18940,10,1103,11030,3,15657,46971,2,9833,19666
2025-07-12,1000000,0,0,5000,0,0,500,28,14000,50,40,2000,20,1322,26440,10,1317,13170,3,19877,59631,2,12021,24042
2025-07-09,1000000,0,0,5000,2,10000,500,15,7500,50,34,1700,20,679,13580,10,973,9730,3,12297,36891,2,10196,20392
2025-07-05,1000000,0,0,5000,1,5000,500,25,12500,50,60,3000,20,1426,28520,10,1451,14510,3,22562,67686,2,13934,27868
2025-07-02,1000000,0,0,5000,0,0,500,22,11000,50,51,2550,20,993,19860,10,1426,14260,3,15218,45654,2,12902,25804
2025-06-28,1000000,0,0,5000,1,5000,500,17,8500,50,49,2450,20,918,18360,10,1181,11810,3,15449,46347,2,11710,23420
2025-06-25,1000000,0,0,5000,2,10000,500,16,8000,50,32,1600,20,736,14720,10,947,9470,3,12735,38205,2,8946,17892
2025-06-21,1000000,0,0,5000,0,0,500,25,12500,50,44,2200,20,930,18600,10,1385,13850,3,16968,50904,2,12782,25564
2025-06-18,1000000,0,0,5000,0,0,500,14,7000,50,45,2250,20,730,14600,10,1107,11070,3,12813,38439,2,11058,22116
2025-06-14,1000000,0,0,5000,0,0,500,24,12000,50,45,2250,20,1222,24440,10,1148,11480,3,19435,58305,2,10923,21846
2025-06-11,1000000,0,0,5000,0,0,500,15,7500,50,38,1900,20,698,13960,10,828,8280,3,12149,36447,2,8005,16010
2025-06-07,1000000,0,0,5000,0,0,500,18,9000,50,53,2650,20,989,19780,10,1244,12440,3,17229,51687,2,11910,23820
2025-06-04,1000000,0,0,5000,1,5000,500,12,6000,50,38,1900,20,869,17380,10,928,9280,3,14170,42510,2,8523,17046
2025-05-31,1000000,0,0,5000,1,5000,500,14,7000,50,41,2050,20,915,18300,10,1131,11310,3,15197,45591,2,10183,20366
2025-05-28,1000000,0,0,5000,0,0,500,9,4500,50,39,1950,20,624,12480,10,1065,10650,3,11216,33648,2,9947,19894
2025-05-24,1000000,0,0,5000,1,5000,500,17,8500,50,40,2000,20,761,15220,10,1200,12000,3,13610,40830,2,11509,23018
2025-05-21,1000000,0,0,5000,0,0,500,15,7500,50,24,1200,20,511,10220,10,721,7210,3,8545,25635,2,8251,16502
2025-05-17,1000000,0,0,5000,2,10000,500,21,10500,50,42,2100,20,759,15180,10,919,9190,3,13939,41817,2,9154,18308
2025-05-14,1000000,0,0,5000,2,10000,500,11,5500,50,25,1250,20,502,10040,10,842,8420,3,9721,29163,2,8215,16430
2025-05-10,1000000,0,0,5000,1,5000,500,16,8000,50,42,2100,20,878,17560,10,1119,11190,3,14722,44166,2,10401,20802
2025-05-07,1000000,0,0,5000,0,0,500,10,5000,50,28,1400,20,515,10300,10,685,6850,3,8995,26985,2,6688,13376
2025-05-03,1000000,0,0,5000,0,0,500,13,6500,50,38,1900,20,645,12900,10,975,9750,3,11463,34389,2,9639,19278
2025-04-30,1000000,0,0,5000,0,0,500,15,7500,50,27,1350,20,787,15740,10,637,6370,3,11915,35745,2,5934,11868
2025-04-26,1000000,0,0,5000,0,0,500,14,7000,50,32,1600,20,649,12980,10,898,8980,3,11622,34866,2,8574,17148
2025-04-23,1000000,0,0,5000,0,0,500,6,3000,50,26,1300,20,414,8280,10,652,6520,3,8063,24189,2,6390,12780
2025-04-19,1000000,0,0,5000,1,5000,500,22,11000,50,56,2800,20,767,15340,10,1238,12380,3,14239,42717,2,12409,24818
2025-04-16,1000000,0,0,5000,0,0,500,7,3500,50,37,1850,20,622,12440,10,820,8200,3,10890,32670,2,7678,15356
2025-04-12,1000000,0,0,5000,1,5000,500,16,8000,50,35,1750,20,779,15580,10,1102,11020,3,13829,41487,2,10710,21420
2025-04-09,1000000,0,0,5000,0,0,500,5,2500,50,24,1200,20,484,9680,10,768,7680,3,8783,26349,2,7107,14214
2025-04-05,1000000,0,0,5000,1,5000,500,11,5500,50,47,2350,20,819,16380,10,1239,12390,3,13804,41412,2,10626,21252
2025-04-02,1000000,0,0,5000,0,0,500,8,4000,50,12,600,20,457,9140,10,622,6220,3,7800,23400,2,6589,13178
2025-03-29,1000000,0,0,5000,0,0,500,20,10000,50,33,1650,20,912,18240,10,927,9270,3,15441,46323,2,8696,17392
2025-03-26,1000000,0,0,5000,0,0,500,13,6500,50,29,1450,20,483,9660,10,693,6930,3,9194,27582,2,7413,14826
2025-03-22,1000000,0,0,5000,0,0,500,19,9500,50,49,2450,20,755,15100,10,1119,11190,3,13979,41937,2,10961,21922
2025-03-19,1000000,0,0,5000,0,0,500,8,4000,50,29,1450,20,439,8780,10,708,7080,3,8042,24126,2,6750,13500
2025-03-15,1000000,0,0,5000,1,5000,500,22,11000,50,55,2750,20,895,17900,10,1282,12820,3,14198,42594,2,12278,24556
2025-03-12,1000000,0,0,5000,0,0,500,11,5500,50,30,1500,20,521,10420,10,726,7260,3,9235,27705,2,7301,14602
2025-03-08,1000000,0,0,5000,1,5000,500,14,7000,50,41,2050,20,720,14400,10,1114,11140,3,12987,38961,2,10794,21588
2025-03-05,1000000,0,0,5000,0,0,500,11,5500,50,33,1650,20,608,12160,10,852,8520,3,10413,31239,2,8088,16176
2025-03-01,1000000,0,0,5000,1,5000,500,23,11500,50,36,1800,20,732,14640,10,921,9210,3,12809,38427,2,8586,17172
2025-02-26,1000000,0,0,5000,0,0,500,16,8000,50,41,2050,20,448,8960,10,736,7360,3,8872,26616,2,7516,15032
2025-02-22,1000000,0,0,5000,0,0,500,20,10000,50,32,1600,20,874,17480,10,897,8970,3,14858,44574,2,8580,17160
2025-02-19,1000000,0,0,5000,0,0,500,15,7500,50,21,1050,20,555,11100,10,672,6720,3,9568,28704,2,6113,12226
2025-02-15,1000000,0,0,5000,0,0,500,28,14000,50,34,1700,20,1055,21100,10,933,9330,3,16286,48858,2,8272,16544
2025-02-12,1000000,1,1000000,5000,2,10000,500,17,8500,50,45,2250,20,771,15420,10,830,8300,3,11837,35511,2,6934,13868
2025-02-08,1000000,0,0,5000,1,5000,500,14,7000,50,40,2000,20,656,13120,10,841,8410,3,11693,35079,2,8611,17222
2025-02-05,1000000,0,0,5000,0,0,500,14,7000,50,34,1700,20,496,9920,10,716,7160,3,9196,27588,2,7347,14694
2025-02-01,1000000,0,0,5000,0,0,500,11,5500,50,36,1800,20,695,13900,10,829,8290,3,12395,37185,2,8145,16290
2025-01-29,1000000,0,0,5000,0,0,500,8,4000,50,32,1600,20,598,11960,10,912,9120,3,10110,30330,2,9015,18030
2025-01-25,1000000,0,0,5000,1,5000,500,12,6000,50,36,1800,20,714,14280,10,1019,10190,3,12802,38406,2,8719,17438
2025-01-22,1000000,0,0,5000,0,0,500,18,9000,50,27,1350,20,1118,22360,10,643,6430,3,15347,46041,2,6299,12598
2025-01-18,1000000,0,0,5000,1,5000,500,7,3500,50,43,2150,20,731,14620,10,999,9990,3,13256,39768,2,10397,20794
2025-01-15,1000000,0,0,5000,0,0,500,13,6500,50,43,2150,20,755,15100,10,1081,10810,3,12318,36954,2,9397,18794
2025-01-11,1000000,0,0,5000,0,0,500,12,6000,50,42,2100,20,788,15760,10,1233,12330,3,13638,40914,2,11458,22916
2025-01-08,1000000,0,0,5000,0,0,500,15,7500,50,32,1600,20,420,8400,10,616,6160,3,7365,22095,2,5998,11996
2025-01-04,1000000,0,0,5000,0,0,500,17,8500,50,36,1800,20,640,12800,10,848,8480,3,10735,32205,2,8292,16584
2025-01-01,1000000,0,0,5000,1,5000,500,16,8000,50,22,1100,20,709,14180,10,582,5820,3,10993,32979,2,5783,11566
2024-12-28,1000000,0,0,5000,0,0,500,7,3500,50,22,1100,20,667,13340,10,815,8150,3,11435,34305,2,7687,15374
2024-12-25,1000000,0,0,5000,0,0,500,19,9500,50,45,2250,20,664,13280,10,1025,10250,3,12166,36498,2,9298,18596
2024-12-21,1000000,0,0,5000,1,5000,500,16,8000,50,41,2050,20,779,15580,10,1077,10770,3,14481,43443,2,10781,21562
2024-12-18,1000000,0,0,5000,1,5000,500,8,4000,50,37,1850,20,633,12660,10,1036,10360,3,10639,31917,2,9925,19850
2024-12-14,1000000,0,0,5000,0,0,500,7,3500,50,27,1350,20,675,13500,10,905,9050,3,11455,34365,2,9308,18616
2024-12-11,1000000,0,0,5000,0,0,500,15,7500,50,37,1850,20,673,13460,10,975,9750,3,11354,34062,2,8662,17324
2024-12-07,1000000,0,0,5000,0,0,500,8,4000,50,45,2250,20,624,12480,10,953,9530,3,11603,34809,2,9476,18952
2024-12-04,1000000,0,0,5000,0,0,500,10,5000,50,14,700,20,461,9220,10,618,6180,3,7803,23409,2,6102,12204
2024-11-30,1000000,0,0,5000,3,15000,500,13,6500,50,27,1350,20,664,13280,10,954,9540,3,12117,36351,2,9626,19252
2024-11-27,1000000,0,0,5000,0,0,500,13,6500,50,42,2100,20,626,12520,10,1058,10580,3,10538,31614,2,9181,18362
2024-11-23,1000000,0,0,5000,0,0,500,11,5500,50,23,1150,20,592,11840,10,801,8010,3,10994,32982,2,8111,16222
2024-11-20,1000000,0,0,5000,0,0,500,25,12500,50,61,3050,20,1108,22160,10,1464,14640,3,14998,44994,2,12276,24552
2024-11-16,1000000,0,0,5000,0,0,500,15,7500,50,61,3050,20,844,16880,10,1491,14910,3,15191,45573,2,15176,30352
2024-11-13,1000000,0,0,5000,0,0,500,14,7000,50,30,1500,20,566,11320,10,710,7100,3,9956,29868,2,6699,13398
2024-11-09,1000000,0,0,5000,1,5000,500,22,11000,50,66,3300,20,1066,21320,10,1528,15280,3,17103,51309,2,13149,26298
2024-11-06,1000000,0,0,5000,0,0,500,9,4500,50,28,1400,20,527,10540,10,742,7420,3,9977,29931,2,7265,14530
2024-11-02,1000000,0,0,5000,0,0,500,13,6500,50,38,1900,20,720,14400,10,954,9540,3,12967,38901,2,10251,20502
2024-10-30,1000000,0,0,5000,0,0,500,14,7000,50,30,1500,20,635,12700,10,722,7220,3,10748,32244,2,6540,13080
2024-10-26,1000000,0,0,5000,4,20000,500,25,12500,50,79,3950,20,1036,20720,10,1400,14000,3,16749,50247,2,12595,25190
2024-10-23,1000000,0,0,5000,0,0,500,16,8000,50,29,1450,20,525,10500,10,697,6970,3,9896,29688,2,6869,13738
2024-10-19,1000000,0,0,5000,1,5000,500,13,6500,50,60,3000,20,932,18640,10,1515,15150,3,15302,45906,2,13722,27444
2024-10-16,1000000,0,0,5000,2,10000,500,35,17500,50,53,2650,20,831,16620,10,1366,13660,3,11729,35187,2,10519,21038
2024-10-12,1000000,0,0,5000,0,0,500,19,9500,50,35,1750,20,709,14180,10,1097,10970,3,12428,37284,2,10763,21526
2024-10-09,1000000,0,0,5000,1,5000,500,9,4500,50,29,1450,20,471,9420,10,624,6240,3,8214,24642,2,6155,12310
2024-10-05,1000000,0,0,5000,0,0,500,17,8500,50,33,1650,20,670,13400,10,848,8480,3,11116,33348,2,8567,17134
2024-10-02,1000000,0,0,5000,1,5000,500,12,6000,50,36,1800,20,584,11680,10,892,8920,3,9712,29136,2,7618,15236
2024-09-28,1000000,0,0,5000,0,0,500,15,7500,50,39,1950,20,715,14300,10,1063,10630,3,12993,38979,2,10392,20784
2024-09-25,1000000,0,0,5000,0,0,500,18,9000,50,16,800,20,532,10640,10,956,9560,3,9778,29334,2,8181,16362
2024-09-21,1000000,0,0,5000,1,5000,500,28,14000,50,106,5300,20,1217,24340,10,2032,20320,3,17856,53568,2,15901,31802
2024-09-18,1000000,0,0,5000,0,0,500,13,6500,50,26,1300,20,524,10480,10,705,7050,3,9884,29652,2,7509,15018
2024-09-14,1000000,0,0,5000,1,5000,500,25,12500,50,45,2250,20,880,17600,10,1094,10940,3,15778,47334,2,10028,20056
2024-09-11,1000000,0,0,5000,0,0,500,9,4500,50,21,1050,20,619,12380,10,680,6800,3,10320,30960,2,6856,13712
2024-09-07,1000000,0,0,5000,0,0,500,18,9000,50,44,2200,20,966,19320,10,1297,12970,3,15097,45291,2,11325,22650
2024-09-04,1000000,0,0,5000,0,0,500,10,5000,50,27,1350,20,494,9880,10,718,7180,3,9722,29166,2,7298,14596
2024-08-31,1000000,0,0,5000,1,5000,500,14,7000,50,23,1150,20,750,15000,10,939,9390,3,12856,38568,2,9693,19386
2024-08-28,1000000,0,0,5000,0,0,500,13,6500,50,35,1750,20,621,12420,10,881,8810,3,10625,31875,2,8500,17000
2024-08-24,1000000,0,0,5000,0,0,500,11,5500,50,52,2600,20,833,16660,10,1497,14970,3,14794,44382,2,12966,25932
2024-08-21,1000000,0,0,5000,0,0,500,13,6500,50,42,2100,20,655,13100,10,1033,10330,3,11046,33138,2,9171,18342
2024-08-17,1000000,0,0,5000,0,0,500,10,5000,50,42,2100,20,822,16440,10,1213,12130,3,15269,45807,2,11431,22862
2024-08-14,1000000,0,0,5000,0,0,500,18,9000,50,21,1050,20,556,11120,10,715,7150,3,9608,28824,2,7707,15414
2024-08-10,1000000,0,0,5000,2,10000,500,16,8000,50,40,2000,20,753,15060,10,1007,10070,3,12923,38769,2,9843,19686
2024-08-07,1000000,0,0,5000,0,0,500,7,3500,50,29,1450,20,488,9760,10,655,6550,3,8458,25374,2,6542,13084
2024-08-03,1000000,0,0,5000,0,0,500,11,5500,50,47,2350,20,823,16460,10,1261,12610,3,14385,43155,2,12337,24674
2024-07-31,1000000,0,0,5000,0,0,500,10,5000,50,37,1850,20,603,12060,10,789,7890,3,9522,28566,2,8068,16136
2024-07-27,1000000,0,0,5000,0,0,500,31,15500,50,74,3700,20,1142,22840,10,1759,17590,3,17714,53142,2,14139,28278
2024-07-24,1000000,0,0,5000,0,0,500,8,4000,50,27,1350,20,481,9620,10,762,7620,3,9427,28281,2,8492,16984
2024-07-20,1000000,0,0,5000,0,0,500,14,7000,50,39,1950,20,715,14300,10,913,9130,3,12781,38343,2,8799,17598
2024-07-17,1000000,0,0,5000,1,5000,500,12,6000,50,43,2150,20,657,13140,10,1180,11800,3,11173,33519,2,9584,19168
2024-07-13,1000000,1,1000000,5000,0,0,500,22,11000,50,84,4200,20,1187,23740,10,1853,18530,3,16606,49818,2,15149,30298
2024-07-10,1000000,0,0,5000,1,5000,500,24,12000,50,88,4400,20,932,18640,10,1674,16740,3,13023,39069,2,11902,23804
2024-07-06,1000000,0,0,5000,1,5000,500,15,7500,50,38,1900,20,767,15340,10,1059,10590,3,13705,41115,2,10892,21784
2024-07-03,1000000,0,0,5000,0,0,500,5,2500,50,20,1000,20,456,9120,10,610,6100,3,8165,24495,2,6038,12076
2024-06-29,1000000,0,0,5000,1,5000,500,15,7500,50,46,2300,20,736,14720,10,1007,10070,3,13538,40614,2,10084,20168
2024-06-26,1000000,0,0,5000,1,5000,500,10,5000,50,26,1300,20,539,10780,10,826,8260,3,10141,30423,2,8177,16354
2024-06-22,1000000,0,0,5000,1,5000,500,20,10000,50,57,2850,20,999,19980,10,1331,13310,3,17624,52872,2,12507,25014
2024-06-19,1000000,0,0,5000,1,5000,500,18,9000,50,33,1650,20,823,16460,10,1011,10110,3,13221,39663,2,9382,18764
2024-06-15,1000000,0,0,5000,0,0,500,16,8000,50,48,2400,20,893,17860,10,1182,11820,3,15294,45882,2,11725,23450
2024-06-12,1000000,0,0,5000,0,0,500,15,7500,50,24,1200,20,605,12100,10,699,6990,3,10643,31929,2,6617,13234
2024-06-08,1000000,0,0,5000,0,0,500,11,5500,50,30,1500,20,743,14860,10,957,9570,3,13408,40224,2,10584,21168
2024-06-05,1000000,1,1000000,5000,0,0,500,13,6500,50,22,1100,20,528,10560,10,736,7360,3,9506,28518,2,6625,13250
2024-06-01,1000000,0,0,5000,1,5000,500,17,8500,50,51,2550,20,822,16440,10,1059,10590,3,13633,40899,2,10000,20000
2024-05-29,1000000,0,0,5000,1,5000,500,6,3000,50,30,1500,20,635,12700,10,914,9140,3,10453,31359,2,9463,18926
2024-05-25,1000000,0,0,5000,0,0,500,14,7000,50,41,2050,20,803,16060,10,1079,10790,3,13872,41616,2,10560,21120
2024-05-22,1000000,0,0,5000,0,0,500,8,4000,50,23,1150,20,480,9600,10,765,7650,3,9298,27894,2,7417,14834
2024-05-18,1000000,1,1000000,5000,0,0,500,21,10500,50,72,3600,20,1008,20160,10,1539,15390,3,15834,47502,2,13348,26696
2024-05-15,1000000,0,0,5000,0,0,500,11,5500,50,24,1200,20,473,9460,10,643,6430,3,8881,26643,2,5975,11950
2024-05-11,1000000,0,0,5000,0,0,500,12,6000,50,39,1950,20,728,14560,10,1047,10470,3,12471,37413,2,10690,21380
2024-05-08,1000000,0,0,5000,0,0,500,7,3500,50,43,2150,20,573,11460,10,837,8370,3,10157,30471,2,8038,16076
2024-05-04,1000000,0,0,5000,0,0,500,19,9500,50,33,1650,20,686,13720,10,998,9980,3,13157,39471,2,10090,20180
2024-05-01,1000000,0,0,5000,0,0,500,9,4500,50,20,1000,20,469,9380,10,701,7010,3,9408,28224,2,6545,13090
2024-04-27,1000000,0,0,5000,0,0,500,14,7000,50,34,1700,20,938,18760,10,964,9640,3,15653,46959,2,9316,18632
2024-04-24,1000000,0,0,5000,0,0,500,6,3000,50,20,1000,20,536,10720,10,586,5860,3,9426,28278,2,5965,11930
2024-04-20,1000000,0,0,5000,0,0,500,25,12500,50,37,1850,20,883,17660,10,1367,13670,3,15758,47274,2,13017,26034
2024-04-17,1000000,0,0,5000,1,5000,500,16,8000,50,36,1800,20,622,12440,10,754,7540,3,11058,33174,2,7814,15628
2024-04-13,1000000,0,0,5000,0,0,500,20,10000,50,40,2000,20,1064,21280,10,1153,11530,3,17517,52551,2,10527,21054
2024-04-10,1000000,0,0,5000,0,0,500,16,8000,50,33,1650,20,666,13320,10,1131,11310,3,11589,34767,2,10555,21110
2024-04-06,1000000,0,0,5000,0,0,500,16,8000,50,56,2800,20,915,18300,10,1199,11990,3,15596,46788,2,12448,24896
2024-04-03,1000000,0,0,5000,1,5000,500,14,7000,50,35,1750,20,684,13680,10,891,8910,3,10949,32847,2,9028,18056
2024-03-30,1000000,0,0,5000,0,0,500,30,15000,50,60,3000,20,1280,25600,10,1421,14210,3,20308,60924,2,12650,25300
2024-03-27,1000000,0,0,5000,0,0,500,9,4500,50,34,1700,20,547,10940,10,757,7570,3,9392,28176,2,7944,15888
2024-03-23,1000000,0,0,5000,1,5000,500,13,6500,50,35,1750,20,775,15500,10,1039,10390,3,13514,40542,2,9545,19090
2024-03-20,1000000,0,0,5000,0,0,500,15,7500,50,21,1050,20,603,12060,10,695,6950,3,9861,29583,2,6815,13630
2024-03-16,1000000,0,0,5000,1,5000,500,26,13000,50,54,2700,20,861,17220,10,1129,11290,3,14423,43269,2,10325,20650
2024-03-13,1000000,0,0,5000,0,0,500,10,5000,50,32,1600,20,578,11560,10,894,8940,3,10265,30795,2,8557,17114
2024-03-09,1000000,1,1000000,5000,0,0,500,18,9000,50,46,2300,20,787,15740,10,1126,11260,3,13975,41925,2,11236,22472
2024-03-06,1000000,0,0,5000,0,0,500,11,5500,50,41,2050,20,633,12660,10,1041,10410,3,11343,34029,2,9612,19224
2024-03-02,1000000,0,0,5000,1,5000,500,18,9000,50,44,2200,20,847,16940,10,1031,10310,3,14736,44208,2,10049,20098
2024-02-28,1000000,0,0,5000,1,5000,500,7,3500,50,35,1750,20,508,10160,10,625,6250,3,9474,28422,2,6040,12080
2024-02-24,1000000,0,0,5000,0,0,500,17,8500,50,37,1850,20,767,15340,10,1010,10100,3,13225,39675,2,9459,18918
2024-02-21,1000000,0,0,5000,0,0,500,14,7000,50,41,2050,20,616,12320,10,1163,11630,3,10618,31854,2,10020,20040
2024-02-17,1000000,0,0,5000,0,0,500,21,10500,50,29,1450,20,918,18360,10,1138,11380,3,14421,43263,2,10783,21566
2024-02-14,1000000,0,0,5000,0,0,500,9,4500,50,23,1150,20,498,9960,10,734,7340,3,9705,29115,2,7064,14128
2024-02-10,1000000,0,0,5000,1,5000,500,22,11000,50,45,2250,20,866,17320,10,1057,10570,3,15449,46347,2,9881,19762
2024-02-07,1000000,0,0,5000,1,5000,500,15,7500,50,26,1300,20,667,13340,10,871,8710,3,12050,36150,2,8978,17956
2024-02-03,1000000,0,0,5000,0,0,500,14,7000,50,34,1700,20,848,16960,10,1183,11830,3,14925,44775,2,12158,24316
2024-01-31,1000000,0,0,5000,1,5000,500,7,3500,50,26,1300,20,505,10100,10,656,6560,3,8655,25965,2,6247,12494
2024-01-27,1000000,0,0,5000,2,10000,500,17,8500,50,51,2550,20,1127,22540,10,1527,15270,3,19556,58668,2,15882,31764
2024-01-24,1000000,0,0,5000,0,0,500,24,12000,50,48,2400,20,1286,25720,10,1137,11370,3,17690,53070,2,10186,20372
2024-01-20,1000000,0,0,5000,1,5000,500,26,13000,50,55,2750,20,1090,21800,10,1480,14800,3,18082,54246,2,13049,26098
2024-01-17,1000000,0,0,5000,0,0,500,13,6500,50,42,2100,20,823,16460,10,1087,10870,3,15381,46143,2,10550,21100
2024-01-13,1000000,0,0,5000,0,0,500,26,13000,50,54,2700,20,1124,22480,10,1375,13750,3,19223,57669,2,13700,27400
2024-01-10,1000000,0,0,5000,0,0,500,14,7000,50,47,2350,20,790,15800,10,1107,11070,3,13671,41013,2,10973,21946
2024-01-06,1000000,0,0,5000,1,5000,500,22,11000,50,47,2350,20,1175,23500,10,1271,12710,3,19001,57003,2,12326,24652
2024-01-03,1000000,0,0,5000,0,0,500,16,8000,50,37,1850,20,794,15880,10,960,9600,3,14452,43356,2,8579,17158
2023-12-30,1000000,0,0,5000,0,0,500,23,11500,50,29,1450,20,866,17320,10,1186,11860,3,14541,43623,2,12529,25058
2023-12-27,1000000,0,0,5000,2,10000,500,24,12000,50,96,4800,20,1027,20540,10,1837,18370,3,15118,45354,2,13587,27174
2023-12-23,1000000,1,1000000,5000,2,10000,500,21,10500,50,51,2550,20,1372,27440,10,1550,15500,3,23444,70332,2,14820,29640
2023-12-20,1000000,0,0,5000,0,0,500,11,5500,50,34,1700,20,726,14520,10,1001,10010,3,12959,38877,2,9337,18674
2023-12-16,1000000,0,0,5000,1,5000,500,17,8500,50,49,2450,20,976,19520,10,1313,13130,3,16279,48837,2,13103,26206
2023-12-13,1000000,0,0,5000,0,0,500,8,4000,50,44,2200,20,661,13220,10,1061,10610,3,12044,36132,2,10755,21510
2023-12-09,1000000,0,0,5000,1,5000,500,19,9500,50,55,2750,20,951,19020,10,1327,13270,3,16744,50232,2,12986,25972
2023-12-06,1000000,0,0,5000,0,0,500,8,4000,50,33,1650,20,658,13160,10,915,9150,3,11720,35160,2,9027,18054
2023-12-02,1000000,0,0,5000,0,0,500,13,6500,50,53,2650,20,1063,21260,10,1309,13090,3,16908,50724,2,12686,25372
2023-11-29,1000000,0,0,5000,0,0,500,21,10500,50,22,1100,20,796,15920,10,739,7390,3,13425,40275,2,6712,13424
2023-11-25,1000000,0,0,5000,1,5000,500,10,5000,50,36,1800,20,758,15160,10,1027,10270,3,13493,40479,2,11356,22712
2023-11-22,1000000,0,0,5000,0,0,500,12,6000,50,23,1150,20,539,10780,10,714,7140,3,9268,27804,2,8053,16106
2023-11-18,1000000,0,0,5000,0,0,500,14,7000,50,32,1600,20,761,15220,10,1069,10690,3,13251,39753,2,10002,20004
2023-11-15,1000000,0,0,5000,0,0,500,11,5500,50,35,1750,20,561,11220,10,734,7340,3,9804,29412,2,7151,14302
2023-11-11,1000000,0,0,5000,0,0,500,20,10000,50,91,4550,20,1435,28700,10,1795,17950,3,20587,61761,2,14508,29016
2023-11-08,1000000,0,0,5000,1,5000,500,9,4500,50,26,1300,20,590,11800,10,876,8760,3,10329,30987,2,8502,17004
2023-11-04,1000000,0,0,5000,0,0,500,16,8000,50,49,2450,20,736,14720,10,1032,10320,3,12837,38511,2,10169,20338
2023-11-01,1000000,0,0,5000,0,0,500,10,5000,50,39,1950,20,645,12900,10,802,8020,3,10505,31515,2,8083,16166
2023-10-28,1000000,0,0,5000,0,0,500,10,5000,50,47,2350,20,804,16080,10,1091,10910,3,12868,38604,2,10948,21896
2023-10-25,1000000,0,0,5000,1,5000,500,19,9500,50,38,1900,20,917,18340,10,1074,10740,3,12826,38478,2,8984,17968
2023-10-21,1000000,0,0,5000,0,0,500,16,8000,50,55,2750,20,930,18600,10,1336,13360,3,15876,47628,2,12106,24212
2023-10-18,1000000,0,0,5000,0,0,500,9,4500,50,24,1200,20,631,12620,10,901,9010,3,10600,31800,2,8892,17784
2023-10-14,1000000,1,1000000,5000,0,0,500,10,5000,50,30,1500,20,778,15560,10,1143,11430,3,13380,40140,2,11493,22986
2023-10-11,1000000,0,0,5000,1,5000,500,11,5500,50,30,1500,20,585,11700,10,892,8920,3,10718,32154,2,8758,17516
2023-10-07,1000000,0,0,5000,1,5000,500,23,11500,50,62,3100,20,1022,20440,10,1407,14070,3,17127,51381,2,13638,27276
2023-10-04,1000000,0,0,5000,0,0,500,12,6000,50,38,1900,20,617,12340,10,942,9420,3,11045,33135,2,9752,19504
2023-09-30,1000000,0,0,5000,0,0,500,22,11000,50,54,2700,20,1021,20420,10,1524,15240,3,16807,50421,2,14928,29856
2023-09-27,1000000,1,1000000,5000,1,5000,500,10,5000,50,26,1300,20,509,10180,10,738,7380,3,9509,28527,2,7111,14222
2023-09-23,1000000,0,0,5000,0,0,500,30,15000,50,58,2900,20,1015,20300,10,1427,14270,3,17356,52068,2,12829,25658
2023-09-20,1000000,0,0,5000,0,0,500,15,7500,50,24,1200,20,769,15380,10,801,8010,3,12923,38769,2,7711,15422
2023-09-16,1000000,0,0,5000,2,10000,500,13,6500,50,33,1650,20,773,15460,10,1045,10450,3,13718,41154,2,10651,21302
2023-09-13,1000000,1,1000000,5000,0,0,500,13,6500,50,33,1650,20,616,12320,10,831,8310,3,10514,31542,2,8609,17218
2023-09-09,1000000,0,0,5000,0,0,500,16,8000,50,70,3500,20,1022,20440,10,1695,16950,3,17006,51018,2,14154,28308
2023-09-06,1000000,0,0,5000,0,0,500,12,6000,50,17,850,20,574,11480,10,695,6950,3,10364,31092,2,6599,13198
2023-09-02,1000000,0,0,5000,0,0,500,19,9500,50,43,2150,20,861,17220,10,1287,12870,3,15714,47142,2,13046,26092
2023-08-30,1000000,0,0,5000,0,0,500,12,6000,50,23,1150,20,678,13560,10,686,6860,3,11691,35073,2,6548,13096
2023-08-26,1000000,0,0,5000,1,5000,500,11,5500,50,41,2050,20,787,15740,10,1116,11160,3,14020,42060,2,11508,23016
2023-08-23,1000000,0,0,5000,0,0,500,13,6500,50,45,2250,20,684,13680,10,1354,13540,3,11695,35085,2,11536,23072
2023-08-19,1000000,0,0,5000,0,0,500,16,8000,50,49,2450,20,770,15400,10,1120,11200,3,14660,43980,2,10749,21498
2023-08-16,1000000,0,0,5000,0,0,500,10,5000,50,29,1450,20,561,11220,10,739,7390,3,9883,29649,2,7748,15496
2023-08-12,1000000,0,0,5000,1,5000,500,15,7500,50,25,1250,20,749,14980,10,1016,10160,3,12788,38364,2,10429,20858
2023-08-09,1000000,0,0,5000,0,0,500,5,2500,50,39,1950,20,557,11140,10,961,9610,3,10372,31116,2,9978,19956
2023-08-05,1000000,0,0,5000,1,5000,500,12,6000,50,39,1950,20,855,17100,10,1300,13000,3,15391,46173,2,13131,26262
2023-08-02,1000000,0,0,5000,0,0,500,14,7000,50,33,1650,20,591,11820,10,889,8890,3,9969,29907,2,8836,17672
2023-07-29,1000000,0,0,5000,0,0,500,13,6500,50,34,1700,20,785,15700,10,1137,11370,3,14623,43869,2,11020,22040
2023-07-26,1000000,1,1000000,5000,1,5000,500,21,10500,50,35,1750,20,763,15260,10,1006,10060,3,12333,36999,2,9204,18408
2023-07-22,1000000,0,0,5000,0,0,500,13,6500,50,34,1700,20,744,14880,10,991,9910,3,13024,39072,2,10155,20310
2023-07-19,1000000,0,0,5000,1,5000,500,18,9000,50,43,2150,20,699,13980,10,1047,10470,3,11507,34521,2,9150,18300
2023-07-15,1000000,0,0,5000,0,0,500,18,9000,50,54,2700,20,916,18320,10,1356,13560,3,15871,47613,2,12117,24234
2023-07-12,1000000,1,1000000,5000,1,5000,500,7,3500,50,25,1250,20,630,12600,10,614,6140,3,10631,31893,2,6286,12572
2023-07-08,1000000,0,0,5000,1,5000,500,14,7000,50,53,2650,20,987,19740,10,1465,14650,3,16455,49365,2,13776,27552
2023-07-05,1000000,0,0,5000,1,5000,500,19,9500,50,30,1500,20,778,15560,10,833,8330,3,10448,31344,2,7997,15994
2023-07-01,1000000,0,0,5000,1,5000,500,18,9000,50,60,3000,20,957,19140,10,1004,10040,3,16384,49152,2,9780,19560
2023-06-28,1000000,1,1000000,5000,0,0,500,13,6500,50,37,1850,20,804,16080,10,784,7840,3,12996,38988,2,7278,14556
2023-06-24,1000000,0,0,5000,0,0,500,46,23000,50,44,2200,20,1568,31360,10,992,9920,3,21021,63063,2,9500,19000
2023-06-21,1000000,0,0,5000,0,0,500,18,9000,50,57,2850,20,979,19580,10,1378,13780,3,14460,43380,2,10839,21678
2023-06-17,1000000,0,0,5000,0,0,500,16,8000,50,54,2700,20,1032,20640,10,1504,15040,3,18747,56241,2,14071,28142
2023-06-14,1000000,0,0,5000,0,0,500,20,10000,50,47,2350,20,772,15440,10,1078,10780,3,13553,40659,2,9664,19328
2023-06-10,1000000,0,0,5000,0,0,500,23,11500,50,52,2600,20,1231,24620,10,1702,17020,3,20932,62796,2,15967,31934
2023-06-07,1000000,0,0,5000,0,0,500,12,6000,50,40,2000,20,697,13940,10,965,9650,3,12445,37335,2,9899,19798
2023-06-03,1000000,0,0,5000,2,10000,500,32,16000,50,70,3500,20,1343,26860,10,1981,19810,3,21715,65145,2,16924,33848
2023-05-31,1000000,0,0,5000,0,0,500,10,5000,50,32,1600,20,704,14080,10,921,9210,3,11588,34764,2,9526,19052
2023-05-27,1000000,0,0,5000,0,0,500,29,14500,50,47,2350,20,1611,32220,10,1392,13920,3,21544,64632,2,12494,24988
2023-05-24,1000000,0,0,5000,0,0,500,19,9500,50,37,1850,20,1054,21080,10,942,9420,3,17163,51489,2,8966,17932
2023-05-20,1000000,0,0,5000,0,0,500,26,13000,50,45,2250,20,1123,22460,10,1271,12710,3,18787,56361,2,12249,24498
2023-05-17,1000000,0,0,5000,3,15000,500,15,7500,50,50,2500,20,733,14660,10,1006,10060,3,12831,38493,2,9951,19902
2023-05-13,1000000,0,0,5000,0,0,500,12,6000,50,46,2300,20,822,16440,10,1271,12710,3,14706,44118,2,12771,25542
2023-05-10,1000000,0,0,5000,0,0,500,23,11500,50,58,2900,20,812,16240,10,1258,12580,3,14085,42255,2,11817,23634
2023-05-06,1000000,0,0,5000,2,10000,500,49,24500,50,68,3400,20,1575,31500,10,1360,13600,3,21828,65484,2,12207,24414
2023-05-03,1000000,0,0,5000,1,5000,500,18,9000,50,32,1600,20,810,16200,10,1024,10240,3,13546,40638,2,9298,18596
2023-04-29,1000000,0,0,5000,1,5000,500,24,12000,50,55,2750,20,897,17940,10,1288,12880,3,16257,48771,2,12866,25732
2023-04-26,1000000,0,0,5000,0,0,500,13,6500,50,42,2100,20,680,13600,10,1034,10340,3,11954,35862,2,10401,20802
2023-04-22,1000000,0,0,5000,2,10000,500,19,9500,50,34,1700,20,915,18300,10,1255,12550,3,16075,48225,2,12209,24418
2023-04-19,1000000,0,0,5000,0,0,500,4,2000,50,30,1500,20,577,11540,10,817,8170,3,10265,30795,2,8504,17008
2023-04-15,1000000,0,0,5000,1,5000,500,18,9000,50,37,1850,20,854,17080,10,1258,12580,3,15000,45000,2,11946,23892
2023-04-12,1000000,0,0,5000,0,0,500,15,7500,50,37,1850,20,670,13400,10,670,6700,3,12034,36102,2,6537,13074
2023-04-08,1000000,0,0,5000,0,0,500,20,10000,50,38,1900,20,811,16220,10,1119,11190,3,13537,40611,2,11379,22758
2023-04-05,1000000,0,0,5000,2,10000,500,12,6000,50,43,2150,20,595,11900,10,991,9910,3,11085,33255,2,10132,20264
2023-04-01,1000000,0,0,5000,0,0,500,14,7000,50,46,2300,20,823,16460,10,1172,11720,3,14296,42888,2,11145,22290
2023-03-29,1000000,0,0,5000,1,5000,500,9,4500,50,36,1800,20,779,15580,10,1004,10040,3,12092,36276,2,9320,18640
2023-03-25,1000000,0,0,5000,0,0,500,14,7000,50,51,2550,20,860,17200,10,1117,11170,3,14699,44097,2,10115,20230
2023-03-22,1000000,0,0,5000,0,0,500,8,4000,50,27,1350,20,572,11440,10,760,7600,3,9756,29268,2,7760,15520
2023-03-18,1000000,0,0,5000,2,10000,500,29,14500,50,35,1750,20,1279,25580,10,1165,11650,3,19589,58767,2,10334,20668
2023-03-15,1000000,0,0,5000,2,10000,500,15,7500,50,33,1650,20,656,13120,10,871,8710,3,10650,31950,2,8364,16728
2023-03-11,1000000,0,0,5000,1,5000,500,13,6500,50,47,2350,20,802,16040,10,1182,11820,3,13880,41640,2,12185,24370
2023-03-08,1000000,0,0,5000,1,5000,500,15,7500,50,24,1200,20,615,12300,10,956,9560,3,10750,32250,2,9200,18400
2023-03-04,1000000,0,0,5000,0,0,500,17,8500,50,51,2550,20,870,17400,10,1319,13190,3,15321,45963,2,12795,25590
2023-03-01,1000000,0,0,5000,1,5000,500,12,6000,50,37,1850,20,712,14240,10,1212,12120,3,11930,35790,2,10960,21920
2023-02-25,1000000,0,0,5000,1,5000,500,22,11000,50,41,2050,20,1245,24900,10,1098,10980,3,19359,58077,2,10730,21460
2023-02-22,1000000,0,0,5000,1,5000,500,18,9000,50,43,2150,20,882,17640,10,1146,11460,3,14146,42438,2,10050,20100
2023-02-18,1000000,0,0,5000,0,0,500,49,24500,50,50,2500,20,1785,35700,10,1259,12590,3,23350,70050,2,11638,23276
2023-02-15,1000000,0,0,5000,1,5000,500,6,3000,50,37,1850,20,578,11560,10,864,8640,3,10352,31056,2,8717,17434
2023-02-11,1000000,0,0,5000,1,5000,500,37,18500,50,116,5800,20,1363,27260,10,2211,22110,3,20010,60030,2,16333,32666
2023-02-08,1000000,0,0,5000,0,0,500,12,6000,50,50,2500,20,666,13320,10,891,8910,3,11472,34416,2,9309,18618
2023-02-04,1000000,0,0,5000,0,0,500,20,10000,50,81,4050,20,1007,20140,10,1689,16890,3,16426,49278,2,14803,29606
2023-02-01,1000000,1,1000000,5000,0,0,500,12,6000,50,25,1250,20,587,11740,10,872,8720,3,10318,30954,2,8861,17722
2023-01-28,1000000,0,0,5000,0,0,500,17,8500,50,50,2500,20,882,17640,10,1300,13000,3,15781,47343,2,12889,25778
2023-01-25,1000000,0,0,5000,1,5000,500,15,7500,50,35,1750,20,707,14140,10,669,6690,3,12097,36291,2,6547,13094
2023-01-21,1000000,0,0,5000,1,5000,500,19,9500,50,29,1450,20,932,18640,10,1104,11040,3,16733,50199,2,10790,21580
2023-01-18,1000000,0,0,5000,0,0,500,18,9000,50,44,2200,20,895,17900,10,1110,11100,3,13393,40179,2,9573,19146
2023-01-14,1000000,0,0,5000,0,0,500,14,7000,50,63,3150,20,875,17500,10,1520,15200,3,14840,44520,2,14520,29040
2023-01-11,1000000,1,1000000,5000,0,0,500,14,7000,50,23,1150,20,558,11160,10,702,7020,3,10419,31257,2,6529,13058
2023-01-07,1000000,0,0,5000,0,0,500,11,5500,50,46,2300,20,792,15840,10,1100,11000,3,13846,41538,2,11543,23086
2023-01-04,1000000,0,0,5000,0,0,500,17,8500,50,23,1150,20,695,13900,10,1160,11600,3,12819,38457,2,11667,23334
2022-12-31,1000000,0,0,5000,3,15000,500,26,13000,50,43,2150,20,1147,22940,10,1569,15690,3,19327,57981,2,14349,28698
2022-12-28,1000000,0,0,5000,0,0,500,17,8500,50,38,1900,20,759,15180,10,1146,11460,3,12897,38691,2,10554,21108
2022-12-24,1000000,0,0,5000,0,0,500,32,16000,50,52,2600,20,1127,22540,10,1449,14490,3,20393,61179,2,13703,27406
2022-12-21,1000000,0,0,5000,0,0,500,21,10500,50,73,3650,20,904,18080,10,1476,14760,3,14914,44742,2,13814,27628
2022-12-17,1000000,0,0,5000,0,0,500,33,16500,50,84,4200,20,1490,29800,10,1694,16940,3,21265,63795,2,13814,27628
2022-12-14,1000000,0,0,5000,0,0,500,15,7500,50,30,1500,20,625,12500,10,927,9270,3,10616,31848,2,9531,19062
2022-12-10,1000000,0,0,5000,1,5000,500,16,8000,50,51,2550,20,858,17160,10,1288,12880,3,15132,45396,2,13048,26096
2022-12-07,1000000,0,0,5000,2,10000,500,20,10000,50,29,1450,20,622,12440,10,757,7570,3,11415,34245,2,7919,15838
2022-12-03,1000000,0,0,5000,1,5000,500,27,13500,50,55,2750,20,1050,21000,10,1467,14670,3,17320,51960,2,13395,26790
2022-11-30,1000000,0,0,5000,1,5000,500,22,11000,50,61,3050,20,1094,21880,10,1292,12920,3,15411,46233,2,10458,20916
2022-11-26,1000000,0,0,5000,2,10000,500,12,6000,50,43,2150,20,1114,22280,10,1105,11050,3,16602,49806,2,10000,20000
2022-11-23,1000000,0,0,5000,0,0,500,16,8000,50,34,1700,20,767,15340,10,1054,10540,3,13298,39894,2,9840,19680
2022-11-19,1000000,0,0,5000,0,0,500,16,8000,50,48,2400,20,971,19420,10,1487,14870,3,16344,49032,2,14049,28098
2022-11-16,1000000,0,0,5000,1,5000,500,12,6000,50,29,1450,20,568,11360,10,802,8020,3,9662,28986,2,8125,16250
2022-11-12,1000000,0,0,5000,3,15000,500,29,14500,50,42,2100,20,814,16280,10,1027,10270,3,14414,43242,2,9913,19826
2022-11-09,1000000,0,0,5000,2,10000,500,16,8000,50,34,1700,20,615,12300,10,932,9320,3,11171,33513,2,9591,19182
2022-11-05,1000000,0,0,5000,1,5000,500,20,10000,50,55,2750,20,979,19580,10,1500,15000,3,17222,51666,2,13608,27216
2022-11-02,1000000,0,0,5000,0,0,500,6,3000,50,25,1250,20,544,10880,10,833,8330,3,9741,29223,2,9001,18002
2022-10-29,1000000,0,0,5000,1,5000,500,19,9500,50,60,3000,20,931,18620,10,1539,15390,3,16551,49653,2,14139,28278
2022-10-26,1000000,0,0,5000,0,0,500,12,6000,50,33,1650,20,636,12720,10,814,8140,3,10366,31098,2,8522,17044
2022-10-22,1000000,0,0,5000,2,10000,500,10,5000,50,66,3300,20,1002,20040,10,1463,14630,3,15951,47853,2,13793,27586
2022-10-19,1000000,0,0,5000,0,0,500,11,5500,50,29,1450,20,526,10520,10,815,8150,3,9145,27435,2,8052,16104
2022-10-15,1000000,0,0,5000,0,0,500,26,13000,50,42,2100,20,764,15280,10,1182,11820,3,14080,42240,2,12151,24302
2022-10-12,1000000,0,0,5000,0,0,500,11,5500,50,50,2500,20,671,13420,10,918,9180,3,11229,33687,2,8509,17018
2022-10-08,1000000,0,0,5000,1,5000,500,24,12000,50,31,1550,20,844,16880,10,937,9370,3,14044,42132,2,9432,18864
2022-10-05,1000000,0,0,5000,0,0,500,9,4500,50,42,2100,20,713,14260,10,1298,12980,3,12836,38508,2,12142,24284
2022-10-01,1000000,0,0,5000,2,10000,500,24,12000,50,53,2650,20,1305,26100,10,1355,13550,3,21326,63978,2,12844,25688
2022-09-28,1000000,0,0,5000,1,5000,500,25,12500,50,91,4550,20,1266,25320,10,1898,18980,3,17314,51942,2,15007,30014
2022-09-24,1000000,0,0,5000,0,0,500,17,8500,50,55,2750,20,1197,23940,10,1366,13660,3,19862,59586,2,12569,25138
2022-09-21,1000000,0,0,5000,1,5000,500,16,8000,50,34,1700,20,814,16280,10,945,9450,3,12386,37158,2,9435,18870
2022-09-17,1000000,1,1000000,5000,0,0,500,24,12000,50,62,3100,20,1151,23020,10,1466,14660,3,18239,54717,2,14076,28152
2022-09-14,1000000,0,0,5000,0,0,500,12,6000,50,31,1550,20,588,11760,10,846,8460,3,9995,29985,2,8278,16556
2022-09-10,1000000,0,0,5000,0,0,500,15,7500,50,48,2400,20,986,19720,10,1226,12260,3,16320,48960,2,12383,24766
2022-09-07,1000000,0,0,5000,0,0,500,18,9000,50,42,2100,20,630,12600,10,990,9900,3,11221,33663,2,9654,19308
2022-09-03,1000000,0,0,5000,1,5000,500,27,13500,50,102,5100,20,1224,24480,10,2312,23120,3,18607,55821,2,18729,37458
2022-08-31,1000000,0,0,5000,1,5000,500,13,6500,50,30,1500,20,920,18400,10,785,7850,3,14432,43296,2,7573,15146
2022-08-27,1000000,0,0,5000,0,0,500,38,19000,50,56,2800,20,1416,28320,10,1234,12340,3,20787,62361,2,10890,21780
2022-08-24,1000000,0,0,5000,0,0,500,12,6000,50,26,1300,20,569,11380,10,742,7420,3,9903,29709,2,6927,13854
2022-08-20,1000000,0,0,5000,0,0,500,17,8500,50,34,1700,20,1015,20300,10,1133,11330,3,17571,52713,2,10858,21716
2022-08-17,1000000,0,0,5000,0,0,500,13,6500,50,43,2150,20,701,14020,10,1166,11660,3,11855,35565,2,10543,21086
2022-08-13,1000000,0,0,5000,0,0,500,19,9500,50,37,1850,20,933,18660,10,1024,10240,3,14949,44847,2,10087,20174
2022-08-10,1000000,0,0,5000,0,0,500,27,13500,50,26,1300,20,1107,22140,10,780,7800,3,15451,46353,2,6804,13608
2022-08-06,1000000,0,0,5000,0,0,500,24,12000,50,50,2500,20,1300,26000,10,1072,10720,3,19694,59082,2,9517,19034
2022-08-03,1000000,0,0,5000,0,0,500,16,8000,50,38,1900,20,657,13140,10,965,9650,3,11492,34476,2,9001,18002
2022-07-31,,,,,,,,,,,,,,,,,,,,,,,,
2022-07-30,1000000,0,0,5000,1,5000,500,13,6500,50,37,1850,20,804,16080,10,1171,11710,3,14253,42759,2,11311,22622
2022-07-27,1000000,0,0,5000,0,0,500,8,4000,50,38,1900,20,655,13100,10,945,9450,3,10935,32805,2,9304,18608
2022-07-23,1000000,0,0,5000,0,0,500,17,8500,50,47,2350,20,872,17440,10,1200,12000,3,15338,46014,2,12318,24636
2022-07-20,1000000,0,0,5000,1,5000,500,24,12000,50,41,2050,20,1005,20100,10,1205,12050,3,14312,42936,2,10179,20358
2022-07-16,1000000,0,0,5000,0,0,500,20,10000,50,54,2700,20,1006,20120,10,1583,15830,3,16649,49947,2,14146,28292
2022-07-13,1000000,0,0,5000,0,0,500,4,2000,50,36,1800,20,601,12020,10,963,9630,3,10357,31071,2,9345,18690
2022-07-09,1000000,0,0,5000,0,0,500,12,6000,50,37,1850,20,902,18040,10,1071,10710,3,15819,47457,2,10524,21048
2022-07-06,1000000,0,0,5000,1,5000,500,15,7500,50,27,1350,20,537,10740,10,792,7920,3,9894,29682,2,8078,16156
2022-07-02,1000000,0,0,5000,1,5000,500,29,14500,50,30,1500,20,1081,21620,10,1030,10300,3,16967,50901,2,9533,19066
2022-06-29,1000000,0,0,5000,0,0,500,7,3500,50,36,1800,20,645,12900,10,793,7930,3,11081,33243,2,7752,15504
2022-06-25,1000000,0,0,5000,1,5000,500,24,12000,50,67,3350,20,1038,20760,10,1604,16040,3,17248,51744,2,15319,30638
2022-06-22,1000000,0,0,5000,1,5000,500,16,8000,50,43,2150,20,669,13380,10,1001,10010,3,12082,36246,2,9937,19874
2022-06-18,1000000,1,1000000,5000,0,0,500,24,12000,50,41,2050,20,985,19700,10,1123,11230,3,16316,48948,2,10485,20970
2022-06-15,1000000,0,0,5000,1,5000,500,4,2000,50,30,1500,20,632,12640,10,1190,11900,3,10974,32922,2,11659,23318
2022-06-12,,,,,,,,,,,,,,,,,,,,,,,,
2022-06-11,1000000,0,0,5000,2,10000,500,28,14000,50,45,2250,20,1070,21400,10,1496,14960,3,17596,52788,2,13517,27034
2022-06-08,1000000,0,0,5000,0,0,500,22,11000,50,46,2300,20,1016,20320,10,1353,13530,3,15057,45171,2,10815,21630
2022-06-05,,,,,,,,,,,,,,,,,,,,,,,,
2022-06-04,1000000,0,0,5000,0,0,500,20,10000,50,50,2500,20,941,18820,10,1369,13690,3,16003,48009,2,13913,27826
2022-06-01,1000000,0,0,5000,0,0,500,9,4500,50,40,2000,20,601,12020,10,926,9260,3,10678,32034,2,9165,18330
2022-05-28,1000000,0,0,5000,0,0,500,41,20500,50,36,1800,20,1376,27520,10,1110,11100,3,20608,61824,2,9825,19650
2022-05-25,1000000,0,0,5000,0,0,500,7,3500,50,25,1250,20,616,12320,10,680,6800,3,10942,32826,2,7060,14120
2022-05-21,1000000,0,0,5000,0,0,500,15,7500,50,32,1600,20,851,17020,10,1096,10960,3,15096,45288,2,10929,21858
2022-05-18,1000000,0,0,5000,0,0,500,11,5500,50,34,1700,20,607,12140,10,876,8760,3,10603,31809,2,8612,17224
2022-05-14,1000000,0,0,5000,2,10000,500,18,9000,50,50,2500,20,927,18540,10,1297,12970,3,15385,46155,2,12183,24366
2022-05-11,1000000,0,0,5000,0,0,500,12,6000,50,32,1600,20,632,12640,10,1001,10010,3,11070,33210,2,10435,20870
2022-05-07,1000000,1,1000000,5000,0,0,500,23,11500,50,70,3500,20,1225,24500,10,1713,17130,3,20645,61935,2,15797,31594
2022-05-04,1000000,0,0,5000,0,0,500,12,6000,50,45,2250,20,757,15140,10,1452,14520,3,12917,38751,2,13021,26042
2022-04-30,1000000,0,0,5000,0,0,500,17,8500,50,47,2350,20,939,18780,10,1295,12950,3,16300,48900,2,12522,25044
2022-04-27,1000000,0,0,5000,0,0,500,8,4000,50,43,2150,20,714,14280,10,1301,13010,3,12795,38385,2,12127,24254
2022-04-23,1000000,0,0,5000,1,5000,500,11,5500,50,51,2550,20,1015,20300,10,1250,12500,3,16600,49800,2,13249,26498
2022-04-20,1000000,0,0,5000,0,0,500,17,8500,50,45,2250,20,795,15900,10,1314,13140,3,13632,40896,2,12006,24012
2022-04-16,1000000,0,0,5000,0,0,500,18,9000,50,58,2900,20,967,19340,10,1301,13010,3,17461,52383,2,12562,25124
2022-04-13,1000000,0,0,5000,0,0,500,11,5500,50,33,1650,20,688,13760,10,851,8510,3,12415,37245,2,7906,15812
2022-04-09,1000000,1,1000000,5000,1,5000,500,16,8000,50,46,2300,20,933,18660,10,1329,13290,3,16342,49026,2,12890,25780
2022-04-06,1000000,0,0,5000,0,0,500,10,5000,50,44,2200,20,613,12260,10,954,9540,3,11679,35037,2,9691,19382
2022-04-02,1000000,0,0,5000,1,5000,500,23,11500,50,56,2800,20,871,17420,10,1460,14600,3,15661,46983,2,14448,28896
2022-03-30,1000000,0,0,5000,2,10000,500,22,11000,50,74,3700,20,1201,24020,10,1398,13980,3,16783,50349,2,11366,22732
2022-03-26,1000000,0,0,5000,0,0,500,25,12500,50,44,2200,20,951,19020,10,1416,14160,3,16078,48234,2,13651,27302
2022-03-23,1000000,0,0,5000,0,0,500,13,6500,50,39,1950,20,575,11500,10,833,8330,3,10425,31275,2,8500,17000
2022-03-19,1000000,1,1000000,5000,0,0,500,24,12000,50,57,2850,20,792,15840,10,1596,15960,3,14597,43791,2,13529,27058
2022-03-16,1000000,0,0,5000,0,0,500,16,8000,50,27,1350,20,757,15140,10,833,8330,3,13729,41187,2,8050,16100
2022-03-12,1000000,0,0,5000,0,0,500,14,7000,50,78,3900,20,1131,22620,10,1794,17940,3,19422,58266,2,15730,31460
2022-03-09,1000000,0,0,5000,0,0,500,15,7500,50,37,1850,20,647,12940,10,949,9490,3,11519,34557,2,9692,19384
2022-03-05,1000000,0,0,5000,0,0,500,10,5000,50,47,2350,20,905,18100,10,1340,13400,3,16421,49263,2,13205,26410
2022-03-02,1000000,0,0,5000,0,0,500,11,5500,50,33,1650,20,544,10880,10,948,9480,3,10731,32193,2,9444,18888
2022-02-26,1000000,0,0,5000,0,0,500,16,8000,50,41,2050,20,892,17840,10,1189,11890,3,16344,49032,2,11455,22910
2022-02-23,1000000,1,1000000,5000,0,0,500,14,7000,50,26,1300,20,709,14180,10,910,9100,3,12927,38781,2,9754,19508
2022-02-19,1000000,0,0,5000,1,5000,500,23,11500,50,47,2350,20,954,19080,10,1100,11000,3,17270,51810,2,11140,22280
2022-02-16,1000000,0,0,5000,0,0,500,7,3500,50,35,1750,20,563,11260,10,927,9270,3,10572,31716,2,10042,20084
2022-02-12,1000000,0,0,5000,0,0,500,27,13500,50,63,3150,20,1134,22680,10,1763,17630,3,18998,56994,2,15623,31246
2022-02-09,1000000,0,0,5000,1,5000,500,19,9500,50,36,1800,20,676,13520,10,908,9080,3,11759,35277,2,8501,17002
2022-02-05,1000000,1,1000000,5000,1,5000,500,25,12500,50,64,3200,20,895,17900,10,1305,13050,3,15803,47409,2,12829,25658
2022-02-02,1000000,0,0,5000,0,0,500,17,8500,50,36,1800,20,716,14320,10,986,9860,3,13692,41076,2,9476,18952
2022-01-29,1000000,0,0,5000,2,10000,500,21,10500,50,62,3100,20,1060,21200,10,1474,14740,3,18547,55641,2,14897,29794
2022-01-26,1000000,1,1000000,5000,1,5000,500,17,8500,50,25,1250,20,726,14520,10,912,9120,3,12988,38964,2,8741,17482
2022-01-22,1000000,0,0,5000,1,5000,500,44,22000,50,84,4200,20,1675,33500,10,1968,19680,3,23782,71346,2,15856,31712
2022-01-19,1000000,0,0,5000,1,5000,500,17,8500,50,43,2150,20,774,15480,10,1091,10910,3,13210,39630,2,9803,19606
2022-01-15,1000000,0,0,5000,5,25000,500,155,77500,50,434,21700,20,8074,161480,10,10914,109140,3,132175,396525,2,102292,204584
2022-01-12,1000000,0,0,5000,3,15000,500,23,11500,50,74,3700,20,1108,22160,10,1617,16170,3,19170,57510,2,16488,32976
2022-01-08,1000000,0,0,5000,1,5000,500,38,19000,50,98,4900,20,1919,38380,10,2356,23560,3,30679,92037,2,20934,41868
2022-01-05,1000000,0,0,5000,0,0,500,20,10000,50,64,3200,20,1099,21980,10,1351,13510,3,19792,59376,2,13353,26706
2022-01-01,1000000,0,0,5000,2,10000,500,30,15000,50,76,3800,20,1646,32920,10,2675,26750,3,26137,78411,2,22861,45722
2021-12-29,1000000,0,0,5000,1,5000,500,26,13000,50,53,2650,20,1391,27820,10,1736,17360,3,24341,73023,2,15718,31436
2021-12-25,1000000,0,0,5000,2,10000,500,39,19500,50,89,4450,20,1437,28740,10,2101,21010,3,25510,76530,2,20423,40846
2021-12-22,1000000,0,0,5000,0,0,500,46,23000,50,109,5450,20,1827,36540,10,2526,25260,3,29211,87633,2,21938,43876
2021-12-18,1000000,0,0,5000,3,15000,500,57,28500,50,141,7050,20,2798,55960,10,3265,32650,3,39805,119415,2,27156,54312
2021-12-15,1000000,0,0,5000,0,0,500,37,18500,50,83,4150,20,1619,32380,10,2412,24120,3,27657,82971,2,22472,44944
2021-12-11,1000000,0,0,5000,0,0,500,38,19000,50,83,4150,20,1998,39960,10,2065,20650,3,31784,95352,2,19119,38238
2021-12-08,1000000,0,0,5000,1,5000,500,36,18000,50,72,3600,20,1481,29620,10,2156,21560,3,23833,71499,2,20066,40132
2021-12-04,1000000,0,0,5000,1,5000,500,44,22000,50,94,4700,20,2048,40960,10,2397,23970,3,34285,102855,2,21836,43672
2021-12-01,1000000,0,0,5000,0,0,500,27,13500,50,62,3100,20,1465,29300,10,1805,18050,3,25239,75717,2,16823,33646
2021-11-27,1000000,0,0,5000,0,0,500,46,23000,50,82,4100,20,1788,35760,10,2203,22030,3,30275,90825,2,20749,41498
2021-11-24,1000000,0,0,5000,0,0,500,42,21000,50,58,2900,20,1788,35760,10,1779,17790,3,28566,85698,2,17224,34448
2021-11-20,1000000,1,1000000,5000,1,5000,500,33,16500,50,94,4700,20,1927,38540,10,2347,23470,3,31921,95763,2,22622,45244
2021-11-17,1000000,0,0,5000,0,0,500,26,13000,50,76,3800,20,1412,28240,10,1664,16640,3,24095,72285,2,16423,32846
2021-11-13,1000000,1,1000000,5000,1,5000,500,32,16000,50,79,3950,20,1601,32020,10,1948,19480,3,28220,84660,2,19465,38930
2021-11-10,1000000,0,0,5000,0,0,500,31,15500,50,99,4950,20,1505,30100,10,2331,23310,3,25735,77205,2,22401,44802
2021-11-06,1000000,2,2000000,5000,3,15000,500,33,16500,50,92,4600,20,1733,34660,10,3091,30910,3,29656,88968,2,26428,52856
2021-11-03,1000000,0,0,5000,2,10000,500,44,22000,50,89,4450,20,1832,36640,10,2309,23090,3,28916,86748,2,20851,41702
2021-10-30,1000000,0,0,5000,2,10000,500,37,18500,50,94,4700,20,1718,34360,10,2471,24710,3,30503,91509,2,24521,49042
2021-10-27,1000000,0,0,5000,2,10000,500,66,33000,50,143,7150,20,2107,42140,10,2730,27300,3,31848,95544,2,22458,44916
2021-10-23,1000000,0,0,5000,1,5000,500,40,20000,50,97,4850,20,1676,33520,10,2433,24330,3,30462,91386,2,25019,50038
2021-10-20,1000000,0,0,5000,0,0,500,24,12000,50,74,3700,20,1564,31280,10,2343,23430,3,28062,84186,2,22189,44378
2021-10-16,1000000,0,0,5000,0,0,500,62,31000,50,115,5750,20,2594,51880,10,2932,29320,3,40526,121578,2,27087,54174
2021-10-13,1000000,0,0,5000,0,0,500,51,25500,50,99,4950,20,1819,36380,10,2421,24210,3,31441,94323,2,24185,48370
2021-10-09,1000000,0,0,5000,1,5000,500,41,20500,50,96,4800,20,2098,41960,10,3018,30180,3,35691,107073,2,29473,58946
2021-10-06,1000000,0,0,5000,4,20000,500,34,17000,50,91,4550,20,1893,37860,10,2456,24560,3,33135,99405,2,25449,50898
2021-10-02,1000000,0,0,5000,2,10000,500,55,27500,50,137,6850,20,2404,48080,10,3673,36730,3,41769,125307,2,35873,71746
2021-09-29,1000000,0,0,5000,0,0,500,57,28500,50,142,7100,20,2734,54680,10,3227,32270,3,40307,120921,2,27233,54466
2021-09-25,1000000,0,0,5000,0,0,500,41,20500,50,106,5300,20,1993,39860,10,2479,24790,3,36541,109623,2,23154,46308
2021-09-22,1000000,0,0,5000,1,5000,500,47,23500,50,119,5950,20,2072,41440,10,2508,25080,3,30704,92112,2,22087,44174
2021-09-18,1000000,0,0,5000,1,5000,500,38,19000,50,63,3150,20,1543,30860,10,1961,19610,3,25672,77016,2,20282,40564
2021-09-15,1000000,0,0,5000,3,15000,500,27,13500,50,64,3200,20,1164,23280,10,1501,15010,3,20764,62292,2,15581,31162
2021-09-11,1000000,1,1000000,5000,1,5000,500,31,15500,50,77,3850,20,1472,29440,10,1808,18080,3,25494,76482,2,17974,35948
2021-09-08,1000000,0,0,5000,1,5000,500,28,14000,50,77,3850,20,1266,25320,10,1934,19340,3,21017,63051,2,17946,35892
2021-09-04,1000000,1,1000000,5000,1,5000,500,21,10500,50,65,3250,20,1298,25960,10,1911,19110,3,23460,70380,2,17861,35722
2021-09-01,1000000,0,0,5000,1,5000,500,22,11000,50,48,2400,20,968,19360,10,1432,14320,3,17987,53961,2,13849,27698
2021-08-28,1000000,0,0,5000,0,0,500,22,11000,50,48,2400,20,968,19360,10,1358,13580,3,17742,53226,2,13268,26536
2021-08-25,1000000,0,0,5000,0,0,500,16,8000,50,39,1950,20,828,16560,10,1105,11050,3,15388,46164,2,10676,21352
2021-08-21,1000000,0,0,5000,1,5000,500,40,20000,50,72,3600,20,1676,33520,10,2021,20210,3,26010,78030,2,18041,36082
2021-08-18,1000000,0,0,5000,0,0,500,18,9000,50,36,1800,20,804,16080,10,1119,11190,3,13841,41523,2,11020,22040
2021-08-14,1000000,0,0,5000,0,0,500,29,14500,50,70,3500,20,1161,23220,10,1755,17550,3,20434,61302,2,16813,33626
2021-08-11,1000000,0,0,5000,0,0,500,18,9000,50,39,1950,20,830,16600,10,1097,10970,3,15375,46125,2,10939,21878
2021-08-07,1000000,0,0,5000,0,0,500,17,8500,50,59,2950,20,1015,20300,10,1661,16610,3,18205,54615,2,16014,32028
2021-08-04,1000000,0,0,5000,0,0,500,19,9500,50,33,1650,20,937,18740,10,994,9940,3,13492,40476,2,9417,18834
2021-07-31,1000000,0,0,5000,0,0,500,19,9500,50,42,2100,20,996,19920,10,1258,12580,3,15852,47556,2,13311,26622
2021-07-28,1000000,0,0,5000,1,5000,500,16,8000,50,41,2050,20,1091,21820,10,926,9260,3,17178,51534,2,8725,17450
2021-07-24,1000000,0,0,5000,0,0,500,19,9500,50,30,1500,20,896,17920,10,1270,12700,3,15520,46560,2,13471,26942
2021-07-21,1000000,0,0,5000,0,0,500,17,8500,50,48,2400,20,714,14280,10,1115,11150,3,12384,37152,2,10322,20644
2021-07-17,1000000,0,0,5000,2,10000,500,44,22000,50,67,3350,20,1386,27720,10,1741,17410,3,21720,65160,2,14824,29648
2021-07-14,1000000,0,0,5000,0,0,500,19,9500,50,37,1850,20,1068,21360,10,1049,10490,3,16411,49233,2,9035,18070
2021-07-10,1000000,0,0,5000,1,5000,500,13,6500,50,51,2550,20,999,19980,10,1321,13210,3,17440,52320,2,13207,26414
2021-07-07,1000000,0,0,5000,0,0,500,16,8000,50,34,1700,20,627,12540,10,822,8220,3,11161,33483,2,8202,16404
2021-07-03,1000000,0,0,5000,1,5000,500,36,18000,50,62,3100,20,1435,28700,10,1809,18090,3,21722,65166,2,14908,29816
2021-06-30,1000000,0,0,5000,0,0,500,18,9000,50,33,1650,20,612,12240,10,893,8930,3,11206,33618,2,9674,19348
2021-06-26,1000000,0,0,5000,0,0,500,17,8500,50,44,2200,20,873,17460,10,1176,11760,3,14660,43980,2,11852,23704
2021-06-23,1000000,0,0,5000,2,10000,500,13,6500,50,28,1400,20,578,11560,10,783,7830,3,9582,28746,2,7528,15056
2021-06-19,1000000,0,0,5000,0,0,500,12,6000,50,52,2600,20,899,17980,10,1169,11690,3,16863,50589,2,11508,23016
2021-06-16,1000000,0,0,5000,0,0,500,16,8000,50,40,2000,20,836,16720,10,809,8090,3,13205,39615,2,7491,14982
2021-06-12,1000000,0,0,5000,0,0,500,13,6500,50,47,2350,20,947,18940,10,1114,11140,3,16251,48753,2,10448,20896
2021-06-09,1000000,0,0,5000,0,0,500,8,4000,50,29,1450,20,581,11620,10,747,7470,3,10506,31518,2,7294,14588
2021-06-05,1000000,0,0,5000,1,5000,500,14,7000,50,51,2550,20,897,17940,10,1301,13010,3,15917,47751,2,12765,25530
2021-06-02,1000000,0,0,5000,0,0,500,18,9000,50,33,1650,20,697,13940,10,766,7660,3,12295,36885,2,7277,14554
2021-05-29,1000000,0,0,5000,2,10000,500,25,12500,50,37,1850,20,1110,22200,10,1136,11360,3,19569,58707,2,10582,21164
2021-05-26,1000000,0,0,5000,1,5000,500,19,9500,50,46,2300,20,723,14460,10,1000,10000,3,11375,34125,2,9612,19224
2021-05-22,1000000,1,1000000,5000,0,0,500,15,7500,50,48,2400,20,1008,20160,10,1301,13010,3,17863,53589,2,12130,24260
2021-05-19,1000000,0,0,5000,0,0,500,13,6500,50,36,1800,20,779,15580,10,1296,12960,3,13444,40332,2,12894,25788
2021-05-15,1000000,0,0,5000,0,0,500,24,12000,50,47,2350,20,1056,21120,10,1423,14230,3,19019,57057,2,13271,26542
2021-05-12,1000000,0,0,5000,0,0,500,17,8500,50,47,2350,20,965,19300,10,1372,13720,3,15684,47052,2,11784,23568
2021-05-08,1000000,0,0,5000,0,0,500,22,11000,50,43,2150,20,957,19140,10,1244,12440,3,15611,46833,2,12975,25950
2021-05-05,1000000,0,0,5000,0,0,500,13,6500,50,51,2550,20,1005,20100,10,1219,12190,3,15727,47181,2,11728,23456
2021-05-01,1000000,0,0,5000,0,0,500,22,11000,50,60,3000,20,1008,20160,10,1515,15150,3,17721,53163,2,15739,31478
2021-04-28,1000000,0,0,5000,1,5000,500,14,7000,50,35,1750,20,583,11660,10,859,8590,3,11194,33582,2,8715,17430
2021-04-24,1000000,0,0,5000,0,0,500,22,11000,50,51,2550,20,910,18200,10,1103,11030,3,16329,48987,2,10774,21548
2021-04-21,1000000,0,0,5000,0,0,500,12,6000,50,28,1400,20,660,13200,10,871,8710,3,11390,34170,2,8154,16308
2021-04-17,1000000,1,1000000,5000,0,0,500,19,9500,50,38,1900,20,937,18740,10,1353,13530,3,16778,50334,2,14164,28328
2021-04-14,1000000,0,0,5000,0,0,500,29,14500,50,85,4250,20,1414,28280,10,2280,22800,3,24069,72207,2,19763,39526
2021-04-10,1000000,0,0,5000,0,0,500,27,13500,50,84,4200,20,1290,25800,10,1769,17690,3,23074,69222,2,17798,35596
2021-04-07,1000000,0,0,5000,0,0,500,17,8500,50,50,2500,20,1053,21060,10,1227,12270,3,18100,54300,2,11135,22270
2021-04-03,1000000,0,0,5000,1,5000,500,22,11000,50,65,3250,20,1269,25380,10,1600,16000,3,21483,64449,2,16517,33034
2021-03-31,1000000,0,0,5000,0,0,500,20,10000,50,53,2650,20,1097,21940,10,1669,16690,3,18702,56106,2,15475,30950
2021-03-27,1000000,0,0,5000,1,5000,500,25,12500,50,59,2950,20,1358,27160,10,1686,16860,3,23484,70452,2,14947,29894
2021-03-24,1000000,0,0,5000,0,0,500,20,10000,50,65,3250,20,1177,23540,10,1858,18580,3,18761,56283,2,15262,30524
2021-03-20,1000000,0,0,5000,0,0,500,23,11500,50,54,2700,20,1028,20560,10,1318,13180,3,18702,56106,2,12740,25480
2021-03-17,1000000,0,0,5000,0,0,500,17,8500,50,49,2450,20,751,15020,10,1025,10250,3,13544,40632,2,9914,19828
2021-03-13,1000000,0,0,5000,1,5000,500,39,19500,50,68,3400,20,1575,31500,10,1633,16330,3,24432,73296,2,14768,29536
2021-03-10,1000000,0,0,5000,0,0,500,14,7000,50,39,1950,20,828,16560,10,1044,10440,3,13708,41124,2,9742,19484
2021-03-06,1000000,0,0,5000,3,15000,500,42,21000,50,112,5600,20,1679,33580,10,2594,25940,3,25487,76461,2,20805,41610
2021-03-03,1000000,0,0,5000,2,10000,500,22,11000,50,43,2150,20,959,19180,10,1027,10270,3,16866,50598,2,10206,20412
2021-02-27,1000000,0,0,5000,0,0,500,25,12500,50,46,2300,20,944,18880,10,1339,13390,3,16780,50340,2,14379,28758
2021-02-24,1000000,0,0,5000,0,0,500,27,13500,50,40,2000,20,1131,22620,10,929,9290,3,17836,53508,2,8667,17334
2021-02-20,1000000,0,0,5000,0,0,500,17,8500,50,53,2650,20,1036,20720,10,1310,13100,3,17679,53037,2,12532,25064
2021-02-17,1000000,0,0,5000,0,0,500,16,8000,50,27,1350,20,906,18120,10,998,9980,3,15766,47298,2,9556,19112
2021-02-13,1000000,0,0,5000,1,5000,500,20,10000,50,47,2350,20,937,18740,10,1221,12210,3,17821,53463,2,11623,23246
2021-02-10,1000000,0,0,5000,0,0,500,16,8000,50,38,1900,20,627,12540,10,859,8590,3,11210,33630,2,9529,19058
2021-02-06,1000000,0,0,5000,3,15000,500,48,24000,50,76,3800,20,1478,29560,10,1788,17880,3,22075,66225,2,15590,31180
2021-02-03,1000000,0,0,5000,0,0,500,13,6500,50,54,2700,20,860,17200,10,1284,12840,3,14602,43806,2,10908,21816
2021-01-30,1000000,0,0,5000,0,0,500,26,13000,50,73,3650,20,1003,20060,10,1909,19090,3,17895,53685,2,17442,34884
2021-01-27,1000000,0,0,5000,0,0,500,12,6000,50,42,2100,20,874,17480,10,1102,11020,3,14962,44886,2,11580,23160
2021-01-23,1000000,0,0,5000,0,0,500,27,13500,50,52,2600,20,1070,21400,10,1506,15060,3,18351,55053,2,15003,30006
2021-01-20,1000000,1,1000000,5000,0,0,500,14,7000,50,40,2000,20,706,14120,10,1003,10030,3,13120,39360,2,10267,20534
2021-01-16,1000000,0,0,5000,0,0,500,24,12000,50,58,2900,20,978,19560,10,1266,12660,3,17859,53577,2,12138,24276
2021-01-13,1000000,0,0,5000,0,0,500,30,15000,50,36,1800,20,863,17260,10,958,9580,3,13051,39153,2,9330,18660
2021-01-09,1000000,0,0,5000,1,5000,500,13,6500,50,56,2800,20,903,18060,10,1186,11860,3,15032,45096,2,12026,24052
2021-01-06,1000000,0,0,5000,0,0,500,16,8000,50,29,1450,20,627,12540,10,798,7980,3,11055,33165,2,8602,17204
2021-01-02,1000000,0,0,5000,1,5000,500,20,10000,50,35,1750,20,1041,20820,10,1135,11350,3,18736,56208,2,10335,20670
2020-12-30,1000000,0,0,5000,0,0,500,19,9500,50,40,2000,20,686,13720,10,1063,10630,3,13100,39300,2,11374,22748
2020-12-26,1000000,0,0,5000,0,0,500,8,4000,50,36,1800,20,733,14660,10,1208,12080,3,13168,39504,2,11277,22554
2020-12-23,1000000,1,1000000,5000,0,0,500,12,6000,50,40,2000,20,667,13340,10,1046,10460,3,12649,37947,2,10865,21730
2020-12-19,1000000,0,0,5000,0,0,500,15,7500,50,56,2800,20,970,19400,10,1248,12480,3,16407,49221,2,11733,23466
2020-12-16,1000000,0,0,5000,0,0,500,17,8500,50,47,2350,20,775,15500,10,1031,10310,3,12614,37842,2,10111,20222
2020-12-12,1000000,0,0,5000,0,0,500,19,9500,50,46,2300,20,825,16500,10,1058,10580,3,13880,41640,2,10645,21290
2020-12-09,1000000,0,0,5000,0,0,500,14,7000,50,17,850,20,554,11080,10,684,6840,3,8827,26481,2,7081,14162
2020-12-05,1000000,0,0,5000,0,0,500,13,6500,50,43,2150,20,882,17640,10,1216,12160,3,15185,45555,2,11543,23086
2020-12-02,1000000,0,0,5000,1,5000,500,16,8000,50,61,3050,20,894,17880,10,1123,11230,3,15220,45660,2,12102,24204
2020-11-28,1000000,0,0,5000,1,5000,500,36,18000,50,103,5150,20,1418,28360,10,2221,22210,3,24079,72237,2,20092,40184
2020-11-25,1000000,0,0,5000,1,5000,500,11,5500,50,36,1800,20,859,17180,10,1317,13170,3,14526,43578,2,12992,25984
2020-11-21,1000000,0,0,5000,0,0,500,33,16500,50,63,3150,20,1239,24780,10,1383,13830,3,21611,64833,2,13667,27334
2020-11-18,1000000,0,0,5000,1,5000,500,24,12000,50,55,2750,20,998,19960,10,1543,15430,3,16634,49902,2,14072,28144
2020-11-14,1000000,0,0,5000,1,5000,500,20,10000,50,44,2200,20,1218,24360,10,1428,14280,3,19044,57132,2,14739,29478
2020-11-11,1000000,0,0,5000,0,0,500,12,6000,50,35,1750,20,665,13300,10,1128,11280,3,11965,35895,2,10713,21426
2020-11-07,1000000,0,0,5000,0,0,500,17,8500,50,48,2400,20,989,19780,10,1310,13100,3,18638,55914,2,12958,25916
2020-11-04,1000000,1,1000000,5000,2,10000,500,16,8000,50,38,1900,20,743,14860,10,1115,11150,3,13302,39906,2,11112,22224
2020-10-31,1000000,0,0,5000,1,5000,500,21,10500,50,52,2600,20,1148,22960,10,1738,17380,3,19200,57600,2,16946,33892
2020-10-28,1000000,0,0,5000,0,0,500,12,6000,50,32,1600,20,788,15760,10,872,8720,3,15086,45258,2,8631,17262
2020-10-24,1000000,0,0,5000,0,0,500,16,8000,50,59,2950,20,1128,22560,10,1386,13860,3,18900,56700,2,13288,26576
2020-10-21,1000000,0,0,5000,0,0,500,7,3500,50,29,1450,20,593,11860,10,785,7850,3,11053,33159,2,7928,15856
2020-10-17,1000000,0,0,5000,2,10000,500,23,11500,50,70,3500,20,1183,23660,10,1825,18250,3,18700,56100,2,15108,30216
2020-10-14,1000000,0,0,5000,2,10000,500,13,6500,50,37,1850,20,721,14420,10,757,7570,3,12706,38118,2,7516,15032
2020-10-10,1000000,0,0,5000,0,0,500,25,12500,50,49,2450,20,1044,20880,10,1430,14300,3,17767,53301,2,13374,26748
2020-10-07,1000000,0,0,5000,1,5000,500,17,8500,50,44,2200,20,875,17500,10,893,8930,3,14675,44025,2,8062,16124
2020-10-03,1000000,0,0,5000,1,5000,500,17,8500,50,63,3150,20,1170,23400,10,1465,14650,3,19288,57864,2,13696,27392
2020-09-30,1000000,0,0,5000,0,0,500,6,3000,50,23,1150,20,568,11360,10,802,8020,3,10473,31419,2,8683,17366
2020-09-26,1000000,0,0,5000,0,0,500,18,9000,50,53,2650,20,968,19360,10,1141,11410,3,17372,52116,2,10506,21012
2020-09-23,1000000,0,0,5000,2,10000,500,30,15000,50,32,1600,20,1179,23580,10,942,9420,3,17037,51111,2,8458,16916
2020-09-19,1000000,0,0,5000,2,10000,500,17,8500,50,37,1850,20,926,18520,10,1179,11790,3,15375,46125,2,12567,25134
2020-09-16,1000000,0,0,5000,0,0,500,15,7500,50,29,1450,20,656,13120,10,761,7610,3,11930,35790,2,7696,15392
2020-09-12,1000000,0,0,5000,0,0,500,21,10500,50,58,2900,20,1075,21500,10,1559,15590,3,18436,55308,2,13625,27250
2020-09-09,1000000,0,0,5000,1,5000,500,12,6000,50,37,1850,20,580,11600,10,809,8090,3,10171,30513,2,9115,18230
2020-09-05,1000000,0,0,5000,0,0,500,25,12500,50,39,1950,20,950,19000,10,1091,10910,3,15614,46842,2,11688,23376
2020-09-02,1000000,0,0,5000,0,0,500,6,3000,50,30,1500,20,595,11900,10,720,7200,3,9923,29769,2,7280,14560
2020-08-29,1000000,0,0,5000,0,0,500,16,8000,50,37,1850,20,780,15600,10,1118,11180,3,14615,43845,2,10799,21598
2020-08-26,1000000,0,0,5000,0,0,500,12,6000,50,25,1250,20,648,12960,10,805,8050,3,11937,35811,2,8058,16116
2020-08-22,1000000,0,0,5000,0,0,500,8,4000,50,38,1900,20,864,17280,10,1151,11510,3,15353,46059,2,11017,22034
2020-08-19,1000000,0,0,5000,0,0,500,10,5000,50,27,1350,20,605,12100,10,812,8120,3,11537,34611,2,7756,15512
2020-08-15,1000000,0,0,5000,1,5000,500,22,11000,50,52,2600,20,1184,23680,10,1520,15200,3,19968,59904,2,15136,30272
2020-08-12,1000000,0,0,5000,0,0,500,19,9500,50,43,2150,20,999,19980,10,1524,15240,3,16206,48618,2,12305,24610
2020-08-08,1000000,0,0,5000,0,0,500,16,8000,50,55,2750,20,1002,20040,10,1241,12410,3,18253,54759,2,12349,24698
2020-08-05,1000000,0,0,5000,0,0,500,16,8000,50,33,1650,20,735,14700,10,1163,11630,3,13344,40032,2,10933,21866
2020-08-01,1000000,0,0,5000,2,10000,500,21,10500,50,53,2650,20,1378,27560,10,1381,13810,3,23236,69708,2,12945,25890
2020-07-29,1000000,0,0,5000,0,0,500,20,10000,50,38,1900,20,861,17220,10,1164,11640,3,14213,42639,2,10534,21068
2020-07-25,1000000,0,0,5000,2,10000,500,37,18500,50,85,4250,20,1492,29840,10,1849,18490,3,21939,65817,2,15508,31016
2020-07-22,1000000,0,0,5000,0,0,500,12,6000,50,35,1750,20,724,14480,10,958,9580,3,12874,38622,2,9696,19392
2020-07-18,1000000,0,0,5000,0,0,500,19,9500,50,45,2250,20,799,15980,10,1122,11220,3,13868,41604,2,10892,21784
2020-07-15,1000000,0,0,5000,0,0,500,14,7000,50,28,1400,20,629,12580,10,811,8110,3,11549,34647,2,7737,15474
2020-07-11,1000000,1,1000000,5000,0,0,500,17,8500,50,42,2100,20,812,16240,10,1184,11840,3,14519,43557,2,11450,22900
2020-07-08,1000000,0,0,5000,0,0,500,14,7000,50,52,2600,20,756,15120,10,1156,11560,3,13455,40365,2,10758,21516
2020-07-04,1000000,0,0,5000,3,15000,500,14,7000,50,63,3150,20,964,19280,10,1638,16380,3,16807,50421,2,15892,31784
2020-07-01,1000000,0,0,5000,0,0,500,13,6500,50,22,1100,20,599,11980,10,804,8040,3,9583,28749,2,7179,14358
2020-06-27,1000000,0,0,5000,1,5000,500,23,11500,50,60,3000,20,1118,22360,10,1868,18680,3,18727,56181,2,16302,32604
2020-06-24,1000000,0,0,5000,0,0,500,13,6500,50,39,1950,20,829,16580,10,1189,11890,3,14000,42000,2,11190,22380
2020-06-20,1000000,0,0,5000,0,0,500,21,10500,50,48,2400,20,1150,23000,10,1398,13980,3,19165,57495,2,13308,26616
2020-06-17,1000000,0,0,5000,0,0,500,31,15500,50,39,1950,20,1222,24440,10,1246,12460,3,18220,54660,2,10651,21302
2020-06-13,1000000,0,0,5000,0,0,500,18,9000,50,59,2950,20,1006,20120,10,1624,16240,3,18083,54249,2,15142,30284
2020-06-10,1000000,0,0,5000,0,0,500,17,8500,50,36,1800,20,687,13740,10,1120,11200,3,12651,37953,2,11098,22196
2020-06-06,1000000,0,0,5000,0,0,500,27,13500,50,63,3150,20,1040,20800,10,1492,14920,3,18081,54243,2,14862,29724
2020-06-03,1000000,0,0,5000,1,5000,500,13,6500,50,46,2300,20,680,13600,10,1029,10290,3,12277,36831,2,9996,19992
2020-05-30,1000000,0,0,5000,0,0,500,20,10000,50,48,2400,20,914,18280,10,1366,13660,3,16587,49761,2,14000,28000
2020-05-27,1000000,0,0,5000,1,5000,500,14,7000,50,27,1350,20,753,15060,10,995,9950,3,11722,35166,2,10053,20106
2020-05-23,1000000,0,0,5000,3,15000,500,29,14500,50,90,4500,20,1232,24640,10,1929,19290,3,19451,58353,2,16384,32768
2020-05-20,1000000,1,1000000,5000,0,0,500,9,4500,50,34,1700,20,634,12680,10,877,8770,3,11581,34743,2,9123,18246
2020-05-16,1000000,0,0,5000,1,5000,500,13,6500,50,34,1700,20,763,15260,10,986,9860,3,12911,38733,2,9768,19536
2020-05-13,1000000,0,0,5000,0,0,500,17,8500,50,66,3300,20,846,16920,10,1148,11480,3,13542,40626,2,10184,20368
2020-05-09,1000000,0,0,5000,0,0,500,12,6000,50,39,1950,20,774,15480,10,1110,11100,3,13857,41571,2,11632,23264
2020-05-06,1000000,1,1000000,5000,1,5000,500,8,4000,50,44,2200,20,688,13760,10,1092,10920,3,11941,35823,2,10530,21060
2020-05-02,1000000,0,0,5000,0,0,500,15,7500,50,45,2250,20,926,18520,10,1060,10600,3,15892,47676,2,10242,20484
2020-04-29,1000000,0,0,5000,0,0,500,26,13000,50,31,1550,20,1374,27480,10,835,8350,3,17018,51054,2,7483,14966
2020-04-25,1000000,0,0,5000,1,5000,500,11,5500,50,52,2600,20,854,17080,10,1211,12110,3,14712,44136,2,12453,24906
2020-04-22,1000000,0,0,5000,0,0,500,10,5000,50,27,1350,20,562,11240,10,678,6780,3,10997,32991,2,6685,13370
2020-04-18,1000000,0,0,5000,0,0,500,16,8000,50,47,2350,20,914,18280,10,1153,11530,3,15377,46131,2,11901,23802
2020-04-15,1000000,0,0,5000,1,5000,500,16,8000,50,39,1950,20,990,19800,10,964,9640,3,16734,50202,2,8990,17980
2020-04-11,1000000,0,0,5000,1,5000,500,20,10000,50,48,2400,20,1082,21640,10,1310,13100,3,17776,53328,2,13792,27584
2020-04-08,1000000,0,0,5000,1,5000,500,30,15000,50,50,2500,20,1074,21480,10,1235,12350,3,16314,48942,2,11022,22044
2020-04-04,1000000,0,0,5000,0,0,500,20,10000,50,50,2500,20,817,16340,10,1276,12760,3,14877,44631,2,12179,24358
2020-04-01,1000000,1,1000000,5000,0,0,500,14,7000,50,19,950,20,667,13340,10,706,7060,3,11545,34635,2,7141,14282
2020-03-28,1000000,0,0,5000,0,0,500,23,11500,50,38,1900,20,829,16580,10,969,9690,3,14527,43581,2,9657,19314
2020-03-25,1000000,0,0,5000,1,5000,500,12,6000,50,43,2150,20,758,15160,10,1119,11190,3,12302,36906,2,10168,20336
2020-03-21,1000000,0,0,5000,0,0,500,18,9000,50,37,1850,20,807,16140,10,1228,12280,3,14904,44712,2,12938,25876
2020-03-18,1000000,0,0,5000,1,5000,500,21,10500,50,34,1700,20,741,14820,10,983,9830,3,12468,37404,2,9619,19238
2020-03-14,1000000,0,0,5000,0,0,500,23,11500,50,31,1550,20,884,17680,10,1287,12870,3,15418,46254,2,13685,27370
2020-03-11,1000000,1,1000000,5000,1,5000,500,22,11000,50,97,4850,20,1111,22220,10,1618,16180,3,15737,47211,2,12706,25412
2020-03-07,1000000,0,0,5000,1,5000,500,24,12000,50,41,2050,20,1015,20300,10,1380,13800,3,17061,51183,2,12394,24788
2020-03-04,1000000,0,0,5000,0,0,500,16,8000,50,35,1750,20,508,10160,10,873,8730,3,10359,31077,2,8866,17732
2020-02-29,1000000,0,0,5000,0,0,500,17,8500,50,67,3350,20,1138,22760,10,1723,17230,3,18581,55743,2,14928,29856
2020-02-26,1000000,0,0,5000,1,5000,500,13,6500,50,27,1350,20,606,12120,10,907,9070,3,11915,35745,2,9162,18324
2020-02-22,1000000,0,0,5000,1,5000,500,18,9000,50,46,2300,20,781,15620,10,1084,10840,3,14386,43158,2,10099,20198
2020-02-19,1000000,0,0,5000,0,0,500,9,4500,50,30,1500,20,575,11500,10,885,8850,3,11058,33174,2,9014,18028
2020-02-15,1000000,0,0,5000,0,0,500,15,7500,50,50,2500,20,815,16300,10,1187,11870,3,13969,41907,2,11886,23772
2020-02-12,1000000,0,0,5000,1,5000,500,9,4500,50,38,1900,20,825,16500,10,650,6500,3,13021,39063,2,5958,11916
2020-02-08,1000000,0,0,5000,1,5000,500,23,11500,50,41,2050,20,942,18840,10,1270,12700,3,17101,51303,2,12117,24234
2020-02-05,1000000,0,0,5000,0,0,500,14,7000,50,32,1600,20,532,10640,10,790,7900,3,10137,30411,2,8227,16454
2020-02-01,1000000,0,0,5000,1,5000,500,18,9000,50,48,2400,20,850,17000,10,961,9610,3,15333,45999,2,9277,18554
2020-01-29,1000000,0,0,5000,0,0,500,18,9000,50,42,2100,20,888,17760,10,904,9040,3,15415,46245,2,8219,16438
2020-01-25,1000000,1,1000000,5000,2,10000,500,22,11000,50,81,4050,20,1353,27060,10,2120,21200,3,20790,62370,2,17900,35800
2020-01-22,1000000,0,0,5000,0,0,500,13,6500,50,33,1650,20,690,13800,10,852,8520,3,13147,39441,2,7562,15124
2020-01-18,1000000,0,0,5000,0,0,500,18,9000,50,40,2000,20,862,17240,10,1200,12000,3,15429,46287,2,12116,24232
2020-01-15,1000000,0,0,5000,0,0,500,21,10500,50,43,2150,20,801,16020,10,1093,10930,3,13718,41154,2,10324,20648
2020-01-11,1000000,0,0,5000,1,5000,500,15,7500,50,47,2350,20,875,17500,10,1235,12350,3,16127,48381,2,13193,26386
2020-01-08,1000000,0,0,5000,1,5000,500,21,10500,50,33,1650,20,737,14740,10,884,8840,3,13041,39123,2,8985,17970
2020-01-04,1000000,0,0,5000,0,0,500,15,7500,50,35,1750,20,795,15900,10,1152,11520,3,14932,44796,2,11342,22684
2020-01-01,1000000,0,0,5000,0,0,500,6,3000,50,46,2300,20,555,11100,10,865,8650,3,10460,31380,2,8897,17794
2019-12-28,1000000,0,0,5000,0,0,500,17,8500,50,47,2350,20,806,16120,10,1229,12290,3,14077,42231,2,12081,24162
2019-12-25,1000000,0,0,5000,0,0,500,27,13500,50,40,2000,20,862,17240,10,1222,12220,3,14960,44880,2,11745,23490
2019-12-21,1000000,0,0,5000,2,10000,500,24,12000,50,47,2350,20,943,18860,10,1328,13280,3,16240,48720,2,13642,27284
2019-12-18,1000000,0,0,5000,0,0,500,5,2500,50,23,1150,20,472,9440,10,715,7150,3,9014,27042,2,7448,14896
2019-12-14,1000000,0,0,5000,0,0,500,19,9500,50,61,3050,20,1007,20140,10,1508,15080,3,16894,50682,2,13811,27622
2019-12-11,1000000,0,0,5000,0,0,500,9,4500,50,31,1550,20,576,11520,10,1130,11300,3,10412,31236,2,8895,17790
2019-12-07,1000000,0,0,5000,0,0,500,27,13500,50,61,3050,20,955,19100,10,1597,15970,3,17252,51756,2,14369,28738
2019-12-04,1000000,0,0,5000,0,0,500,18,9000,50,41,2050,20,814,16280,10,1000,10000,3,13348,40044,2,9866,19732
2019-11-30,1000000,0,0,5000,0,0,500,16,8000,50,43,2150,20,870,17400,10,1176,11760,3,15553,46659,2,12114,24228
2019-11-27,1000000,0,0,5000,0,0,500,13,6500,50,49,2450,20,626,12520,10,932,9320,3,10631,31893,2,9286,18572
2019-11-23,1000000,0,0,5000,1,5000,500,52,26000,50,63,3150,20,1619,32380,10,1438,14380,3,22255,66765,2,12948,25896
2019-11-20,1000000,0,0,5000,1,5000,500,5,2500,50,37,1850,20,608,12160,10,837,8370,3,10140,30420,2,7804,15608
2019-11-16,1000000,0,0,5000,0,0,500,22,11000,50,50,2500,20,962,19240,10,1453,14530,3,16642,49926,2,13216,26432
2019-11-13,1000000,0,0,5000,1,5000,500,14,7000,50,28,1400,20,823,16460,10,743,7430,3,13360,40080,2,7415,14830
2019-11-09,1000000,0,0,5000,0,0,500,24,12000,50,42,2100,20,725,14500,10,1059,10590,3,13420,40260,2,10470,20940
2019-11-06,1000000,0,0,5000,0,0,500,7,3500,50,23,1150,20,490,9800,10,771,7710,3,9734,29202,2,8034,16068
2019-11-02,1000000,0,0,5000,0,0,500,16,8000,50,51,2550,20,1079,21580,10,1038,10380,3,17311,51933,2,9873,19746
2019-10-30,1000000,0,0,5000,0,0,500,13,6500,50,32,1600,20,486,9720,10,839,8390,3,9894,29682,2,9856,19712
2019-10-26,1000000,0,0,5000,1,5000,500,14,7000,50,29,1450,20,763,15260,10,1033,10330,3,12865,38595,2,10856,21712
2019-10-23,1000000,0,0,5000,1,5000,500,13,6500,50,36,1800,20,659,13180,10,954,9540,3,11561,34683,2,9364,18728
2019-10-19,1000000,0,0,5000,1,5000,500,19,9500,50,39,1950,20,995,19900,10,1219,12190,3,17758,53274,2,11281,22562
2019-10-16,1000000,0,0,5000,0,0,500,16,8000,50,35,1750,20,618,12360,10,1024,10240,3,11500,34500,2,10669,21338
2019-10-12,1000000,0,0,5000,1,5000,500,10,5000,50,53,2650,20,924,18480,10,1231,12310,3,16064,48192,2,12687,25374
2019-10-09,1000000,0,0,5000,2,10000,500,9,4500,50,29,1450,20,605,12100,10,865,8650,3,10892,32676,2,8842,17684
2019-10-05,1000000,0,0,5000,0,0,500,12,6000,50,55,2750,20,933,18660,10,1322,13220,3,16059,48177,2,12926,25852
2019-10-02,1000000,0,0,5000,0,0,500,20,10000,50,31,1550,20,559,11180,10,799,7990,3,9563,28689,2,7963,15926
2019-09-29,,,,,,,,,,,,,,,,,,,,,,,,
2019-09-28,1000000,0,0,5000,1,5000,500,19,9500,50,35,1750,20,847,16940,10,1432,14320,3,15070,45210,2,14470,28940
2019-09-25,1000000,0,0,5000,0,0,500,12,6000,50,31,1550,20,554,11080,10,783,7830,3,9363,28089,2,8228,16456
2019-09-21,1000000,0,0,5000,0,0,500,21,10500,50,54,2700,20,884,17680,10,1288,12880,3,16149,48447,2,13111,26222
2019-09-18,1000000,0,0,5000,1,5000,500,16,8000,50,26,1300,20,809,16180,10,866,8660,3,13958,41874,2,8491,16982
2019-09-14,1000000,0,0,5000,0,0,500,25,12500,50,47,2350,20,857,17140,10,1095,10950,3,14879,44637,2,10984,21968
2019-09-11,1000000,0,0,5000,0,0,500,9,4500,50,30,1500,20,584,11680,10,834,8340,3,9766,29298,2,8836,17672
2019-09-07,1000000,0,0,5000,0,0,500,13,6500,50,38,1900,20,898,17960,10,1200,12000,3,16059,48177,2,11334,22668
2019-09-04,1000000,0,0,5000,1,5000,500,14,7000,50,28,1400,20,604,12080,10,827,8270,3,10463,31389,2,8535,17070
2019-08-31,1000000,0,0,5000,0,0,500,19,9500,50,43,2150,20,812,16240,10,1072,10720,3,13787,41361,2,11279,22558
2019-08-28,1000000,0,0,5000,0,0,500,8,4000,50,25,1250,20,529,10580,10,655,6550,3,10062,30186,2,6763,13526
2019-08-24,1000000,0,0,5000,2,10000,500,17,8500,50,46,2300,20,1041,20820,10,953,9530,3,17488,52464,2,9278,18556
2019-08-21,1000000,0,0,5000,0,0,500,19,9500,50,57,2850,20,944,18880,10,1140,11400,3,16465,49395,2,11404,22808
2019-08-17,1000000,0,0,5000,3,15000,500,22,11000,50,47,2350,20,1158,23160,10,1708,17080,3,20703,62109,2,17152,34304
2019-08-14,1000000,0,0,5000,2,10000,500,21,10500,50,67,3350,20,973,19460,10,1476,14760,3,17479,52437,2,14140,28280
2019-08-10,1000000,0,0,5000,2,10000,500,23,11500,50,68,3400,20,1085,21700,10,1574,15740,3,18822,56466,2,15608,31216
2019-08-07,1000000,0,0,5000,0,0,500,17,8500,50,38,1900,20,929,18580,10,1285,12850,3,15295,45885,2,12784,25568
2019-08-03,1000000,0,0,5000,0,0,500,18,9000,50,71,3550,20,1095,21900,10,1533,15330,3,19233,57699,2,15293,30586
2019-07-31,1000000,0,0,5000,1,5000,500,13,6500,50,40,2000,20,682,13640,10,839,8390,3,11526,34578,2,9148,18296
2019-07-27,1000000,0,0,5000,0,0,500,35,17500,50,83,4150,20,1461,29220,10,1931,19310,3,21873,65619,2,16137,32274
2019-07-24,1000000,0,0,5000,0,0,500,11,5500,50,37,1850,20,710,14200,10,804,8040,3,12890,38670,2,7968,15936
2019-07-20,1000000,1,1000000,5000,1,5000,500,13,6500,50,54,2700,20,993,19860,10,1475,14750,3,16368,49104,2,15428,30856
2019-07-17,1000000,0,0,5000,0,0,500,17,8500,50,31,1550,20,691,13820,10,765,7650,3,12463,37389,2,7472,14944
2019-07-13,1000000,0,0,5000,0,0,500,26,13000,50,69,3450,20,983,19660,10,1343,13430,3,17664,52992,2,13113,26226
2019-07-10,1000000,0,0,5000,0,0,500,26,13000,50,24,1200,20,890,17800,10,807,8070,3,14675,44025,2,7299,14598
2019-07-06,1000000,0,0,5000,0,0,500,13,6500,50,47,2350,20,901,18020,10,1041,10410,3,16259,48777,2,10840,21680
2019-07-03,1000000,0,0,5000,1,5000,500,29,14500,50,64,3200,20,1112,22240,10,1547,15470,3,15106,45318,2,10635,21270
2019-06-29,1000000,0,0,5000,0,0,500,18,9000,50,40,2000,20,845,16900,10,1062,10620,3,14336,43008,2,10425,20850
2019-06-26,1000000,0,0,5000,0,0,500,16,8000,50,46,2300,20,677,13540,10,962,9620,3,11914,35742,2,9286,18572
2019-06-22,1000000,1,1000000,5000,0,0,500,15,7500,50,35,1750,20,917,18340,10,1054,10540,3,16101,48303,2,9421,18842
2019-06-19,1000000,0,0,5000,0,0,500,16,8000,50,34,1700,20,571,11420,10,915,9150,3,11322,33966,2,10601,21202
2019-06-15,1000000,0,0,5000,1,5000,500,16,8000,50,34,1700,20,833,16660,10,1079,10790,3,13446,40338,2,11183,22366
2019-06-12,1000000,0,0,5000,0,0,500,15,7500,50,31,1550,20,879,17580,10,799,7990,3,13645,40935,2,7396,14792
2019-06-08,1000000,1,1000000,5000,2,10000,500,18,9000,50,53,2650,20,818,16360,10,1223,12230,3,14143,42429,2,13129,26258
2019-06-05,1000000,0,0,5000,0,0,500,21,10500,50,49,2450,20,1071,21420,10,952,9520,3,15304,45912,2,7697,15394
2019-06-01,1000000,0,0,5000,0,0,500,12,6000,50,48,2400,20,914,18280,10,1178,11780,3,15867,47601,2,10063,20126
2019-05-29,1000000,0,0,5000,0,0,500,11,5500,50,36,1800,20,644,12880,10,1099,10990,3,11237,33711,2,10738,21476
2019-05-25,1000000,0,0,5000,1,5000,500,15,7500,50,41,2050,20,881,17620,10,1175,11750,3,14935,44805,2,11766,23532
2019-05-22,1000000,0,0,5000,0,0,500,18,9000,50,23,1150,20,548,10960,10,778,7780,3,9783,29349,2,7464,14928
2019-05-18,1000000,0,0,5000,0,0,500,20,10000,50,45,2250,20,982,19640,10,1456,14560,3,16835,50505,2,14519,29038
2019-05-15,1000000,1,1000000,5000,0,0,500,13,6500,50,38,1900,20,642,12840,10,819,8190,3,11393,34179,2,7985,15970
2019-05-11,1000000,0,0,5000,0,0,500,24,12000,50,78,3900,20,1350,27000,10,1777,17770,3,21592,64776,2,15951,31902
2019-05-08,1000000,1,1000000,5000,0,0,500,34,17000,50,55,2750,20,1233,24660,10,1345,13450,3,17062,51186,2,10774,21548
2019-05-04,1000000,0,0,5000,3,15000,500,37,18500,50,53,2650,20,1977,39540,10,1348,13480,3,23501,70503,2,12675,25350
2019-05-01,1000000,0,0,5000,1,5000,500,9,4500,50,51,2550,20,713,14260,10,987,9870,3,11220,33660,2,10238,20476
2019-04-27,1000000,0,0,5000,1,5000,500,14,7000,50,54,2700,20,913,18260,10,1534,15340,3,16507,49521,2,13346,26692
2019-04-24,1000000,0,0,5000,1,5000,500,17,8500,50,42,2100,20,649,12980,10,864,8640,3,11544,34632,2,8826,17652
2019-04-20,1000000,0,0,5000,1,5000,500,25,12500,50,65,3250,20,1447,28940,10,1896,18960,3,21701,65103,2,15322,30644
2019-04-17,1000000,0,0,5000,0,0,500,12,6000,50,16,800,20,615,12300,10,762,7620,3,10629,31887,2,7130,14260
2019-04-13,1000000,0,0,5000,1,5000,500,15,7500,50,53,2650,20,1054,21080,10,1423,14230,3,17399,52197,2,13552,27104
2019-04-10,1000000,0,0,5000,0,0,500,6,3000,50,39,1950,20,688,13760,10,1013,10130,3,12994,38982,2,9693,19386
2019-04-06,1000000,0,0,5000,0,0,500,30,15000,50,71,3550,20,1134,22680,10,1731,17310,3,19920,59760,2,15920,31840
2019-04-03,1000000,0,0,5000,0,0,500,22,11000,50,40,2000,20,889,17780,10,1273,12730,3,14261,42783,2,11967,23934
2019-03-30,1000000,1,1000000,5000,0,0,500,24,12000,50,55,2750,20,1138,22760,10,1338,13380,3,19846,59538,2,12548,25096
2019-03-27,1000000,0,0,5000,0,0,500,5,2500,50,22,1100,20,588,11760,10,741,7410,3,10373,31119,2,7411,14822
2019-03-24,,,,,,,,,,,,,,,,,,,,,,,,
2019-03-23,1000000,1,1000000,5000,0,0,500,12,6000,50,30,1500,20,891,17820,10,1365,13650,3,15857,47571,2,13774,27548
2019-03-20,1000000,0,0,5000,0,0,500,23,11500,50,76,3800,20,900,18000,10,1474,14740,3,13842,41526,2,12540,25080
2019-03-16,1000000,0,0,5000,0,0,500,22,11000,50,54,2700,20,1221,24420,10,1366,13660,3,21365,64095,2,13416,26832
2019-03-13,1000000,0,0,5000,0,0,500,7,3500,50,32,1600,20,564,11280,10,739,7390,3,9440,28320,2,7679,15358
2019-03-09,1000000,0,0,5000,0,0,500,7,3500,50,43,2150,20,872,17440,10,1161,11610,3,15725,47175,2,11600,23200
2019-03-06,1000000,0,0,5000,0,0,500,7,3500,50,28,1400,20,562,11240,10,758,7580,3,10574,31722,2,7623,15246
2019-03-02,1000000,0,0,5000,0,0,500,17,8500,50,50,2500,20,871,17420,10,1154,11540,3,14791,44373,2,11554,23108
2019-02-27,1000000,0,0,5000,0,0,500,8,4000,50,24,1200,20,555,11100,10,730,7300,3,9505,28515,2,6826,13652
2019-02-23,1000000,0,0,5000,1,5000,500,54,27000,50,66,3300,20,2206,44120,10,1882,18820,3,33201,99603,2,18246,36492
2019-02-20,1000000,0,0,5000,0,0,500,15,7500,50,61,3050,20,989,19780,10,1479,14790,3,17091,51273,2,12699,25398
2019-02-16,1000000,0,0,5000,0,0,500,15,7500,50,47,2350,20,1172,23440,10,1437,14370,3,19504,58512,2,13278,26556
2019-02-13,1000000,0,0,5000,0,0,500,21,10500,50,41,2050,20,841,16820,10,1268,12680,3,14948,44844,2,12276,24552
2019-02-09,1000000,1,1000000,5000,0,0,500,25,12500,50,67,3350,20,1124,22480,10,1735,17350,3,19958,59874,2,15344,30688
2019-02-06,1000000,0,0,5000,0,0,500,20,10000,50,73,3650,20,1160,23200,10,1795,17950,3,17100,51300,2,14672,29344
2019-02-02,1000000,0,0,5000,0,0,500,21,10500,50,52,2600,20,1096,21920,10,1423,14230,3,18711,56133,2,14298,28596
2019-01-30,1000000,0,0,5000,0,0,500,11,5500,50,30,1500,20,648,12960,10,861,8610,3,11930,35790,2,8895,17790
2019-01-26,1000000,0,0,5000,0,0,500,27,13500,50,53,2650,20,1358,27160,10,1288,12880,3,22710,68130,2,12327,24654
2019-01-23,1000000,0,0,5000,0,0,500,16,8000,50,32,1600,20,570,11400,10,782,7820,3,10105,30315,2,8499,16998
2019-01-19,1000000,0,0,5000,1,5000,500,19,9500,50,52,2600,20,1056,21120,10,1516,15160,3,17816,53448,2,14926,29852
2019-01-16,1000000,0,0,5000,0,0,500,12,6000,50,33,1650,20,755,15100,10,1129,11290,3,12752,38256,2,11225,22450
2019-01-12,1000000,0,0,5000,1,5000,500,35,17500,50,87,4350,20,1486,29720,10,2011,20110,3,22227,66681,2,16312,32624
2019-01-09,1000000,0,0,5000,0,0,500,9,4500,50,30,1500,20,728,14560,10,1050,10500,3,12802,38406,2,9613,19226
2019-01-05,1000000,0,0,5000,1,5000,500,16,8000,50,47,2350,20,912,18240,10,1407,14070,3,16294,48882,2,14002,28004
2019-01-02,1000000,0,0,5000,0,0,500,6,3000,50,26,1300,20,609,12180,10,810,8100,3,10781,32343,2,8597,17194
2018-12-29,1000000,0,0,5000,1,5000,500,26,13000,50,47,2350,20,968,19360,10,1062,10620,3,15522,46566,2,10362,20724
2018-12-26,1000000,0,0,5000,0,0,500,13,6500,50,25,1250,20,528,10560,10,670,6700,3,8673,26019,2,8360,16720
2018-12-22,1000000,0,0,5000,1,5000,500,25,12500,50,45,2250,20,941,18820,10,1428,14280,3,16557,49671,2,15020,30040
2018-12-19,1000000,0,0,5000,2,10000,500,34,17000,50,71,3550,20,1166,23320,10,1484,14840,3,16575,49725,2,10805,21610
2018-12-15,1000000,0,0,5000,0,0,500,11,5500,50,42,2100,20,864,17280,10,1358,13580,3,15724,47172,2,13041,26082
2018-12-12,1000000,1,1000000,5000,0,0,500,19,9500,50,33,1650,20,991,19820,10,719,7190,3,14584,43752,2,6883,13766
2018-12-08,1000000,0,0,5000,0,0,500,27,13500,50,63,3150,20,1062,21240,10,1865,18650,3,18250,54750,2,15674,31348
2018-12-05,1000000,0,0,5000,0,0,500,17,8500,50,27,1350,20,611,12220,10,991,9910,3,11218,33654,2,10694,21388
2018-12-01,1000000,0,0,5000,0,0,500,13,6500,50,34,1700,20,833,16660,10,1092,10920,3,14609,43827,2,10737,21474
2018-11-28,1000000,0,0,5000,0,0,500,11,5500,50,28,1400,20,734,14680,10,871,8710,3,12037,36111,2,7974,15948
2018-11-24,1000000,0,0,5000,1,5000,500,10,5000,50,45,2250,20,899,17980,10,1308,13080,3,15421,46263,2,13828,27656
2018-11-21,1000000,0,0,5000,0,0,500,7,3500,50,33,1650,20,929,18580,10,931,9310,3,12210,36630,2,9302,18604
2018-11-17,1000000,1,1000000,5000,0,0,500,19,9500,50,44,2200,20,833,16660,10,1247,12470,3,15488,46464,2,12348,24696
2018-11-14,1000000,0,0,5000,0,0,500,13,6500,50,28,1400,20,641,12820,10,816,8160,3,10923,32769,2,8671,17342
2018-11-10,1000000,0,0,5000,0,0,500,18,9000,50,39,1950,20,813,16260,10,1086,10860,3,13930,41790,2,11346,22692
2018-11-07,1000000,0,0,5000,0,0,500,19,9500,50,51,2550,20,1113,22260,10,1155,11550,3,17145,51435,2,9816,19632
2018-11-03,1000000,1,1000000,5000,1,5000,500,20,10000,50,47,2350,20,1096,21920,10,1161,11610,3,17872,53616,2,11050,22100
2018-10-31,1000000,0,0,5000,1,5000,500,11,5500,50,15,750,20,504,10080,10,666,6660,3,8693,26079,2,6288,12576
2018-10-27,1000000,0,0,5000,1,5000,500,20,10000,50,60,3000,20,1108,22160,10,1565,15650,3,18944,56832,2,14074,28148
2018-10-24,1000000,1,1000000,5000,1,5000,500,17,8500,50,32,1600,20,659,13180,10,763,7630,3,11095,33285,2,6750,13500
2018-10-20,1000000,0,0,5000,0,0,500,17,8500,50,47,2350,20,887,17740,10,1119,11190,3,15988,47964,2,10755,21510
2018-10-17,1000000,0,0,5000,0,0,500,18,9000,50,37,1850,20,574,11480,10,713,7130,3,10628,31884,2,7077,14154
2018-10-13,1000000,0,0,5000,0,0,500,23,11500,50,59,2950,20,1296,25920,10,1505,15050,3,19353,58059,2,13145,26290
2018-10-10,1000000,0,0,5000,1,5000,500,7,3500,50,29,1450,20,571,11420,10,831,8310,3,10382,31146,2,8613,17226
2018-10-06,1000000,0,0,5000,0,0,500,26,13000,50,46,2300,20,1002,20040,10,1032,10320,3,16094,48282,2,10466,20932
2018-10-03,1000000,0,0,5000,0,0,500,10,5000,50,38,1900,20,598,11960,10,842,8420,3,11926,35778,2,8295,16590
2018-09-29,1000000,0,0,5000,1,5000,500,15,7500,50,48,2400,20,1039,20780,10,1215,12150,3,19298,57894,2,11888,23776
2018-09-26,1000000,0,0,5000,1,5000,500,23,11500,50,36,1800,20,841,16820,10,863,8630,3,14729,44187,2,8154,16308
2018-09-22,1000000,1,1000000,5000,2,10000,500,37,18500,50,116,5800,20,1547,30940,10,2285,22850,3,22678,68034,2,17883,35766
2018-09-19,1000000,0,0,5000,0,0,500,13,6500,50,37,1850,20,554,11080,10,882,8820,3,10281,30843,2,9069,18138
2018-09-15,1000000,0,0,5000,0,0,500,18,9000,50,27,1350,20,951,19020,10,1065,10650,3,17125,51375,2,10374,20748
2018-09-12,1000000,0,0,5000,1,5000,500,11,5500,50,20,1000,20,552,11040,10,972,9720,3,10768,32304,2,8772,17544
2018-09-08,1000000,0,0,5000,2,10000,500,13,6500,50,44,2200,20,812,16240,10,1374,13740,3,15601,46803,2,14107,28214
2018-09-05,1000000,0,0,5000,0,0,500,11,5500,50,37,1850,20,597,11940,10,954,9540,3,10740,32220,2,9507,19014
2018-09-01,500000,0,0,5000,0,0,500,13,6500,50,40,2000,20,903,18060,10,1183,11830,3,16025,48075,2,10875,21750
2018-08-29,500000,0,0,5000,0,0,500,12,6000,50,35,1750,20,894,17880,10,927,9270,3,15709,47127,,,
2018-08-25,500000,0,0,5000,0,0,500,24,12000,50,46,2300,20,958,19160,10,1470,14700,3,17345,52035,,,
2018-08-22,500000,0,0,5000,2,10000,500,26,13000,50,34,1700,20,845,16900,10,1151,11510,3,13943,41829,,,
2018-08-18,500000,0,0,5000,0,0,500,21,10500,50,40,2000,20,987,19740,10,1363,13630,3,16320,48960,,,
2018-08-15,500000,1,500000,5000,0,0,500,16,8000,50,31,1550,20,602,12040,10,776,7760,3,10230,30690,,,
2018-08-11,500000,0,0,5000,2,10000,500,24,12000,50,36,1800,20,869,17380,10,1205,12050,3,15878,47634,,,
2018-08-08,500000,0,0,5000,1,5000,500,18,9000,50,32,1600,20,860,17200,10,1051,10510,3,14580,43740,,,
2018-08-04,500000,0,0,5000,1,5000,500,24,12000,50,67,3350,20,1212,24240,10,1714,17140,3,21434,64302,,,
2018-08-01,500000,0,0,5000,0,0,500,17,8500,50,44,2200,20,787,15740,10,1120,11200,3,14419,43257,,,
2018-07-28,500000,0,0,5000,0,0,500,47,23500,50,101,5050,20,1742,34840,10,2070,20700,3,25881,77643,,,
2018-07-25,500000,0,0,5000,1,5000,500,21,10500,50,46,2300,20,1039,20780,10,981,9810,3,17340,52020,,,
2018-07-21,500000,0,0,5000,0,0,500,21,10500,50,47,2350,20,980,19600,10,1496,14960,3,18578,55734,,,
2018-07-18,500000,0,0,5000,1,5000,500,12,6000,50,42,2100,20,725,14500,10,1135,11350,3,13105,39315,,,
2018-07-14,500000,0,0,5000,1,5000,500,19,9500,50,70,3500,20,1141,22820,10,1680,16800,3,19818,59454,,,
2018-07-11,500000,0,0,5000,2,10000,500,17,8500,50,31,1550,20,703,14060,10,946,9460,3,12191,36573,,,
2018-07-07,500000,0,0,5000,0,0,500,24,12000,50,55,2750,20,1177,23540,10,1556,15560,3,19893,59679,,,
2018-07-04,500000,0,0,5000,0,0,500,6,3000,50,37,1850,20,608,12160,10,873,8730,3,10904,32712,,,
2018-06-30,500000,0,0,5000,0,0,500,33,16500,50,52,2600,20,1443,28860,10,1909,19090,3,21559,64677,,,
2018-06-27,500000,0,0,5000,0,0,500,24,12000,50,39,1950,20,664,13280,10,1038,10380,3,11386,34158,,,
2018-06-23,500000,0,0,5000,3,15000,500,24,12000,50,47,2350,20,891,17820,10,1145,11450,3,15367,46101,,,
2018-06-20,500000,0,0,5000,1,5000,500,9,4500,50,43,2150,20,735,14700,10,1107,11070,3,12755,38265,,,
2018-06-16,500000,0,0,5000,1,5000,500,24,12000,50,46,2300,20,1020,20400,10,1389,13890,3,17779,53337,,,
2018-06-13,500000,0,0,5000,0,0,500,6,3000,50,33,1650,20,588,11760,10,863,8630,3,11065,33195,,,
2018-06-09,500000,0,0,5000,1,5000,500,22,11000,50,47,2350,20,1001,20020,10,1190,11900,3,18107,54321,,,
2018-06-06,500000,0,0,5000,3,15000,500,15,7500,50,35,1750,20,840,16800,10,1095,10950,3,13756,41268,,,
2018-06-02,500000,0,0,5000,0,0,500,16,8000,50,44,2200,20,937,18740,10,1288,12880,3,16472,49416,,,
2018-05-30,500000,0,0,5000,3,15000,500,39,19500,50,107,5350,20,1333,26660,10,2135,21350,3,18353,55059,,,
2018-05-26,500000,0,0,5000,0,0,500,23,11500,50,111,5550,20,1114,22280,10,2249,22490,3,18684,56052,,,
2018-05-23,500000,0,0,5000,0,0,500,11,5500,50,27,1350,20,734,14680,10,886,8860,3,13127,39381,,,
2018-05-19,500000,0,0,5000,0,0,500,27,13500,50,69,3450,20,1258,25160,10,1772,17720,3,19787,59361,,,
2018-05-16,500000,0,0,5000,0,0,500,16,8000,50,31,1550,20,604,12080,10,910,9100,3,10375,31125,,,
2018-05-12,500000,0,0,5000,1,5000,500,28,14000,50,54,2700,20,1341,26820,10,1610,16100,3,23166,69498,,,
2018-05-09,500000,0,0,5000,0,0,500,17,8500,50,41,2050,20,834,16680,10,1086,10860,3,14943,44829,,,
2018-05-05,500000,0,0,5000,0,0,500,22,11000,50,59,2950,20,1198,23960,10,1616,16160,3,21232,63696,,,
2018-05-02,500000,0,0,5000,0,0,500,16,8000,50,39,1950,20,811,16220,10,1059,10590,3,14297,42891,,,
2018-04-28,500000,0,0,5000,1,5000,500,26,13000,50,94,4700,20,1376,27520,10,2276,22760,3,22706,68118,,,
2018-04-25,500000,0,0,5000,1,5000,500,29,14500,50,46,2300,20,948,18960,10,1247,12470,3,15497,46491,,,
2018-04-21,500000,0,0,5000,1,5000,500,25,12500,50,50,2500,20,964,19280,10,1385,13850,3,16742,50226,,,
2018-04-18,500000,0,0,5000,0,0,500,13,6500,50,31,1550,20,657,13140,10,953,9530,3,12999,38997,,,
2018-04-14,500000,0,0,5000,1,5000,500,25,12500,50,83,4150,20,1182,23640,10,1966,19660,3,20308,60924,,,
2018-04-11,500000,0,0,5000,0,0,500,13,6500,50,40,2000,20,695,13900,10,1007,10070,3,13027,39081,,,
2018-04-07,500000,0,0,5000,0,0,500,21,10500,50,65,3250,20,1415,28300,10,1788,17880,3,20144,60432,,,
2018-04-04,500000,0,0,5000,2,10000,500,15,7500,50,74,3700,20,809,16180,10,1583,15830,3,14020,42060,,,
2018-03-31,500000,0,0,5000,2,10000,500,39,19500,50,91,4550,20,1637,32740,10,1955,19550,3,24723,74169,,,
2018-03-28,500000,0,0,5000,0,0,500,6,3000,50,31,1550,20,638,12760,10,944,9440,3,11491,34473,,,
2018-03-24,500000,0,0,5000,0,0,500,28,14000,50,53,2650,20,1185,23700,10,1294,12940,3,21385,64155,,,
2018-03-21,500000,0,0,5000,0,0,500,18,9000,50,44,2200,20,767,15340,10,1085,10850,3,13644,40932,,,
2018-03-17,500000,0,0,5000,1,5000,500,18,9000,50,45,2250,20,904,18080,10,1193,11930,3,16926,50778,,,
2018-03-14,500000,0,0,5000,0,0,500,22,11000,50,40,2000,20,683,13660,10,1043,10430,3,13073,39219,,,
2018-03-10,500000,0,0,5000,0,0,500,42,21000,50,154,7700,20,1887,37740,10,2608,26080,3,25815,77445,,,
2018-03-07,500000,0,0,5000,0,0,500,14,7000,50,41,2050,20,867,17340,10,1081,10810,3,15474,46422,,,
2018-03-03,500000,0,0,5000,0,0,500,16,8000,50,34,1700,20,737,14740,10,907,9070,3,13475,40425,,,
2018-02-28,500000,0,0,5000,1,5000,500,17,8500,50,26,1300,20,672,13440,10,956,9560,3,12113,36339,,,
2018-02-24,500000,0,0,5000,1,5000,500,27,13500,50,58,2900,20,1087,21740,10,1612,16120,3,19786,59358,,,
2018-02-21,500000,0,0,5000,1,5000,500,17,8500,50,32,1600,20,835,16700,10,1051,10510,3,14030,42090,,,
2018-02-17,500000,0,0,5000,1,5000,500,37,18500,50,88,4400,20,1663,33260,10,2179,21790,3,25901,77703,,,
2018-02-14,500000,0,0,5000,2,10000,500,18,9000,50,48,2400,20,906,18120,10,1579,15790,3,16318,48954,,,
2018-02-10,500000,0,0,5000,0,0,500,24,12000,50,63,3150,20,1228,24560,10,1994,19940,3,21983,65949,,,
2018-02-07,500000,0,0,5000,0,0,500,22,11000,50,82,4100,20,1088,21760,10,1759,17590,3,18155,54465,,,
2018-02-03,500000,0,0,5000,1,5000,500,24,12000,50,56,2800,20,1207,24140,10,1724,17240,3,20091,60273,,,
2018-01-31,500000,0,0,5000,1,5000,500,25,12500,50,64,3200,20,1594,31880,10,1588,15880,3,21211,63633,,,
2018-01-27,500000,0,0,5000,0,0,500,22,11000,50,46,2300,20,1104,22080,10,1290,12900,3,19538,58614,,,
2018-01-24,500000,0,0,5000,0,0,500,10,5000,50,38,1900,20,689,13780,10,1060,10600,3,13631,40893,,,
2018-01-20,500000,0,0,5000,0,0,500,14,7000,50,71,3550,20,1256,25120,10,1948,19480,3,22158,66474,,,
2018-01-17,500000,0,0,5000,0,0,500,21,10500,50,41,2050,20,825,16500,10,894,8940,3,15022,45066,,,
2018-01-13,500000,0,0,5000,0,0,500,27,13500,50,42,2100,20,1058,21160,10,1301,13010,3,18139,54417,,,
2018-01-10,500000,0,0,5000,1,5000,500,20,10000,50,62,3100,20,902,18040,10,1679,16790,3,14821,44463,,,
2018-01-06,500000,0,0,5000,0,0,500,23,11500,50,64,3200,20,1037,20740,10,1310,13100,3,16589,49767,,,
2018-01-03,500000,0,0,5000,0,0,500,11,5500,50,29,1450,20,790,15800,10,1079,10790,3,13743,41229,,,
2017-12-30,500000,0,0,5000,0,0,500,18,9000,50,48,2400,20,877,17540,10,1227,12270,3,15709,47127,,,
2017-12-27,500000,0,0,5000,1,5000,500,13,6500,50,31,1550,20,556,11120,10,753,7530,3,10864,32592,,,
2017-12-23,500000,0,0,5000,1,5000,500,32,16000,50,58,2900,20,1289,25780,10,1675,16750,3,21338,64014,,,
2017-12-20,500000,0,0,5000,0,0,500,15,7500,50,35,1750,20,696,13920,10,971,9710,3,13563,40689,,,
2017-12-16,500000,0,0,5000,1,5000,500,19,9500,50,67,3350,20,1006,20120,10,1888,18880,3,18219,54657,,,
2017-12-13,500000,0,0,5000,0,0,500,15,7500,50,62,3100,20,739,14780,10,1587,15870,3,13086,39258,,,
2017-12-09,500000,1,500000,5000,0,0,500,20,10000,50,66,3300,20,1033,20660,10,1226,12260,3,18599,55797,,,
2017-12-06,500000,0,0,5000,0,0,500,21,10500,50,30,1500,20,763,15260,10,1078,10780,3,13493,40479,,,
2017-12-02,500000,0,0,5000,0,0,500,28,14000,50,44,2200,20,1226,24520,10,1254,12540,3,20006,60018,,,
2017-11-29,500000,0,0,5000,0,0,500,12,6000,50,21,1050,20,637,12740,10,731,7310,3,11497,34491,,,
2017-11-25,500000,0,0,5000,0,0,500,26,13000,50,42,2100,20,1070,21400,10,1283,12830,3,18123,54369,,,
2017-11-22,500000,0,0,5000,1,5000,500,23,11500,50,46,2300,20,1243,24860,10,1205,12050,3,18759,56277,,,
2017-11-18,500000,1,500000,5000,0,0,500,25,12500,50,48,2400,20,1118,22360,10,1330,13300,3,19786,59358,,,
2017-11-15,500000,0,0,5000,2,10000,500,28,14000,50,102,5100,20,1248,24960,10,2065,20650,3,18068,54204,,,
2017-11-11,500000,0,0,5000,1,5000,500,31,15500,50,76,3800,20,1299,25980,10,1985,19850,3,22374,67122,,,
2017-11-08,500000,0,0,5000,1,5000,500,9,4500,50,36,1800,20,670,13400,10,936,9360,3,11737,35211,,,
2017-11-04,500000,0,0,5000,0,0,500,13,6500,50,46,2300,20,972,19440,10,1296,12960,3,17123,51369,,,
2017-11-01,500000,0,0,5000,1,5000,500,20,10000,50,44,2200,20,756,15120,10,1212,12120,3,13499,40497,,,
2017-10-28,500000,0,0,5000,0,0,500,21,10500,50,45,2250,20,1077,21540,10,1586,15860,3,17887,53661,,,
2017-10-25,500000,0,0,5000,1,5000,500,25,12500,50,44,2200,20,1140,22800,10,1219,12190,3,19795,59385,,,
2017-10-21,500000,0,0,5000,1,5000,500,41,20500,50,114,5700,20,1804,36080,10,2151,21510,3,27371,82113,,,
2017-10-18,500000,0,0,5000,0,0,500,22,11000,50,42,2100,20,769,15380,10,1014,10140,3,13376,40128,,,
2017-10-14,500000,0,0,5000,1,5000,500,22,11000,50,58,2900,20,1119,22380,10,1510,15100,3,18193,54579,,,
2017-10-11,500000,0,0,5000,0,0,500,15,7500,50,43,2150,20,886,17720,10,1326,13260,3,15244,45732,,,
2017-10-07,500000,0,0,5000,0,0,500,22,11000,50,46,2300,20,1041,20820,10,1462,14620,3,18733,56199,,,
2017-10-04,500000,0,0,5000,0,0,500,9,4500,50,44,2200,20,728,14560,10,921,9210,3,13276,39828,,,
2017-09-30,500000,0,0,5000,1,5000,500,22,11000,50,49,2450,20,1636,32720,10,1363,13630,3,26424,79272,,,
2017-09-27,500000,1,500000,5000,0,0,500,11,5500,50,35,1750,20,820,16400,10,1228,12280,3,14936,44808,,,
2017-09-23,500000,1,500000,5000,2,10000,500,52,26000,50,131,6550,20,2172,43440,10,2556,25560,3,27670,83010,,,
2017-09-20,500000,0,0,5000,0,0,500,10,5000,50,38,1900,20,631,12620,10,966,9660,3,11073,33219,,,
2017-09-16,500000,0,0,5000,0,0,500,13,6500,50,37,1850,20,971,19420,10,1233,12330,3,17562,52686,,,
2017-09-13,500000,1,500000,5000,0,0,500,15,7500,50,37,1850,20,627,12540,10,934,9340,3,12167,36501,,,
2017-09-09,500000,0,0,5000,0,0,500,27,13500,50,91,4550,20,1271,25420,10,2002,20020,3,20985,62955,,,
2017-09-06,500000,0,0,5000,1,5000,500,9,4500,50,37,1850,20,705,14100,10,897,8970,3,12492,37476,,,
2017-09-02,500000,1,500000,5000,1,5000,500,25,12500,50,48,2400,20,1167,23340,10,1362,13620,3,20131,60393,,,
2017-08-30,500000,0,0,5000,0,0,500,15,7500,50,56,2800,20,900,18000,10,1495,14950,3,14651,43953,,,
2017-08-26,500000,0,0,5000,0,0,500,22,11000,50,57,2850,20,1326,26520,10,1789,17890,3,23232,69696,,,
2017-08-23,500000,0,0,5000,1,5000,500,25,12500,50,75,3750,20,1275,25500,10,1818,18180,3,20496,61488,,,
2017-08-19,500000,1,500000,5000,2,10000,500,38,19000,50,64,3200,20,1605,32100,10,1626,16260,3,26366,79098,,,
2017-08-16,500000,0,0,5000,2,10000,500,31,15500,50,93,4650,20,1526,30520,10,1948,19480,3,23051,69153,,,
2017-08-12,500000,1,500000,5000,0,0,500,33,16500,50,62,3100,20,1085,21700,10,1841,18410,3,20317,60951,,,
2017-08-09,500000,0,0,5000,0,0,500,23,11500,50,34,1700,20,775,15500,10,1063,10630,3,13265,39795,,,
2017-08-05,500000,0,0,5000,1,5000,500,21,10500,50,48,2400,20,1153,23060,10,1535,15350,3,20622,61866,,,
2017-08-02,500000,0,0,5000,0,0,500,17,8500,50,33,1650,20,773,15460,10,1047,10470,3,14704,44112,,,
2017-07-29,500000,0,0,5000,2,10000,500,28,14000,50,55,2750,20,1092,21840,10,1572,15720,3,19645,58935,,,
2017-07-26,500000,0,0,5000,0,0,500,13,6500,50,41,2050,20,884,17680,10,1340,13400,3,14858,44574,,,
2017-07-22,500000,0,0,5000,0,0,500,17,8500,50,60,3000,20,1113,22260,10,1839,18390,3,19121,57363,,,
2017-07-19,500000,0,0,5000,1,5000,500,20,10000,50,47,2350,20,932,18640,10,1325,13250,3,15636,46908,,,
2017-07-15,500000,0,0,5000,0,0,500,19,9500,50,58,2900,20,1048,20960,10,1578,15780,3,18646,55938,,,
2017-07-12,500000,0,0,5000,0,0,500,10,5000,50,37,1850,20,916,18320,10,1035,10350,3,15658,46974,,,
2017-07-08,500000,0,0,5000,0,0,500,19,9500,50,43,2150,20,955,19100,10,1204,12040,3,16186,48558,,,
2017-07-05,500000,0,0,5000,0,0,500,15,7500,50,39,1950,20,758,15160,10,1150,11500,3,13722,41166,,,
2017-07-01,500000,0,0,5000,0,0,500,30,15000,50,63,3150,20,1440,28800,10,1555,15550,3,24211,72633,,,
2017-06-28,500000,1,500000,5000,2,10000,500,29,14500,50,62,3100,20,1057,21140,10,1729,17290,3,16665,49995,,,
2017-06-24,500000,0,0,5000,1,5000,500,28,14000,50,80,4000,20,1323,26460,10,1841,18410,3,21945,65835,,,
2017-06-21,500000,0,0,5000,0,0,500,13,6500,50,33,1650,20,676,13520,10,922,9220,3,12906,38718,,,
2017-06-17,500000,1,500000,5000,0,0,500,16,8000,50,45,2250,20,1013,20260,10,1378,13780,3,19140,57420,,,
2017-06-14,500000,0,0,5000,0,0,500,15,7500,50,45,2250,20,843,16860,10,1203,12030,3,14642,43926,,,
2017-06-10,500000,0,0,5000,2,10000,500,42,21000,50,74,3700,20,1734,34680,10,2000,20000,3,25053,75159,,,
2017-06-07,500000,0,0,5000,0,0,500,11,5500,50,42,2100,20,675,13500,10,734,7340,3,12338,37014,,,
2017-06-03,500000,0,0,5000,1,5000,500,19,9500,50,72,3600,20,1032,20640,10,1667,16670,3,17507,52521,,,
2017-05-31,500000,0,0,5000,1,5000,500,14,7000,50,40,2000,20,840,16800,10,1085,10850,3,13842,41526,,,
2017-05-27,500000,0,0,5000,0,0,500,21,10500,50,47,2350,20,1028,20560,10,1321,13210,3,18389,55167,,,
2017-05-24,500000,0,0,5000,2,10000,500,29,14500,50,65,3250,20,1122,22440,10,1319,13190,3,18235,54705,,,
2017-05-20,500000,0,0,5000,0,0,500,14,7000,50,36,1800,20,992,19840,10,1304,13040,3,16442,49326,,,
2017-05-17,500000,0,0,5000,2,10000,500,115,57500,50,31,1550,20,2530,50600,10,845,8450,3,24151,72453,,,
2017-05-13,500000,0,0,5000,0,0,500,20,10000,50,53,2650,20,1091,21820,10,1486,14860,3,19035,57105,,,
2017-05-10,500000,0,0,5000,0,0,500,16,8000,3,32,96,20,695,13900,10,1078,10780,3,12724,38172,,,
2017-05-06,500000,0,0,5000,2,10000,500,41,20500,50,113,5650,20,1730,34600,10,2755,27550,3,28916,86748,,,
2017-05-03,500000,0,0,5000,2,10000,500,25,12500,50,82,4100,20,1346,26920,10,1816,18160,3,23148,69444,,,
2017-04-29,500000,0,0,5000,0,0,500,29,14500,50,68,3400,20,1755,35100,10,1944,19440,3,29586,88758,,,
2017-04-26,500000,0,0,5000,1,5000,500,23,11500,50,77,3850,20,1266,25320,10,1800,18000,3,21303,63909,,,
2017-04-22,500000,0,0,5000,0,0,500,18,9000,50,68,3400,20,1221,24420,10,1610,16100,3,22566,67698,,,
2017-04-19,500000,0,0,5000,0,0,500,21,10500,50,55,2750,20,1214,24280,10,1601,16010,3,21058,63174,,,
2017-04-15,500000,0,0,5000,0,0,500,24,12000,50,76,3800,20,1262,25240,10,2013,20130,3,22623,67869,,,
2017-04-12,500000,0,0,5000,0,0,500,32,16000,50,73,3650,20,1276,25520,10,1741,17410,3,20194,60582,,,
2017-04-08,500000,0,0,5000,0,0,500,23,11500,50,98,4900,20,1456,29120,10,2056,20560,3,25290,75870,,,
2017-04-05,500000,0,0,5000,1,5000,500,18,9000,50,41,2050,20,816,16320,10,985,9850,3,13628,40884,,,
2017-04-01,500000,0,0,5000,1,5000,500,18,9000,50,44,2200,20,1117,22340,10,1342,13420,3,18837,56511,,,
2017-03-29,500000,0,0,5000,0,0,500,25,12500,50,65,3250,20,1244,24880,10,1595,15950,3,19257,57771,,,
2017-03-25,500000,1,500000,5000,0,0,500,26,13000,50,66,3300,20,1510,30200,10,1445,14450,3,24524,73572,,,
2017-03-22,500000,0,0,5000,0,0,500,19,9500,50,87,4350,20,1126,22520,10,1875,18750,3,17884,53652,,,
2017-03-18,500000,0,0,5000,1,5000,500,22,11000,50,48,2400,20,1176,23520,10,1607,16070,3,18998,56994,,,
2017-03-15,500000,0,0,5000,0,0,500,18,9000,50,36,1800,20,713,14260,10,1131,11310,3,13534,40602,,,
2017-03-11,500000,0,0,5000,0,0,500,13,6500,50,65,3250,20,898,17960,10,1342,13420,3,16850,50550,,,
2017-03-08,500000,0,0,5000,0,0,500,31,15500,50,84,4200,20,1227,24540,10,1572,15720,3,19178,57534,,,
2017-03-04,500000,0,0,5000,1,5000,500,26,13000,50,58,2900,20,1096,21920,10,1678,16780,3,19014,57042,,,
2017-03-01,500000,0,0,5000,0,0,500,17,8500,50,73,3650,20,1246,24920,10,1705,17050,3,22092,66276,,,
2017-02-25,500000,0,0,5000,1,5000,500,22,11000,50,79,3950,20,1477,29540,10,1953,19530,3,26324,78972,,,
2017-02-22,500000,0,0,5000,0,0,500,20,10000,50,42,2100,20,1157,23140,10,1529,15290,3,19687,59061,,,
2017-02-18,500000,0,0,5000,2,10000,500,31,15500,50,67,3350,20,1487,29740,10,1817,18170,3,26583,79749,,,
2017-02-15,500000,0,0,5000,0,0,500,26,13000,50,79,3950,20,1263,25260,10,1990,19900,3,22200,66600,,,
2017-02-11,500000,0,0,5000,0,0,500,28,14000,50,65,3250,20,1313,26260,10,1789,17890,3,23246,69738,,,
2017-02-08,500000,0,0,5000,0,0,500,11,5500,50,70,3500,20,1174,23480,10,1896,18960,3,20670,62010,,,
2017-02-04,500000,0,0,5000,1,5000,500,37,18500,50,79,3950,20,1465,29300,10,2441,24410,3,25342,76026,,,
2017-02-01,500000,0,0,5000,0,0,500,41,20500,50,67,3350,20,1283,25660,10,1814,18140,3,21192,63576,,,
2017-01-28,500000,1,500000,5000,0,0,500,44,22000,50,108,5400,20,1658,33160,10,2517,25170,3,26929,80787,,,
2017-01-25,500000,0,0,5000,0,0,500,12,6000,50,66,3300,20,1096,21920,10,1652,16520,3,17932,53796,,,
2017-01-21,500000,0,0,5000,1,5000,500,26,13000,50,61,3050,20,1057,21140,10,1417,14170,3,18204,54612,,,
2017-01-18,500000,0,0,5000,1,5000,500,30,15000,50,65,3250,20,1367,27340,10,1786,17860,3,19307,57921,,,
2017-01-14,500000,0,0,5000,1,5000,500,24,12000,50,67,3350,20,1432,28640,10,2028,20280,3,23561,70683,,,
2017-01-11,500000,0,0,5000,2,10000,500,30,15000,50,98,4900,20,1264,25280,10,1751,17510,3,18188,54564,,,
2017-01-07,500000,0,0,5000,0,0,500,19,9500,50,47,2350,20,1051,21020,10,1489,14890,3,18718,56154,,,
2017-01-04,500000,0,0,5000,1,5000,500,16,8000,50,31,1550,20,987,19740,10,887,8870,3,16207,48621,,,
2016-12-31,500000,0,0,5000,0,0,500,33,16500,50,57,2850,20,946,18920,10,1342,13420,3,16870,50610,,,
2016-12-28,500000,0,0,5000,2,10000,500,15,7500,50,26,1300,20,583,11660,10,901,9010,3,10900,32700,,,
2016-12-24,500000,0,0,5000,2,10000,500,28,14000,50,54,2700,20,1221,24420,10,1611,16110,3,21599,64797,,,
2016-12-21,500000,0,0,5000,1,5000,500,12,6000,50,39,1950,20,788,15760,10,1309,13090,3,14668,44004,,,
2016-12-17,500000,0,0,5000,0,0,500,26,13000,50,74,3700,20,1006,20120,10,1841,18410,3,18810,56430,,,
2016-12-14,500000,0,0,5000,0,0,500,11,5500,50,24,1200,20,679,13580,10,912,9120,3,11598,34794,,,
2016-12-10,500000,0,0,5000,0,0,500,22,11000,50,76,3800,20,1057,21140,10,1582,15820,3,19458,58374,,,
2016-12-07,500000,0,0,5000,0,0,500,27,13500,50,88,4400,20,1230,24600,10,1501,15010,3,17151,51453,,,
2016-12-03,500000,0,0,5000,1,5000,500,37,18500,50,68,3400,20,2082,41640,10,1900,19000,3,32071,96213,,,
2016-11-30,500000,0,0,5000,0,0,500,32,16000,50,49,2450,20,949,18980,10,1408,14080,3,16577,49731,,,
2016-11-26,500000,0,0,5000,1,5000,500,26,13000,50,85,4250,20,1656,33120,10,2188,21880,3,26590,79770,,,
2016-11-23,500000,0,0,5000,0,0,500,16,8000,50,53,2650,20,921,18420,10,1397,13970,3,16917,50751,,,
2016-11-19,500000,0,0,5000,0,0,500,20,10000,50,70,3500,20,1268,25360,10,1780,17800,3,21277,63831,,,
2016-11-16,500000,0,0,5000,2,10000,500,16,8000,50,61,3050,20,1029,20580,10,1508,15080,3,17491,52473,,,
2016-11-12,500000,0,0,5000,0,0,500,30,15000,50,79,3950,20,1257,25140,10,2097,20970,3,22682,68046,,,
2016-11-09,500000,0,0,5000,0,0,500,23,11500,50,87,4350,20,1009,20180,10,1499,14990,3,16315,48945,,,
2016-11-05,500000,1,500000,5000,1,5000,500,34,17000,50,48,2400,20,1134,22680,10,1530,15300,3,18962,56886,,,
2016-11-02,500000,0,0,5000,0,0,500,13,6500,50,58,2900,20,1132,22640,10,1767,17670,3,17817,53451,,,
2016-10-29,500000,0,0,5000,3,15000,500,33,16500,50,48,2400,20,1194,23880,10,1404,14040,3,20253,60759,,,
2016-10-26,500000,1,500000,5000,0,0,500,44,22000,50,47,2350,20,1764,35280,10,1103,11030,3,22364,0,,,
2016-10-22,500000,0,0,5000,1,5000,500,29,14500,50,55,2750,20,1245,24900,10,1256,12560,3,21706,65118,,,
2016-10-19,500000,0,0,5000,0,0,500,16,8000,50,42,2100,20,745,14900,10,1105,11050,3,13547,40641,,,
2016-10-15,500000,0,0,5000,1,5000,500,19,9500,50,50,2500,20,1065,21300,10,1564,15640,3,18833,56499,,,
2016-10-12,500000,0,0,5000,0,0,500,16,8000,50,60,3000,20,887,17740,10,1265,12650,3,14239,42717,,,
2016-10-08,500000,0,0,5000,0,0,500,20,10000,50,48,2400,20,1002,20040,10,1252,12520,3,18205,54615,,,
2016-10-05,500000,0,0,5000,0,0,500,18,9000,50,27,1350,20,730,14600,10,854,8540,3,13413,40239,,,
2016-10-01,500000,0,0,5000,2,10000,500,18,9000,50,76,3800,20,1281,25620,10,1970,19700,3,21215,63645,,,
2016-09-28,500000,0,0,5000,1,5000,500,17,8500,50,38,1900,20,823,16460,10,1127,11270,3,14864,44592,,,
2016-09-24,500000,0,0,5000,0,0,500,29,14500,50,72,3600,20,1518,30360,10,1883,18830,3,23211,69633,,,
2016-09-21,500000,0,0,5000,0,0,500,17,8500,50,36,1800,20,759,15180,10,809,8090,3,13248,39744,,,
2016-09-17,500000,0,0,5000,0,0,500,23,11500,50,43,2150,20,1402,28040,10,1481,14810,3,22858,68574,,,
2016-09-14,500000,0,0,5000,0,0,500,23,11500,50,43,2150,20,801,16020,10,1417,14170,3,13834,41502,,,
2016-09-10,500000,1,500000,5000,0,0,500,29,14500,50,59,2950,20,1159,23180,10,1621,16210,3,20633,61899,,,
2016-09-07,500000,0,0,5000,1,5000,500,27,13500,50,55,2750,20,1165,23300,10,1501,15010,3,18192,54576,,,
2016-09-03,500000,0,0,5000,3,15000,500,27,13500,50,58,2900,20,1342,26840,10,1729,17290,3,21874,65622,,,
2016-08-31,500000,0,0,5000,1,5000,500,17,8500,50,41,2050,20,657,13140,10,882,8820,3,12005,36015,,,
2016-08-27,500000,0,0,5000,0,0,500,23,11500,50,64,3200,20,1158,23160,10,1469,14690,3,20383,61149,,,
2016-08-24,500000,0,0,5000,0,0,500,15,7500,50,44,2200,20,730,14600,10,951,9510,3,13453,40359,,,
2016-08-20,500000,0,0,5000,2,10000,500,32,16000,50,87,4350,20,1551,31020,10,2417,24170,3,27093,81279,,,
2016-08-17,500000,0,0,5000,0,0,500,50,25000,50,48,2400,20,2240,44800,10,1570,15700,3,30984,92952,,,
2016-08-13,500000,0,0,5000,0,0,500,25,12500,50,65,3250,20,1297,25940,10,1837,18370,3,24022,72066,,,
2016-08-10,500000,0,0,5000,0,0,500,22,11000,50,50,2500,20,883,17660,10,1408,14080,3,17439,52317,,,
2016-08-06,500000,0,0,5000,1,5000,500,15,7500,50,47,2350,20,1184,23680,10,1665,16650,3,20409,61227,,,
2016-08-03,500000,0,0,5000,0,0,500,28,14000,50,49,2450,20,904,18080,10,1339,13390,3,16070,48210,,,
2016-07-30,500000,0,0,5000,2,10000,500,29,14500,50,65,3250,20,1358,27160,10,1975,19750,3,22450,67350,,,
2016-07-27,500000,0,0,5000,0,0,500,14,7000,50,61,3050,20,784,15680,10,1369,13690,3,14694,44082,,,
2016-07-23,500000,0,0,5000,0,0,500,27,13500,50,59,2950,20,1029,20580,10,1738,17380,3,18621,55863,,,
2016-07-20,500000,0,0,5000,0,0,500,17,8500,50,44,2200,20,866,17320,10,1050,10500,3,15658,46974,,,
2016-07-16,500000,0,0,5000,1,5000,500,22,11000,50,56,2800,20,1057,21140,10,1519,15190,3,18504,55512,,,
2016-07-13,500000,1,500000,5000,0,0,500,10,5000,50,38,1900,20,644,12880,10,837,8370,3,11565,34695,,,
2016-07-09,500000,0,0,5000,0,0,500,26,13000,50,48,2400,20,1235,24700,10,1301,13010,3,21310,63930,,,
2016-07-06,500000,0,0,5000,0,0,500,27,13500,50,49,2450,20,1178,23560,10,955,9550,3,19622,58866,,,
2016-07-02,500000,0,0,5000,0,0,500,12,6000,50,50,2500,20,1040,20800,10,1191,11910,3,19008,57024,,,
2016-06-29,500000,1,500000,5000,1,5000,500,29,14500,50,61,3050,20,1072,21440,10,1236,12360,3,16227,48681,,,
2016-06-25,500000,0,0,5000,0,0,500,22,11000,50,46,2300,20,981,19620,10,1198,11980,3,17352,52056,,,
2016-06-22,500000,0,0,5000,0,0,500,16,8000,50,48,2400,20,833,16660,10,1131,11310,3,14992,44976,,,
2016-06-18,500000,0,0,5000,0,0,500,18,9000,50,50,2500,20,1497,29940,10,1564,15640,3,19754,59262,,,
2016-06-15,500000,0,0,5000,1,5000,500,9,4500,50,31,1550,20,730,14600,10,1001,10010,3,13593,40779,,,
2016-06-11,500000,0,0,5000,0,0,500,22,11000,50,40,2000,20,1027,20540,10,1289,12890,3,18984,56952,,,
2016-06-08,500000,0,0,5000,0,0,500,20,10000,50,38,1900,20,772,15440,10,1247,12470,3,13607,40821,,,
2016-06-04,500000,1,500000,5000,0,0,500,24,12000,50,48,2400,20,1132,22640,10,1477,14770,3,19512,58536,,,
2016-06-01,500000,0,0,5000,1,5000,500,13,6500,50,38,1900,20,745,14900,10,832,8320,3,13022,39066,,,
2016-05-28,500000,0,0,5000,0,0,500,28,14000,50,62,3100,20,1170,23400,10,1999,19990,3,20144,60432,,,
2016-05-25,500000,0,0,5000,0,0,500,25,12500,50,64,3200,20,1071,21420,10,1337,13370,3,16567,49701,,,
2016-05-21,500000,0,0,5000,0,0,500,18,9000,50,56,2800,20,1020,20400,10,1440,14400,3,18308,54924,,,
2016-05-18,500000,0,0,5000,0,0,500,13,6500,50,42,2100,20,772,15440,10,1253,12530,3,15400,46200,,,
2016-05-14,500000,0,0,5000,1,5000,500,24,12000,50,51,2550,20,1037,20740,10,1242,12420,3,17682,53046,,,
2016-05-11,500000,1,500000,5000,0,0,500,50,25000,50,44,2200,20,1607,32140,10,1173,11730,3,21781,65343,,,
2016-05-07,500000,0,0,5000,2,10000,500,36,18000,50,99,4950,20,1506,30120,10,2568,25680,3,23754,71262,,,
2016-05-04,500000,0,0,5000,0,0,500,14,7000,50,22,1100,20,577,11540,10,867,8670,3,10785,32355,,,
2016-04-30,500000,0,0,5000,0,0,500,25,12500,50,72,3600,20,1072,21440,10,2143,21430,3,18954,56862,,,
2016-04-27,500000,0,0,5000,2,10000,500,10,5000,50,38,1900,20,715,14300,10,1039,10390,3,12814,38442,,,
2016-04-23,500000,0,0,5000,2,10000,500,18,9000,50,56,2800,20,1128,22560,10,1664,16640,3,20115,60345,,,
2016-04-20,500000,0,0,5000,0,0,500,21,10500,50,42,2100,20,910,18200,10,1233,12330,3,15956,47868,,,
2016-04-16,500000,0,0,5000,2,10000,500,29,14500,50,41,2050,20,1209,24180,10,1428,14280,3,20340,61020,,,
2016-04-13,500000,0,0,5000,1,5000,500,17,8500,50,54,2700,20,859,17180,10,1459,14590,3,15678,47034,,,
2016-04-09,500000,0,0,5000,1,5000,500,29,14500,50,54,2700,20,1394,27880,10,1461,14610,3,23079,69237,,,
2016-04-06,500000,0,0,5000,1,5000,500,22,11000,50,74,3700,20,1059,21180,10,1985,19850,3,17135,51405,,,
2016-04-02,500000,0,0,5000,0,0,500,18,9000,50,81,4050,20,1120,22400,10,1770,17700,3,20716,62148,,,
2016-03-30,500000,0,0,5000,1,5000,500,9,4500,50,33,1650,20,609,12180,10,771,7710,3,11834,35502,,,
2016-03-26,500000,0,0,5000,0,0,500,24,12000,50,70,3500,20,1170,23400,10,1725,17250,3,20474,61422,,,
2016-03-23,500000,0,0,5000,1,5000,500,9,4500,50,40,2000,20,738,14760,10,1119,11190,3,13954,41862,,,
2016-03-19,500000,0,0,5000,1,5000,500,21,10500,50,59,2950,20,1168,23360,10,1665,16650,3,21204,63612,,,
2016-03-16,500000,0,0,5000,0,0,500,19,9500,50,51,2550,20,1139,22780,10,1064,10640,3,18044,54132,,,
2016-03-12,500000,0,0,5000,0,0,500,14,7000,50,48,2400,20,1035,20700,10,1332,13320,3,17916,53748,,,
2016-03-09,500000,0,0,5000,0,0,500,9,4500,50,36,1800,20,694,13880,10,969,9690,3,13255,39765,,,
2016-03-05,500000,0,0,5000,2,10000,500,36,18000,50,66,3300,20,1804,36080,10,1985,19850,3,28111,84333,,,
2016-03-02,500000,0,0,5000,0,0,500,14,7000,50,52,2600,20,932,18640,10,1387,13870,3,16996,50988,,,
2016-02-27,500000,0,0,5000,0,0,500,36,18000,50,85,4250,20,1394,27880,10,2360,23600,3,22553,67659,,,
2016-02-24,500000,0,0,5000,0,0,500,19,9500,50,36,1800,20,883,17660,10,1273,12730,3,16138,48414,,,
2016-02-20,500000,2,1000000,5000,0,0,500,24,12000,50,115,5750,20,1838,36760,10,2546,25460,3,25835,77505,,,
2016-02-17,500000,0,0,5000,2,10000,500,25,12500,50,66,3300,20,1178,23560,10,2000,20000,3,19389,58167,,,
2016-02-13,500000,0,0,5000,0,0,500,23,11500,50,111,5550,20,1384,27680,10,2362,23620,3,23269,69807,,,
2016-02-10,500000,0,0,5000,1,5000,500,32,16000,50,58,2900,20,958,19160,10,1534,15340,3,15889,47667,,,
2016-02-06,500000,0,0,5000,0,0,500,24,12000,50,67,3350,20,1192,23840,10,1620,16200,3,21396,64188,,,
2016-02-03,500000,0,0,5000,1,5000,500,28,14000,50,77,3850,20,1111,22220,10,1853,18530,3,17909,53727,,,
2016-01-30,500000,0,0,5000,1,5000,500,36,18000,50,43,2150,20,1737,34740,10,1316,13160,3,27155,81465,,,
2016-01-27,500000,0,0,5000,0,0,500,22,11000,50,56,2800,20,830,16600,10,1346,13460,3,14502,43506,,,
2016-01-23,500000,0,0,5000,1,5000,500,55,27500,50,101,5050,20,2693,53860,10,2950,29500,3,47037,141111,,,
2016-01-20,500000,0,0,5000,0,0,500,46,23000,50,131,6550,20,2238,44760,10,3205,32050,3,40101,120303,,,
2016-01-16,500000,0,0,5000,0,0,500,47,23500,50,119,5950,20,1985,39700,10,3037,30370,3,34690,104070,,,
2016-01-13,500000,0,0,5000,3,15000,500,34,17000,50,68,3400,20,1340,26800,10,2021,20210,3,23565,70695,,,
2016-01-09,500000,0,0,5000,0,0,500,26,13000,50,89,4450,20,1553,31060,10,2352,23520,3,27150,81450,,,
2016-01-06,500000,0,0,5000,0,0,500,22,11000,50,53,2650,20,1180,23600,10,1219,12190,3,19425,58275,,,
2016-01-02,500000,0,0,5000,0,0,500,41,20500,50,66,3300,20,1793,35860,10,1408,14080,3,27706,83118,,,
2015-12-30,500000,0,0,5000,1,5000,500,19,9500,50,61,3050,20,990,19800,10,1411,14110,3,16768,50304,,,
2015-12-26,500000,0,0,5000,1,5000,500,43,21500,50,107,5350,20,1276,25520,10,2262,22620,3,19771,59313,,,
2015-12-23,500000,0,0,5000,0,0,500,27,13500,50,44,2200,20,954,19080,10,1057,10570,3,16787,50361,,,
2015-12-19,500000,0,0,5000,1,5000,500,27,13500,50,69,3450,20,1040,20800,10,1665,16650,3,19082,57246,,,
2015-12-16,500000,0,0,5000,0,0,500,15,7500,50,37,1850,20,773,15460,10,1216,12160,3,13723,41169,,,
2015-12-12,500000,0,0,5000,0,0,500,18,9000,50,43,2150,20,1050,21000,10,1606,16060,3,17991,53973,,,
2015-12-09,500000,0,0,5000,0,0,500,25,12500,50,56,2800,20,1099,21980,10,1382,13820,3,16627,49881,,,
2015-12-05,500000,1,500000,5000,0,0,500,26,13000,50,92,4600,20,1370,27400,10,2184,21840,3,21138,63414,,,
2015-12-02,500000,0,0,5000,0,0,500,12,6000,50,29,1450,20,806,16120,10,1144,11440,3,14218,42654,,,
2015-11-28,500000,0,0,5000,1,5000,500,32,16000,50,97,4850,20,1355,27100,10,1965,19650,3,20274,60822,,,
2015-11-25,500000,0,0,5000,0,0,500,7,3500,50,42,2100,20,646,12920,10,1102,11020,3,11822,35466,,,
2015-11-21,500000,0,0,5000,1,5000,500,15,7500,50,54,2700,20,1058,21160,10,1363,13630,3,17381,52143,,,
2015-11-18,500000,0,0,5000,0,0,500,5,2500,50,19,950,20,581,11620,10,787,7870,3,9681,29043,,,
2015-11-14,500000,0,0,5000,0,0,500,38,19000,50,51,2550,20,1474,29480,10,1121,11210,3,23664,70992,,,
2015-11-11,500000,0,0,5000,0,0,500,10,5000,50,39,1950,20,765,15300,10,1217,12170,3,13359,40077,,,
2015-11-07,500000,0,0,5000,2,10000,500,23,11500,50,50,2500,20,1062,21240,10,1533,15330,3,18232,54696,,,
2015-11-04,500000,0,0,5000,1,5000,500,15,7500,50,54,2700,20,1007,20140,10,1738,17380,3,17257,51771,,,
2015-10-31,500000,0,0,5000,0,0,500,33,16500,50,67,3350,20,1337,26740,10,1604,16040,3,20055,60165,,,
2015-10-28,500000,0,0,5000,0,0,500,13,6500,50,46,2300,20,870,17400,10,1040,10400,3,14716,44148,,,
2015-10-24,500000,0,0,5000,1,5000,500,15,7500,50,41,2050,20,857,17140,10,1233,12330,3,15468,46404,,,
2015-10-21,500000,1,500000,5000,0,0,500,37,18500,50,59,2950,20,1435,28700,10,1455,14550,3,20804,62412,,,
2015-10-17,500000,0,0,5000,0,0,500,27,13500,50,49,2450,20,1172,23440,10,1328,13280,3,19949,59847,,,
2015-10-14,500000,0,0,5000,0,0,500,15,7500,50,26,1300,20,575,11500,10,965,9650,3,10847,32541,,,
2015-10-10,500000,0,0,5000,2,10000,500,22,11000,50,45,2250,20,1104,22080,10,1218,12180,3,20299,60897,,,
2015-10-07,500000,0,0,5000,0,0,500,15,7500,50,39,1950,20,672,13440,10,849,8490,3,11618,34854,,,
2015-10-03,500000,0,0,5000,1,5000,500,13,6500,50,32,1600,20,842,16840,10,1284,12840,3,15371,46113,,,
2015-09-30,500000,0,0,5000,1,5000,500,20,10000,50,27,1350,20,876,17520,10,936,9360,3,15473,46419,,,
2015-09-26,500000,0,0,5000,3,15000,500,59,29500,50,111,5550,20,1777,35540,10,2296,22960,3,25491,76473,,,
2015-09-23,500000,0,0,5000,0,0,500,12,6000,50,38,1900,20,738,14760,10,882,8820,3,13004,39012,,,
2015-09-19,500000,0,0,5000,1,5000,500,19,9500,50,60,3000,20,1017,20340,10,1468,14680,3,18669,56007,,,
2015-09-16,500000,0,0,5000,1,5000,500,11,5500,50,32,1600,20,834,16680,10,1019,10190,3,15118,45354,,,
2015-09-12,500000,2,1000000,5000,1,5000,500,39,19500,50,57,2850,20,1707,34140,10,1302,13020,3,26708,80124,,,
2015-09-09,500000,0,0,5000,0,0,500,45,22500,50,43,2150,20,1650,33000,10,1107,11070,3,22139,66417,,,
2015-09-05,500000,0,0,5000,2,10000,500,24,12000,50,68,3400,20,1100,22000,10,1765,17650,3,19698,59094,,,
2015-09-02,350000,0,0,3500,2,7000,350,26,9100,35,68,2380,15,939,14085,9,1333,11997,3,16565,49695,,,
2015-08-29,350000,0,0,3500,1,3500,350,48,16800,35,112,3920,15,1844,27660,9,2770,24930,3,28855,86565,,,
2015-08-26,350000,0,0,3500,0,0,350,49,17150,35,95,3325,15,1571,23565,9,2237,20133,3,22878,68634,,,
2015-08-22,350000,1,350000,3500,1,3500,350,27,9450,35,69,2415,15,1268,19020,9,1896,17064,3,21634,64902,,,
2015-08-19,350000,0,0,3500,2,7000,350,38,13300,35,95,3325,15,1518,22770,9,2479,22311,3,23105,69315,,,
2015-08-15,350000,0,0,3500,2,7000,350,26,9100,35,80,2800,15,1370,20550,9,1629,14661,3,23580,70740,,,
2015-08-12,350000,0,0,3500,1,3500,350,95,33250,35,85,2975,15,2784,41760,9,1621,14589,3,30865,92595,,,
2015-08-08,350000,0,0,3500,1,3500,350,53,18550,35,84,2940,15,1955,29325,9,2346,21114,3,30305,90915,,,
2015-08-05,350000,0,0,3500,1,3500,350,72,25200,35,117,4095,15,2317,34755,9,2419,21771,3,28308,84924,,,
2015-08-01,350000,0,0,3500,2,7000,350,44,15400,35,132,4620,15,1885,28275,9,3103,27927,3,30427,91281,,,
2015-07-29,350000,0,0,3500,2,7000,350,30,10500,35,95,3325,15,1172,17580,9,2048,18432,3,20617,61851,,,
2015-07-25,350000,1,350000,3500,1,3500,350,45,15750,35,97,3395,15,1979,29685,9,2383,21447,3,30222,90666,,,
2015-07-22,350000,0,0,3500,3,10500,350,23,8050,35,93,3255,15,1233,18495,9,2308,20772,3,20311,60933,,,
2015-07-18,350000,0,0,3500,1,3500,350,43,15050,35,116,4060,15,1958,29370,9,2790,25110,3,29358,88074,,,
2015-07-15,350000,1,350000,3500,1,3500,350,26,9100,35,61,2135,15,1095,16425,9,1677,15093,3,18199,54597,,,
2015-07-11,350000,0,0,3500,1,3500,350,38,13300,35,83,2905,15,1729,25935,9,2044,18396,3,28632,85896,,,
2015-07-08,350000,0,0,3500,0,0,350,29,10150,35,55,1925,15,1141,17115,9,1297,11673,3,20480,61440,,,
2015-07-04,350000,0,0,3500,0,0,350,24,8400,35,77,2695,15,1396,20940,9,1863,16767,3,22979,68937,,,
2015-07-01,350000,0,0,3500,0,0,350,16,5600,35,42,1470,15,1090,16350,9,1454,13086,3,18323,54969,,,
2015-06-27,350000,1,350000,3500,0,0,350,31,10850,35,90,3150,15,1838,27570,9,2070,18630,3,29728,89184,,,
2015-06-24,350000,0,0,3500,0,0,350,23,8050,35,63,2205,15,1073,16095,9,1524,13716,3,17345,52035,,,
2015-06-20,350000,0,0,3500,0,0,350,31,10850,35,88,3080,15,1552,23280,9,2196,19764,3,25520,76560,,,
2015-06-17,350000,0,0,3500,0,0,350,25,8750,35,80,2800,15,1330,19950,9,2050,18450,3,21128,63384,,,
2015-06-13,350000,0,0,3500,0,0,350,28,9800,35,73,2555,15,1724,25860,9,2362,21258,3,27975,83925,,,
2015-06-10,350000,0,0,3500,1,3500,350,28,9800,35,88,3080,15,1473,22095,9,2361,21249,3,24566,73698,,,
2015-06-06,350000,0,0,3500,0,0,350,40,14000,35,105,3675,15,1817,27255,9,2985,26865,3,30275,90825,,,
2015-06-03,350000,0,0,3500,0,0,350,73,25550,35,70,2450,15,1996,29940,9,1666,14994,3,21350,64050,,,
2015-05-30,350000,0,0,3500,2,7000,350,50,17500,35,85,2975,15,2291,34365,9,2099,18891,3,33693,101079,,,
2015-05-27,350000,0,0,3500,1,3500,350,30,10500,35,54,1890,15,1440,21600,9,1474,13266,3,24106,72318,,,
2015-05-23,350000,0,0,3500,1,3500,350,23,8050,35,72,2520,15,1396,20940,9,1800,16200,3,22726,68178,,,
2015-05-20,350000,0,0,3500,0,0,350,25,8750,35,55,1925,15,1034,15510,9,1536,13824,3,17568,52704,,,
2015-05-16,350000,0,0,3500,0,0,350,41,14350,35,128,4480,15,1846,27690,9,2891,26019,3,29298,87894,,,
2015-05-13,350000,0,0,3500,2,7000,350,23,8050,35,67,2345,15,1110,16650,9,1275,11475,3,16815,50445,,,
2015-05-09,350000,0,0,3500,3,10500,350,42,14700,35,95,3325,15,1612,24180,9,2304,20736,3,27476,82428,,,
2015-05-06,350000,0,0,3500,1,3500,350,23,8050,35,87,3045,15,1588,23820,9,2410,21690,3,24911,74733,,,
2015-05-02,350000,0,0,3500,0,0,350,28,9800,35,95,3325,15,1572,23580,9,2250,20250,3,27463,82389,,,
2015-04-29,350000,1,350000,3500,1,3500,350,32,11200,35,78,2730,15,1386,20790,9,2153,19377,3,22048,66144,,,
2015-04-25,350000,0,0,3500,0,0,350,35,12250,35,97,3395,15,1661,24915,9,2598,23382,3,27604,82812,,,
2015-04-22,350000,0,0,3500,0,0,350,59,20650,35,104,3640,15,2120,31800,9,2363,21267,3,27356,82068,,,
2015-04-18,350000,0,0,3500,3,10500,350,29,10150,35,119,4165,15,1747,26205,9,2769,24921,3,29363,88089,,,
2015-04-15,350000,0,0,3500,1,3500,350,75,26250,35,186,6510,15,2107,31605,9,3868,34812,3,26773,80319,,,
2015-04-11,350000,1,350000,3500,2,7000,350,70,24500,35,128,4480,15,2475,37125,9,2847,25623,3,34270,102810,,,
2015-04-08,350000,1,350000,3500,2,7000,350,32,11200,35,62,2170,15,1086,16290,9,1513,13617,3,18718,56154,,,
2015-04-04,350000,1,350000,3500,4,14000,350,102,35700,35,193,6755,15,3813,57195,9,4374,39366,3,50895,152685,,,
2015-04-01,350000,0,0,3500,0,0,350,45,15750,35,96,3360,15,1693,25395,9,2586,23274,3,28459,85377,,,
2015-03-28,350000,0,0,3500,2,7000,350,44,15400,35,85,2975,15,1868,28020,9,2514,22626,3,30796,92388,,,
2015-03-25,350000,0,0,3500,2,7000,350,52,18200,35,170,5950,15,2454,36810,9,3381,30429,3,32337,97011,,,
2015-03-21,350000,0,0,3500,2,7000,350,38,13300,35,84,2940,15,1987,29805,9,2858,25722,3,31386,94158,,,
2015-03-18,350000,0,0,3500,1,3500,350,22,7700,35,54,1890,15,1155,17325,9,1539,13851,3,20885,62655,,,
2015-03-14,350000,0,0,3500,0,0,350,40,14000,35,95,3325,15,1969,29535,9,2443,21987,3,33610,100830,,,
2015-03-11,350000,0,0,3500,0,0,350,24,8400,35,61,2135,15,1378,20670,9,1738,15642,3,24293,72879,,,
2015-03-07,350000,0,0,3500,1,3500,350,31,10850,35,72,2520,15,1641,24615,9,2097,18873,3,25747,77241,,,
2015-03-04,350000,0,0,3500,0,0,350,33,11550,35,58,2030,15,1277,19155,9,1520,13680,3,22776,68328,,,
2015-02-28,350000,0,0,3500,0,0,350,30,10500,35,92,3220,15,1900,28500,9,2539,22851,3,32512,97536,,,
2015-02-25,350000,0,0,3500,1,3500,350,43,15050,35,64,2240,15,1206,18090,9,1724,15516,3,19674,59022,,,
2015-02-21,350000,0,0,3500,1,3500,350,31,10850,35,94,3290,15,1567,23505,9,2337,21033,3,26018,78054,,,
2015-02-18,350000,0,0,3500,0,0,350,29,10150,35,48,1680,15,1216,18240,9,1397,12573,3,19933,59799,,,
2015-02-14,350000,0,0,3500,0,0,350,36,12600,35,96,3360,15,1519,22785,9,2205,19845,3,27045,81135,,,
2015-02-11,350000,0,0,3500,0,0,350,26,9100,35,59,2065,15,1079,16185,9,1467,13203,3,17436,52308,,,
2015-02-07,350000,0,0,3500,0,0,350,54,18900,35,97,3395,15,2228,33420,9,2040,18360,3,32360,97080,,,
2015-02-05,350000,0,0,3500,0,0,350,49,17150,35,119,4165,15,2652,39780,9,3643,32787,3,45835,137505,,,
2015-01-31,350000,0,0,3500,3,10500,350,48,16800,35,131,4585,15,2237,33555,9,3443,30987,3,38390,115170,,,
2015-01-28,350000,0,0,3500,1,3500,350,25,8750,35,62,2170,15,1506,22590,9,1890,17010,3,24136,72408,,,
2015-01-24,350000,0,0,3500,0,0,350,41,14350,35,116,4060,15,1939,29085,9,2917,26253,3,31818,95454,,,
2015-01-21,350000,1,350000,3500,0,0,350,21,7350,35,63,2205,15,1364,20460,9,1602,14418,3,22298,66894,,,
2015-01-17,350000,1,350000,3500,4,14000,350,73,25550,35,97,3395,15,2979,44685,9,2493,22437,3,39945,119835,,,
2015-01-14,350000,0,0,3500,1,3500,350,31,10850,35,55,1925,15,1302,19530,9,1400,12600,3,20863,62589,,,
2015-01-10,350000,0,0,3500,1,3500,350,29,10150,35,82,2870,15,1702,25530,9,2083,18747,3,29581,88743,,,
2015-01-07,350000,0,0,3500,1,3500,350,25,8750,35,70,2450,15,1151,17265,9,1731,15579,3,20227,60681,,,
2015-01-03,350000,0,0,3500,0,0,350,30,10500,35,68,2380,15,1392,20880,9,1819,16371,3,23329,69987,,,
2014-12-31,350000,0,0,3500,1,3500,350,47,16450,35,142,4970,15,1742,26130,9,2960,26640,3,26978,80934,,,
2014-12-27,350000,1,350000,3500,1,3500,350,18,6300,35,54,1890,15,1023,15345,9,1508,13572,3,18369,55107,,,
2014-12-24,350000,1,350000,3500,2,7000,350,30,10500,35,88,3080,15,2036,30540,9,2482,22338,3,31314,93942,,,
2014-12-20,350000,0,0,3500,0,0,350,40,14000,35,79,2765,15,1560,23400,9,2153,19377,3,25613,76839,,,
2014-12-17,350000,3,1050000,3500,0,0,350,29,10150,35,103,3605,15,1724,25860,9,2317,20853,3,24824,74472,,,
2014-12-13,350000,0,0,3500,1,3500,350,29,10150,35,99,3465,15,1796,26940,9,2728,24552,3,28364,85092,,,
2014-12-10,350000,0,0,3500,0,0,350,34,11900,35,63,2205,15,1239,18585,9,1508,13572,3,19794,59382,,,
2014-12-06,350000,0,0,3500,0,0,350,42,14700,35,127,4445,15,1878,28170,9,3150,28350,3,28648,85944,,,
2014-12-03,350000,0,0,3500,0,0,350,16,5600,35,42,1470,15,1042,15630,9,1262,11358,3,16699,50097,,,
2014-11-29,350000,1,350000,3500,1,3500,350,51,17850,35,130,4550,15,2075,31125,9,2616,23544,3,29735,89205,,,
2014-11-26,350000,1,350000,3500,0,0,350,18,6300,35,64,2240,15,1177,17655,9,1771,15939,3,18868,56604,,,
2014-11-22,350000,0,0,3500,1,3500,350,26,9100,35,76,2660,15,1335,20025,9,1908,17172,3,22796,68388,,,
2014-11-19,350000,0,0,3500,1,3500,350,23,8050,35,60,2100,15,1079,16185,9,1514,13626,3,19095,57285,,,
2014-11-15,350000,0,0,3500,0,0,350,44,15400,35,78,2730,15,2125,31875,9,2077,18693,3,33204,99612,,,
2014-11-12,350000,0,0,3500,3,10500,350,52,18200,35,169,5915,15,2112,31680,9,3099,27891,3,28210,84630,,,
2014-11-08,350000,0,0,3500,4,14000,350,20,7000,35,73,2555,15,1568,23520,9,2198,19782,3,26115,78345,,,
2014-11-05,350000,0,0,3500,0,0,350,29,10150,35,77,2695,15,1187,17805,9,1854,16686,3,19345,58035,,,
2014-11-01,350000,0,0,3500,0,0,350,40,14000,35,124,4340,15,2202,33030,9,2766,24894,3,32992,98976,,,
2014-10-29,350000,0,0,3500,1,3500,350,25,8750,35,80,2800,15,1281,19215,9,1830,16470,3,20119,60357,,,
2014-10-25,350000,0,0,3500,1,3500,350,51,17850,35,99,3465,15,2074,31110,9,2895,26055,3,35274,105822,,,
2014-10-22,350000,0,0,3500,1,3500,350,24,8400,35,68,2380,15,1233,18495,9,1608,14472,3,21150,63450,,,
2014-10-18,350000,0,0,3500,1,3500,350,43,15050,35,88,3080,15,1727,25905,9,2212,19908,3,27308,81924,,,
2014-10-15,350000,0,0,3500,1,3500,350,31,10850,35,105,3675,15,1544,23160,9,2146,19314,3,23267,69801,,,
2014-10-11,350000,0,0,3500,4,14000,350,41,14350,35,108,3780,15,1907,28605,9,2689,24201,3,31485,94455,,,
2014-10-08,350000,0,0,3500,1,3500,350,20,7000,35,53,1855,15,1077,16155,9,1587,14283,3,17999,53997,,,
2014-10-04,350000,1,350000,3500,1,3500,350,40,14000,35,76,2660,15,1482,22230,9,2254,20286,3,25636,76908,,,
2014-10-01,350000,0,0,3500,0,0,350,28,9800,35,65,2275,15,1099,16485,9,1612,14508,3,19145,57435,,,
2014-09-27,350000,1,350000,3500,2,7000,350,59,20650,35,143,5005,15,2542,38130,9,3036,27324,3,35904,107712,,,
2014-09-24,350000,0,0,3500,1,3500,350,25,8750,35,65,2275,15,1223,18345,9,1287,11583,3,21927,65781,,,
2014-09-20,350000,0,0,3500,2,7000,350,31,10850,35,95,3325,15,1485,22275,9,2169,19521,3,24512,73536,,,
2014-09-17,350000,0,0,3500,1,3500,350,22,7700,35,55,1925,15,1049,15735,9,1537,13833,3,18150,54450,,,
2014-09-13,350000,2,700000,3500,0,0,350,61,21350,35,115,4025,15,2530,37950,9,2730,24570,3,34325,102975,,,
2014-09-10,350000,0,0,3500,2,7000,350,24,8400,35,57,1995,15,1274,19110,9,1792,16128,3,20893,62679,,,
2014-09-06,350000,0,0,3500,0,0,350,42,14700,35,167,5845,15,2365,35475,9,4062,36558,3,33329,99987,,,
2014-09-03,350000,0,0,3500,1,3500,350,35,12250,35,99,3465,15,1440,21600,9,2296,20664,3,21995,65985,,,
2014-08-30,350000,0,0,3500,0,0,350,35,12250,35,83,2905,15,1558,23370,9,2232,20088,3,25232,75696,,,
2014-08-27,350000,0,0,3500,0,0,350,30,10500,35,56,1960,15,1252,18780,9,1344,12096,3,20918,62754,,,
2014-08-23,350000,1,350000,3500,1,3500,350,42,14700,35,118,4130,15,1709,25635,9,2833,25497,3,28807,86421,,,
2014-08-20,350000,0,0,3500,1,3500,350,33,11550,35,67,2345,15,1388,20820,9,1458,13122,3,21783,65349,,,
2014-08-16,350000,0,0,3500,1,3500,350,43,15050,35,87,3045,15,1516,22740,9,2114,19026,3,25940,77820,,,
2014-08-13,350000,0,0,3500,1,3500,350,35,12250,35,83,2905,15,1665,24975,9,2144,19296,3,24801,74403,,,
2014-08-09,350000,0,0,3500,0,0,350,28,9800,35,84,2940,15,1809,27135,9,2098,18882,3,27663,82989,,,
2014-08-06,350000,0,0,3500,3,10500,350,23,8050,35,73,2555,15,1408,21120,9,1862,16758,3,23294,69882,,,
2014-08-02,350000,0,0,3500,0,0,350,39,13650,35,87,3045,15,1562,23430,9,2283,20547,3,27301,81903,,,
2014-07-30,350000,0,0,3500,0,0,350,34,11900,35,78,2730,15,1359,20385,9,2508,22572,3,22643,67929,,,
2014-07-26,350000,1,350000,3500,0,0,350,35,12250,35,82,2870,15,1743,26145,9,2122,19098,3,28447,85341,,,
2014-07-23,350000,0,0,3500,1,3500,350,29,10150,35,35,1225,15,1310,19650,9,1345,12105,3,21684,65052,,,
2014-07-19,350000,0,0,3500,1,3500,350,37,12950,35,73,2555,15,1665,24975,9,1975,17775,3,27320,81960,,,
2014-07-16,350000,0,0,3500,2,7000,350,39,13650,35,62,2170,15,1435,21525,9,2046,18414,3,22491,67473,,,
2014-07-12,350000,0,0,3500,0,0,350,49,17150,35,104,3640,15,2499,37485,9,2215,19935,3,36007,108021,,,
2014-07-09,350000,0,0,3500,2,7000,350,26,9100,35,97,3395,15,1569,23535,9,2007,18063,3,22890,68670,,,
2014-07-05,350000,2,700000,3500,2,7000,350,57,19950,35,143,5005,15,2241,33615,9,3114,28026,3,33852,101556,,,
2014-07-02,350000,0,0,3500,0,0,350,29,10150,35,51,1785,15,1134,17010,9,1767,15903,3,19339,58017,,,
2014-06-28,350000,0,0,3500,2,7000,350,59,20650,35,134,4690,15,2580,38700,9,2741,24669,3,31615,94845,,,
2014-06-25,350000,0,0,3500,0,0,350,13,4550,35,52,1820,15,1178,17670,9,1800,16200,3,19455,58365,,,
2014-06-21,350000,0,0,3500,0,0,350,28,9800,35,82,2870,15,1482,22230,9,2208,19872,3,25068,75204,,,
2014-06-18,350000,0,0,3500,0,0,350,24,8400,35,64,2240,15,1219,18285,9,1605,14445,3,20043,60129,,,
2014-06-14,350000,0,0,3500,1,3500,350,50,17500,35,98,3430,15,1606,24090,9,2513,22617,3,28052,84156,,,
2014-06-11,350000,0,0,3500,1,3500,350,78,27300,35,134,4690,15,2555,38325,9,2557,23013,3,30046,90138,,,
2014-06-07,350000,1,350000,3500,0,0,350,24,8400,35,87,3045,15,1428,21420,9,2014,18126,3,25700,77100,,,
2014-06-04,350000,0,0,3500,2,7000,350,43,15050,35,105,3675,15,2094,31410,9,2326,20934,3,35321,105963,,,
2014-05-31,350000,0,0,3500,0,0,350,58,20300,35,245,8575,15,3069,46035,9,4527,40743,3,44435,133305,,,
2014-05-28,350000,0,0,3500,2,7000,350,42,14700,35,100,3500,15,2200,33000,9,3216,28944,3,33308,99924,,,
2014-05-24,350000,1,350000,3500,2,7000,350,62,21700,35,123,4305,15,2880,43200,9,3011,27099,3,43373,130119,,,
2014-05-21,350000,0,0,3500,4,14000,350,26,9100,35,96,3360,15,1841,27615,9,2384,21456,3,27354,82062,,,
2014-05-17,350000,0,0,3500,2,7000,350,34,11900,35,81,2835,15,1655,24825,9,2543,22887,3,28601,85803,,,
2014-05-14,350000,0,0,3500,3,10500,350,35,12250,35,77,2695,15,1355,20325,9,1894,17046,3,23325,69975,,,
2014-05-10,350000,0,0,3500,2,7000,350,48,16800,35,107,3745,15,2092,31380,9,2617,23553,3,32490,97470,,,
2014-05-07,350000,0,0,3500,3,10500,350,22,7700,35,60,2100,15,1048,15720,9,1549,13941,3,18009,54027,,,
2014-05-03,350000,0,0,3500,3,10500,350,34,11900,35,96,3360,15,1684,25260,9,2471,22239,3,27998,83994,,,
2014-04-30,350000,0,0,3500,3,10500,350,56,19600,35,140,4900,15,2273,34095,9,2545,22905,3,28877,86631,,,
2014-04-26,350000,0,0,3500,1,3500,350,36,12600,35,70,2450,15,1635,24525,9,1961,17649,3,25768,77304,,,
2014-04-23,350000,0,0,3500,1,3500,350,21,7350,35,60,2100,15,1009,15135,9,1691,15219,3,18275,54825,,,
2014-04-19,350000,1,350000,3500,0,0,350,35,12250,35,76,2660,15,1920,28800,9,1919,17271,3,30400,91200,,,
2014-04-16,350000,0,0,3500,1,3500,350,18,6300,35,59,2065,15,1003,15045,9,1653,14877,3,17351,52053,,,
2014-04-12,350000,0,0,3500,0,0,350,15,5250,35,63,2205,15,1345,20175,9,1852,16668,3,23378,70134,,,
2014-04-09,350000,0,0,3500,0,0,350,22,7700,35,66,2310,15,1173,17595,9,1601,14409,3,19062,57186,,,
2014-04-05,350000,0,0,3500,1,3500,350,40,14000,35,99,3465,15,1664,24960,9,2421,21789,3,26830,80490,,,
2014-04-02,350000,0,0,3500,1,3500,350,24,8400,35,74,2590,15,1241,18615,9,1568,14112,3,21212,63636,,,
2014-03-29,350000,0,0,3500,2,7000,350,66,23100,35,115,4025,15,2509,37635,9,2767,24903,3,35822,107466,,,
2014-03-26,350000,0,0,3500,1,3500,350,21,7350,35,72,2520,15,1034,15510,9,1416,12744,3,17551,52653,,,
2014-03-22,350000,0,0,3500,3,10500,350,40,14000,35,106,3710,15,1774,26610,9,2501,22509,3,28900,86700,,,
2014-03-19,350000,0,0,3500,0,0,350,23,8050,35,77,2695,15,1436,21540,9,1968,17712,3,21636,64908,,,
2014-03-15,350000,0,0,3500,0,0,350,38,13300,35,81,2835,15,1477,22155,9,2045,18405,3,25673,77019,,,
2014-03-12,350000,0,0,3500,0,0,350,23,8050,35,66,2310,15,1361,20415,9,1706,15354,3,21635,64905,,,
2014-03-08,350000,0,0,3500,0,0,350,36,12600,35,94,3290,15,1754,26310,9,2684,24156,3,27306,81918,,,
2014-03-05,350000,0,0,3500,0,0,350,31,10850,35,74,2590,15,1571,23565,9,2257,20313,3,25555,76665,,,
2014-03-01,350000,1,350000,3500,0,0,350,48,16800,35,109,3815,15,2085,31275,9,2590,23310,3,34706,104118,,,
2014-02-26,350000,1,350000,3500,1,3500,350,37,12950,35,124,4340,15,1572,23580,9,2330,20970,3,25331,75993,,,
2014-02-22,350000,0,0,3500,0,0,350,42,14700,35,100,3500,15,1676,25140,9,2264,20376,3,27988,83964,,,
2014-02-19,350000,0,0,3500,0,0,350,40,14000,35,116,4060,15,1864,27960,9,2491,22419,3,26535,79605,,,
2014-02-15,350000,0,0,3500,2,7000,350,40,14000,35,84,2940,15,1526,22890,9,2049,18441,3,25229,75687,,,
2014-02-12,350000,0,0,3500,1,3500,350,27,9450,35,51,1785,15,1018,15270,9,1192,10728,3,16303,48909,,,
2014-02-08,350000,0,0,3500,0,0,350,26,9100,35,87,3045,15,1539,23085,9,2306,20754,3,27046,81138,,,
2014-02-05,350000,0,0,3500,1,3500,350,21,7350,35,78,2730,15,1109,16635,9,1703,15327,3,18699,56097,,,
2014-02-01,350000,0,0,3500,0,0,350,28,9800,35,84,2940,15,1641,24615,9,2197,19773,3,28583,85749,,,
2014-01-29,350000,0,0,3500,0,0,350,60,21000,35,121,4235,15,2070,31050,9,2343,21087,3,27802,83406,,,
2014-01-25,350000,0,0,3500,1,3500,350,40,14000,35,97,3395,15,1663,24945,9,2198,19782,3,28089,84267,,,
2014-01-22,350000,0,0,3500,0,0,350,15,5250,35,50,1750,15,939,14085,9,1298,11682,3,16610,49830,,,
2014-01-18,350000,1,350000,3500,1,3500,350,70,24500,35,78,2730,15,2443,36645,9,2393,21537,3,34900,104700,,,
2014-01-15,350000,0,0,3500,0,0,350,34,11900,35,47,1645,15,1222,18330,9,1452,13068,3,19822,59466,,,
2014-01-11,350000,0,0,3500,1,3500,350,33,11550,35,66,2310,15,1607,24105,9,2313,20817,3,27536,82608,,,
2014-01-08,350000,0,0,3500,1,3500,350,28,9800,35,71,2485,15,1419,21285,9,1886,16974,3,23120,69360,,,
2014-01-04,350000,0,0,3500,0,0,350,55,19250,35,141,4935,15,2381,35715,9,3424,30816,3,38064,114192,,,
2014-01-01,350000,0,0,3500,0,0,350,26,9100,35,57,1995,15,1331,19965,9,1676,15084,3,22940,68820,,,
2013-12-28,350000,0,0,3500,2,7000,350,29,10150,35,128,4480,15,1757,26355,9,2781,25029,3,27499,82497,,,
2013-12-26,350000,1,350000,3500,2,7000,350,35,12250,35,87,3045,15,1834,27510,9,2163,19467,3,28290,84870,,,
2013-12-21,350000,0,0,3500,0,0,350,42,14700,35,110,3850,15,2209,33135,9,2635,23715,3,35588,106764,,,
2013-12-18,350000,0,0,3500,0,0,350,21,7350,35,67,2345,15,1208,18120,9,1470,13230,3,19554,58662,,,
2013-12-14,350000,0,0,3500,0,0,350,31,10850,35,114,3990,15,1779,26685,9,2942,26478,3,28117,84351,,,
2013-12-11,350000,0,0,3500,2,7000,350,22,7700,35,52,1820,15,1161,17415,9,1467,13203,3,20996,62988,,,
2013-12-07,350000,2,700000,3500,1,3500,350,30,10500,35,79,2765,15,1655,24825,9,1827,16443,3,25777,77331,,,
2013-12-04,350000,0,0,3500,0,0,350,27,9450,35,55,1925,15,956,14340,9,1363,12267,3,16396,49188,,,
2013-11-30,350000,0,0,3500,3,10500,350,54,18900,35,135,4725,15,2079,31185,9,3214,28926,3,31778,95334,,,
2013-11-27,350000,0,0,3500,1,3500,350,22,7700,35,83,2905,15,1243,18645,9,1750,15750,3,20775,62325,,,
2013-11-23,350000,0,0,3500,0,0,350,32,11200,35,120,4200,15,1728,25920,9,2914,26226,3,29193,87579,,,
2013-11-20,350000,0,0,3500,0,0,350,23,8050,35,48,1680,15,1155,17325,9,1633,14697,3,19396,58188,,,
2013-11-16,350000,0,0,3500,2,7000,350,42,14700,35,117,4095,15,2150,32250,9,2332,20988,3,33492,100476,,,
2013-11-13,350000,0,0,3500,1,3500,350,27,9450,35,47,1645,15,1079,16185,9,1323,11907,3,19042,57126,,,
2013-11-09,350000,1,350000,3500,0,0,350,36,12600,35,78,2730,15,1644,24660,9,2346,21114,3,27136,81408,,,
2013-11-06,350000,0,0,3500,1,3500,350,18,6300,35,62,2170,15,1090,16350,9,1841,16569,3,17765,53295,,,
2013-11-02,350000,0,0,3500,1,3500,350,31,10850,35,78,2730,15,1793,26895,9,2010,18090,3,29417,88251,,,
2013-10-30,350000,0,0,3500,0,0,350,24,8400,35,53,1855,15,1111,16665,9,1522,13698,3,18801,56403,,,
2013-10-26,350000,0,0,3500,1,3500,350,25,8750,35,79,2765,15,1524,22860,9,2353,21177,3,26031,78093,,,
2013-10-23,350000,0,0,3500,0,0,350,36,12600,35,78,2730,15,1385,20775,9,2340,21060,3,22635,67905,,,
2013-10-19,350000,0,0,3500,0,0,350,37,12950,35,95,3325,15,1582,23730,9,2179,19611,3,26214,78642,,,
2013-10-16,350000,1,350000,3500,1,3500,350,38,13300,35,67,2345,15,1843,27645,9,1379,12411,3,26142,78426,,,
2013-10-12,350000,0,0,3500,2,7000,350,24,8400,35,85,2975,15,1697,25455,9,2327,20943,3,28759,86277,,,
2013-10-09,350000,0,0,3500,1,3500,350,34,11900,35,78,2730,15,1361,20415,9,1820,16380,3,21705,65115,,,
2013-10-05,350000,1,350000,3500,0,0,350,99,34650,35,109,3815,15,3047,45705,9,2395,21555,3,40191,120573,,,
2013-10-02,350000,1,350000,3500,1,3500,350,22,7700,35,70,2450,15,1143,17145,9,1651,14859,3,19431,58293,,,
2013-09-28,350000,0,0,3500,0,0,350,31,10850,35,79,2765,15,1649,24735,9,2034,18306,3,27963,83889,,,
2013-09-25,350000,0,0,3500,0,0,350,23,8050,35,60,2100,15,1017,15255,9,1299,11691,3,18586,55758,,,
2013-09-21,350000,0,0,3500,1,3500,350,56,19600,35,79,2765,15,2215,33225,9,2333,20997,3,34936,104808,,,
2013-09-18,350000,0,0,3500,2,7000,350,22,7700,35,65,2275,15,1190,17850,9,1496,13464,3,19949,59847,,,
2013-09-14,350000,0,0,3500,1,3500,350,38,13300,35,105,3675,15,1669,25035,9,2404,21636,3,28157,84471,,,
2013-09-11,350000,0,0,3500,0,0,350,21,7350,35,44,1540,15,1288,19320,9,1319,11871,3,20646,61938,,,
2013-09-07,350000,0,0,3500,0,0,350,24,8400,35,85,2975,15,1638,24570,9,2398,21582,3,26889,80667,,,
2013-09-04,350000,0,0,3500,3,10500,350,23,8050,35,97,3395,15,1609,24135,9,2939,26451,3,25180,75540,,,
2013-08-31,350000,0,0,3500,0,0,350,23,8050,35,90,3150,15,1579,23685,9,2210,19890,3,27411,82233,,,
2013-08-28,350000,0,0,3500,1,3500,350,32,11200,35,87,3045,15,1654,24810,9,2515,22635,3,25161,75483,,,
2013-08-24,350000,0,0,3500,0,0,350,36,12600,35,77,2695,15,1644,24660,9,2100,18900,3,28165,84495,,,
2013-08-21,350000,0,0,3500,2,7000,350,29,10150,35,74,2590,15,1118,16770,9,1660,14940,3,18501,55503,,,
2013-08-17,350000,1,350000,3500,1,3500,350,51,17850,35,108,3780,15,2366,35490,9,2491,22419,3,36072,108216,,,
2013-08-14,350000,0,0,3500,1,3500,350,23,8050,35,80,2800,15,1272,19080,9,1617,14553,3,20874,62622,,,
2013-08-10,350000,1,350000,3500,2,7000,350,33,11550,35,101,3535,15,1757,26355,9,2774,24966,3,29576,88728,,,
2013-08-07,350000,0,0,3500,1,3500,350,24,8400,35,50,1750,15,1104,16560,9,1628,14652,3,19548,58644,,,
2013-08-03,350000,0,0,3500,0,0,350,37,12950,35,80,2800,15,1586,23790,9,2467,22203,3,27854,83562,,,
2013-07-31,350000,1,350000,3500,1,3500,350,23,8050,35,49,1715,15,1077,16155,9,1401,12609,3,17641,52923,,,
2013-07-27,350000,0,0,3500,0,0,350,47,16450,35,80,2800,15,1765,26475,9,2266,20394,3,28331,84993,,,
2013-07-24,350000,0,0,3500,0,0,350,20,7000,35,61,2135,15,1355,20325,9,1449,13041,3,18472,55416,,,
2013-07-20,350000,0,0,3500,2,7000,350,32,11200,35,83,2905,15,1687,25305,9,2457,22113,3,27365,82095,,,
2013-07-17,350000,0,0,3500,0,0,350,17,5950,35,71,2485,15,1220,18300,9,1704,15336,3,20532,61596,,,
2013-07-13,350000,0,0,3500,1,3500,350,34,11900,35,90,3150,15,2072,31080,9,2375,21375,3,33280,99840,,,
2013-07-10,350000,0,0,3500,1,3500,350,13,4550,35,68,2380,15,1123,16845,9,1746,15714,3,19367,58101,,,
2013-07-06,350000,0,0,3500,0,0,350,26,9100,35,81,2835,15,1555,23325,9,2004,18036,3,25280,75840,,,
2013-07-03,350000,0,0,3500,0,0,350,38,13300,35,116,4060,15,1555,23325,9,2729,24561,3,24858,74574,,,
2013-06-29,350000,0,0,3500,2,7000,350,40,14000,35,97,3395,15,2261,33915,9,1912,17208,3,31379,94137,,,
2013-06-26,350000,0,0,3500,0,0,350,25,8750,35,50,1750,15,1405,21075,9,1887,16983,3,21913,65739,,,
2013-06-22,350000,0,0,3500,1,3500,350,42,14700,35,113,3955,15,1812,27180,9,2916,26244,3,29604,88812,,,
2013-06-19,350000,0,0,3500,0,0,350,18,6300,35,49,1715,15,1029,15435,9,1673,15057,3,17691,53073,,,
2013-06-15,350000,0,0,3500,2,7000,350,44,15400,35,100,3500,15,1960,29400,9,2616,23544,3,31848,95544,,,
2013-06-12,350000,0,0,3500,1,3500,350,13,4550,35,63,2205,15,1086,16290,9,1418,12762,3,16579,49737,,,
2013-06-08,350000,0,0,3500,3,10500,350,70,24500,35,95,3325,15,2333,34995,9,2379,21411,3,34682,104046,,,
2013-06-05,350000,0,0,3500,1,3500,350,25,8750,35,47,1645,15,1234,18510,9,1244,11196,3,20900,62700,,,
2013-06-01,350000,0,0,3500,2,7000,350,35,12250,35,67,2345,15,1568,23520,9,1970,17730,3,25628,76884,,,
2013-05-29,350000,0,0,3500,0,0,350,56,19600,35,96,3360,15,1904,28560,9,2456,22104,3,29864,89592,,,
2013-05-25,350000,0,0,3500,3,10500,350,51,17850,35,118,4130,15,2548,38220,9,3093,27837,3,42733,128199,,,
2013-05-22,350000,0,0,3500,0,0,350,32,11200,35,60,2100,15,1297,19455,9,1615,14535,3,21544,64632,,,
2013-05-18,350000,2,700000,3500,0,0,350,75,26250,35,106,3710,15,2822,42330,9,2422,21798,3,39709,119127,,,
2013-05-15,350000,0,0,3500,1,3500,350,37,12950,35,84,2940,15,1238,18570,9,1634,14706,3,19558,58674,,,
2013-05-11,350000,0,0,3500,1,3500,350,57,19950,35,119,4165,15,2250,33750,9,2859,25731,3,35071,105213,,,
2013-05-08,350000,0,0,3500,0,0,350,25,8750,35,65,2275,15,1178,17670,9,1922,17298,3,19704,59112,,,
2013-05-04,350000,0,0,3500,1,3500,350,35,12250,35,87,3045,15,1555,23325,9,2119,19071,3,25961,77883,,,
2013-05-01,350000,1,350000,3500,1,3500,350,70,24500,35,105,3675,15,1911,28665,9,2158,19422,3,26374,79122,,,
2013-04-27,350000,0,0,3500,1,3500,350,32,11200,35,95,3325,15,1801,27015,9,2868,25812,3,30262,90786,,,
2013-04-24,350000,0,0,3500,2,7000,350,23,8050,35,99,3465,15,1415,21225,9,2286,20574,3,23356,70068,,,
2013-04-20,350000,0,0,3500,2,7000,350,47,16450,35,103,3605,15,2180,32700,9,2266,20394,3,34871,104613,,,
2013-04-17,350000,0,0,3500,0,0,350,26,9100,35,77,2695,15,1279,19185,9,1872,16848,3,19771,59313,,,
2013-04-13,350000,0,0,3500,0,0,350,50,17500,35,106,3710,15,2363,35445,9,2100,18900,3,36869,110607,,,
2013-04-10,350000,0,0,3500,1,3500,350,23,8050,35,79,2765,15,1339,20085,9,1653,14877,3,22234,66702,,,
2013-04-06,350000,0,0,3500,1,3500,350,40,14000,35,122,4270,15,1863,27945,9,2679,24111,3,30579,91737,,,
2013-04-03,350000,0,0,3500,2,7000,350,31,10850,35,74,2590,15,1393,20895,9,1885,16965,3,21804,65412,,,
2013-03-30,350000,1,350000,3500,3,10500,350,71,24850,35,109,3815,15,1854,27810,9,2730,24570,3,30422,91266,,,
2013-03-27,350000,0,0,3500,0,0,350,41,14350,35,59,2065,15,1564,23460,9,1303,11727,3,25561,76683,,,
2013-03-23,350000,1,350000,3500,2,7000,350,34,11900,35,96,3360,15,1608,24120,9,2241,20169,3,26840,80520,,,
2013-03-20,350000,0,0,3500,1,3500,350,20,7000,35,55,1925,15,1083,16245,9,1330,11970,3,18881,56643,,,
2013-03-16,350000,0,0,3500,0,0,350,43,15050,35,136,4760,15,2014,30210,9,2920,26280,3,33939,101817,,,
2013-03-13,350000,0,0,3500,0,0,350,34,11900,35,56,1960,15,1657,24855,9,1551,13959,3,26230,78690,,,
2013-03-09,350000,0,0,3500,0,0,350,26,9100,35,105,3675,15,1747,26205,9,2648,23832,3,29100,87300,,,
2013-03-06,350000,1,350000,3500,0,0,350,33,11550,35,66,2310,15,1618,24270,9,1784,16056,3,25040,75120,,,
2013-03-02,350000,0,0,3500,3,10500,350,46,16100,35,102,3570,15,1920,28800,9,2652,23868,3,31311,93933,,,
2013-02-27,350000,1,350000,3500,1,3500,350,34,11900,35,107,3745,15,1692,25380,9,2659,23931,3,27651,82953,,,
2013-02-23,350000,0,0,3500,0,0,350,53,18550,35,101,3535,15,2155,32325,9,2532,22788,3,35344,106032,,,
2013-02-20,350000,0,0,3500,0,0,350,13,4550,35,64,2240,15,1088,16320,9,1651,14859,3,19775,59325,,,
2013-02-16,350000,0,0,103500,2,207000,350,47,16450,35,92,3220,15,2189,32835,9,2271,20439,3,35937,107811,,,
2013-02-13,350000,0,0,3500,0,0,350,39,13650,35,74,2590,15,1545,23175,9,1571,14139,3,24706,74118,,,
2013-02-09,350000,0,0,3500,2,7000,350,37,12950,35,119,4165,15,1906,28590,9,2661,23949,3,31811,95433,,,
2013-02-06,350000,0,0,3500,0,0,350,21,7350,35,66,2310,15,1373,20595,9,1904,17136,3,23039,69117,,,
2013-02-02,350000,0,0,3500,1,3500,350,41,14350,35,114,3990,15,1885,28275,9,2769,24921,3,30216,90648,,,
2013-01-30,350000,0,0,3500,2,7000,350,59,20650,35,193,6755,15,3161,47415,9,4378,39402,3,45964,137892,,,
2013-01-26,350000,0,0,3500,2,7000,350,66,23100,35,137,4795,15,2748,41220,9,3301,29709,3,45444,136332,,,
2013-01-23,350000,0,0,3500,0,0,350,37,12950,35,93,3255,15,1792,26880,9,2532,22788,3,31053,93159,,,
2013-01-19,350000,0,0,3500,1,3500,350,39,13650,35,116,4060,15,2301,34515,9,3215,28935,3,36435,109305,,,
2013-01-16,350000,0,0,3500,2,7000,350,26,9100,35,133,4655,15,1948,29220,9,3127,28143,3,31144,93432,,,
2013-01-12,350000,0,0,3500,1,3500,350,39,13650,35,125,4375,15,1998,29970,9,2775,24975,3,32647,97941,,,
2013-01-09,350000,1,350000,3500,0,0,350,30,10500,35,83,2905,15,1348,20220,9,2050,18450,3,22271,66813,,,
2013-01-05,350000,0,0,3500,1,3500,350,45,15750,35,104,3640,15,2462,36930,9,2444,21996,3,38389,115167,,,
2013-01-02,350000,0,0,3500,0,0,350,29,10150,35,53,1855,15,1369,20535,9,1488,13392,3,22921,68763,,,
2012-12-29,350000,0,0,3500,2,7000,350,36,12600,35,78,2730,15,1360,20400,9,1852,16668,3,23152,69456,,,
2012-12-26,350000,0,0,3500,0,0,350,25,8750,35,58,2030,15,1111,16665,9,1504,13536,3,19677,59031,,,
2012-12-22,350000,0,0,3500,0,0,350,44,15400,35,132,4620,15,2232,33480,9,3036,27324,3,34750,104250,,,
2012-12-19,350000,0,0,3500,1,3500,350,50,17500,35,110,3850,15,1807,27105,9,2427,21843,3,26505,79515,,,
2012-12-15,350000,1,350000,3500,3,10500,350,42,14700,35,92,3220,15,1711,25665,9,2412,21708,3,28915,86745,,,
2012-12-12,350000,0,0,3500,1,3500,350,22,7700,35,53,1855,15,1419,21285,9,1723,15507,3,24158,72474,,,
2012-12-08,350000,1,350000,3500,0,0,350,37,12950,35,82,2870,15,1774,26610,9,1890,17010,3,28356,85068,,,
2012-12-05,350000,0,0,3500,1,3500,350,29,10150,35,51,1785,15,1431,21465,9,1505,13545,3,23327,69981,,,
2012-12-01,350000,0,0,3500,0,0,350,25,8750,35,89,3115,15,1691,25365,9,2481,22329,3,28781,86343,,,
2012-11-28,350000,0,0,3500,1,3500,350,17,5950,35,70,2450,15,1003,15045,9,1480,13320,3,17612,52836,,,
2012-11-24,350000,0,0,3500,1,3500,350,31,10850,35,143,5005,15,1929,28935,9,3306,29754,3,32152,96456,,,
2012-11-21,350000,0,0,3500,0,0,350,31,10850,35,62,2170,15,1258,18870,9,1399,12591,3,21479,64437,,,
2012-11-17,350000,1,350000,3500,1,3500,350,34,11900,35,74,2590,15,1637,24555,9,2382,21438,3,29033,87099,,,
2012-11-14,350000,0,0,3500,1,3500,350,56,19600,35,66,2310,15,1892,28380,9,1722,15498,3,26461,79383,,,
2012-11-10,350000,0,0,3500,0,0,350,32,11200,35,87,3045,15,1638,24570,9,2445,22005,3,29412,88236,,,
2012-11-07,350000,1,350000,3500,2,7000,350,26,9100,35,68,2380,15,1366,20490,9,1488,13392,3,21370,64110,,,
2012-11-03,350000,,,3500,,,350,,,35,,,15,,,9,,,3,,,,,
2012-10-31,350000,,,3500,,,350,,,35,,,15,,,9,,,3,,,,,
2012-10-27,350000,,,3500,,,350,,,35,,,15,,,9,,,3,,,,,
2012-10-24,350000,,,3500,,,350,,,35,,,15,,,9,,,3,,,,,
2012-10-20,350000,,,3500,,,350,,,35,,,15,,,9,,,3,,,,,
2012-10-17,350000,,,3500,,,350,,,35,,,15,,,9,,,3,,,,,
2012-10-13,350000,,,3500,,,350,,,35,,,15,,,9,,,3,,,,,
2012-10-10,350000,,,3500,,,350,,,35,,,15,,,9,,,3,,,,,
2012-10-06,350000,,,3500,,,350,,,35,,,15,,,9,,,3,,,,,
2012-10-03,350000,,,3500,,,350,,,35,,,15,,,9,,,3,,,,,
2012-09-29,350000,,,3500,,,350,,,35,,,15,,,9,,,3,,,,,
2012-09-26,350000,,,3500,,,350,,,35,,,15,,,9,,,3,,,,,
2012-09-22,350000,,,3500,,,350,,,35,,,15,,,9,,,3,,,,,
2012-09-19,350000,,,3500,,,350,,,35,,,15,,,9,,,3,,,,,
2012-09-15,350000,,,3500,,,350,,,35,,,15,,,9,,,3,,,,,
2012-09-12,350000,,,3500,,,350,,,35,,,15,,,9,,,3,,,,,
2012-09-08,350000,,,3500,,,350,,,35,,,15,,,9,,,3,,,,,
2012-09-05,350000,,,3500,,,350,,,35,,,15,,,9,,,3,,,,,
2012-09-01,350000,,,3500,,,350,,,35,,,15,,,9,,,3,,,,,
2012-08-29,350000,,,3500,,,350,,,35,,,15,,,9,,,3,,,,,
2012-08-25,350000,,,3500,,,350,,,35,,,15,,,9,,,3,,,,,
2012-08-22,350000,,,3500,,,350,,,35,,,15,,,9,,,3,,,,,
2012-08-18,350000,,,3500,,,350,,,35,,,15,,,9,,,3,,,,,
2012-08-15,350000,,,3500,,,350,,,35,,,15,,,9,,,3,,,,,
2012-08-11,350000,,,3500,,,350,,,35,,,15,,,9,,,3,,,,,
2012-08-08,350000,,,3500,,,350,,,35,,,15,,,9,,,3,,,,,
2012-08-04,350000,,,3500,,,350,,,35,,,15,,,9,,,3,,,,,
2012-08-01,350000,,,3500,,,350,,,35,,,15,,,9,,,3,,,,,
2012-07-28,350000,,,3500,,,350,,,35,,,15,,,9,,,3,,,,,
2012-07-25,350000,,,3500,,,350,,,35,,,15,,,9,,,3,,,,,
2012-07-21,350000,,,3500,,,350,,,35,,,15,,,9,,,3,,,,,
2012-07-18,350000,,,3500,,,350,,,35,,,15,,,9,,,3,,,,,
2012-07-14,350000,,,3500,,,350,,,35,,,15,,,9,,,3,,,,,
2012-07-11,350000,,,3500,,,350,,,35,,,15,,,9,,,3,,,,,
2012-07-07,350000,,,3500,,,350,,,35,,,15,,,9,,,3,,,,,
2012-07-04,350000,,,3500,,,350,,,35,,,15,,,9,,,3,,,,,
2012-06-30,350000,,,3500,,,350,,,35,,,15,,,9,,,3,,,,,
2012-06-27,350000,,,3500,,,350,,,35,,,15,,,9,,,3,,,,,
2012-06-23,350000,,,3500,,,350,,,35,,,15,,,9,,,3,,,,,
2012-06-20,350000,,,3500,,,350,,,35,,,15,,,9,,,3,,,,,
2012-06-16,350000,,,3500,,,350,,,35,,,15,,,9,,,3,,,,,
2012-06-13,350000,,,3500,,,350,,,35,,,15,,,9,,,3,,,,,
2012-06-09,350000,,,3500,,,350,,,35,,,15,,,9,,,3,,,,,
2012-06-06,350000,,,3500,,,350,,,35,,,15,,,9,,,3,,,,,
2012-06-02,350000,,,3500,,,350,,,35,,,15,,,9,,,3,,,,,
2012-05-30,350000,,,3500,,,350,,,35,,,15,,,9,,,3,,,,,
2012-05-26,350000,,,3500,,,350,,,35,,,15,,,9,,,3,,,,,
2012-05-23,350000,,,3500,,,350,,,35,,,15,,,9,,,3,,,,,
2012-05-19,350000,,,3500,,,350,,,35,,,15,,,9,,,3,,,,,
2012-05-16,350000,,,3500,,,350,,,35,,,15,,,9,,,3,,,,,
2012-05-12,350000,,,3500,,,350,,,35,,,15,,,9,,,3,,,,,
2012-05-09,350000,,,3500,,,350,,,35,,,15,,,9,,,3,,,,,
2012-05-05,350000,,,3500,,,350,,,35,,,15,,,9,,,3,,,,,
2012-05-02,350000,,,3500,,,350,,,35,,,15,,,9,,,3,,,,,
2012-04-28,350000,,,3500,,,350,,,35,,,15,,,9,,,3,,,,,
2012-04-25,350000,,,3500,,,350,,,35,,,15,,,9,,,3,,,,,
2012-04-21,350000,,,3500,,,350,,,35,,,15,,,9,,,3,,,,,
2012-04-18,350000,,,3500,,,350,,,35,,,15,,,9,,,3,,,,,
2012-04-14,350000,,,3500,,,350,,,35,,,15,,,9,,,3,,,,,
2012-04-11,350000,,,3500,,,350,,,35,,,15,,,9,,,3,,,,,
2012-04-07,350000,,,3500,,,350,,,35,,,15,,,9,,,3,,,,,
2012-04-04,350000,,,3500,,,350,,,35,,,15,,,9,,,3,,,,,
2012-03-31,350000,,,3500,,,350,,,35,,,15,,,9,,,3,,,,,
2012-03-28,350000,,,3500,,,350,,,35,,,15,,,9,,,3,,,,,
2012-03-24,350000,,,3500,,,350,,,35,,,15,,,9,,,3,,,,,
2012-03-21,350000,,,3500,,,350,,,35,,,15,,,9,,,3,,,,,
2012-03-17,350000,,,3500,,,350,,,35,,,15,,,9,,,3,,,,,
2012-03-14,350000,,,3500,,,350,,,35,,,15,,,9,,,3,,,,,
2012-03-10,350000,,,3500,,,350,,,35,,,15,,,9,,,3,,,,,
2012-03-07,350000,,,3500,,,350,,,35,,,15,,,9,,,3,,,,,
2012-03-03,350000,,,3500,,,350,,,35,,,15,,,9,,,3,,,,,
2012-02-29,350000,,,3500,,,350,,,35,,,15,,,9,,,3,,,,,
2012-02-25,,,,,,,,,,,,,,,,,,,,,,,,
2012-02-22,,,,,,,,,,,,,,,,,,,,,,,,
2012-02-18,,,,,,,,,,,,,,,,,,,,,,,,
2012-02-15,,,,,,,,,,,,,,,,,,,,,,,,
2012-02-11,,,,,,,,,,,,,,,,,,,,,,,,
2012-02-08,,,,,,,,,,,,,,,,,,,,,,,,
2012-02-04,,,,,,,,,,,,,,,,,,,,,,,,
2012-02-01,,,,,,,,,,,,,,,,,,,,,,,,
2012-01-28,,,,,,,,,,,,,,,,,,,,,,,,
2012-01-25,,,,,,,,,,,,,,,,,,,,,,,,
2012-01-21,,,,,,,,,,,,,,,,,,,,,,,,
2012-01-18,,,,,,,,,,,,,,,,,,,,,,,,
2012-01-14,,,,,,,,,,,,,,,,,,,,,,,,
2012-01-11,,,,,,,,,,,,,,,,,,,,,,,,
2012-01-07,,,,,,,,,,,,,,,,,,,,,,,,
2012-01-04,,,,,,,,,,,,,,,,,,,,,,,,
2011-12-31,,,,,,,,,,,,,,,,,,,,,,,,
2011-12-28,,,,,,,,,,,,,,,,,,,,,,,,
2011-12-24,,,,,,,,,,,,,,,,,,,,,,,,
2011-12-21,,,,,,,,,,,,,,,,,,,,,,,,
2011-12-17,,,,,,,,,,,,,,,,,,,,,,,,
2011-12-14,,,,,,,,,,,,,,,,,,,,,,,,
2011-12-10,,,,,,,,,,,,,,,,,,,,,,,,
2011-12-07,,,,,,,,,,,,,,,,,,,,,,,,
2011-12-03,,,,,,,,,,,,,,,,,,,,,,,,
2011-11-30,,,,,,,,,,,,,,,,,,,,,,,,
2011-11-26,,,,,,,,,,,,,,,,,,,,,,,,
2011-11-23,,,,,,,,,,,,,,,,,,,,,,,,
2011-11-19,,,,,,,,,,,,,,,,,,,,,,,,
2011-11-16,,,,,,,,,,,,,,,,,,,,,,,,
2011-11-12,,,,,,,,,,,,,,,,,,,,,,,,
2011-11-09,,,,,,,,,,,,,,,,,,,,,,,,
2011-11-05,,,,,,,,,,,,,,,,,,,,,,,,
2011-11-02,,,,,,,,,,,,,,,,,,,,,,,,
2011-10-29,,,,,,,,,,,,,,,,,,,,,,,,
2011-10-26,,,,,,,,,,,,,,,,,,,,,,,,
2011-10-22,,,,,,,,,,,,,,,,,,,,,,,,
2011-10-19,,,,,,,,,,,,,,,,,,,,,,,,
2011-10-15,,,,,,,,,,,,,,,,,,,,,,,,
2011-10-12,,,,,,,,,,,,,,,,,,,,,,,,
2011-10-08,,,,,,,,,,,,,,,,,,,,,,,,
2011-10-05,,,,,,,,,,,,,,,,,,,,,,,,
2011-10-01,,,,,,,,,,,,,,,,,,,,,,,,
2011-09-28,,,,,,,,,,,,,,,,,,,,,,,,
2011-09-24,,,,,,,,,,,,,,,,,,,,,,,,
2011-09-21,,,,,,,,,,,,,,,,,,,,,,,,
2011-09-17,,,,,,,,,,,,,,,,,,,,,,,,
2011-09-14,,,,,,,,,,,,,,,,,,,,,,,,
2011-09-10,,,,,,,,,,,,,,,,,,,,,,,,
2011-09-07,,,,,,,,,,,,,,,,,,,,,,,,
2011-09-03,,,,,,,,,,,,,,,,,,,,,,,,
2011-08-31,,,,,,,,,,,,,,,,,,,,,,,,
2011-08-27,,,,,,,,,,,,,,,,,,,,,,,,
2011-08-24,,,,,,,,,,,,,,,,,,,,,,,,
2011-08-20,,,,,,,,,,,,,,,,,,,,,,,,
2011-08-17,,,,,,,,,,,,,,,,,,,,,,,,
2011-08-13,,,,,,,,,,,,,,,,,,,,,,,,
2011-08-10,,,,,,,,,,,,,,,,,,,,,,,,
2011-08-06,,,,,,,,,,,,,,,,,,,,,,,,
2011-08-03,,,,,,,,,,,,,,,,,,,,,,,,
2011-07-30,,,,,,,,,,,,,,,,,,,,,,,,
2011-07-27,,,,,,,,,,,,,,,,,,,,,,,,
2011-07-23,,,,,,,,,,,,,,,,,,,,,,,,
2011-07-20,,,,,,,,,,,,,,,,,,,,,,,,
2011-07-16,,,,,,,,,,,,,,,,,,,,,,,,
2011-07-13,,,,,,,,,,,,,,,,,,,,,,,,
2011-07-09,,,,,,,,,,,,,,,,,,,,,,,,
2011-07-06,350000,,,3500,,,350,,,35,,,15,,,9,,,3,,,,,
2011-07-02,,,,,,,,,,,,,,,,,,,,,,,,
2011-06-29,,,,,,,,,,,,,,,,,,,,,,,,
2011-06-25,,,,,,,,,,,,,,,,,,,,,,,,
2011-06-22,,,,,,,,,,,,,,,,,,,,,,,,
2011-06-18,,,,,,,,,,,,,,,,,,,,,,,,
2011-06-15,,,,,,,,,,,,,,,,,,,,,,,,
2011-06-11,,,,,,,,,,,,,,,,,,,,,,,,
2011-06-08,,,,,,,,,,,,,,,,,,,,,,,,
2011-06-04,,,,,,,,,,,,,,,,,,,,,,,,
2011-06-01,,,,,,,,,,,,,,,,,,,,,,,,
2011-05-28,,,,,,,,,,,,,,,,,,,,,,,,
2011-05-25,,,,,,,,,,,,,,,,,,,,,,,,
2011-05-21,,,,,,,,,,,,,,,,,,,,,,,,
2011-05-18,,,,,,,,,,,,,,,,,,,,,,,,
2011-05-14,,,,,,,,,,,,,,,,,,,,,,,,
2011-05-11,,,,,,,,,,,,,,,,,,,,,,,,
2011-05-07,,,,,,,,,,,,,,,,,,,,,,,,
2011-05-04,,,,,,,,,,,,,,,,,,,,,,,,
2011-04-30,,,,,,,,,,,,,,,,,,,,,,,,
2011-04-27,,,,,,,,,,,,,,,,,,,,,,,,
2011-04-23,,,,,,,,,,,,,,,,,,,,,,,,
2011-04-20,,,,,,,,,,,,,,,,,,,,,,,,
2011-04-16,,,,,,,,,,,,,,,,,,,,,,,,
2011-04-13,,,,,,,,,,,,,,,,,,,,,,,,
2011-04-09,,,,,,,,,,,,,,,,,,,,,,,,
2011-04-06,,,,,,,,,,,,,,,,,,,,,,,,
2011-04-02,,,,,,,,,,,,,,,,,,,,,,,,
2011-03-30,,,,,,,,,,,,,,,,,,,,,,,,
2011-03-26,,,,,,,,,,,,,,,,,,,,,,,,
2011-03-23,,,,,,,,,,,,,,,,,,,,,,,,
2011-03-19,,,,,,,,,,,,,,,,,,,,,,,,
2011-03-16,,,,,,,,,,,,,,,,,,,,,,,,
2011-03-12,,,,,,,,,,,,,,,,,,,,,,,,
2011-03-09,,,,,,,,,,,,,,,,,,,,,,,,
2011-03-05,,,,,,,,,,,,,,,,,,,,,,,,
2011-03-02,,,,,,,,,,,,,,,,,,,,,,,,
2011-02-26,,,,,,,,,,,,,,,,,,,,,,,,
2011-02-23,,,,,,,,,,,,,,,,,,,,,,,,
2011-02-19,,,,,,,,,,,,,,,,,,,,,,,,
2011-02-16,,,,,,,,,,,,,,,,,,,,,,,,
2011-02-12,,,,,,,,,,,,,,,,,,,,,,,,
2011-02-09,,,,,,,,,,,,,,,,,,,,,,,,
2011-02-05,,,,,,,,,,,,,,,,,,,,,,,,
2011-02-02,,,,,,,,,,,,,,,,,,,,,,,,
2011-01-29,,,,,,,,,,,,,,,,,,,,,,,,
2011-01-26,,,,,,,,,,,,,,,,,,,,,,,,
2011-01-22,,,,,,,,,,,,,,,,,,,,,,,,
2011-01-19,,,,,,,,,,,,,,,,,,,,,,,,
2011-01-15,,,,,,,,,,,,,,,,,,,,,,,,
2011-01-12,,,,,,,,,,,,,,,,,,,,,,,,
2011-01-08,,,,,,,,,,,,,,,,,,,,,,,,
2011-01-05,,,,,,,,,,,,,,,,,,,,,,,,
2011-01-01,,,,,,,,,,,,,,,,,,,,,,,,
2010-12-29,,,,,,,,,,,,,,,,,,,,,,,,
2010-12-24,,,,,,,,,,,,,,,,,,,,,,,,
2010-12-22,,,,,,,,,,,,,,,,,,,,,,,,
2010-12-18,,,,,,,,,,,,,,,,,,,,,,,,
2010-12-15,,,,,,,,,,,,,,,,,,,,,,,,
2010-12-11,,,,,,,,,,,,,,,,,,,,,,,,
2010-12-08,,,,,,,,,,,,,,,,,,,,,,,,
2010-12-04,,,,,,,,,,,,,,,,,,,,,,,,
2010-12-01,,,,,,,,,,,,,,,,,,,,,,,,
2010-11-27,,,,,,,,,,,,,,,,,,,,,,,,
2010-11-24,,,,,,,,,,,,,,,,,,,,,,,,
2010-11-20,,,,,,,,,,,,,,,,,,,,,,,,
2010-11-17,,,,,,,,,,,,,,,,,,,,,,,,
2010-11-13,,,,,,,,,,,,,,,,,,,,,,,,
2010-11-10,,,,,,,,,,,,,,,,,,,,,,,,
2010-11-06,,,,,,,,,,,,,,,,,,,,,,,,
2010-11-03,,,,,,,,,,,,,,,,,,,,,,,,
2010-10-30,,,,,,,,,,,,,,,,,,,,,,,,
2010-10-27,,,,,,,,,,,,,,,,,,,,,,,,
2010-10-23,,,,,,,,,,,,,,,,,,,,,,,,
2010-10-20,,,,,,,,,,,,,,,,,,,,,,,,
2010-10-16,,,,,,,,,,,,,,,,,,,,,,,,
2010-10-13,,,,,,,,,,,,,,,,,,,,,,,,
2010-10-09,,,,,,,,,,,,,,,,,,,,,,,,
2010-10-06,,,,,,,,,,,,,,,,,,,,,,,,
2010-10-02,,,,,,,,,,,,,,,,,,,,,,,,
2010-09-29,,,,,,,,,,,,,,,,,,,,,,,,
2010-09-25,,,,,,,,,,,,,,,,,,,,,,,,
2010-09-22,,,,,,,,,,,,,,,,,,,,,,,,
2010-09-18,,,,,,,,,,,,,,,,,,,,,,,,
2010-09-15,,,,,,,,,,,,,,,,,,,,,,,,
2010-09-11,,,,,,,,,,,,,,,,,,,,,,,,
2010-09-08,,,,,,,,,,,,,,,,,,,,,,,,
2010-09-04,,,,,,,,,,,,,,,,,,,,,,,,
2010-09-01,,,,,,,,,,,,,,,,,,,,,,,,
2010-08-28,,,,,,,,,,,,,,,,,,,,,,,,
2010-08-25,,,,,,,,,,,,,,,,,,,,,,,,
2010-08-21,,,,,,,,,,,,,,,,,,,,,,,,
2010-08-18,,,,,,,,,,,,,,,,,,,,,,,,
2010-08-14,,,,,,,,,,,,,,,,,,,,,,,,
2010-08-11,,,,,,,,,,,,,,,,,,,,,,,,
2010-08-07,,,,,,,,,,,,,,,,,,,,,,,,
2010-08-04,,,,,,,,,,,,,,,,,,,,,,,,
2010-07-31,,,,,,,,,,,,,,,,,,,,,,,,
2010-07-28,,,,,,,,,,,,,,,,,,,,,,,,
2010-07-24,,,,,,,,,,,,,,,,,,,,,,,,
2010-07-21,,,,,,,,,,,,,,,,,,,,,,,,
2010-07-17,,,,,,,,,,,,,,,,,,,,,,,,
2010-07-14,,,,,,,,,,,,,,,,,,,,,,,,
2010-07-10,,,,,,,,,,,,,,,,,,,,,,,,
2010-07-07,,,,,,,,,,,,,,,,,,,,,,,,
2010-07-03,,,,,,,,,,,,,,,,,,,,,,,,
2010-06-30,,,,,,,,,,,,,,,,,,,,,,,,
2010-06-26,,,,,,,,,,,,,,,,,,,,,,,,
2010-06-23,,,,,,,,,,,,,,,,,,,,,,,,
2010-06-19,,,,,,,,,,,,,,,,,,,,,,,,
2010-06-16,,,,,,,,,,,,,,,,,,,,,,,,
2010-06-12,,,,,,,,,,,,,,,,,,,,,,,,
2010-06-09,,,,,,,,,,,,,,,,,,,,,,,,
2010-06-05,,,,,,,,,,,,,,,,,,,,,,,,
2010-06-02,,,,,,,,,,,,,,,,,,,,,,,,
2010-05-29,,,,,,,,,,,,,,,,,,,,,,,,
2010-05-26,,,,,,,,,,,,,,,,,,,,,,,,
2010-05-22,,,,,,,,,,,,,,,,,,,,,,,,
2010-05-19,,,,,,,,,,,,,,,,,,,,,,,,
2010-05-15,,,,,,,,,,,,,,,,,,,,,,,,
2010-05-12,,,,,,,,,,,,,,,,,,,,,,,,
2010-05-08,,,,,,,,,,,,,,,,,,,,,,,,
2010-05-05,,,,,,,,,,,,,,,,,,,,,,,,
2010-05-01,,,,,,,,,,,,,,,,,,,,,,,,
2010-04-28,,,,,,,,,,,,,,,,,,,,,,,,
2010-04-24,,,,,,,,,,,,,,,,,,,,,,,,
2010-04-21,,,,,,,,,,,,,,,,,,,,,,,,
2010-04-17,,,,,,,,,,,,,,,,,,,,,,,,
2010-04-14,,,,,,,,,,,,,,,,,,,,,,,,
2010-04-10,,,,,,,,,,,,,,,,,,,,,,,,
2010-04-07,,,,,,,,,,,,,,,,,,,,,,,,
2010-04-03,,,,,,,,,,,,,,,,,,,,,,,,
2010-03-31,,,,,,,,,,,,,,,,,,,,,,,,
2010-03-27,,,,,,,,,,,,,,,,,,,,,,,,
2010-03-24,,,,,,,,,,,,,,,,,,,,,,,,
2010-03-20,,,,,,,,,,,,,,,,,,,,,,,,
2010-03-17,,,,,,,,,,,,,,,,,,,,,,,,
2010-03-13,,,,,,,,,,,,,,,,,,,,,,,,
2010-03-10,,,,,,,,,,,,,,,,,,,,,,,,
2010-03-06,,,,,,,,,,,,,,,,,,,,,,,,
2010-03-03,,,,,,,,,,,,,,,,,,,,,,,,
2010-02-27,,,,,,,,,,,,,,,,,,,,,,,,
2010-02-24,,,,,,,,,,,,,,,,,,,,,,,,
2010-02-20,,,,,,,,,,,,,,,,,,,,,,,,
2010-02-17,,,,,,,,,,,,,,,,,,,,,,,,
2010-02-13,,,,,,,,,,,,,,,,,,,,,,,,
2010-02-10,,,,,,,,,,,,,,,,,,,,,,,,
2010-02-06,,,,,,,,,,,,,,,,,,,,,,,,
2010-02-03,,,,,,,,,,,,,,,,,,,,,,,,
2010-01-30,,,,,,,,,,,,,,,,,,,,,,,,
2010-01-27,,,,,,,,,,,,,,,,,,,,,,,,
2010-01-23,,,,,,,,,,,,,,,,,,,,,,,,
2010-01-20,,,,,,,,,,,,,,,,,,,,,,,,
2010-01-16,,,,,,,,,,,,,,,,,,,,,,,,
2010-01-13,,,,,,,,,,,,,,,,,,,,,,,,
2010-01-09,,,,,,,,,,,,,,,,,,,,,,,,
2010-01-06,,,,,,,,,,,,,,,,,,,,,,,,
2010-01-02,,,,,,,,,,,,,,,,,,,,,,,,
2009-12-30,,,,,,,,,,,,,,,,,,,,,,,,
2009-12-26,,,,,,,,,,,,,,,,,,,,,,,,
2009-12-23,,,,,,,,,,,,,,,,,,,,,,,,
2009-12-19,,,,,,,,,,,,,,,,,,,,,,,,
2009-12-16,,,,,,,,,,,,,,,,,,,,,,,,
2009-12-12,,,,,,,,,,,,,,,,,,,,,,,,
2009-12-09,,,,,,,,,,,,,,,,,,,,,,,,
2009-12-05,,,,,,,,,,,,,,,,,,,,,,,,
2009-12-02,,,,,,,,,,,,,,,,,,,,,,,,
2009-11-28,,,,,,,,,,,,,,,,,,,,,,,,
2009-11-25,,,,,,,,,,,,,,,,,,,,,,,,
2009-11-21,,,,,,,,,,,,,,,,,,,,,,,,
2009-11-18,,,,,,,,,,,,,,,,,,,,,,,,
2009-11-14,,,,,,,,,,,,,,,,,,,,,,,,
2009-11-11,,,,,,,,,,,,,,,,,,,,,,,,
2009-11-07,,,,,,,,,,,,,,,,,,,,,,,,
2009-11-04,,,,,,,,,,,,,,,,,,,,,,,,
2009-10-31,,,,,,,,,,,,,,,,,,,,,,,,
2009-10-28,,,,,,,,,,,,,,,,,,,,,,,,
2009-10-24,,,,,,,,,,,,,,,,,,,,,,,,
2009-10-21,,,,,,,,,,,,,,,,,,,,,,,,
2009-10-17,,,,,,,,,,,,,,,,,,,,,,,,
2009-10-14,,,,,,,,,,,,,,,,,,,,,,,,
2009-10-10,,,,,,,,,,,,,,,,,,,,,,,,
2009-10-07,,,,,,,,,,,,,,,,,,,,,,,,
2009-10-03,,,,,,,,,,,,,,,,,,,,,,,,
2009-09-30,,,,,,,,,,,,,,,,,,,,,,,,
2009-09-26,,,,,,,,,,,,,,,,,,,,,,,,
2009-09-23,,,,,,,,,,,,,,,,,,,,,,,,
2009-09-19,,,,,,,,,,,,,,,,,,,,,,,,
2009-09-16,,,,,,,,,,,,,,,,,,,,,,,,
2009-09-12,,,,,,,,,,,,,,,,,,,,,,,,
2009-09-09,,,,,,,,,,,,,,,,,,,,,,,,
2009-09-05,,,,,,,,,,,,,,,,,,,,,,,,
2009-09-02,,,,,,,,,,,,,,,,,,,,,,,,
2009-08-29,,,,,,,,,,,,,,,,,,,,,,,,
2009-08-26,,,,,,,,,,,,,,,,,,,,,,,,
2009-08-22,,,,,,,,,,,,,,,,,,,,,,,,
2009-08-19,,,,,,,,,,,,,,,,,,,,,,,,
2009-08-15,,,,,,,,,,,,,,,,,,,,,,,,
2009-08-12,,,,,,,,,,,,,,,,,,,,,,,,
2009-08-08,,,,,,,,,,,,,,,,,,,,,,,,
2009-08-05,,,,,,,,,,,,,,,,,,,,,,,,
2009-08-01,,,,,,,,,,,,,,,,,,,,,,,,
2009-07-29,,,,,,,,,,,,,,,,,,,,,,,,
2009-07-25,,,,,,,,,,,,,,,,,,,,,,,,
2009-07-22,,,,,,,,,,,,,,,,,,,,,,,,
2009-07-18,,,,,,,,,,,,,,,,,,,,,,,,
2009-07-15,,,,,,,,,,,,,,,,,,,,,,,,
2009-07-11,,,,,,,,,,,,,,,,,,,,,,,,
2009-07-08,,,,,,,,,,,,,,,,,,,,,,,,
2009-07-04,,,,,,,,,,,,,,,,,,,,,,,,
2009-07-01,,,,,,,,,,,,,,,,,,,,,,,,
2009-06-27,,,,,,,,,,,,,,,,,,,,,,,,
2009-06-24,,,,,,,,,,,,,,,,,,,,,,,,
2009-06-20,,,,,,,,,,,,,,,,,,,,,,,,
2009-06-17,,,,,,,,,,,,,,,,,,,,,,,,
2009-06-13,,,,,,,,,,,,,,,,,,,,,,,,
2009-06-10,,,,,,,,,,,,,,,,,,,,,,,,
2009-06-06,,,,,,,,,,,,,,,,,,,,,,,,
2009-06-03,,,,,,,,,,,,,,,,,,,,,,,,
2009-05-30,,,,,,,,,,,,,,,,,,,,,,,,
2009-05-27,,,,,,,,,,,,,,,,,,,,,,,,
2009-05-23,,,,,,,,,,,,,,,,,,,,,,,,
2009-05-20,,,,,,,,,,,,,,,,,,,,,,,,
2009-05-16,,,,,,,,,,,,,,,,,,,,,,,,
2009-05-13,,,,,,,,,,,,,,,,,,,,,,,,
2009-05-09,,,,,,,,,,,,,,,,,,,,,,,,
2009-05-06,,,,,,,,,,,,,,,,,,,,,,,,
2009-05-02,,,,,,,,,,,,,,,,,,,,,,,,
2009-04-29,,,,,,,,,,,,,,,,,,,,,,,,
2009-04-25,,,,,,,,,,,,,,,,,,,,,,,,
2009-04-22,,,,,,,,,,,,,,,,,,,,,,,,
2009-04-18,,,,,,,,,,,,,,,,,,,,,,,,
2009-04-15,,,,,,,,,,,,,,,,,,,,,,,,
2009-04-11,,,,,,,,,,,,,,,,,,,,,,,,
2009-04-08,,,,,,,,,,,,,,,,,,,,,,,,
2009-04-04,,,,,,,,,,,,,,,,,,,,,,,,
2009-04-01,,,,,,,,,,,,,,,,,,,,,,,,
2009-03-28,,,,,,,,,,,,,,,,,,,,,,,,
2009-03-25,,,,,,,,,,,,,,,,,,,,,,,,
2009-03-21,,,,,,,,,,,,,,,,,,,,,,,,
2009-03-18,,,,,,,,,,,,,,,,,,,,,,,,
2009-03-14,,,,,,,,,,,,,,,,,,,,,,,,
2009-03-11,,,,,,,,,,,,,,,,,,,,,,,,
2009-03-07,,,,,,,,,,,,,,,,,,,,,,,,
2009-03-04,,,,,,,,,,,,,,,,,,,,,,,,
2009-02-28,,,,,,,,,,,,,,,,,,,,,,,,
2009-02-25,,,,,,,,,,,,,,,,,,,,,,,,
2009-02-21,,,,,,,,,,,,,,,,,,,,,,,,
2009-02-18,,,,,,,,,,,,,,,,,,,,,,,,
2009-02-14,,,,,,,,,,,,,,,,,,,,,,,,
2009-02-11,,,,,,,,,,,,,,,,,,,,,,,,
2009-02-07,,,,,,,,,,,,,,,,,,,,,,,,
2009-02-04,,,,,,,,,,,,,,,,,,,,,,,,
2009-01-31,,,,,,,,,,,,,,,,,,,,,,,,
2009-01-28,,,,,,,,,,,,,,,,,,,,,,,,
2009-01-24,,,,,,,,,,,,,,,,,,,,,,,,
2009-01-21,,,,,,,,,,,,,,,,,,,,,,,,
2009-01-17,,,,,,,,,,,,,,,,,,,,,,,,
2009-01-14,,,,,,,,,,,,,,,,,,,,,,,,
2009-01-10,,,,,,,,,,,,,,,,,,,,,,,,
2009-01-07,,,,,,,,,,,,,,,,,,,,,,,,
2009-01-03,,,,,,,,,,,,,,,,,,,,,,,,
2008-12-31,,,,,,,,,,,,,,,,,,,,,,,,
2008-12-27,,,,,,,,,,,,,,,,,,,,,,,,
2008-12-24,,,,,,,,,,,,,,,,,,,,,,,,
2008-12-20,,,,,,,,,,,,,,,,,,,,,,,,
2008-12-17,,,,,,,,,,,,,,,,,,,,,,,,
2008-12-13,,,,,,,,,,,,,,,,,,,,,,,,
2008-12-10,,,,,,,,,,,,,,,,,,,,,,,,
2008-12-06,,,,,,,,,,,,,,,,,,,,,,,,
2008-12-03,,,,,,,,,,,,,,,,,,,,,,,,
2008-11-29,,,,,,,,,,,,,,,,,,,,,,,,
2008-11-26,,,,,,,,,,,,,,,,,,,,,,,,
2008-11-22,,,,,,,,,,,,,,,,,,,,,,,,
2008-11-19,,,,,,,,,,,,,,,,,,,,,,,,
2008-11-15,,,,,,,,,,,,,,,,,,,,,,,,
2008-11-12,,,,,,,,,,,,,,,,,,,,,,,,
2008-11-08,,,,,,,,,,,,,,,,,,,,,,,,
2008-11-05,,,,,,,,,,,,,,,,,,,,,,,,
2008-11-01,,,,,,,,,,,,,,,,,,,,,,,,
2008-10-29,,,,,,,,,,,,,,,,,,,,,,,,
2008-10-25,,,,,,,,,,,,,,,,,,,,,,,,
2008-10-22,,,,,,,,,,,,,,,,,,,,,,,,
2008-10-18,,,,,,,,,,,,,,,,,,,,,,,,
2008-10-15,,,,,,,,,,,,,,,,,,,,,,,,
2008-10-11,,,,,,,,,,,,,,,,,,,,,,,,
2008-10-08,,,,,,,,,,,,,,,,,,,,,,,,
2008-10-04,,,,,,,,,,,,,,,,,,,,,,,,
2008-10-01,,,,,,,,,,,,,,,,,,,,,,,,
2008-09-27,,,,,,,,,,,,,,,,,,,,,,,,
2008-09-24,,,,,,,,,,,,,,,,,,,,,,,,
2008-09-20,,,,,,,,,,,,,,,,,,,,,,,,
2008-09-17,,,,,,,,,,,,,,,,,,,,,,,,
2008-09-13,,,,,,,,,,,,,,,,,,,,,,,,
2008-09-10,,,,,,,,,,,,,,,,,,,,,,,,
2008-09-06,,,,,,,,,,,,,,,,,,,,,,,,
2008-09-03,,,,,,,,,,,,,,,,,,,,,,,,
2008-08-30,,,,,,,,,,,,,,,,,,,,,,,,
2008-08-27,,,,,,,,,,,,,,,,,,,,,,,,
2008-08-23,,,,,,,,,,,,,,,,,,,,,,,,
2008-08-20,,,,,,,,,,,,,,,,,,,,,,,,
2008-08-16,,,,,,,,,,,,,,,,,,,,,,,,
2008-08-13,,,,,,,,,,,,,,,,,,,,,,,,
2008-08-09,,,,,,,,,,,,,,,,,,,,,,,,
2008-08-06,,,,,,,,,,,,,,,,,,,,,,,,
2008-08-02,,,,,,,,,,,,,,,,,,,,,,,,
2008-07-30,,,,,,,,,,,,,,,,,,,,,,,,
2008-07-26,,,,,,,,,,,,,,,,,,,,,,,,
2008-07-23,,,,,,,,,,,,,,,,,,,,,,,,
2008-07-19,,,,,,,,,,,,,,,,,,,,,,,,
2008-07-16,,,,,,,,,,,,,,,,,,,,,,,,
2008-07-12,,,,,,,,,,,,,,,,,,,,,,,,
2008-07-09,,,,,,,,,,,,,,,,,,,,,,,,
2008-07-05,,,,,,,,,,,,,,,,,,,,,,,,
2008-07-02,,,,,,,,,,,,,,,,,,,,,,,,
2008-06-28,,,,,,,,,,,,,,,,,,,,,,,,
2008-06-25,,,,,,,,,,,,,,,,,,,,,,,,
2008-06-21,,,,,,,,,,,,,,,,,,,,,,,,
2008-06-18,,,,,,,,,,,,,,,,,,,,,,,,
2008-06-14,,,,,,,,,,,,,,,,,,,,,,,,
2008-06-11,,,,,,,,,,,,,,,,,,,,,,,,
2008-06-07,,,,,,,,,,,,,,,,,,,,,,,,
2008-06-04,,,,,,,,,,,,,,,,,,,,,,,,
2008-05-31,,,,,,,,,,,,,,,,,,,,,,,,
2008-05-28,,,,,,,,,,,,,,,,,,,,,,,,
2008-05-24,,,,,,,,,,,,,,,,,,,,,,,,
2008-05-21,,,,,,,,,,,,,,,,,,,,,,,,
2008-05-17,,,,,,,,,,,,,,,,,,,,,,,,
2008-05-14,,,,,,,,,,,,,,,,,,,,,,,,
2008-05-10,,,,,,,,,,,,,,,,,,,,,,,,
2008-05-07,,,,,,,,,,,,,,,,,,,,,,,,
2008-05-03,,,,,,,,,,,,,,,,,,,,,,,,
