No.,6,5+bonus,5,4,3,2,Average
3199,4354203.25,1000000,1000,50,10,1,
3199,4354203.25,1000000,1000,50,10,1,
3198,3452542.80,0,1000,50,10,1,
3198,3452542.80,1000000,1000,50,10,1,
3197,2000000,1000000,1000,50,10,1,
3197,2000000,1000000,1000,50,10,1,
3196,8535147,1000000,1000,50,10,1,
3196,8535147,1000000,1000,50,10,1,
3195,6855189,0,1000,50,10,1,
3195,6855189,1000000,1000,50,10,1,
3194,5920669.35,1000000,1000,50,10,1,
3194,5920669.35,1000000,1000,50,10,1,
3193,4404668.12,0,1000,50,10,1,
3193,4404668.12,0,1000,50,10,1,
3192,3492117.23,1000000,1000,50,10,1,
3192,3492117.23,0,1000,50,10,1,
3191,2000000,0,1000,50,10,1,
3191,2000000,1000000,1000,50,10,1,
3190,9559451.10,0,1000,50,24,5,
3190,9559451.10,0,1000,50,24,5,
3189,7663813.88,1000000,1000,50,10,1,
3189,7663813.88,1000000,1000,50,10,1,
3188,6643227.67,1000000,1000,50,10,1,
3188,6643227.67,0,1000,50,10,1,
3187,5043330.86,1000000,1000,50,10,1,
3187,5043330.86,1000000,1000,50,10,1,
3186,4061212.99,1000000,1000,50,10,1,
3186,4061212.99,1000000,1000,50,10,1,
3185,2000000,1000000,1000,50,10,1,
3185,2000000,1000000,1000,50,10,1,
3184,9269710.37,0,1000,50,10,1,
3184,9269710.37,0,1000,50,10,1,
3183,7357143.97,1000000,1000,50,10,1,
3183,7357143.97,0,1000,50,10,1,
3182,6348233.89,0,1000,50,10,1,
3182,6348233.89,0,1000,50,10,1,
3181,4706314.26,0,1000,50,10,1,
3181,4706314.26,1000000,1000,50,10,1,
3180,3681650.35,0,1000,50,10,1,
3180,3681650.35,1000000,1000,50,10,1,
3179,2000000,0,1000,50,10,1,
3179,2000000,0,1000,50,10,1,
3178,12000000,1000000,1750,140,30,,
3177,5027398.92,0,1750,140,30,,
3176,3800000,0,1750,140,30,,
3175,2000000,0,1750,140,30,,
3174,10733012.24,1000000,1750,140,30,,
3173,8340934.81,1000000,1750,140,30,,
3172,7036354.66,0,1750,140,30,,
3171,5089975.59,0,1750,140,30,,
3170,3850428.65,1000000,1750,140,30,,
3169,2000000,1000000,1750,140,30,,
3168,3892070.02,1000000,1750,140,30,,
3167,2000000,1000000,1750,140,30,,
3166,10852914.10,1126231,4482,188,54,,
3165,8389046.99,1000000,1750,140,30,,
3164,7064486.23,1000000,1750,140,30,,
3163,5118132.61,1000000,1750,140,30,,
3162,3848037.34,0,1750,140,30,,
3161,2000000,0,1750,140,30,,
3160,3943065.55,1000000,1750,140,30,,
3159,2000000,1000000,1750,140,30,,
3158,15000000,1061576,6117,236,80,,
3157,12141356.45,1114588,11066,278,99,,
3156,10295179.40,0,1750,140,30,,
3155,8262101.07,1000000,1750,140,30,,
3154,6970816.13,0,1750,140,30,,
3153,5011494.29,1000000,1750,140,30,,
3152,3800000,1000000,1750,140,30,,
3151,12219097.65,0,15003,332,129,,
3150,10336369.44,1000000,1750,140,30,,
3149,8262434.11,0,1750,140,30,,
3148,6951028.57,1000000,1750,140,30,,
3147,4973755,1000000,1750,140,30,,
3146,3800000,1000000,1750,140,30,,
3145,12011099,1000000,8110,255,91,,
3144,10276622,1000000,1750,140,30,,
3143,8274349,1000000,1750,140,30,,
3142,6971375,1000000,1750,140,30,,
3141,5031368,1000000,1750,140,30,,
3140,3800000,1000000,1750,140,30,,
3139,5065547,1000000,1750,140,30,,
3138,3800000,1000000,1750,140,30,,
3137,13310618,1000000,1750,140,30,,
3136,11258220,1000000,1750,140,30,,
3135,9056239,1000000,1750,140,30,,
3134,7655751,1000000,1750,140,30,,
3133,5567982,1000000,1750,140,30,,
3132,3800000,1000000,1750,140,30,,
3131,5000000,1063399,4413,196,59,,
3130,7291827,1000000,1750,140,30,,
3129,5199766,1000000,1750,140,30,,
3128,3926423,1000000,1750,140,30,,
3127,2000000,1000000,1750,140,30,,
3126,1900000,1000000,1750,140,30,,
3125,8667563,1000000,1750,140,30,,
3124,7253446,1000000,1750,140,30,,
3123,5191223,1000000,1750,140,30,,
3122,3925712,1000000,1750,140,30,,
3121,2000000,1000000,1750,140,30,,
3120,15000000,1000000,1750,140,30,,
3119,8527555,1000000,1750,140,30,,
3118,7154196,1000000,1750,140,30,,
3117,5088088,1000000,1750,140,30,,
3116,3800000,1000000,1750,140,30,,
3115,12423596,1000000,9351,290,102,,
3114,10513580,1000000,1750,140,30,,
3113,8360535,1000000,1750,140,30,,
3112,7053955,1000000,1750,140,30,,
3111,5057815,1000000,1750,140,30,,
3110,3800000,1000000,1750,140,30,,
3109,2000000,1000000,1750,140,30,,
3108,10633323,1000000,1750,140,30,,
3107,8458823,1000000,1750,140,30,,
3106,7075979,1000000,1750,140,30,,
3105,5029330,1000000,1750,140,30,,
3104,3800000,1000000,1750,140,30,,
3103,1000000,1000000,1750,140,30,,
3102,15000000,1249806,10423,250,85,,
3101,8430747,1000000,1750,140,30,,
3100,7082906,1000000,1750,140,30,,
3099,5063522,1000000,1750,140,30,,
3098,3800000,1000000,1750,140,30,,
3097,8655122,1000000,1750,140,30,,
3096,7265037,1000000,1750,140,30,,
3095,5208913,1000000,1750,140,30,,
3094,3899678,1000000,1750,140,30,,
3093,2000000,1000000,1750,140,30,,
3092,7394521,1000000,1750,140,30,,
3091,5302085,1000000,1750,140,30,,
3090,4007837,1000000,1750,140,30,,
3089,2000000,1000000,1750,140,30,,
3088,11438016,1031924,4196,187,53,,
3087,8735166,1000000,1750,140,30,,
3086,7298768,1000000,1750,140,30,,
3085,5218941,1000000,1750,140,30,,
3084,3925025,1000000,1750,140,30,,
3083,2000000,1000000,1750,140,30,,
3082,15000000,1036946,4446,206,66,,
3081,8434748,1000000,1750,140,30,,
3080,7088541,1000000,1750,140,30,,
3079,5080097,1000000,1750,140,30,,
3078,3800000,1000000,1750,140,30,,
3077,5259007,1000000,1750,140,30,,
3076,3967860,1000000,1750,140,30,,
3075,2000000,1000000,1750,140,30,,
3074,4003513,1000000,1750,140,30,,
3073,2000000,1000000,1750,140,30,,
3072,3966543,1000000,1750,140,30,,
3071,2000000,1000000,1750,140,30,,
3070,3800000,1000000,1750,140,30,,
3069,1000000,1000000,1750,140,30,,
3068,11343776,1165535,6426,220,70,,
3067,8729961,1000000,1750,140,30,,
3066,7285879,1000000,1750,140,30,,
3065,5216859,1000000,1750,140,30,,
3064,3951589,1000000,1750,140,30,,
3063,2000000,1000000,1750,140,30,,
3062,3989857,1000000,1750,140,30,,
3061,2000000,1000000,1750,140,30,,
3060,15000000,1066291,4535,191,58,,
3059,5208504,1000000,1750,140,30,,
3058,3926411,1000000,1750,140,30,,
3057,2000000,1000000,1750,140,30,,
3056,7335269,1000000,1750,140,30,,
3055,5297193,1000000,1750,140,30,,
3054,4012978,1000000,1750,140,30,,
3053,2000000,1000000,1750,140,30,,
3052,11772176,1000000,1750,140,30,,
3051,8943271,1000000,1750,140,30,,
3050,7441273,1000000,1750,140,30,,
3049,5332422,1000000,1750,140,30,,
3048,4014596,1000000,1750,140,30,,
3047,2000000,1000000,1750,140,30,,
3046,1900000,1000000,1750,140,30,,
3045,1772335,1000000,1750,140,30,,
3044,3984470,1000000,1750,140,30,,
3043,2000000,1000000,1750,140,30,,
3042,7483933,1000000,1750,140,30,,
3041,5359596,1000000,1750,140,30,,
3040,4043469,1000000,1750,140,30,,
3039,2000000,1000000,1750,140,30,,
3038,15000000,1216628,6048,212,66,,
3037,5336678,1000000,1750,140,30,,
3036,4014574,1000000,1750,140,30,,
3035,2000000,1000000,1750,140,30,,
3034,4004523,1000000,1750,140,30,,
3033,2000000,1000000,1750,140,30,,
3032,4033571,1000000,1750,140,30,,
3031,2000000,1000000,1750,140,30,,
3030,7533329,1000000,1750,140,30,,
3029,5427783,1000000,1750,140,30,,
3028,3800000,1000000,1750,140,30,,
3027,15000000,1097472,4677,200,60,,
3026,7461142,1000000,1750,140,30,,
3025,5298353,1000000,1750,140,30,,
3024,3956775,1000000,1750,140,30,,
3023,2000000,1000000,1750,140,30,,
3022,7389095,1000000,1750,140,30,,
3021,5296513,1000000,1750,140,30,,
3020,3995882,1000000,1750,140,30,,
3019,2000000,1000000,1750,140,30,,
3018,7418062,1000000,1750,140,30,,
3017,5297691,1000000,1750,140,30,,
3016,4026427,1000000,1750,140,30,,
3015,2000000,1000000,1750,140,30,,
3014,15000000,1262917,7836,264,92,,
3013,2637641,1000000,1750,140,30,,
3012,3986658,1000000,1750,140,30,,
3011,2000000,1000000,1750,140,30,,
3010,7359568,1000000,1750,140,30,,
3009,5243988,1000000,1750,140,30,,
3008,3997249,1000000,1750,140,30,,
3007,2000000,1000000,1750,140,30,,
3006,7422407,1000000,1750,140,30,,
3005,5330124,1000000,1750,140,30,,
3004,4021501,1000000,1750,140,30,,
3003,2000000,1000000,1750,140,30,,
3002,11310063,1052357,4981,211,66,,
3001,8665211,1000000,1750,140,30,,
3000,7303317,1000000,1750,140,30,,
2999,5252313,1000000,1750,140,30,,
2998,3990111,1000000,1750,140,30,,
2997,2000000,1000000,1750,140,30,,
2996,15000000,1127504,6997,255,87,,
2995,12626193,1000000,1750,140,30,,
2994,10721591,1000000,1750,140,30,,
2993,8460930,1000000,1750,140,30,,
2992,7127514,1000000,1750,140,30,,
2991,5051614,1000000,1750,140,30,,
2990,3800000,1000000,1750,140,30,,
2989,5262943,1000000,1750,140,30,,
2988,4002090,1000000,1750,140,30,,
2987,2000000,1000000,1750,140,30,,
2986,15000000,1211569,4898,196,62,,
2985,5300769,1000000,1750,140,30,,
2984,4007501,1000000,1750,140,30,,
2983,2000000,1000000,1750,140,30,,
2982,7233404,1000000,1750,140,30,,
2981,5269627,1000000,1750,140,30,,
2980,4026647,1000000,1750,140,30,,
2979,2000000,1000000,1750,140,30,,
2978,15000000,1000000,1750,140,30,,
2977,2000000,1000000,1750,140,30,,
2976,11473912,1009730,2077,152,39,,
2975,8792560,1000000,1750,140,30,,
2974,7351116,1000000,1750,140,30,,
2973,5260136,1000000,1750,140,30,,
2972,3975857,1000000,1750,140,30,,
2971,2000000,1000000,1750,140,30,,
2970,11449068,1000000,1750,140,30,,
2969,8765924,1000000,1750,140,30,,
2968,7373052,1000000,1750,140,30,,
2967,5257712,1000000,1750,140,30,,
2966,3989017,1000000,1750,140,30,,
2965,2000000,1000000,1750,140,30,,
2964,3967428,1000000,1750,140,30,,
2963,2000000,1000000,1750,140,30,,
2962,15000000,1087363,8173,274,93,,
2961,12644545,1248208,8882,297,108,,
2960,10767270,1000000,1750,140,30,,
2959,8528659,1000000,1750,140,30,,
2958,7141148,1000000,1750,140,30,,
2957,5043064,1000000,1750,140,30,,
2956,3800000,1000000,1750,140,30,,
2955,5281290,1000000,1750,140,30,,
2954,4006444,1000000,1750,140,30,,
2953,2000000,1000000,1750,140,30,,
2952,7530298,1000000,1750,140,30,,
2951,5395739,1000000,1750,140,30,,
2950,4108976,1000000,1750,140,30,,
2949,2000000,1000000,1750,140,30,,
2948,11669564,1161913,6402,214,66,,
2947,8953344,1000000,1750,140,30,,
2946,7539659,1000000,1750,140,30,,
2945,5377171,1000000,1750,140,30,,
2944,4085324,1000000,1750,140,30,,
2943,2000000,1000000,1750,140,30,,
2942,15000000,1000000,1750,140,30,,
2941,9124362,1000000,1750,140,30,,
2940,7626305,1000000,1750,140,30,,
2939,5434354,1000000,1750,140,30,,
2938,4091406,1000000,1750,140,30,,
2937,2000000,1000000,1750,140,30,,
2936,11888763,1048373,4323,194,57,,
2935,9127555,1000000,1750,140,30,,
2934,7630439,1000000,1750,140,30,,
2933,5411667,1000000,1750,140,30,,
2932,4090454,1000000,1750,140,30,,
2931,2000000,1000000,1750,140,30,,
2930,11972432,1042922,3209,175,50,,
2929,9152637,1000000,1750,140,30,,
2928,7638259,1000000,1750,140,30,,
2927,5405949,1000000,1750,140,30,,
2926,4103062,1000000,1750,140,30,,
2925,2000000,1000000,1750,140,30,,
2924,15000000,1213436,5534,214,67,,
2923,2000000,1000000,1750,140,30,,
2922,15000000,1000000,1750,140,30,,
2921,2000000,1000000,1750,140,30,,
2920,3800000,1000000,1750,140,30,,
2919,13035101,1000000,1750,140,30,,
2918,10981323,1000000,1750,140,30,,
2917,8621810,1000000,1750,140,30,,
2916,7184056,1000000,1750,140,30,,
2915,5068371,1000000,1750,140,30,,
2914,3800000,1000000,1750,140,30,,
2913,12849272,1061282,11477,300,106,,
2912,10808389,1000000,1750,140,30,,
2911,8539673,1000000,1750,140,30,,
2910,7158445,1000000,1750,140,30,,
2909,5026741,1000000,1750,140,30,,
2908,3800000,1000000,1750,140,30,,
2907,12805232,1236481,8788,256,95,,
2906,10807968,1000000,1750,140,60,,
2905,8448269,1000000,1750,140,30,,
2904,7111041,1000000,1750,140,30,,
2903,5022531,1000000,1750,140,30,,
2902,3800000,1000000,1750,140,30,,
2901,2000000,1000000,1750,140,30,,
2900,3994329,1000000,1750,140,30,,
2899,2000000,1000000,1750,140,30,,
2898,3800000,1000000,1750,140,30,,
2897,5238028,1000000,1750,140,30,,
2896,4001306,1000000,1750,140,30,,
2895,2000000,1000000,1750,140,30,,
2894,7441399,1000000,1750,140,30,,
2893,5269228,1000000,1750,140,30,,
2892,4015491,1000000,1750,140,30,,
2891,2000000,1000000,1750,140,30,,
2890,20000000,1386330,10570,307,110,,
2889,5048828,1000000,1750,140,30,,
2888,3800000,1000000,1750,140,30,,
2887,5106856,1000000,1750,140,30,,
2886,3800000,1000000,1750,140,30,,
2885,2000000,1000000,1750,140,30,,
2884,11868266,1043800,3962,179,51,,
2883,9178739,1000000,1750,140,30,,
2882,7706455,1000000,1750,140,60,,
2881,5396374,1000000,1750,140,30,,
2880,4072923,1000000,1750,140,30,,
2879,2000000,1000000,1750,140,30,,
2878,11671861,1000000,1750,140,30,,
2877,9005764,1000000,1750,140,30,,
2876,7580789,1000000,1750,140,30,,
2875,5411637,1000000,1750,140,30,,
2874,4081735,1000000,1750,140,30,,
2873,2000000,1000000,1750,140,30,,
2872,20000000,1000000,1750,140,30,,
2871,5102417,1000000,1750,140,30,,
2870,3800000,1000000,1750,140,30,,
2869,6310329,1000000,1750,140,30,,
2868,10686174,1000000,1750,140,30,,
2867,8476343,1000000,1750,140,30,,
2866,7141851,1000000,1750,140,30,,
2865,5079455,1000000,1750,140,30,,
2864,3800000,1000000,1750,140,30,,
2863,5076717,1000000,1750,140,30,,
2862,3800000,1000000,1750,140,30,,
2861,4502217,1000000,1750,140,30,,
2860,7508042,1000000,1750,140,30,,
2859,5330510,1000000,1750,140,30,,
2858,4025899,1000000,1750,140,30,,
2857,2000000,1000000,1750,140,30,,
2856,20000000,1123563,8933,278,97,,
2855,2000000,1000000,1750,140,30,,
2854,11826941,1054214,5795,214,66,,
2853,9024240,1000000,1750,140,30,,
2852,7528121,1000000,1750,140,30,,
2851,5356322,1000000,1750,140,30,,
2850,4035997,1000000,1750,140,30,,
2849,2000000,1000000,1750,140,30,,
2848,20000000,1159871,4228,199,68,,
2847,9046577,1000000,1750,140,30,,
2846,7566571,1000000,1750,140,30,,
2845,5380683,1000000,1750,140,30,,
2844,4040564,1000000,1750,140,30,,
2843,2000000,1000000,1750,140,30,,
2842,11822031,1000000,7313,235,78,,
2841,9102449,1000000,1750,140,30,,
2840,7596452,1000000,1750,140,30,,
2839,5386138,1000000,1750,140,30,,
2838,4033045,1000000,1750,140,30,,
2837,2000000,1000000,1750,140,30,,
2836,3800000,1000000,1750,140,30,,
2835,5315349,1000000,1750,140,30,,
2834,4034109,1000000,1750,140,30,,
2833,2000000,1000000,1750,140,30,,
2832,7639134,1000000,1750,140,30,,
2831,5445896,1000000,1750,140,30,,
2830,4096733,1000000,1750,140,30,,
2829,2000000,1000000,1750,140,30,,
2828,6030699,1000000,1750,140,30,,
2827,9171779,1000000,1750,140,30,,
2826,7607105,1000000,1750,140,30,,
2825,5393437,1000000,1750,140,30,,
2824,4071418,1000000,1750,140,30,,
2823,2000000,1000000,1750,140,30,,
2822,4080682,1000000,1750,140,30,,
2821,2000000,1000000,1750,140,30,,
2820,15000000,1221799,5374,219,70,,
2819,2000000,1000000,1750,140,30,,
2818,15000000,1000000,4595,193,56,,
2817,2000000,1000000,1750,140,30,,
2816,11481636,1172298,6236,230,73,,
2815,8875077,1000000,1750,140,30,,
2814,7438398,1000000,1750,140,30,,
2813,5313728,1000000,1750,140,30,,
2812,3987177,1000000,1750,140,30,,
2811,2000000,1000000,1750,140,30,,
2810,7444049,1000000,1750,140,30,,
2809,5302460,1000000,1750,140,30,,
2808,3991616,1000000,1750,140,30,,
2807,2000000,1000000,1750,140,30,,
2806,4006571,1000000,1750,140,30,,
2805,2000000,1000000,1750,140,30,,
2804,3800000,1000000,1750,140,30,,
2803,12803486,1000000,1750,140,30,,
2802,10812851,1000000,1750,140,30,,
2801,8507032,1000000,1750,140,30,,
2800,7151188,1000000,1750,140,30,,
2799,5061332,1000000,1750,140,30,,
2798,3800000,1000000,1750,140,30,,
2797,2000000,1000000,1750,140,30,,
2796,4033171,1000000,1750,140,30,,
2795,2000000,1000000,1750,140,30,,
2794,20000000,1179164,8171,260,89,,
2793,5070357,1000000,1750,140,30,,
2792,3800000,1000000,1750,140,30,,
2791,5232697,1000000,1750,140,30,,
2790,3939781,1000000,1750,140,30,,
2789,2000000,1000000,1750,140,30,,
2788,7103875,1000000,1750,140,30,,
2787,5081613,1000000,1750,140,30,,
2786,3800000,1000000,1750,140,30,,
2785,12824799,1000000,9873,274,100,,
2784,10839432,1000000,1750,140,30,,
2783,8546531,1000000,1750,140,30,,
2782,7119865,1000000,1750,140,30,,
2781,5037577,1000000,1750,140,30,,
2780,3800000,1000000,1750,140,30,,
2779,2000000,1000000,1750,140,30,,
2778,20000000,1000000,1750,140,30,,
2777,9116513,1000000,1750,140,30,,
2776,7592042,1000000,1750,140,30,,
2775,5390878,1000000,1750,140,30,,
2774,4058060,1000000,1750,140,30,,
2773,2000000,1000000,1750,140,30,,
2772,11702037,1000000,5421,211,65,,
2771,8963325,1000000,1750,140,30,,
2770,7441782,1000000,1750,140,30,,
2769,5321793,1000000,1750,140,30,,
2768,4007421,1000000,1750,140,30,,
2767,2000000,1000000,1750,140,30,,
2766,3965089,1000000,1750,140,30,,
2765,2000000,1000000,1750,140,30,,
2764,7440150,1000000,1750,140,30,,
2763,5295297,1000000,1750,140,30,,
2762,4026408,1000000,1750,140,30,,
2761,2000000,1000000,1750,140,30,,
2760,20000000,1000000,1750,140,30,,
2759,2000000,1000000,1750,140,30,,
2758,3800000,1000000,1750,140,30,,
2757,8576335,1000000,1750,140,30,,
2756,7177782,1000000,1750,140,30,,
2755,5055480,1000000,1750,140,30,,
2754,3800000,1000000,1750,140,30,,
2753,8606092,1000000,1750,140,30,,
2752,7120907,1000000,1750,140,30,,
2751,5036668,1000000,1750,140,30,,
2750,3800000,1000000,1750,140,30,,
2749,8525949,1000000,1750,140,30,,
2748,7112555,1000000,1750,140,30,,
2747,5021487,1000000,1750,140,30,,
2746,3800000,1000000,1750,140,30,,
2745,5355727,1000000,1750,140,30,,
2744,4033737,1000000,1750,140,30,,
2743,2000000,1000000,1750,140,30,,
2742,11698558,1000000,6079,219,67,,
2741,8944842,1000000,1750,140,30,,
2740,7495306,1000000,1750,140,30,,
2739,5335985,1000000,1750,140,30,,
2738,4045045,1000000,1750,140,30,,
2737,2000000,1000000,1750,140,30,,
2736,2055575,1000000,1750,140,30,,
2735,2000000,1000000,1750,140,30,,
2734,20000000,1370656,8538,267,96,,
2733,2000000,1000000,1750,140,30,,
2732,11812605,1048965,4699,196,59,,
2731,9021342,1000000,1750,140,30,,
2730,7576468,1000000,1750,140,30,,
2729,5408920,1000000,1750,140,30,,
2728,4081142,1000000,1750,140,30,,
2727,2000000,1000000,1750,140,30,,
2726,11847859,1166910,5964,214,67,,
2725,9091892,1000000,1750,140,30,,
2724,7592322,1000000,1750,140,30,,
2723,5382068,1000000,1750,140,30,,
2722,4086582,1000000,1750,140,30,,
2721,2000000,1000000,1750,140,30,,
2720,12070921,1148447,4327,188,57,,
2719,9311761,1000000,1750,140,30,,
2718,7776811,1000000,1750,140,30,,
2717,5544411,1000000,1750,140,30,,
2716,4201355,1000000,1750,140,30,,
2715,2000000,1000000,1750,140,30,,
2714,15000000,1192535,4589,201,60,,
2713,5472566,1000000,1750,140,30,,
2712,4082078,1000000,1750,140,30,,
2711,2000000,1000000,1750,140,30,,
2710,11704275,1063516,3825,179,51,,
2709,9035615,1000000,1750,140,30,,
2708,7547238,1000000,1750,140,30,,
2707,5364290,1000000,1750,140,30,,
2706,4015362,1000000,1750,140,30,,
2705,2000000,1000000,1750,140,30,,
2704,4026102,1000000,1750,140,30,,
2703,2000000,1000000,1750,140,30,,
2702,4101869,1000000,1750,140,30,,
2701,2000000,1000000,1750,140,30,,
2700,20000000,1050578,5532,226,81,,
2699,2000000,1000000,1750,140,30,,
2698,11042269,1000000,1750,140,30,,
2697,8714754,1000000,1750,140,30,,
2696,7265148,1000000,1750,140,30,,
2695,5107865,1000000,1750,140,30,,
2694,3800000,1000000,1750,140,30,,
2693,2000000,1000000,1750,140,30,,
2692,11836281,1079249,5272,211,64,,
2691,9052462,1000000,1750,140,30,,
2690,7569060,1000000,1750,140,30,,
2689,5370436,1000000,1750,140,30,,
2688,4048514,1000000,1750,140,30,,
2687,2000000,1000000,1750,140,30,,
2686,15000000,1000000,9017,295,105,,
2685,5383627,1000000,1750,140,30,,
2684,4079277,1000000,1750,140,30,,
2683,2000000,1000000,1750,140,30,,
2682,20000000,1187129,7987,270,96,,
2681,9079487,1000000,1750,140,30,,
2680,7596828,1000000,1750,140,30,,
2679,5419064,1000000,1750,140,30,,
2678,4061448,1000000,1750,140,30,,
2677,2000000,1000000,1750,140,30,,
2676,11165532,1000000,1750,140,30,,
2675,8817804,1000000,1750,140,30,,
2674,7357979,1000000,1750,140,30,,
2673,5158495,1000000,1750,140,30,,
2672,3800000,1000000,1750,140,30,,
2671,5162779,1000000,1750,140,30,,
2670,3800000,1000000,1750,140,30,,
2669,2000000,1000000,1750,140,30,,
2668,20000000,1387899,11851,294,107,,
2667,5143792,1000000,1750,140,30,,
2666,3800000,1000000,1750,140,30,,
2665,13137760,1000000,1750,140,30,,
2664,11095000,1000000,1750,140,30,,
2663,8724593,1000000,1750,140,30,,
2662,7288945,1000000,1750,140,30,,
2661,5129416,1000000,1750,140,30,,
2660,3800000,1000000,1750,140,30,,
2659,2000000,1000000,1750,140,30,,
2658,11966646,1135185,3743,179,51,,
2657,9279194,1000000,1750,140,30,,
2656,7741908,1000000,1750,140,30,,
2655,5490597,1000000,1750,140,30,,
2654,4131870,1000000,1750,140,30,,
2653,2000000,1000000,1750,140,30,,
2652,20000000,1388344,9548,289,106,,
2651,2000000,1000000,1750,140,30,,
2650,12395599,1160724,4455,201,60,,
2649,9571521,1000000,1750,140,30,,
2648,7965400,1000000,1750,140,30,,
2647,5641372,1000000,1750,140,30,,
2646,4199425,1000000,1750,140,30,,
2645,2000000,1000000,1750,140,30,,
2644,12068332,1049669,4420,194,57,,
2643,9309773,1000000,1750,140,30,,
2642,7774079,1000000,1750,140,30,,
2641,5560498,1000000,1750,140,30,,
2640,4173869,1000000,1750,140,30,,
2639,2000000,1000000,1750,140,30,,
2638,12523601,1000000,1750,140,30,,
2637,9704965,1000000,1750,140,30,,
2636,8094876,1000000,1750,140,30,,
2635,5692601,1000000,1750,140,30,,
2634,4255018,1000000,1750,140,30,,
2633,2000000,1000000,1750,140,30,,
2632,4334826,1000000,1750,140,30,,
2631,2000000,1000000,1750,140,30,,
2630,20000000,1000000,9068,295,106,,
2629,5250564,1000000,1750,140,30,,
2628,3800000,1000000,1750,140,30,,
2627,13680714,1113480,6048,221,75,,
2626,11543517,1000000,1750,140,30,,
2625,8990812,1000000,1750,140,30,,
2624,7459411,1000000,1750,140,30,,
2623,5167620,1000000,1750,140,30,,
2622,3800000,1000000,1750,140,30,,
2621,13420584,1057035,4284,207,74,,
2620,11429710,1000000,1750,140,30,,
2619,8930580,1000000,1750,140,30,,
2618,7442457,1000000,1750,140,30,,
2617,5159502,1000000,1750,140,30,,
2616,3800000,1000000,1750,140,30,,
2615,2000000,1000000,1750,140,30,,
2614,20000000,1000000,1750,140,30,,
2613,9038072,1000000,1750,140,30,,
2612,7534975,1000000,1750,140,30,,
2611,5250464,1000000,1750,140,30,,
2610,3800000,1000000,1750,140,30,,
2609,15000000,1302626,13479,309,116,,
2608,4091879,1000000,1750,140,30,,
2607,2000000,1000000,1750,140,30,,
2606,3800000,1000000,1750,140,30,,
2605,2732892,1000000,1750,140,30,,
2604,4109513,1000000,1750,140,30,,
2603,2000000,1000000,1750,140,30,,
2602,12032594,1166726,5609,212,64,,
2601,9261078,1000000,1750,140,30,,
2600,7743072,1000000,1750,140,30,,
2599,5479080,1000000,1750,140,30,,
2598,4128919,1000000,1750,140,30,,
2597,2000000,1000000,1750,140,30,,
2596,20000000,1000000,11307,330,128,,
2595,12980180,1389405,17326,720,130,,
2594,10998085,1000000,1750,140,30,,
2593,8692170,1000000,1750,140,30,,
2592,7254754,1000000,1750,140,30,,
2591,5099582,1000000,1750,140,30,,
2590,3800000,1000000,1750,140,30,,
2589,8996243,1000000,1750,140,30,,
2588,7555131,1000000,1750,140,30,,
2587,5397910,1000000,1750,140,30,,
2586,4032838,1000000,1750,140,30,,
2585,2000000,1000000,1750,140,30,,
2584,11496937,1000000,12887,651,118,,
2583,8998696,1000000,1750,140,30,,
2582,7566684,1000000,1750,140,30,,
2581,5386435,1000000,1750,140,30,,
2580,4051990,1000000,1750,140,30,,
2579,2000000,1000000,1750,140,30,,
2578,20000000,1200000,10260,525,108,,
2577,9041705,1000000,1750,140,30,,
2576,7543906,1000000,1750,140,30,,
2575,5316218,1000000,1750,140,30,,
2574,3988224,1000000,1750,140,30,,
2573,2000000,1000000,1750,140,30,,
2572,10770647,1000000,1750,140,30,,
2571,8526920,1000000,1750,140,30,,
2570,7178766,1000000,1750,140,30,,
2569,5102936,1000000,1750,140,30,,
2568,3800000,1000000,1750,140,30,,
2567,5139353,1000000,1750,140,30,,
2566,3800000,1000000,1750,140,30,,
2565,2000000,1000000,1750,140,30,,
2564,11499676,1172495,13249,508,96,,
2563,9008155,1000000,1750,140,30,,
2562,7548573,1000000,1750,140,30,,
2561,5423577,1000000,1750,140,30,,
2560,4076461,1000000,1750,140,30,,
2559,2000000,1000000,1750,140,30,,
2558,7500000,1000000,1750,140,30,,
2557,12867635,1386029,15061,840,155,,
2556,10962695,1000000,1750,140,30,,
2555,8705423,1000000,1750,140,30,,
2554,7255444,1000000,1750,140,30,,
2553,5157518,1000000,1750,140,30,,
2552,3800000,1000000,1750,140,30,,
2551,2000000,1000000,1750,140,30,,
2550,7484179,1000000,1750,140,30,,
2549,5333552,1000000,1750,140,30,,
2548,4013092,1000000,1750,140,30,,
2547,2000000,1000000,1750,140,30,,
2546,10848734,1000000,1750,140,30,,
2545,8556588,1000000,1750,140,30,,
2544,7101234,1000000,1750,140,30,,
2543,5060015,1000000,1750,140,30,,
2542,3800000,1000000,1750,140,30,,
2541,12384648,1371539,12677,667,126,,
2540,10534194,1000000,1750,140,30,,
2539,8381216,1000000,1750,140,30,,
2538,7006533,1000000,1750,140,30,,
2537,5034166,1000000,1750,140,30,,
2536,3800000,1000000,1750,140,30,,
2535,11735036,1000000,14294,589,121,,
2534,10108907,1000000,1750,140,30,,
2533,8061599,1000000,1750,140,30,,
2532,6777904,1000000,1750,140,30,,
2531,4940167,1000000,1750,140,30,,
2530,3800000,1000000,1750,140,30,,
2529,1000000,1000000,1750,140,30,,
2528,4037783,1000000,1750,140,30,,
2527,2000000,1000000,1750,140,30,,
2526,11578001,1115780,11534,476,93,,
2525,9065390,1000000,1750,140,30,,
2524,7629623,1000000,1750,140,30,,
2523,5446003,1000000,1750,140,30,,
2522,4098400,1000000,1750,140,30,,
2521,2000000,1000000,1750,140,30,,
2520,3800000,1000000,1750,140,30,,
2519,5051768,1000000,1750,140,30,,
2518,3800000,1000000,1750,140,30,,
2517,2000000,1000000,1750,140,30,,
2516,11574206,1173613,10887,576,109,,
2515,9013157,1000000,1750,140,30,,
2514,7549456,1000000,1750,140,30,,
2513,5343030,1000000,1750,140,30,,
2512,4043416,1000000,1750,140,30,,
2511,2000000,1000000,1750,140,30,,
2510,7244823,1000000,1750,140,30,,
2509,5108359,1000000,1750,140,30,,
2508,3800000,1000000,1750,140,30,,
2507,5374793,1000000,1750,140,30,,
2506,3800000,1000000,1750,140,30,,
2505,15000000,1000000,15630,628,116,,
2504,3800000,1000000,1750,140,30,,
2503,2000000,1000000,1750,140,30,,
2502,11598525,1347955,7963,413,85,,
2501,9122574,1000000,1750,140,30,,
2500,7661555,1000000,1750,140,30,,
2499,5434036,1000000,1750,140,30,,
2498,4133959,1000000,1750,140,30,,
2497,2000000,1000000,1750,140,30,,
2496,25000000,1187500,18054,863,157,,
2495,8602997,1000000,1750,140,30,,
2494,7237103,1000000,1750,140,30,,
2493,5078822,1000000,1750,140,30,,
2492,3800000,1000000,1750,140,30,,
2491,6317431,1000000,1750,140,30,,
2490,10884211,1000000,1750,140,30,,
2489,8609036,1000000,1750,140,30,,
2488,7212165,1000000,1750,140,30,,
2487,5107363,1000000,1750,140,30,,
2486,3800000,1000000,1750,140,30,,
2485,13023710,1390711,13959,583,117,,
2484,11204025,1000000,1750,140,30,,
2483,8866885,1000000,1750,140,30,,
2482,7371542,1000000,1750,140,30,,
2481,5164870,1000000,1750,140,30,,
2480,3800000,1000000,1750,140,30,,
2479,12907599,1000000,18777,769,139,,
2478,11043941,1000000,1750,140,30,,
2477,8712337,1000000,1750,140,30,,
2476,7274140,1000000,1750,140,30,,
2475,5113347,1000000,1750,140,30,,
2474,3800000,1000000,1750,140,30,,
2473,12852503,1000000,15256,710,133,,
2472,11058820,1000000,1750,140,30,,
2471,8736316,1000000,1750,140,30,,
2470,7360035,2000000,3500,280,60,,
2469,5096106,1000000,1750,140,30,,
2468,3800000,1000000,1750,140,30,,
2467,12675909,1190138,15331,636,125,,
2466,10861287,1000000,1750,140,30,,
2465,8607863,1000000,1750,140,30,,
2464,7207889,1000000,1750,140,30,,
2463,5070482,1000000,1750,140,30,,
2462,3800000,1000000,1750,140,30,,
2461,5067046,1000000,1750,140,30,,
2460,3800000,1000000,1750,140,30,,
2459,12500333,1375009,14045,609,128,,
2458,10751044,1000000,1750,140,30,,
2457,8512227,1000000,1750,140,30,,
2456,7161130,1000000,1750,140,30,,
2455,5068385,1000000,1750,140,30,,
2454,3800000,1000000,1750,140,30,,
2453,12497210,1374916,7144,419,96,,
2452,10756674,1000000,1750,140,30,,
2451,8513030,1000000,1750,140,30,,
2450,7154203,1000000,1750,140,30,,
2449,5053365,1000000,1750,140,30,,
2448,3800000,1000000,1750,140,30,,
2447,2000000,1000000,1750,140,30,,
2446,3800000,1000000,1750,140,30,,
2445,2000000,1000000,1750,140,30,,
2444,4085154,1000000,1750,140,30,,
2443,2000000,1000000,1750,140,30,,
2442,11708252,1000000,12425,473,90,,
2441,9288519,1000000,1750,140,30,,
2440,7861134,1000000,1750,140,30,,
2439,5656449,1000000,1750,140,30,,
2438,4383861,1000000,1750,140,100,,
2437,2000000,1000000,1750,140,30,,
2436,11396192,1170942,13745,609,109,,
2435,8964024,1000000,1750,140,30,,
2434,7531166,1000000,1750,140,30,,
2433,5378892,1000000,1750,140,30,,
2432,4096661,1000000,1750,140,30,,
2431,2000000,1000000,1750,140,30,,
2430,11399990,1000000,1750,140,30,,
2429,9013509,1000000,1750,140,30,,
2428,7604094,1000000,1750,140,30,,
2427,5391107,1000000,1750,140,30,,
2426,4119911,1000000,1750,140,30,,
2425,2000000,1000000,1750,140,30,,
2424,3800000,1000000,1750,140,30,,
2423,12984966,1194774,14116,701,133,,
2422,11252974,1000000,1750,140,30,,
2421,8876514,1000000,1750,140,30,,
2420,7379371,1000000,1750,140,30,,
2419,5143862,1000000,1750,140,30,,
2418,3800000,1000000,1750,140,30,,
2417,18448180,1276722,14620,791,153,,
2416,16502197,1000000,1750,140,30,,
2415,14000000,1000000,1750,140,30,,
2414,7369767,1000000,1750,140,30,,
2413,5116445,1000000,1750,140,30,,
2412,3800000,1000000,1750,140,30,,
2411,12950857,1388525,19820,724,138,,
2410,11202778,1000000,1750,140,30,,
2409,8792887,1000000,1750,140,30,,
2408,7361168,1000000,1750,140,30,,
2407,5107726,1000000,1750,140,30,,
2406,3800000,1000000,1750,140,30,,
2405,9370844,1000000,1750,140,30,,
2404,7835827,1000000,1750,140,30,,
2403,5502058,1000000,1750,140,30,,
2402,4142191,1000000,1750,140,30,,
2401,2000000,1000000,1750,140,30,,
2400,7500000,1000000,1750,140,30,,
2399,5341733,1000000,1750,140,30,,
2398,4057861,1000000,1750,140,30,,
2397,2000000,1000000,1750,140,30,,
2396,3807614,1000000,1750,140,30,,
2395,5411352,1000000,1750,140,30,,
2394,4090254,1000000,1750,140,30,,
2393,2000000,1000000,1750,140,30,,
2392,4084955,1000000,1750,140,30,,
2391,2000000,1000000,1750,140,30,,
2390,2627216,25318,401,40,25,,
2389,1928401,43054,1294,118,25,,
2388,2358426,37541,449,54,25,,
2387,6645866,43954,1542,124,25,,
2386,5177188,74823,1250,149,25,,
2385,1900729,21703,643,62,25,,
2384,16543093,78663,604,70,25,,
2383,14098451,48015,1579,159,25,,
2382,12447858,38339,1467,141,25,,
2381,9590134,44754,1811,124,25,,
2380,8130368,74168,1815,176,25,,
2379,5382585,44778,2356,177,25,,
2378,3377130,75340,933,120,25,,
2377,26364533,8811619,379,48,25,,
2376,24284997,42582,1723,149,25,,
2375,21555697,54259,1427,126,25,,
2374,20125455,40573,959,81,25,,
2373,17572057,48521,1086,95,25,,
2372,16447318,78184,2224,164,25,,
2371,13945461,47712,1674,134,25,,
2370,12308430,77964,1548,150,25,,
2369,9394412,46636,1583,114,25,,
2368,7852229,73597,1648,129,25,,
2367,5055854,21336,2041,169,25,,
2366,3187258,36392,1393,120,25,,
2365,6685121,45604,1200,104,25,,
2364,5188105,18429,646,72,25,,
2363,1960095,43762,1919,140,25,,
2362,13922705,39582,481,51,25,,
2361,10956094,49030,706,69,25,,
2360,9309088,76531,1167,96,25,,
2359,6457803,44768,1520,146,25,,
2358,4997402,36199,793,105,25,,
2357,1827083,13908,549,59,25,,
2356,7748131,72716,900,82,25,,
2355,5063895,43504,2289,162,25,,
2354,3115342,35571,913,89,25,,
2353,10596472,11648,412,56,25,,
2352,9056210,71684,2219,165,25,,
2351,6417197,43099,1193,146,25,,
2350,4986777,35251,989,103,25,,
2349,1899524,43378,1574,180,25,,
2348,17196314,78275,431,58,25,,
2347,14768674,24293,1043,103,25,,
2346,13641074,38310,1466,115,25,,
2345,10785901,15364,495,74,25,,
2344,9267495,72943,2132,170,25,,
2343,6501413,42793,1407,126,25,,
2342,5085086,72974,1600,165,25,,
2341,1816584,20742,793,73,25,,
2340,4603805,10664,482,57,25,,
2339,6438596,21479,1130,100,25,,
2338,5057464,35942,1455,140,25,,
2337,1909658,42636,1246,121,25,,
2336,21044592,27605,732,81,25,,
2335,18418082,49508,1628,140,25,,
2334,17250153,80626,1414,136,25,,
2333,14638953,49360,590,59,25,,
2332,13477493,79204,1082,76,25,,
2331,10509160,47040,1414,123,25,,
2330,8949271,72701,571,62,25,,
2329,6265709,41842,1258,109,25,,
2328,4933456,35832,802,115,25,,
2327,1795273,40997,2877,183,25,,
2326,9561853,75868,1478,161,25,,
2325,6664434,43874,624,75,25,,
2324,5199304,38177,772,84,25,,
2323,1855785,41433,1453,131,25,,
2322,9339858,25193,1019,108,25,,
2321,6530267,44984,1527,176,25,,
2320,5060421,24718,780,74,25,,
2319,1813255,41408,1406,114,25,,
2318,7988062,75178,1465,134,25,,
2317,5120878,14747,1330,142,25,,
2316,3183498,36350,1700,131,25,,
2315,6700919,21893,687,65,25,,
2314,5283524,75943,1402,132,25,,
2313,1957996,43715,1840,137,25,,
2312,18139352,81394,1298,92,25,,
2311,15575114,48544,1246,127,25,,
2310,14449368,79171,1851,125,25,,
2309,11404833,47490,908,92,25,,
2308,9825247,77532,1457,123,25,,
2307,6851294,44656,1093,100,25,,
2306,5351174,76703,1583,144,25,,
2305,1992347,44482,1040,140,25,,
2304,8613200,27270,296,43,25,,
2303,14643856,50394,1964,163,25,,
2302,12937095,40004,732,72,25,,
2301,9933511,46804,1296,94,25,,
2300,8337171,39006,1391,122,25,,
2299,5421027,44503,1018,84,25,,
2298,3472243,39647,1304,146,25,,
2297,24430520,24501283,1128,99,25,,
2296,22331857,53861,1399,131,25,,
2295,18614720,50074,1254,105,25,,
2294,17371932,78154,2056,138,25,,
2293,14949598,22943,985,112,25,,
2292,13940220,76819,1880,152,25,,
2291,10999536,46515,1440,124,25,,
2290,9462662,25222,1225,116,25,,
2289,6649202,44732,1681,187,25,,
2288,5145663,75141,1550,144,25,,
2287,1855244,42367,857,78,25,,
2286,18188218,40351,1573,154,25,,
2285,15654281,49188,1438,132,25,,
2284,14450835,79517,182,79,25,,
2283,11389307,23709,494,72,25,,
2282,9812847,26224,1150,113,25,,
2281,6867823,46136,899,73,25,,
2280,5301408,38474,1760,138,25,,
2279,1931824,44116,1451,107,25,,
2278,3500729,78144,2006,138,25,,
2277,24995407,5014254,595,66,25,,
2276,22673298,86738,1755,137,25,,
2275,19875058,54015,1895,159,25,,
2274,18509759,42521,1689,143,25,,
2273,15785809,51178,1539,134,25,,
2272,14544740,80100,1382,131,25,,
2271,11455122,47950,2523,159,25,,
2270,9807442,19545,2007,164,25,,
2269,6883840,45858,2098,176,25,,
2268,5329846,76885,1556,134,25,,
2267,1886160,14357,596,63,25,,
2266,16976182,80295,2061,134,25,,
2265,14460089,49092,2153,179,25,,
2264,12810334,77848,1905,160,25,,
2263,9901377,45837,2097,182,25,,
2262,8348251,77606,1856,163,25,,
2261,5372825,44475,1064,112,25,,
2260,3380310,75471,1621,149,25,,
2259,1903798,42505,612,68,25,,
2258,14402436,26670,1871,168,25,,
2257,11398810,46881,2243,142,25,,
2256,9799014,78445,1587,144,25,,
2255,6863927,44588,1955,131,25,,
2254,5411439,76858,1498,185,25,,
2253,1967928,43937,2102,151,25,,
2252,12791049,19611,611,77,25,,
2251,9855934,46509,475,56,25,,
2250,8270807,78147,2285,149,25,,
2249,5348763,22796,615,77,25,,
2248,3352302,74845,1175,98,25,,
2247,6981548,15221,1232,95,25,,
2246,5481888,78040,1303,166,25,,
2245,1986370,44349,1867,126,25,,
2244,21387231,28064,1067,109,25,,
2243,18700435,51200,273,38,25,,
2242,17407211,16123,499,58,25,,
2241,14877043,49080,662,73,25,,
2240,13178747,40403,1308,124,25,,
2239,10140252,47867,1072,82,25,,
2238,8496269,39258,1475,112,25,,
2237,5558072,46066,2309,169,25,,
2236,3494644,78023,1520,156,25,,
2235,25442066,12759916,1819,132,25,,
2234,23036730,89567,1071,95,25,,
2233,20114637,26954,652,66,25,,
2232,18754003,84757,892,77,25,,
2231,16042516,50184,1320,107,25,,
2230,14794798,82452,1377,120,25,,
2229,11684226,48881,1513,138,25,,
2228,9994885,81018,1272,116,25,,
2227,6947106,46061,1310,138,25,,
2226,5430100,77666,1572,134,25,,
2225,1951446,44564,2468,175,25,,
2224,3421655,13023,252,39,25,,
2223,15107556,49081,1666,126,25,,
2222,13409218,27069,1499,130,25,,
2221,10353081,49222,1126,92,25,,
2220,8647634,27025,879,78,25,,
2219,5597315,45324,1835,112,25,,
2218,3566205,79621,2328,178,25,,
2217,663276,7573,196,33,25,,
2216,19132964,14123,501,65,25,,
2215,16422135,50572,1774,125,25,,
2214,15207601,84199,1554,123,25,,
2213,12020527,49122,1055,85,25,,
2212,10369492,83810,1604,155,25,,
2211,7199492,48160,1013,88,25,,
2210,5590553,40832,1161,105,25,,
2209,2014488,44976,2367,126,25,,
2208,15342900,28352,1377,116,25,,
2207,12118230,50058,1170,107,25,,
2206,10376181,27472,1495,128,25,,
2205,7267133,48175,1267,117,25,,
2204,5610040,81543,802,92,25,,
2203,2039290,45542,998,104,25,,
2202,4369877,82282,962,87,25,,
2201,5552469,45914,1306,103,25,,
2200,3495493,39912,2100,159,25,,
2199,6103436,49792,818,84,25,,
2198,10526484,83365,1371,148,25,,
2197,7291956,48006,1804,157,25,,
2196,5689783,81869,1133,118,25,,
2195,2024754,46238,1351,110,25,,
2194,26293902,26410895,1383,137,25,,
2193,22170849,53692,2825,170,25,,
2192,20765992,115908,2259,140,25,,
2191,16574503,52224,1057,111,25,,
2190,15287600,28524,1385,112,25,,
2189,12040376,50166,1035,81,25,,
2188,10343595,41427,1194,105,25,,
2187,7215444,48941,1717,121,25,,
2186,5572309,20128,667,60,25,,
2185,2046590,45692,1414,136,25,,
2184,10394608,21024,885,85,25,,
2183,7211954,24531,846,71,25,,
2182,5563528,16244,443,49,25,,
2181,2006766,45827,1663,145,25,,
2180,5672414,41069,900,81,25,,
2179,2075555,46325,1806,155,25,,
2178,1807674,20640,629,70,25,,
2177,10816275,51177,427,58,25,,
2176,9075232,21291,887,78,25,,
2175,5845840,49158,1293,115,25,,
2174,3644720,41616,1183,96,25,,
2173,26196380,67814,1586,146,25,,
2172,24226822,31748,1699,138,25,,
2171,21056054,58791,1190,122,25,,
2170,19422626,93384,973,88,25,,
2169,16333383,26704,814,76,25,,
2168,14494590,29599,1316,104,25,,
2167,11106204,51800,1603,156,25,,
2166,9286909,87191,1191,90,25,,
2165,5968842,50042,1755,142,25,,
2164,3777516,86265,1621,139,25,,
2163,24440625,8168679,1350,113,25,,
2162,22576245,24282,1572,132,25,,
2161,19322908,19458,311,43,25,,
2160,17766697,46798,1119,92,25,,
2159,14168137,55612,1125,110,25,,
2158,12177452,112935,1188,103,25,,
2157,7622407,49654,1493,124,25,,
2156,5898564,85265,906,116,25,,
2155,2079852,47496,1388,127,25,,
2154,16109419,89412,1404,107,25,,
2153,12694073,52503,1417,138,25,,
2152,10842259,44041,1854,167,25,,
2151,7485160,50544,1612,135,25,,
2150,5771863,84860,2126,159,25,,
2149,2055847,45897,947,101,25,,
2148,5750115,83507,1953,176,25,,
2147,2093346,46737,2236,160,25,,
2146,11216708,86830,1364,126,25,,
2145,7827959,51640,2264,179,25,,
2144,6015662,29057,728,74,25,,
2143,2198488,50205,1390,92,25,,
2142,14671343,12963,424,47,25,,
2141,11197784,52843,1463,127,25,,
2140,9331785,86908,1253,100,25,,
2139,6026100,50782,1781,133,25,,
2138,3752365,85691,1073,84,25,,
2137,21054380,55473,789,65,25,,
2136,19625229,90399,1463,120,25,,
2135,16666695,52726,1982,163,25,,
2134,14857812,45454,1805,157,25,,
2133,11376953,52173,1408,108,25,,
2132,9592318,45348,1704,150,25,,
2131,6120716,52131,1524,127,25,,
2130,3837901,87644,688,70,25,,
2129,6162138,26132,1057,92,25,,
2128,3873490,29485,1241,93,25,,
2127,6315123,53231,1334,99,25,,
2126,3930932,89768,583,67,25,,
2125,11749355,3848,303,37,25,,
2124,9889930,92930,1956,164,25,,
2123,6320566,52501,1315,137,25,,
2122,3969040,45319,1109,104,25,,
2121,729026,7135,156,27,25,,
2120,10317199,46588,1442,145,25,,
2119,6737023,52770,1262,114,25,,
2118,4426238,98830,1705,142,25,,
2117,35133888,63657,1914,156,25,,
2116,33282708,50322,1151,98,25,,
2115,29875556,29757,680,81,25,,
2114,28269422,50038,1620,161,25,,
2113,24887143,10016,15,51,25,,
2112,23255533,99074,1896,146,25,,
2111,19917119,59160,1729,129,25,,
2110,18326514,100152,1728,160,25,,
2109,14440873,29743,1647,127,25,,
2108,12335968,24555,891,87,25,,
2107,8534850,55323,1188,116,25,,
2106,6612256,33009,1966,148,25,,
2105,2275802,10394,279,44,25,,
2104,6726199,96806,1698,158,25,,
2103,2388928,53344,1517,152,25,,
2102,32534188,110904,1796,129,25,,
2101,28677758,65491,883,93,25,,
2100,26744925,111072,1375,139,25,,
2099,22881101,34021,1326,138,25,,
2098,20901550,36883,487,67,25,,
2097,16556227,64523,1697,163,25,,
2096,14230775,53790,1272,103,25,,
2095,10019900,61645,1474,153,25,,
2094,7820460,112740,1412,89,25,,
2093,2773612,63339,1515,148,25,,
2092,33035323,64426,1309,123,25,,
2091,52964701,74900,1231,134,25,,
2090,47405023,32802,1469,128,25,,
2089,42659372,92207,1540,143,25,,
2088,39529852,114285,1351,108,25,,
2087,35410343,84957,682,65,25,,
2086,32690115,116854,1268,131,25,,
2085,28573124,73772,1894,126,25,,
2084,26267667,113803,1787,152,25,,
2083,22284273,70614,1259,93,25,,
2082,20192107,111755,1704,168,25,,
2081,15798380,16984,425,58,25,,
2080,13323440,104874,1093,101,25,,
2079,9125517,60512,1355,141,25,,
2078,6915695,15084,550,58,25,,
2077,2291890,51197,1496,128,25,,
2076,4337627,96844,2038,185,25,,
2075,15791929,69973,1503,137,25,,
2074,13156375,107488,1616,150,25,,
2073,8842605,59496,554,59,25,,
2072,6677278,99522,2228,188,25,,
2071,2319221,51777,2868,164,25,,
2070,4307602,98370,2251,194,25,,
2069,14612465,67021,1640,156,25,,
2068,12110605,54061,2032,163,25,,
2067,7875986,29645,931,91,25,,
2066,5279697,120570,2080,161,25,,
2065,3348134,12956,372,36,25,,
2064,3049537,60852,974,70,25,,
2063,1621605,32358,646,65,25,,
2062,5142260,67414,1389,109,25,,
2061,1919343,153200,985,94,25,,
2060,2012794,80329,1257,112,25,,
2059,2237284,89289,1630,138,25,,
2058,4668787,93164,1458,160,25,,
2057,891294,20326,613,70,25,,
2056,5006137,199793,2246,197,25,,
2055,4993453,165812,833,83,25,,
2054,3916107,52096,896,97,25,,
2053,1903909,141532,572,66,25,,
2052,3034662,30278,613,59,25,,
2051,1214870,96970,437,42,25,,
2050,4386276,42645,1017,89,25,,
2049,1646305,43802,572,62,25,,
2048,3912064,52043,1027,103,25,,
2047,5839203,32715,715,76,25,,
2046,4789857,191161,2302,171,25,,
2045,2573569,51355,2004,178,25,,
2044,2514918,63043,855,79,25,,
2043,5595590,92825,1150,103,25,,
2042,4269704,56800,1026,116,25,,
2041,443377,14156,181,21,25,,
2040,1601958,355245,1657,133,25,,
2039,2604015,69283,2126,178,25,,
2038,5517016,407812,2233,211,25,,
2037,556734,33328,571,61,25,,
2036,3343592,66720,821,70,25,,
2035,5872705,52230,1081,72,25,,
2034,4255281,169826,1386,121,25,,
2033,4301108,35063,490,57,25,,
2032,11267625,432606,1457,140,25,,
2031,7847797,85535,2115,168,25,,
2030,5632963,15061,745,76,25,,
2029,2859050,76069,2691,217,25,,
2028,3488349,55687,745,74,25,,
2027,13538113,59128,1696,143,25,,
2026,10834187,102165,1439,126,25,,
2025,7714351,46530,1452,129,25,,
2024,5799595,57382,1036,102,25,,
2023,2486146,33073,1337,138,25,,
2022,2663638,343643,950,99,25,,
2021,2022010,80697,925,86,25,,
2020,1450289,46304,555,53,25,,
2019,2022735,80726,1062,107,25,,
2018,7864529,23629,633,60,25,,
2017,6312041,72963,1074,82,25,,
2016,4569717,72950,1843,134,25,,
2015,7732498,105353,1104,109,25,,
2014,6092685,71387,1226,115,25,,
2013,2620883,104598,2574,200,25,,
2012,6311254,135643,1727,158,25,,
2011,2213097,176647,1514,124,25,,
2010,2735852,24263,503,51,25,,
2009,727308,58053,1026,110,25,,
2008,1564628,41629,564,60,25,,
2007,1364946,12105,455,46,25,,
2006,3853905,38451,894,86,25,,
2005,1578276,20996,681,62,25,,
2004,1948547,34562,860,88,25,,
2003,434755,69403,538,62,25,,
2002,1176544,31303,289,35,25,,
2001,6202105,115189,2173,166,25,,
2000,4315840,68897,1244,111,25,,
1999,2608456,208205,1716,174,25,,
1998,6911442,225081,1579,129,25,,
1997,2271668,45330,1350,115,25,,
1996,2598424,26633,1027,78,25,,
1995,5791173,71738,1277,119,25,,
1994,4094878,163425,821,88,25,,
1993,14199344,1804955,875,81,25,,
1992,12188758,124237,936,90,25,,
1991,9519303,67927,2156,179,25,,
1990,7115225,150329,2069,187,25,,
1989,2465121,98382,1777,152,25,,
1988,4894600,130227,2168,166,25,,
1987,4078509,13649,235,28,25,,
1986,8617960,34853,876,79,25,,
1985,6688109,70521,1487,129,25,,
1984,4154032,66314,1291,114,25,,
1983,8197213,25869,1049,97,25,,
1982,4983828,66300,1705,146,25,,
1981,15010730,3062272,1350,129,25,,
1980,12244311,115297,1928,163,25,,
1979,8466374,126530,2310,178,25,,
1978,6295958,208997,1848,171,25,,
1977,2059185,82181,1162,100,25,,
1976,1796081,71680,731,72,25,,
1975,2640517,105382,2056,186,25,,
1974,1896064,14683,360,42,25,,
1973,5905060,241102,2201,196,25,,
1972,3884456,103351,975,90,25,,
1971,569684,68207,804,74,25,,
1970,1663502,44259,727,68,25,,
1969,2128101,169863,1254,107,25,,
1968,2950302,60525,620,64,25,,
1967,7059487,46913,1305,97,25,,
1966,5708496,71735,1390,127,25,,
1965,2214880,176790,1181,113,25,,
1964,4894097,390643,2226,164,25,,
1963,2059716,164405,1424,103,25,,
1962,962122,17722,424,49,25,,
1961,2263686,36137,1504,126,25,,
1960,2150196,28604,832,98,25,,
1959,1265065,100976,379,37,25,,
1958,4545164,15345,562,56,25,,
1957,2276815,45433,1390,119,25,,
1956,3955683,45105,800,88,25,,
1955,4570887,51678,1224,125,25,,
1954,10827987,93421,1129,96,25,,
1953,8146335,41514,979,104,25,,
1952,6545800,82919,2082,164,25,,
1951,2351598,173804,1229,128,25,,
1950,6441879,51697,1995,163,25,,
1949,2260458,60142,1110,125,25,,
1948,7775405,170916,868,88,25,,
1947,5492819,29880,864,85,25,,
1946,4246740,56495,1564,121,25,,
1945,360076,8211,105,15,25,,
1944,7087472,89639,2487,204,25,,
1943,2472288,197336,1269,145,25,,
1942,1471718,70482,1206,120,25,,
1941,304603,16208,362,35,25,,
1940,4202465,111812,930,107,25,,
1939,2498916,199461,1861,171,25,,
1938,3689940,42075,874,83,25,,
1937,1688532,44925,596,59,25,,
1936,3574539,47552,652,73,25,,
1935,2330745,38572,798,69,25,,
1934,3728484,59520,807,81,25,,
1933,2854220,210981,2158,182,25,,
1932,1045504,42670,1050,98,25,,
1931,1950787,155710,965,89,25,,
1930,389998,11612,164,28,25,,
1929,1792178,28610,963,76,25,,
1928,1149241,34399,814,70,25,,
1927,2148950,85763,1565,114,25,,
1926,799255,15117,396,48,25,,
1925,2575685,68529,2237,167,25,,
1924,1942659,28193,807,85,25,,
1923,2915369,215501,1905,180,25,,
1922,2670030,213119,2261,185,25,,
1921,737287,39233,421,47,25,,
1920,3523651,104798,1913,160,25,,
1919,2795497,223134,3105,194,25,,
1918,1171812,34347,208,25,25,,
1917,2363859,94340,1144,120,25,,
1916,2383930,14147,499,50,25,,
1915,2577562,51434,1985,152,25,,
1914,1124068,29907,1423,112,25,,
1913,7523602,255453,1971,190,25,,
1912,5323200,141631,2097,174,25,,
1911,1679725,134074,522,56,25,,
1910,4390682,44693,662,78,25,,
1909,6301902,59208,1386,150,25,,
1908,4334793,115333,1179,104,25,,
1907,2904130,46361,2343,207,25,,
1906,2318780,41129,1242,115,25,,
1905,7606458,271931,2380,210,25,,
1904,5199620,37729,1807,156,25,,
1903,2028238,80946,869,83,25,,
1902,1558848,34686,1255,113,25,,
1901,2455221,195973,1540,152,25,,
1900,2996753,11390,374,45,25,,
1899,781842,41604,566,52,25,,
1898,1089703,49724,634,64,25,,
1897,1621069,32348,572,59,25,,
1896,7647028,89598,2067,175,25,,
1895,3034430,224302,2214,184,25,,
1894,5650135,64381,1389,117,25,,
1893,1810601,72260,629,67,25,,
1892,6497209,47919,1142,108,25,,
1891,2694454,199171,1386,136,25,,
1890,5710291,455791,2512,193,25,,
1889,2793464,74324,2227,169,25,,
1888,2432730,32363,1421,123,25,,
1887,781952,41609,432,46,25,,
1886,541609,30879,330,37,25,,
1885,2226421,22213,785,91,25,,
1884,7505717,17985,1327,130,25,,
1883,3097936,247274,1874,161,25,,
1882,13476988,585956,605,66,25,,
1881,11313452,26731,750,73,25,,
1880,10299405,84798,1884,153,25,,
1879,6987524,23596,435,49,25,,
1878,4439965,25313,1013,91,25,,
1877,7984754,116304,1452,109,25,,
1876,6070559,83107,1451,141,25,,
1875,1864575,24804,780,68,25,,
1874,1758997,40114,593,61,25,,
1873,1514204,13185,355,43,25,,
1872,6588733,136469,1436,128,25,,
1871,2459533,49079,1718,123,25,,
1870,6301183,86003,1352,134,25,,
1869,1913777,38189,716,68,25,,
1868,2850984,31841,1114,107,25,,
1867,1914904,21835,595,71,25,,
1866,4803934,63907,1486,124,25,,
1865,2042488,14563,634,65,25,,
1864,7959312,68525,2314,173,25,,
1863,2949764,78482,2324,192,25,,
1862,5206351,103891,1434,128,25,,
1861,2665302,70914,1492,139,25,,
1860,1620071,17880,350,41,25,,
1859,2500000,31507,1348,102,25,,
1858,10000000,206150,656,75,25,,
1857,1250000,17611,924,98,25,,
1856,10000000,43059,1012,90,25,,
1855,1969122,151470,2127,67,10,,
1854,1888630,145279,1825,73,10,,
1853,2058662,126582,1284,53,10,,
1852,4119018,181055,3046,97,10,,
1851,4122937,24870,652,30,10,,
1850,6305959,216464,2705,93,10,,
1849,2084895,213835,1918,73,10,,
1848,3676642,102843,1980,67,10,,
1847,1449365,37163,549,27,10,,
1846,1138746,116794,986,48,10,,
1845,6252743,132400,1628,56,10,,
1844,4101234,252383,2306,89,10,,
1843,660840,122001,1455,62,10,,
1842,6676215,168388,2365,94,10,,
1841,2298119,176778,2630,92,10,,
1840,3105356,369151,2360,82,10,,
1839,7622452,198444,1771,63,10,,
1838,5042671,52389,645,28,10,,
1837,2148149,330484,1819,72,10,,
1836,6492541,129148,2663,92,10,,
1835,2295211,117703,3198,112,10,,
1834,5819806,125378,1460,58,10,,
1833,2152483,165575,1831,67,10,,
1832,3782812,105812,1778,69,10,,
1831,385480,118609,571,29,10,,
1830,3998105,246037,2165,84,10,,
1829,1187023,121745,3170,108,10,,
1828,6053028,106794,1180,54,10,,
1827,2235126,229243,2250,86,10,,
1826,3806512,83659,1803,67,10,,
1825,2084619,213807,1713,69,10,,
1824,1193270,57972,1277,53,10,,
1823,464681,17157,438,21,10,,
1822,3701093,113879,1779,67,10,,
1821,2346087,240624,2520,98,10,,
1820,2021379,138214,2089,80,10,,
1819,6123375,102050,1508,70,10,,
1818,3801731,389921,1908,69,10,,
1817,2351406,144701,2791,103,10,,
1816,1876655,115486,1542,61,10,,
1815,4189839,76908,1327,56,10,,
1814,5880153,75451,1434,52,10,,
1813,2201873,84687,2663,86,10,,
1812,875964,179685,1427,53,10,,
1811,887593,78030,1202,45,10,,
1810,2049325,77929,1886,80,10,,
1809,1842395,94481,1452,51,10,,
1808,4136552,115707,1791,77,10,,
1807,1057774,92991,1105,70,10,,
1806,1437220,57319,1053,46,10,,
1805,2023093,44463,1288,55,10,,
1804,4217690,99826,2816,95,10,,
1803,506128,44494,1243,57,10,,
1802,4293105,110079,2237,88,10,,
1801,640775,49290,1090,49,10,,
1800,1826627,187346,1338,56,10,,
1799,998951,76842,1231,54,10,,
1798,1204563,91611,1150,54,10,,
1797,2152226,220741,1999,74,10,,
1796,3083088,125615,1586,62,10,,
1795,2083686,106855,1436,61,10,,
1794,3827721,56083,1493,60,10,,
1793,980355,75411,1146,47,10,,
1792,6299421,104902,1942,67,10,,
1791,2208226,339727,2512,80,10,,
1790,2116856,260536,1850,83,10,,
1789,2054233,90295,1632,58,10,,
1788,3094304,169404,2166,80,10,,
1787,1784099,109790,947,38,10,,
1786,3017471,126696,998,44,10,,
1785,2329071,143327,2574,92,10,,
1784,1314707,60678,1404,63,10,,
1783,706124,130361,1419,60,10,,
1782,1889602,83059,1666,60,10,,
1781,1135578,139763,2140,73,10,,
1780,278365,17569,257,14,10,,
1779,3012326,708782,2768,81,10,,
1778,6277131,77862,1910,70,10,,
1777,1975253,121554,1296,50,10,,
1776,2147580,264317,2647,92,10,,
1775,6356273,99479,1417,58,10,,
1774,4093125,125942,934,47,10,,
1773,2449143,68507,2676,92,10,,
1772,1156074,76224,1093,43,10,,
1771,1050547,107748,1041,50,10,,
1770,3558547,185158,2622,100,10,,
1769,2302974,177151,2059,76,10,,
1768,6992667,173557,2132,81,10,,
1767,2480160,152625,2471,87,10,,
1766,3145798,107764,1828,65,10,,
1765,2088780,42846,1068,49,10,,
1764,2068178,79545,1664,65,10,,
1763,6692418,79980,2032,73,10,,
1762,4093058,251880,1972,67,10,,
1761,4662120,991693,2593,98,10,,
1760,6101238,54743,932,38,10,,
1759,2542927,391219,3175,108,10,,
1758,2101359,117558,1738,69,10,,
1757,1187959,104436,1888,81,10,,
1756,4467060,274896,1988,85,10,,
1755,1952964,60091,998,41,10,,
1754,7105939,148215,2503,89,10,,
1753,2288933,70428,1774,68,10,,
1752,3788635,61354,1301,48,10,,
1751,514770,48735,1210,47,10,,
1750,3909990,114540,1147,45,10,,
1749,14710616,250484,1754,74,10,,
1748,11454323,121629,1701,72,10,,
1747,6710762,78657,1253,50,10,,
1746,4410033,193847,2395,91,10,,
1745,1177668,103531,2448,81,10,,
1744,6392389,87782,1244,54,10,,
1743,2398291,147587,2329,83,10,,
1742,968272,1489649,2812,114,10,,
1741,8255522,55914,1044,42,10,,
1740,5893133,77910,1246,54,10,,
1739,1841774,113339,872,38,10,,
1738,2159664,189860,2097,76,10,,
1737,2605567,133618,4073,118,10,,
1736,761937,73263,1447,57,10,,
1735,2010654,154665,1143,47,10,,
1734,3655858,70304,1145,47,10,,
1733,2306611,78858,2195,74,10,,
1732,1194994,55153,1156,45,10,,
1731,2285782,234439,2154,77,10,,
1730,4522902,139166,2743,95,10,,
1729,9659686,181022,2427,92,10,,
1728,6718078,278738,2156,85,10,,
1727,2188570,673406,1717,65,10,,
1726,1325279,174762,1782,63,10,,
1725,1035911,159371,1412,52,10,,
1724,1352859,163600,1774,66,10,,
1723,2510695,772521,2310,100,10,,
1722,2108457,216252,2221,73,10,,
1721,2071920,91073,1214,46,10,,
1720,4324677,332667,1894,74,10,,
1719,1225258,150801,2142,82,10,,
1718,2102992,74667,1177,53,10,,
1717,2183604,47991,1883,66,10,,
1716,4392003,96527,2193,79,10,,
1715,563449,69347,1100,57,10,,
1714,3476407,57433,910,38,10,,
1713,9985801,67862,1308,51,10,,
1712,7339166,504619,3081,107,10,,
1711,2419128,248115,2736,90,10,,
1710,3634865,79887,1161,45,10,,
1709,290257,40595,399,21,10,,
1708,965475,99023,1237,51,10,,
1707,856640,790744,2206,93,10,,
1706,1974752,101269,1449,54,10,,
1705,3510603,153594,1337,56,10,,
1704,4525291,232066,2479,85,10,,
1703,428045,105364,648,30,10,,
1702,1645545,95368,1146,49,10,,
1701,2552870,392749,2789,99,10,,
1700,2117426,70191,1237,50,10,,
1699,2246062,76788,1379,59,10,,
1698,4449039,124448,2138,79,10,,
1697,2207374,97027,1443,57,10,,
1696,1077327,110495,1495,67,10,,
1695,1199306,147606,1585,72,10,,
1694,7104574,110863,2001,81,10,,
1693,2420581,148958,2206,82,10,,
1692,658905,52888,1282,51,10,,
1691,651438,22271,824,37,10,,
1690,1373420,66724,1470,57,10,,
1689,3507769,132983,2866,107,10,,
1688,3990174,136416,1709,57,10,,
1687,775426,238592,1903,68,10,,
1686,2147797,132172,1696,68,10,,
1685,1180119,90778,1794,68,10,,
1684,4520123,115900,2281,77,10,,
1683,2362887,52981,1505,53,10,,
1682,4677996,130853,2874,102,10,,
1681,2194776,48236,1701,61,10,,
1680,660803,71761,1231,50,10,,
1679,1186304,121672,1789,71,10,,
1678,4404007,104236,1657,70,10,,
1677,2463224,94739,2356,86,10,,
1676,1131438,36013,857,36,10,,
1675,2243105,115031,1477,58,10,,
1674,6771863,228967,2006,70,10,,
1673,2307004,177461,2263,78,10,,
1672,1346840,77702,1255,48,10,,
1671,2152447,110381,1370,61,10,,
1670,3823121,228891,1830,78,10,,
1669,2438954,250149,2455,85,10,,
1668,4672310,143763,2523,97,10,,
1667,1992348,102171,1000,43,10,,
1666,7596370,143439,2226,78,10,,
1665,10064790,81785,1874,72,10,,
1664,7140945,306327,2719,94,10,,
1663,2163127,55464,1181,51,10,,
1662,4459976,105561,1338,68,10,,
1661,1896961,83382,819,37,10,,
1660,3667991,306982,2907,105,10,,
1659,2347516,144462,1937,75,10,,
1658,1963927,100714,1417,54,10,,
1657,1832631,46990,831,34,10,,
1656,2500000,88742,1729,64,10,,
1655,1248208,192032,2727,93,10,,
1654,499682,136665,1245,55,10,,
1653,2598975,266561,2839,98,10,,
1652,4639087,285482,2600,95,10,,
1651,2628379,808732,2674,103,10,,
1650,2932661,91495,1251,60,10,,
1649,9608165,335693,1985,86,10,,
1648,6335149,128813,1286,55,10,,
1647,2148724,165286,1607,55,10,,
1646,6873588,106339,1484,69,10,,
1645,2380765,732543,2119,73,10,,
1644,4571277,108195,2007,83,10,,
1643,10384518,200591,2497,82,10,,
1642,7124909,129473,2230,87,10,,
1641,2496220,256022,2500,93,10,,
1640,3229908,66254,795,33,10,,
1639,7063265,177885,2698,95,10,,
1638,4172628,85592,1508,61,10,,
1637,3713908,296053,2817,84,10,,
1636,4541294,174665,2531,85,10,,
1635,3677789,323807,2010,74,10,,
1634,7876249,157877,2666,88,10,,
1633,2491661,766664,2348,92,10,,
1632,1134307,199438,2521,85,10,,
1631,612749,188538,984,37,10,,
1630,1292403,66277,1025,48,10,,
1629,2577090,158590,2932,101,10,,
1628,2275454,127298,2150,81,10,,
1627,1210065,186163,1376,69,10,,
1626,4305528,101905,2019,70,10,,
1625,1222509,83590,1992,73,10,,
1624,5917907,83916,1296,51,10,,
1623,1826971,80306,1115,37,10,,
1622,2405435,278407,2101,71,10,,
1621,2692183,138060,3620,114,10,,
1620,3497114,189998,2785,99,10,,
1619,2054265,52673,1076,45,10,,
1618,1357714,156659,1576,61,10,,
1617,2515874,193528,2360,88,10,,
1616,3530707,202900,2144,80,10,,
1615,2445432,376220,2816,83,10,,
1614,1158038,109636,2401,88,10,,
1613,2557034,131129,2892,92,10,,
1612,1310956,134457,1174,48,10,,
1611,1000055,68379,1042,42,10,,
1610,2062518,90660,1421,57,10,,
1609,2384748,244589,1895,71,10,,
1608,4094077,114519,1405,55,10,,
1607,1289019,66103,1856,80,10,,
1606,7227108,99211,1259,48,10,,
1605,2712999,417384,3260,107,10,,
1604,4607457,83392,2319,79,10,,
1603,1835507,70596,774,30,10,,
1602,1339367,53753,1038,48,10,,
1601,7109502,72177,1391,64,10,,
1600,4294585,88094,1600,60,10,,
1599,543813,35855,537,22,10,,
1598,4091609,157233,2456,85,10,,
1597,10234334,358200,2216,80,10,,
1596,6741884,80297,1470,60,10,,
1595,2305420,101337,1425,55,10,,
1594,2388987,367536,2392,84,10,,
1593,1343432,275575,2034,81,10,,
1592,988373,46786,790,40,10,,
1591,776530,119466,854,45,10,,
1590,2507239,257152,2844,98,10,,
1589,3621561,63753,2290,84,10,,
1588,4135122,70685,1266,48,10,,
1587,17799986,205496,2293,83,10,,
1586,13124951,159340,1627,64,10,,
1585,7946386,109333,2365,87,10,,
1584,4748375,132821,2254,79,10,,
1583,3825042,216889,1255,59,10,,
1582,4830524,82573,1481,63,10,,
1581,2191147,168549,818,40,10,,
1580,4568535,156189,1889,66,10,,
1579,1179870,55851,1334,52,10,,
1578,4197764,191303,2196,102,10,,
1577,2799911,143585,2055,93,10,,
1576,1581582,121660,2146,60,10,,
1575,2859843,146658,2631,101,10,,
1574,1489244,196383,928,44,10,,
1573,5270753,145306,2277,80,10,,
1572,6763528,158082,1895,65,10,,
1571,2139611,82292,1269,44,10,,
1570,4085040,127033,2680,93,10,,
1569,2802899,431215,3028,101,10,,
1568,7290256,120100,2447,79,10,,
1567,2606354,200488,2506,80,10,,
1566,3581481,178989,1880,75,10,,
1565,2509238,193018,1624,61,10,,
1564,956813,245336,2479,90,10,,
1563,2584233,198787,2079,76,10,,
1562,927429,101915,2022,75,10,,
1561,2446436,62729,1823,65,10,,
1560,4581890,176226,2102,74,10,,
1559,5629964,70808,2155,84,10,,
1558,7808023,152720,2230,80,10,,
1557,2844618,175053,3552,109,10,,
1556,3942218,121299,1280,47,10,,
1555,2347103,103169,1367,54,10,,
1554,2278395,175261,1631,63,10,,
1553,2956532,454851,2900,110,10,,
1552,4425001,181247,2864,88,10,,
1551,11220394,86368,2022,74,10,,
1550,7571342,79964,2329,82,10,,
1549,2373619,146068,1748,58,10,,
1548,6722094,131489,1575,64,10,,
1547,8316090,245142,2687,92,10,,
1546,5129232,121401,2778,103,10,,
1545,1151496,70861,1486,58,10,,
1544,791412,50731,946,42,10,,
1543,2255769,77120,1413,50,10,,
1542,772211,109663,1671,69,10,,
1541,2736174,108142,1518,67,10,,
1540,7430054,196122,2507,92,10,,
1539,2330858,89648,1583,58,10,,
1538,2433943,97817,1593,60,10,,
1537,2851121,292422,3426,113,10,,
1536,2497823,109794,2902,103,10,,
1535,2606914,72920,2421,79,10,,
1534,4663612,130450,2607,84,10,,
1533,2259186,99304,1957,59,10,,
1532,2350543,76130,1887,74,10,,
1531,432892,76112,389,23,10,,
1530,1085101,133550,1454,60,10,,
1529,1224476,188380,1580,62,10,,
1528,1460850,134847,1426,59,10,,
1527,2490450,383146,1893,66,10,,
1526,1117779,37181,1650,63,10,,
1525,11178334,153647,1697,65,10,,
1524,7682849,90775,2192,81,10,,
1523,2667504,205192,2772,90,10,,
1522,2430706,128600,2167,84,10,,
1521,2276700,140104,1494,53,10,,
1520,7706631,154269,2584,85,10,,
1519,2692875,276192,2769,94,10,,
1518,3741122,478052,2322,72,10,,
1517,2821228,217017,2279,95,10,,
1516,1519859,194239,2735,90,10,,
1515,2549073,98041,2345,79,10,,
1514,954934,91820,2307,84,10,,
1513,225732,13891,338,20,10,,
1512,2033705,53948,2164,104,10,,
1511,2699515,83061,2520,91,10,,
1510,2347348,160502,2028,85,10,,
1509,3687356,76794,2536,94,10,,
1508,4130129,84720,1302,51,10,,
1507,2293007,100791,1136,50,10,,
1506,1197899,163815,1828,72,10,,
1505,624631,38438,613,29,10,,
1504,4734000,161846,2334,81,10,,
1503,1398697,122962,2232,90,10,,
1502,1482515,273695,1563,61,10,,
1501,5505450,174945,1885,72,10,,
1500,7599457,109486,2591,94,10,,
1499,2262014,348002,1576,50,10,,
1498,4599128,94341,1671,64,10,,
1497,732478,39772,687,37,10,,
1496,880156,193440,1312,57,10,,
1495,1238144,84659,994,54,10,,
1494,4460495,114371,1112,54,10,,
1493,4130980,195156,1283,53,10,,
1492,12084100,70288,1436,55,10,,
1491,7058491,220308,1551,68,10,,
1490,4194487,80663,1371,49,10,,
1489,1298472,159812,2063,74,10,,
1488,1524177,58622,1409,61,10,,
1487,555879,136831,1265,47,10,,
1486,791583,71636,893,39,10,,
1485,2969627,182746,3832,120,10,,
1484,2302668,78723,1719,67,10,,
1483,2348612,144530,1080,50,10,,
1482,1822869,74627,900,48,10,,
1481,2683247,117944,1612,70,10,,
1480,4310939,94745,1512,56,10,,
1479,739121,85283,996,44,10,,
1478,4856214,114939,2311,77,10,,
1477,2566661,87749,1841,67,10,,
1476,4779389,81698,1959,72,10,,
1475,1178108,60415,1344,55,10,,
1474,733644,27528,668,31,10,,
1473,1942838,85399,721,30,10,,
1472,2122675,76838,1444,52,10,,
1471,264490,9924,181,12,10,,
1470,1996431,28705,588,29,10,,
1469,2257533,347312,778,44,10,,
1468,1182714,65335,704,29,10,,
1467,2303805,59071,1280,51,10,,
1466,3913487,231349,3286,112,10,,
1465,2563777,131475,2381,90,10,,
1464,2581567,132388,2789,108,10,,
1463,10257210,251657,1807,66,10,,
1462,6985669,90487,1132,50,10,,
1461,2868480,147101,2677,91,10,,
1460,2507394,308602,2763,97,10,,
1459,2900560,446240,3575,112,10,,
1458,2166793,121219,1414,56,10,,
1457,1408235,123800,2763,93,10,,
1456,2625215,124270,3246,106,10,,
1455,3786303,127127,1369,59,10,,
1454,4680451,240023,2381,74,10,,
1453,850513,22726,315,19,10,,
1452,4883733,166965,2115,76,10,,
1451,2076538,91276,701,34,10,,
1450,844570,56493,1039,45,10,,
1449,5725012,95180,1371,58,10,,
1448,8047337,137591,2498,87,10,,
1447,2681258,412501,2455,87,10,,
1446,3204588,168127,1477,66,10,,
1445,7354212,199604,3057,104,10,,
1444,4110646,114983,1531,54,10,,
1443,2059106,57597,770,37,10,,
1442,4556769,53926,1799,69,10,,
1441,595593,81448,1262,54,10,,
1440,2610240,267716,3270,112,10,,
1439,1434182,294191,2541,115,10,,
1438,2430341,149559,2372,83,10,,
1437,836446,64342,1453,62,10,,
1436,4525058,107101,1638,64,10,,
1435,3681197,866164,3024,106,10,,
1434,5109794,224606,2890,101,10,,
1433,1367427,140248,2516,86,10,,
1432,3817895,265914,2261,87,10,,
1431,2450464,57999,1410,56,10,,
1430,972256,84089,1726,66,10,,
1429,1886585,41463,878,34,10,,
1428,4908817,107886,2252,80,10,,
1427,2223990,18313,507,24,10,,
1426,4588768,83054,2111,70,10,,
1425,2631541,161940,2229,81,10,,
1424,5232847,201263,2977,120,10,,
1423,2612973,80399,2263,79,10,,
1422,7474168,105064,1857,68,10,,
1421,2693745,118406,2063,85,10,,
1420,4593096,128478,2219,70,10,,
1419,2055447,45174,853,36,10,,
1418,1579937,81022,2057,76,10,,
1417,2665282,117155,2298,85,10,,
1416,762709,64003,1822,64,10,,
1415,2473609,69191,1514,64,10,,
1414,2203775,96869,1527,60,10,,
1413,7985672,160406,2081,76,10,,
1412,4857749,373673,2383,88,10,,
1411,2495068,383856,2284,71,10,,
1410,3276391,48800,898,43,10,,
1409,2270554,139726,1212,49,10,,
1408,3262341,150977,1367,52,10,,
1407,2108589,58981,986,40,10,,
1406,2390831,245213,1892,81,10,,
1405,2216540,68201,1190,46,10,,
1404,1885518,520731,2522,82,10,,
1403,2464940,189610,1966,74,10,,
1402,873252,83966,1602,63,10,,
1401,1258763,86069,1445,66,10,,
1400,3906077,193841,1934,74,10,,
1399,2772267,284335,3099,103,10,,
1398,1316462,67510,956,40,10,,
1397,2700948,92340,2036,81,10,,
1396,2213837,48655,1393,56,10,,
1395,2317069,101849,1302,50,10,,
1394,1008444,199936,1569,73,10,,
1393,2869223,147139,2602,93,10,,
1392,7871010,74392,1746,72,10,,
1391,2793752,429807,3105,93,10,,
1390,4863549,213782,1635,74,10,,
1389,1066879,50503,822,38,10,,
1388,4651327,62225,1276,58,10,,
1387,10784075,56723,1313,53,10,,
1386,7281415,140933,1585,66,10,,
1385,2243028,86270,967,44,10,,
1384,2783114,74827,1178,50,10,,
1383,8565434,134081,1948,69,10,,
1382,5515082,282824,2372,111,10,,
1381,2503931,110062,1459,62,10,,
1380,883679,104577,1340,53,10,,
1379,2525485,259024,1904,66,10,,
1378,3951799,264099,2107,72,10,,
1377,2753657,105909,2118,83,10,,
1376,3938641,114916,1792,75,10,,
1375,2648600,135825,1637,70,10,,
1374,5130824,143519,2343,86,10,,
1373,3325788,782538,1925,67,10,,
1372,7769924,101823,1547,60,10,,
1371,2806010,172677,2671,88,10,,
1370,7479590,89696,1397,53,10,,
1369,2815375,216567,2942,93,10,,
1368,8328317,164315,2199,77,10,,
1367,2988068,102156,3122,106,10,,
1366,1396284,101088,2402,115,10,,
1365,2666112,136723,1837,71,10,,
1364,1918926,192384,1752,68,10,,
1363,2673721,205670,1473,68,10,,
1362,4205574,92430,1167,46,10,,
1361,2715451,167104,1788,77,10,,
1360,2543848,195680,1590,69,10,,
1359,1014308,85116,1263,56,10,,
1358,3430704,95963,1773,67,10,,
1357,3336065,171080,1560,67,10,,
1356,350384,29137,490,28,10,,
1355,2674438,205726,2236,80,10,,
1354,2283989,100395,1366,61,10,,
1353,7544200,83481,674,31,10,,
1352,5102377,142723,2535,92,10,,
1351,1093846,39596,836,40,10,,
1350,7649917,218846,2756,107,10,,
1349,1959903,30152,699,29,10,,
1348,2522872,194067,2615,86,10,,
1347,1017166,104324,852,35,10,,
1346,2630225,161860,2614,100,10,,
1345,1558606,96404,1080,47,10,,
1344,4973192,117708,2458,89,10,,
1343,593100,104281,1063,51,10,,
1342,1591090,209814,2211,75,10,,
1341,488366,31635,570,29,10,,
1340,8571844,220629,2828,112,10,,
1339,2835473,174490,3046,97,10,,
1338,1134695,66502,1270,53,10,,
1337,1275972,130868,1924,62,10,,
1336,713924,235542,1506,78,10,,
1335,2494580,76756,1547,60,10,,
1334,8034297,103110,2108,79,10,,
1333,2672551,822323,2015,75,10,,
1332,7527304,78507,1607,63,10,,
1331,2679494,412229,2192,84,10,,
1330,4493783,106361,1603,62,10,,
1329,968782,99362,673,30,10,,
1328,4551108,175042,1815,65,10,,
1327,2297305,64260,1338,51,10,,
1326,737319,170150,1617,57,10,,
1325,448851,19049,555,23,10,,
1324,1925567,83593,1166,56,10,,
1323,2812064,288416,2538,90,10,,
1322,2716570,87170,1111,46,10,,
1321,8483403,99964,3579,119,10,,
1320,4909676,302133,2446,87,10,,
1319,284503,22836,479,22,10,,
1318,2340505,121340,1404,57,10,,
1317,2289219,100625,1206,48,10,,
1316,933042,102532,1349,64,10,,
1315,2561513,131359,1675,66,10,,
1314,1013498,49895,1104,44,10,,
1313,2874098,442168,3390,104,10,,
1312,1218618,124986,602,32,10,,
1311,519729,71074,949,39,10,,
1310,4787932,147320,2240,75,10,,
1309,973952,26058,624,29,10,,
1308,2349055,240928,2039,69,10,,
1307,673106,103554,729,33,10,,
1306,524020,67889,1032,46,10,,
1305,235588,120814,968,56,10,,
1304,859939,71109,671,33,10,,
1303,2950705,226977,2837,101,10,,
1302,3038567,43082,1016,43,10,,
1301,7113562,52786,1175,52,10,,
1300,4368639,103399,1333,55,10,,
1299,2691514,92017,1841,71,10,,
1298,2607873,114631,2526,97,10,,
1297,2640951,203150,2015,76,10,,
1296,1347457,59228,1006,42,10,,
1295,2778125,427403,2618,86,10,,
1294,3980528,397462,2377,84,10,,
1293,2794040,143284,3179,99,10,,
1292,1477059,104879,1077,51,10,,
1291,2123346,43555,881,39,10,,
1290,803201,82379,1675,67,10,,
1289,12464996,184410,2359,88,10,,
1288,8269656,210663,2404,98,10,,
1287,2792417,429602,2165,87,10,,
1286,584068,62509,1133,57,10,,
1285,2401257,82094,1311,52,10,,
1284,4597264,141454,1498,59,10,,
1283,753154,173804,1183,46,10,,
1282,822511,116806,1968,73,10,,
1281,1251781,154065,1420,59,10,,
1280,2367330,72840,1597,61,10,,
1279,2507250,70132,1369,58,10,,
1278,1048419,92168,1046,43,10,,
1277,1188004,56236,1581,54,10,,
1276,5298298,203780,2799,96,10,,
1275,2855067,79862,2170,87,10,,
1274,4807426,82178,1819,64,10,,
1273,1413394,289927,2028,81,10,,
1272,748069,53117,1099,48,10,,
1271,2964163,228012,2556,96,10,,
1270,534848,185139,1373,60,10,,
1269,805120,41288,984,46,10,,
1268,1212400,93261,1261,58,10,,
1267,2631895,134969,1304,58,10,,
1266,3880722,55639,1710,66,10,,
1265,2336642,35948,983,42,10,,
1264,3681300,39546,930,36,10,,
1263,2864200,125898,2266,86,10,,
1262,18992109,143051,2064,70,10,,
1261,11553412,108617,1592,62,10,,
1260,7670330,87830,2209,79,10,,
1259,2246767,76812,772,39,10,,
1258,2332812,119631,1525,62,10,,
1257,649657,266526,2117,65,10,,
1256,4556043,70092,1457,60,10,,
1255,2749929,211533,2123,83,10,,
1254,1106528,59212,1522,55,10,,
1253,548030,67449,789,37,10,,
1252,2305883,177375,1575,58,10,,
1251,2571477,131870,1637,62,10,,
1250,1173613,110925,1887,79,10,,
1249,2807696,143984,2646,97,10,,
1248,1254321,37349,873,34,10,,
1247,785425,65909,1041,44,10,,
1246,7603209,69060,1154,52,10,,
1245,2440940,75105,1401,51,10,,
1244,8194918,158317,2641,91,10,,
1243,2535066,55715,1663,60,10,,
1242,4800414,105503,2088,66,10,,
1241,909414,119922,2384,78,10,,
1240,2053719,37171,1002,38,10,,
1239,724242,83566,889,35,10,,
1238,8829737,58693,996,47,10,,
1237,11173800,102490,1618,65,10,,
1236,7176688,47920,1180,47,10,,
1235,2660170,163702,1990,75,10,,
1234,962302,85072,1538,62,10,,
1233,2721688,93049,2630,82,10,,
1232,4706935,160920,1854,70,10,,
1231,2537555,43377,377,39,10,,
1230,2093275,53673,1137,45,10,,
1229,1298223,61454,1508,60,10,,
1228,2077095,53258,1055,43,10,,
1227,252078,14915,650,39,10,,
1226,1350973,46187,921,39,10,,
1225,1101769,56501,929,40,10,,
1224,716766,58037,549,28,10,,
1223,1291036,113497,1364,55,10,,
1222,2443024,107385,1974,74,10,,
1221,8531595,215558,2818,97,10,,
1220,5028768,103154,1863,73,10,,
1219,2214747,75717,974,41,10,,
1218,1442641,121060,968,45,10,,
1217,3006244,462499,2806,105,10,,
1216,4986272,47944,1993,72,10,,
1215,2727777,139886,2149,77,10,,
1214,3115742,84491,883,40,10,,
1213,2112501,46428,1055,38,10,,
1212,4771402,112932,2282,74,10,,
1211,698095,53699,805,35,10,,
1210,1020728,48318,846,41,10,,
1209,836243,96489,1362,59,10,,
1208,2438155,98381,1099,46,10,,
1207,2838118,174653,2352,95,10,,
1206,5248063,201848,3003,101,10,,
1205,479142,73714,1308,57,10,,
1204,1655605,254708,2236,79,10,,
1203,845147,130022,1212,61,10,,
1202,4920794,94630,1927,77,10,,
1201,891682,137181,2143,75,10,,
1200,347471,40092,849,42,10,,
1199,925940,170942,2450,86,10,,
1198,1633505,167539,1774,71,10,,
1197,1992696,195258,2490,82,10,,
1196,4797831,164028,2176,76,10,,
1195,4018314,123051,1812,60,10,,
1194,5237215,402862,3024,103,10,,
1193,2745415,105592,2227,88,10,,
1192,2482831,143724,1332,52,10,,
1191,2777455,142433,2592,91,10,,
1190,7923399,121404,2584,93,10,,
1189,2399505,67119,1357,57,10,,
1188,683311,57340,914,39,10,,
1187,2557161,131136,2156,72,10,,
1186,1825698,337052,3408,120,10,,
1185,1170140,72008,1041,48,10,,
1184,1146742,128306,1467,60,10,,
1183,1293634,79608,2135,67,10,,
1182,5274577,95467,2857,97,10,,
1181,1263584,155518,1349,61,10,,
1180,2394563,245596,1715,71,10,,
1179,2459554,151357,1324,59,10,,
1178,8372751,344883,2969,104,10,,
1177,2768390,212953,2246,86,10,,
1176,5143775,263783,2322,88,10,,
1175,1199713,147657,868,41,10,,
1174,1128663,92608,1360,54,10,,
1173,679618,139408,2160,74,10,,
1172,2403495,164341,1805,69,10,,
1171,4206341,200706,2232,86,10,,
1170,5151207,176109,2076,85,10,,
1169,2703190,103968,1786,74,10,,
1168,772906,118908,702,33,10,,
1167,2928483,150178,2829,90,10,,
1166,546480,28553,1046,59,10,,
1165,4421533,177608,2036,80,10,,
1164,5379697,150481,3042,93,10,,
1163,9002814,361443,2678,97,10,,
1162,5478737,210720,2993,106,10,,
1161,2561750,394115,1791,63,10,,
1160,8471383,250739,2669,101,10,,
1159,2767055,212850,2226,85,10,,
1158,1173269,206289,1884,62,10,,
1157,2543691,46039,1482,63,10,,
1156,919063,117828,1495,58,10,,
1155,2487503,109340,1499,57,10,,
1154,1006168,30959,677,35,10,,
1153,1289184,113334,1516,61,10,,
1152,5379770,118236,2619,94,10,,
1151,2638211,135292,2327,78,10,,
1150,2482376,110617,1331,54,10,,
1149,2773544,284466,2539,93,10,,
1148,2686952,68896,1568,68,10,,
1147,607539,149548,1433,52,10,,
1146,1372693,55091,785,38,10,,
1145,908711,167762,2097,77,10,,
1144,2192219,168632,1085,47,10,,
1143,6979907,137422,532,24,10,,
1142,4746796,66388,1439,60,10,,
1141,1486961,228763,2697,98,10,,
1140,1154036,142035,1486,53,10,,
1139,4503354,353919,2494,93,10,,
1138,5555990,213691,2775,102,10,,
1137,2543170,86945,1765,60,10,,
1136,8899965,202201,2414,97,10,,
1135,2985577,153106,3021,97,10,,
1134,8495189,126560,2674,89,10,,
1133,2736676,210513,2220,70,10,,
1132,1016840,28443,701,34,10,,
1131,479126,73711,470,25,10,,
1130,5299849,148247,1952,74,10,,
1129,1487099,228784,2234,82,10,,
1128,9355603,118218,1228,61,10,,
1127,11411225,101145,1955,72,10,,
1126,7466551,97150,1689,61,10,,
1125,2414737,53071,1411,53,10,,
1124,1454780,103298,1019,44,10,,
1123,2476003,108835,1376,57,10,,
1122,7500000,125711,2007,72,10,,
1121,1411571,72388,1827,78,10,,
1120,4128683,151197,2289,80,10,,
1119,2852068,146259,2649,88,10,,
1118,2010257,862395,2022,83,10,,
1117,2435457,93671,1334,51,10,,
1116,2462462,216480,1770,69,10,,
1115,669219,823654,2042,71,10,,
1114,2436040,62462,1212,60,10,,
1113,2697814,118585,2275,70,10,,
1112,5433861,208994,2580,95,10,,
1111,2288962,41429,672,35,10,,
1110,8584352,117797,3108,112,10,,
1109,2458865,378287,1386,52,10,,
1108,2254572,118704,684,33,10,,
1107,2520044,193849,1648,58,10,,
1106,1110466,136672,1324,51,10,,
1105,11544846,142839,1007,43,10,,
1104,8295258,558077,2790,89,10,,
1103,2853999,292717,2982,99,10,,
1102,1589969,244610,1747,66,10,,
1101,1369847,168596,2394,85,10,,
1100,615193,73612,806,41,10,,
1099,768822,44355,830,42,10,,
1098,8036203,105963,1764,67,10,,
1097,2870470,294407,2816,95,10,,
1096,1472321,86110,1085,50,10,,
1095,2603997,200307,1001,57,10,,
1094,5526247,188931,2767,101,10,,
1093,650559,200172,1881,66,10,,
1092,2637301,170131,1793,72,10,,
1091,2382622,104730,1228,49,10,,
1090,18051588,84643,1091,40,10,,
1089,3051588,234737,3155,108,10,,
1088,480025,38116,493,28,10,,
1087,2924309,99976,2743,91,10,,
1086,17677966,154026,1733,62,10,,
1085,2677966,91554,1619,62,10,,
1084,4095381,117345,1611,67,10,,
1083,2851543,146233,1986,78,10,,
1082,1023801,90004,829,35,10,,
1081,2709955,119118,1708,67,10,,
1080,2905372,137532,2725,98,10,,
1079,4420840,224353,2696,99,10,,
1078,5195933,114196,2039,78,10,,
1077,2470696,253404,1212,50,10,,
1076,1184289,53984,994,48,10,,
1075,1290203,66164,950,49,10,,
1074,4198916,58726,1097,43,10,,
1073,2667773,102606,1845,63,10,,
1072,1491257,105888,1475,49,10,,
1071,681025,104773,1631,65,10,,
1070,390591,29312,554,28,10,,
1069,2523614,110928,1231,50,10,,
1068,2532137,65720,1138,44,10,,
1067,2897385,178300,2274,79,10,,
1066,3570063,151819,1053,49,10,,
1065,8852697,211974,2268,85,10,,
1064,5408113,110935,2295,85,10,,
1063,1327182,272242,1695,61,10,,
1062,1291901,63601,1384,63,10,,
1061,1265098,35387,1071,47,10,,
1060,2801535,215502,2693,90,10,,
1059,812931,250132,1328,47,10,,
1058,2562460,66153,866,41,10,,
1057,2742423,281274,1533,64,10,,
1056,2550102,160047,1727,58,10,,
1055,2448775,94183,1210,45,10,,
1054,1623367,107035,1194,51,10,,
1053,2778772,213751,1943,64,10,,
1052,1173072,85939,2088,88,10,,
1051,2781195,122250,2114,66,10,,
1050,763392,52197,770,34,10,,
1049,2593004,61372,1389,51,10,,
1048,3000000,81631,1317,49,10,,
1047,2746827,32506,1288,54,10,,
1046,5601968,90720,1715,64,10,,
1045,2192470,48186,735,32,10,,
1044,15000000,152900,1682,60,10,,
1043,2481932,58743,1363,47,10,,
1042,530969,39606,681,36,10,,
1041,691252,79759,762,30,10,,
1040,5382733,97425,2424,84,10,,
1039,341758,90134,544,26,10,,
1038,815430,136855,1325,55,10,,
1037,2893361,148377,1360,65,10,,
1036,4462150,56911,2038,73,10,,
1035,3190447,245419,2289,97,10,,
1034,4528016,51601,1168,45,10,,
1033,2666676,91168,1477,55,10,,
1032,1792430,206818,1876,75,10,,
1031,980499,129296,1469,69,10,,
1030,4459670,118149,2382,77,10,,
1029,3159573,121522,2839,96,10,,
1028,5269472,180152,2014,72,10,,
1027,2794039,143284,1791,65,10,,
1026,1831492,88979,2096,81,10,,
1025,2610832,200833,1598,52,10,,
1024,867454,78502,942,41,10,,
1023,2226114,114159,1034,35,10,,
1022,5254612,80840,1754,65,10,,
1021,2811493,216268,1278,57,10,,
1020,2767607,243306,2793,88,10,,
1019,1628360,501034,2968,98,10,,
1018,2006940,69215,983,44,10,,
1017,3078821,157888,2530,86,10,,
1016,2634670,108089,1499,68,10,,
1015,3108523,239117,2874,87,10,,
1014,5476246,187222,2064,78,10,,
1013,2907275,59636,1961,72,10,,
1012,2039506,313770,3512,119,10,,
1011,2883775,52195,1579,65,10,,
1010,774505,68576,801,43,10,,
1009,3393435,116014,2242,103,10,,
1008,1481086,113929,1035,43,10,,
1007,2372684,66368,703,33,10,,
1006,2704534,92462,1867,72,10,,
1005,3074019,472926,1785,73,10,,
1004,2209932,104612,1091,40,10,,
1003,4568284,203568,2238,91,10,,
1002,5166989,144531,1531,57,10,,
1001,1440772,63330,1625,65,10,,
1000,18268465,49048,1049,48,10,,
999,3268465,251420,2686,87,10,,
998,8536431,234547,1739,62,10,,
997,3200470,109417,2586,88,10,,
996,15000000,184515,2059,77,10,,
995,9476995,114579,1461,63,10,,
994,5753161,147516,2329,88,10,,
993,1183917,38345,728,34,10,,
992,15000000,100983,1490,65,10,,
991,4393710,40909,1247,57,10,,
990,5330569,234310,2389,80,10,,
989,9001406,99141,1822,62,10,,
988,5457082,209887,2725,84,10,,
987,2982281,70586,2369,77,10,,
986,980846,79420,1319,52,10,,
985,1235180,36195,1123,43,10,,
984,4535773,122479,2122,80,10,,
983,3100673,95405,1602,78,10,,
982,1930787,178226,2602,94,10,,
981,1258381,70398,1117,42,10,,
980,5140514,75318,1240,57,10,,
979,3003035,53888,969,40,10,,
978,5856652,180204,2607,94,10,,
977,1133185,116224,2122,112,10,,
976,3045705,266375,1975,77,10,,
975,3077074,135256,2005,81,10,,
974,684008,70154,1024,47,10,,
973,3177338,122205,2136,84,10,,
972,9995614,169638,2931,102,10,,
971,3379709,148558,3080,109,10,,
970,9420864,141022,2090,75,10,,
969,3462677,177573,3346,124,10,,
968,2613151,84636,1754,57,10,,
967,3964330,330043,1002,44,10,,
966,8675071,116284,2056,71,10,,
965,3006219,102776,2398,76,10,,
964,5278446,47768,1658,63,10,,
963,1212459,186532,959,39,10,,
962,9231428,164633,2084,72,10,,
961,3345767,257366,2846,99,10,,
960,5282794,67728,1707,62,10,,
959,960695,59119,1639,59,10,,
958,5011091,107055,2416,87,10,,
957,3411489,174948,3231,112,10,,
956,8821256,73206,1468,60,10,,
955,2873196,98228,1501,56,10,,
954,8874475,230640,1928,72,10,,
953,2877813,88548,1604,57,10,,
952,1779010,136846,1696,61,10,,
951,714075,73238,1020,49,10,,
950,5122412,105075,1242,51,10,,
949,2919576,49907,1129,52,10,,
948,3000000,65016,1098,51,10,,
947,14446469,186194,2310,84,10,,
946,9605416,111355,2654,88,10,,
945,3091100,135872,2803,82,10,,
944,3000000,77112,767,34,10,,
943,2860767,220059,1590,59,10,,
942,3987470,61111,945,39,10,,
941,3208255,141022,2528,84,10,,
940,5000000,228547,2412,93,10,,
939,2850217,292330,1509,56,10,,
938,1117972,85997,664,36,10,,
937,2297577,37207,528,30,10,,
936,1313812,32777,710,29,10,,
935,1556970,319378,2177,86,10,,
934,5629507,133242,2460,83,10,,
933,721083,63391,1487,57,10,,
932,1705629,87468,1542,61,10,,
931,935110,61655,1014,49,10,,
930,2132869,95051,1390,55,10,,
929,2970938,182826,1665,62,10,,
928,2149267,55504,1081,42,10,,
927,3365816,258908,2548,95,10,,
926,2608128,240750,2871,100,10,,
925,3374280,207648,2616,99,10,,
924,2271988,99867,1210,44,10,,
923,1584942,162558,2124,82,10,,
922,1489319,122200,2885,106,10,,
921,2683389,48568,1217,46,10,,
920,2069730,191052,3253,117,10,,
919,3910576,61373,981,36,10,,
918,4829180,114300,915,48,10,,
917,1247863,95989,857,38,10,,
916,5372481,413267,1953,71,10,,
915,1551010,238617,1491,68,10,,
914,8834078,80467,1446,55,10,,
913,3342179,114262,3347,96,10,,
912,2203479,96856,984,39,10,,
911,275033,19911,347,23,10,,
910,2399952,92305,1074,47,10,,
909,1108658,170562,2236,90,10,,
908,2353332,80455,1200,48,10,,
907,3293591,144773,2513,89,10,,
906,1263778,119647,1504,57,10,,
905,2213141,73798,1675,59,10,,
904,5254874,202110,2041,67,10,,
903,2889926,63514,1543,56,10,,
902,6119707,188298,3033,108,10,,
901,3206315,89687,1693,78,10,,
900,5195460,177622,1333,57,10,,
899,1045860,22193,501,24,10,,
898,2684767,118011,1364,61,10,,
897,2852742,125395,1428,52,10,,
896,15000000,117233,2406,97,10,,
895,1544148,79187,1922,66,10,,
894,2448478,75337,1267,48,10,,
893,20100472,156937,1773,69,10,,
892,15000000,142585,1840,74,10,,
891,1259073,110687,1098,40,10,,
890,2248311,67292,1876,68,10,,
889,3088370,105585,1993,68,10,,
888,7532447,218086,1788,65,10,,
887,8685858,157794,1491,58,10,,
886,5096035,82526,1428,56,10,,
885,3163361,139048,2014,80,10,,
884,2716963,69665,2037,71,10,,
883,2714938,172033,1929,75,10,,
882,4231059,72325,824,34,10,,
881,3187556,108976,2575,88,10,,
880,3693086,62910,1088,49,10,,
879,13162305,117324,1383,57,10,,
878,8967950,164428,2666,86,10,,
877,3089641,135808,2137,85,10,,
876,1920042,118156,3043,97,10,,
875,2737608,140390,1576,55,10,,
874,1005820,77370,1588,55,10,,
873,1539612,236863,1510,75,10,,
872,2386386,77291,1145,45,10,,
871,3266159,167495,2196,83,10,,
870,2825320,150636,1590,50,10,,
869,3090718,475495,2056,69,10,,
868,2778609,100583,2298,77,10,,
867,14262546,218154,1736,64,10,,
866,10008535,205569,3196,116,10,,
865,3327529,341285,2806,90,10,,
864,2150862,33938,784,34,10,,
863,2289919,46972,827,31,10,,
862,4316624,206828,1789,78,10,,
861,2583503,132487,962,41,10,,
860,5935128,304365,2305,91,10,,
859,1568212,193010,1855,72,10,,
858,2539881,97687,1373,51,10,,
857,1575311,193884,1611,65,10,,
856,2966481,165957,2412,88,10,,
855,7190550,130592,2061,84,10,,
854,9287990,110203,1709,68,10,,
853,3199260,98438,1809,76,10,,
852,2485736,84982,1414,49,10,,
851,793532,40693,555,29,10,,
850,8556173,59728,1682,65,10,,
849,9929961,328983,2499,89,10,,
848,5653182,115962,2332,84,10,,
847,1018064,187950,1604,65,10,,
846,2216843,34979,759,34,10,,
845,9022523,133111,1363,52,10,,
844,5561629,155570,1689,67,10,,
843,1458411,74790,1292,54,10,,
842,8485162,141532,1321,52,10,,
841,2965376,91242,1504,59,10,,
840,2868256,117672,1713,75,10,,
839,9382496,102664,1370,51,10,,
838,5712245,125543,2739,99,10,,
837,3511440,360147,1651,72,10,,
836,612958,94301,1215,58,10,,
835,1839979,102935,1887,69,10,,
834,961451,147915,2149,78,10,,
833,4401282,1236135,1751,67,10,,
832,4785123,66924,1296,50,10,,
831,2329779,152110,1709,77,10,,
830,9035085,99799,1945,65,10,,
829,3196797,245907,2899,90,10,,
828,9278215,226555,2216,74,10,,
827,3387775,208478,3193,85,10,,
826,8430602,48840,1344,51,10,,
825,3033716,186690,2493,86,10,,
824,5882520,226250,3107,98,10,,
823,333848,17537,620,32,10,,
822,2840140,116518,2068,77,10,,
821,2778211,106854,1571,58,10,,
820,5308755,90747,1544,63,10,,
819,2585618,61198,1143,45,10,,
818,1747728,89627,1573,61,10,,
817,748596,102372,1678,65,10,,
816,963129,185217,968,45,10,,
815,1406411,57698,1158,52,10,,
814,2560776,121220,1251,53,10,,
813,4504230,77474,1509,52,10,,
812,5483350,45599,1534,64,10,,
811,3035651,101251,1540,56,10,,
810,5487229,211047,2221,73,10,,
809,4694529,120136,1726,78,10,,
808,5484618,187508,1448,62,10,,
807,1113653,85665,585,28,10,,
806,2279990,60014,1198,48,10,,
805,3239918,249224,1990,81,10,,
804,1904554,251150,2647,86,10,,
803,3269422,91452,2153,88,10,,
802,1343304,87015,1617,57,10,,
801,3247501,63902,1231,49,10,,
800,9044004,161558,1297,61,10,,
799,3268287,201125,2936,92,10,,
798,5264099,85248,1871,66,10,,
797,632315,55588,1123,39,10,,
796,8481693,210686,1384,54,10,,
795,3003835,115532,1627,67,10,,
794,4771780,122607,2241,86,10,,
793,3167948,243688,1760,73,10,,
792,1975529,202618,1826,78,10,,
791,956419,46465,1142,52,10,,
790,4231736,101500,1343,53,10,,
789,2855572,97626,1546,56,10,,
788,4500000,139855,1332,46,10,,
787,2932576,300777,1937,63,10,,
786,8283740,82033,1177,45,10,,
785,2951588,82561,1298,58,10,,
784,1875000,124095,1268,54,10,,
783,2225601,28533,598,28,10,,
782,2371361,179137,2932,93,10,,
781,3081265,158013,1828,71,10,,
780,2500000,92794,1315,63,10,,
779,3154131,107833,2189,78,10,,
778,625483,13207,796,38,10,,
777,3146115,322678,2130,80,10,,
776,541679,55556,709,34,10,,
775,4287464,75169,1036,44,10,,
774,5399005,184581,1827,67,10,,
773,3168574,194989,2528,86,10,,
772,1049415,124191,1072,54,10,,
771,504904,29875,919,41,10,,
770,553689,170365,905,45,10,,
769,2925211,81824,1532,61,10,,
768,5438971,167352,2211,71,10,,
767,1140850,95735,1930,89,10,,
766,775214,49108,1667,62,10,,
765,1487537,53847,1550,62,10,,
764,5557016,170985,1881,68,10,,
763,3333334,240416,937,43,10,,
762,1705870,47716,1271,52,10,,
761,1440143,59082,1538,58,10,,
760,3089944,173509,1984,73,10,,
759,3066872,47182,1755,69,10,,
758,1250241,54955,931,46,10,,
757,3496245,537883,2813,104,10,,
756,3077195,216660,1919,83,10,,
755,2894265,127220,1646,58,10,,
754,1860193,68684,2032,64,10,,
753,3442756,132413,2853,98,10,,
752,5646642,124102,2193,77,10,,
751,579701,178369,1156,51,10,,
750,4722532,188323,2229,76,10,,
749,3324556,113660,2430,88,10,,
748,1318643,95467,1438,59,10,,
747,2719964,167382,985,45,10,,
746,3025134,169238,2562,92,10,,
745,3176617,488710,2151,76,10,,
744,1170988,105971,1830,72,10,,
743,10198792,89970,2066,76,10,,
742,6105119,125233,2461,85,10,,
741,1647306,253431,2320,81,10,,
740,1969022,227194,2381,80,10,,
739,1524969,312814,1194,58,10,,
738,3037927,124632,1713,78,10,,
737,3343256,128586,2582,84,10,,
736,1900095,125281,1514,64,10,,
735,557774,93612,1321,79,10,,
734,10109782,213116,3104,97,10,,
733,3183487,195906,1811,70,10,,
732,3114722,159729,3169,107,10,,
731,1108476,102320,1390,50,10,,
730,9083937,109776,1715,62,10,,
729,3018790,185771,1644,63,10,,
728,4849284,182796,2856,89,10,,
727,3163600,121676,2376,76,10,,
726,6195673,173305,2898,95,10,,
725,1505203,132325,1556,59,10,,
724,1971095,227434,2330,78,10,,
723,1732913,152344,2306,86,10,,
722,2209089,50274,861,39,10,,
721,3444405,105981,1850,91,10,,
720,2183513,403110,3413,111,10,,
719,534771,117532,774,35,10,,
718,2669310,182516,1503,55,10,,
717,3180880,75287,1820,64,10,,
716,9736131,67497,1379,58,10,,
715,3593850,368600,2408,95,10,,
714,5678712,158845,1560,62,10,,
713,5177425,213830,2486,85,10,,
712,9972677,129565,3183,90,10,,
711,3235260,142209,1777,66,10,,
710,6569034,202124,3198,111,10,,
709,2076385,36605,854,39,10,,
708,6693924,121157,3469,125,10,,
707,8919798,156319,1998,67,10,,
706,4855501,74700,984,42,10,,
705,3331512,205016,2040,74,10,,
704,395540,27321,563,28,10,,
703,7500000,76434,955,43,10,,
702,2928214,77217,1231,47,10,,
701,3263625,83682,1961,72,10,,
700,2668819,102646,1273,51,10,,
699,3188600,65407,1684,67,10,,
698,1911881,60855,1614,64,10,,
697,1446954,68494,1656,56,10,,
696,1859900,107301,1239,56,10,,
695,2054525,166991,1215,53,10,,
694,6473575,248983,3429,111,10,,
693,1499078,115313,1231,55,10,,
692,4932599,86100,1596,57,10,,
691,3050304,938555,1788,61,10,,
690,5461495,152769,1142,53,10,,
689,9796682,130591,1440,55,10,,
688,5976877,167185,2654,84,10,,
687,1456675,74701,815,45,10,,
686,3013767,154552,2187,75,10,,
685,5082914,163171,2371,85,10,,
684,5923360,202508,2470,81,10,,
683,1544347,118795,1645,59,10,,
682,3513911,166338,3537,119,10,,
681,2730112,56002,802,38,10,,
680,1284612,282332,2005,74,10,,
679,1038997,79922,1674,62,10,,
678,7500000,251140,2283,70,10,,
677,3614444,111213,2983,92,10,,
676,5566359,342545,1198,47,10,,
675,1849375,87544,2915,95,10,,
674,6321292,194501,2226,77,10,,
673,2823827,78988,1432,51,10,,
672,711607,27369,976,51,10,,
671,3462775,1065469,1404,70,10,,
670,1098199,84476,1118,44,10,,
669,3367911,172713,1335,63,10,,
668,2141915,114617,2426,89,10,,
667,1655264,67908,1340,54,10,,
666,2406221,317303,2904,105,10,,
665,3716227,163350,2579,85,10,,
664,5014594,68054,1619,62,10,,
663,3393830,69617,1726,59,10,,
662,5737443,45265,1156,46,10,,
661,1035865,53121,913,43,10,,
660,435925,69981,453,30,10,,
659,1127690,115660,1200,55,10,,
658,6431042,247347,1917,69,10,,
657,879229,135266,1252,61,10,,
656,3459386,88702,2468,85,10,,
655,1109309,146282,1311,54,10,,
654,1345761,172533,1408,65,10,,
653,3670990,376511,1913,73,10,,
652,3280113,224281,2081,67,10,,
651,1097849,48257,854,45,10,,
650,6954473,194530,2547,85,10,,
649,1538665,94687,776,38,10,,
648,2905346,140032,2063,74,10,,
647,3884590,239051,2649,84,10,,
646,1561567,80080,1052,50,10,,
645,822407,67479,980,45,10,,
644,5609430,104097,1409,52,10,,
643,4114217,180844,2776,101,10,,
642,1406167,144222,2261,82,10,,
641,567388,41566,729,32,10,,
640,2857143,81646,1297,62,10,,
639,4128013,141128,2504,99,10,,
638,1838268,150832,2693,93,10,,
637,216650,4114,362,33,10,,
636,6469676,73728,1757,66,10,,
635,655116,335957,1306,48,10,,
634,3094212,48823,1230,45,10,,
633,1741485,119075,1381,52,10,,
632,1140630,175481,781,40,10,,
631,4192368,257991,2196,97,10,,
630,3456768,193385,1708,71,10,,
629,16627894,99469,1718,67,10,,
628,10808913,109985,2510,85,10,,
627,3302369,203222,1846,65,10,,
626,1483169,76059,1146,45,10,,
625,3649107,160400,1881,69,10,,
624,2019655,74571,986,49,10,,
623,405953,38015,585,29,10,,
622,2415049,139329,2820,92,10,,
621,345258,53116,567,30,10,,
620,1115553,68649,1416,63,10,,
619,3703856,113964,2029,69,10,,
618,2216029,127847,2291,72,10,,
617,1841473,62956,1731,69,10,,
616,3530184,271552,2124,75,10,,
615,1473103,249443,1408,61,10,,
614,6920676,532359,2402,80,10,,
613,943161,165830,1253,73,10,,
612,10000000,127098,2989,97,10,,
611,3643688,373711,1863,69,10,,
610,6346060,177512,2000,62,10,,
609,1993864,153374,2729,103,10,,
608,957667,42095,832,39,10,,
607,6170472,540622,2324,90,10,,
606,7069873,271918,3191,90,10,,
605,3581694,122451,933,58,10,,
604,1240917,136130,763,38,10,,
603,3733417,229748,1977,75,10,,
602,5393488,48809,630,32,10,,
601,6117805,101781,2105,67,10,,
600,7604531,292481,3131,117,10,,
599,3409321,104902,1473,58,10,,
598,5858764,85864,1622,60,10,,
597,3435053,176156,1840,66,10,,
596,1643704,51872,1353,59,10,,
595,1821604,186831,2327,76,10,,
594,3601068,241910,2478,89,10,,
593,2941103,113119,1133,42,10,,
592,2334736,143676,2290,85,10,,
591,1771936,136302,1325,56,10,,
590,594246,140650,1264,50,10,,
589,1760199,120355,1631,65,10,,
588,11925057,120326,2629,88,10,,
587,4103819,180387,3571,117,10,,
586,694750,19951,392,25,10,,
585,1784043,182978,1657,69,10,,
584,6530710,125590,1374,64,10,,
583,3530702,120707,1777,65,10,,
582,438784,76310,265,28,10,,
581,4037220,310555,2449,92,10,,
580,1338068,60828,764,32,10,,
579,3435728,117460,1405,55,10,,
578,7573460,211845,3272,114,10,,
577,1829065,225115,1580,65,10,,
576,3644131,186878,2203,82,10,,
575,8855600,110874,2541,84,10,,
574,10864712,116316,1894,66,10,,
573,3682177,377659,2299,79,10,,
572,11157490,154250,1994,73,10,,
571,3637779,159902,2119,74,10,,
570,2217764,204716,1569,63,10,,
569,3911229,200575,3095,100,10,,
568,352886,46534,514,30,10,,
567,822207,91995,899,50,10,,
566,2251187,173168,1341,64,10,,
565,1650807,48375,1207,53,10,,
564,6704396,515722,1657,65,10,,
563,1888943,193737,2632,84,10,,
562,4096277,315098,3380,107,10,,
561,1631907,143464,1018,46,10,,
560,3814026,213372,2910,95,10,,
559,3309314,127281,1314,49,10,,
558,5690577,75757,1691,64,10,,
557,3748592,230682,1922,75,10,,
556,3022846,217437,1744,70,10,,
555,4318003,110718,3110,126,10,,
554,3495307,74170,1994,72,10,,
553,3704201,162822,2171,73,10,,
552,5460505,73462,1611,59,10,,
551,3519685,360993,1735,61,10,,
550,11758561,54519,1525,56,10,,
549,4316603,664092,4171,135,10,,
548,5000000,223665,2156,74,10,,
547,834668,342428,1193,49,10,,
546,3702577,284813,2697,93,10,,
545,3684607,161960,2228,79,10,,
544,1345576,138007,1791,63,10,,
543,1868214,63870,1425,66,10,,
542,830568,102223,1336,58,10,,
541,567052,41542,795,34,10,,
540,1304130,87232,1458,58,10,,
539,3506834,49046,1304,55,10,,
538,7704670,148166,2795,101,10,,
537,4934298,93493,1294,47,10,,
536,5614637,69103,1029,39,10,,
535,4027455,123921,3281,102,10,,
534,2316156,90866,1228,56,10,,
533,4197871,184521,3420,118,10,,
532,7343612,150638,2422,80,10,,
531,3477414,152853,1719,60,10,,
530,2357785,90684,1840,72,10,,
529,1963348,172602,1916,78,10,,
528,6666667,67422,1459,63,10,,
527,1121109,172478,1171,51,10,,
526,3779162,178895,2274,90,10,,
525,767903,118139,742,42,10,,
524,3379718,103991,1504,57,10,,
523,1260549,232716,2416,75,10,,
522,2355057,117464,1687,61,10,,
521,4140123,318471,3236,99,10,,
520,5841699,158273,2633,92,10,,
519,3453166,177085,1386,54,10,,
518,3458630,118243,2519,76,10,,
517,1515154,77700,781,35,10,,
516,3550424,218487,1226,56,10,,
515,3261937,143381,1249,45,10,,
514,3789066,211975,2938,100,10,,
513,1129528,94785,1007,45,10,,
512,1409945,45666,788,34,10,,
511,1790952,68882,1385,54,10,,
510,3757947,105117,2412,84,10,,
509,597115,31677,642,30,10,,
508,625000,37120,407,27,10,,
507,3869948,238150,1722,64,10,,
506,11375130,78786,1564,61,10,,
505,3437398,117517,1319,48,10,,
504,2035299,85397,1232,44,10,,
503,1132204,49767,1124,45,10,,
502,3552263,145733,2457,75,10,,
501,3852251,53877,1649,66,10,,
500,2440578,112642,1530,69,10,,
499,2149426,188960,3131,104,10,,
498,3860394,119131,1522,61,10,,
497,3837663,131202,1654,66,10,,
496,1508903,136552,2139,81,10,,
495,4218266,216321,3589,102,10,,
494,20000000,202159,2628,81,10,,
493,2213083,340474,3106,109,10,,
492,3691268,162253,2663,84,10,,
491,3011065,51471,504,28,10,,
490,3657420,140670,2530,75,10,,
489,858629,132096,2255,89,10,,
488,2516345,165912,1959,76,10,,
487,13667156,270765,2729,101,10,,
486,7507235,76997,1820,73,10,,
485,4236992,162961,2238,84,10,,
484,1658320,196250,3308,111,10,,
483,4405206,225908,2871,101,10,,
482,13861061,477129,3872,124,10,,
481,4557029,350540,2679,105,10,,
480,4420958,277037,2477,104,10,,
479,4259148,218417,3384,98,10,,
478,4384106,278531,3634,117,10,,
477,4100047,157694,1736,77,10,,
476,1887001,145153,3298,97,10,,
475,13852529,121750,1568,64,10,,
474,8312898,150459,3323,117,10,,
473,1653375,70035,676,33,10,,
472,7248915,131202,1914,75,10,,
471,3844344,118287,1621,67,10,,
470,7033499,180346,1779,64,10,,
469,4190283,214886,2419,83,10,,
468,3681058,174251,2837,92,10,,
467,1668340,146667,1082,45,10,,
466,7840923,141917,2839,105,10,,
465,1230129,75700,1689,60,10,,
464,3613545,58518,1863,68,10,,
463,3563374,274105,1398,53,10,,
462,1845433,378550,2125,76,10,,
461,4225710,325054,2184,82,10,,
460,1670691,27538,446,22,10,,
459,4976681,79209,1751,61,10,,
458,12956058,183788,3345,106,10,,
457,3996369,87832,1455,66,10,,
456,8030633,190074,3566,112,10,,
455,3974333,111170,2099,68,10,,
454,3351326,187486,1451,54,10,,
453,1173498,51582,1090,47,10,,
452,8890009,160905,3773,129,10,,
451,709743,28178,582,26,10,,
450,10000000,217289,2295,85,10,,
449,1875000,27138,706,35,10,,
448,3425000,229698,3623,114,10,,
447,3717385,163401,2002,61,10,,
446,1029345,43148,717,35,10,,
445,3562243,73071,1585,54,10,,
444,4101552,168660,2352,78,10,,
443,4082440,50245,1598,72,10,,
442,1618357,73771,1183,45,10,,
441,2078381,67440,1072,45,10,,
440,7648327,147083,2553,84,10,,
439,4094127,157466,1920,77,10,,
438,3328225,58518,1373,50,10,,
437,518355,106329,564,30,10,,
436,2256602,104150,1627,53,10,,
435,2085100,427712,2755,90,10,,
434,7722697,297026,1865,76,10,,
433,1629779,83578,1077,40,10,,
432,759240,155741,894,39,10,,
431,7250009,106777,1384,58,10,,
430,8947604,119700,3380,130,10,,
429,4358085,446983,2870,97,10,,
428,798238,26863,700,28,10,,
427,1898686,68730,1195,54,10,,
426,7649520,196141,2192,79,10,,
425,1507221,231880,3813,108,10,,
424,1917412,138817,2198,70,10,,
423,3394909,76825,682,32,10,,
422,23313361,150359,2361,84,10,,
421,3313361,113277,1617,54,10,,
420,1170389,31044,914,39,10,,
419,4268328,119393,2830,96,10,,
418,4317037,442597,2803,84,10,,
417,4320468,166171,2663,111,10,,
416,715422,47595,831,35,10,,
415,1206594,31822,1710,64,10,,
414,5451939,107688,1391,57,10,,
413,3204154,164315,1297,46,10,,
412,3885603,159409,1966,78,10,,
411,2086339,320975,2424,98,10,,
410,8252958,230851,2824,100,10,,
409,3870801,238203,2033,78,10,,
408,5000000,98538,1627,59,10,,
407,3874853,99355,2411,78,10,,
406,6240358,76804,1276,45,10,,
405,1644192,101181,934,42,10,,
404,1968546,96913,1890,78,10,,
403,3988576,111568,2160,81,10,,
402,3270282,182952,1108,45,10,,
401,782534,56654,733,36,10,,
400,2285582,84390,1365,53,10,,
399,589823,37809,439,27,10,,
398,1650050,114034,1108,58,10,,
397,3396881,61482,1701,54,10,,
396,679053,69646,1045,58,10,,
395,1717632,39148,977,46,10,,
394,7173623,367878,1261,59,10,,
393,1839223,188638,2267,63,10,,
392,5000000,200782,2746,92,10,,
391,1182488,27987,883,45,10,,
390,2500000,81303,609,29,10,,
389,1888730,105663,1758,68,10,,
388,3333334,216793,1776,66,10,,
387,1174183,90321,1256,53,10,,
386,625000,23781,501,29,10,,
385,805099,76222,728,36,10,,
384,6862953,124216,1445,52,10,,
383,2043839,179678,1723,75,10,,
382,6412050,159063,3012,94,10,,
381,4035865,137978,2425,82,10,,
380,1150973,36839,749,39,10,,
379,4326078,166387,2521,98,10,,
378,6426302,85970,1088,45,10,,
377,1717743,96097,1525,55,10,,
376,4027228,225299,2939,100,10,,
375,4270241,187702,2701,104,10,,
374,3789911,111059,1833,73,10,,
373,2047618,180010,2678,89,10,,
372,3333334,205709,1439,59,10,,
371,2819921,1327021,2910,98,10,,
370,1295264,51095,1140,47,10,,
369,794435,87300,2448,87,10,,
368,984033,64881,540,31,10,,
367,1915492,130973,1479,64,10,,
366,152431,165961,1611,60,10,,
365,485565,116203,753,42,10,,
364,2564693,94696,2470,82,10,,
363,2017769,137967,2657,82,10,,
362,2478953,147715,1696,65,10,,
361,4233498,217102,2741,93,10,,
360,8169785,359111,2398,84,10,,
359,1914082,84135,1478,59,10,,
358,3537306,61299,871,33,10,,
357,4236783,217270,2094,81,10,,
356,1857330,175841,1632,60,10,,
355,1852544,228005,1319,53,10,,
354,1379096,68441,1052,43,10,,
353,1291104,170255,1483,58,10,,
352,1575878,93247,1605,63,10,,
351,392465,74312,730,33,10,,
350,2500000,118105,1741,68,10,,
349,4381725,149802,2641,92,10,,
348,1539217,98667,1687,66,10,,
347,628457,165747,973,48,10,,
346,8185387,209881,2121,82,10,,
345,507371,72052,615,29,10,,
344,4041107,191295,2100,76,10,,
343,4074606,89551,1954,74,10,,
342,6775713,67252,1392,48,10,,
341,892449,54919,756,40,10,,
340,3837894,102686,1477,60,10,,
339,1464196,122869,2171,83,10,,
338,4474239,173312,2095,73,10,,
337,4410472,271413,2292,87,10,,
336,1475972,119511,1689,58,10,,
335,1038923,255734,1689,62,10,,
334,2773403,150592,2027,75,10,,
333,7137522,189367,2842,105,10,,
332,7505165,177637,1580,61,10,,
331,1268912,48804,1216,53,10,,
330,548691,33765,526,28,10,,
329,1396407,161123,1561,55,10,,
328,8198811,280301,2159,82,10,,
327,2308071,355087,2782,103,10,,
326,1639450,74183,1878,70,10,,
325,2099218,117438,1473,66,10,,
324,1234612,91171,1269,47,10,,
323,791944,50765,1281,56,10,,
322,7868414,201754,1673,60,10,,
321,3486888,44703,786,37,10,,
320,4087882,89843,2441,76,10,,
319,846757,65135,1648,67,10,,
318,4450917,171189,2113,89,10,,
317,1913864,98146,1293,52,10,,
316,9305051,178943,3536,117,10,,
315,1443163,121104,1570,66,10,,
314,7724025,216056,1766,69,10,,
313,1030840,74630,1054,52,10,,
312,2372249,91422,1130,41,10,,
311,4136006,90901,2259,74,10,,
310,9110738,200236,3680,113,10,,
309,2344445,240455,2504,109,10,,
308,3627226,106292,1462,51,10,,
307,943617,77425,999,47,10,,
306,14003369,211509,2322,84,10,,
305,4379707,673801,2499,84,10,,
304,3125000,120267,1153,45,10,,
303,2102691,143773,1889,72,10,,
302,3086921,45229,880,33,10,,
301,856648,87861,768,37,10,,
300,1805652,92597,1436,48,10,,
299,3153555,35937,678,31,10,,
298,2013869,74358,782,31,10,,
297,1276255,196346,1366,55,10,,
296,1890394,101158,1259,54,10,,
295,4332863,222198,2509,83,10,,
294,8904558,195704,3452,102,10,,
293,1407070,129883,2070,72,10,,
292,2097214,161324,2606,83,10,,
291,3950249,110496,1540,57,10,,
290,6048499,217201,1784,63,10,,
289,3626121,69733,1051,43,10,,
288,1180160,72625,1539,67,10,,
287,13951322,82064,1162,47,10,,
286,9150559,1979506,3712,122,10,,
285,2045222,89899,1628,65,10,,
284,11037408,173901,1160,42,10,,
283,3690059,70962,1587,55,10,,
282,1425455,115421,1603,52,10,,
281,202501,18125,334,27,10,,
280,2647377,222157,2647,75,10,,
279,2034238,113803,1719,67,10,,
278,1500600,121506,1626,57,10,,
277,2061475,317150,2227,73,10,,
276,881786,55655,931,43,10,,
275,1327259,122516,2194,68,10,,
274,1278900,118052,1458,60,10,,
273,4550122,350009,3091,99,10,,
272,9316974,318529,3740,122,10,,
271,1972153,71390,1156,54,10,,
270,2016209,145969,1985,68,10,,
269,4885147,375780,3914,128,10,,
268,1014313,76537,748,39,10,,
267,4460588,124771,1802,71,10,,
266,1666667,21593,1081,47,10,,
265,7500000,141475,1433,49,10,,
264,6549349,198789,1821,69,10,,
263,4053759,178187,2014,70,10,,
262,1024299,52528,679,31,10,,
261,1885457,145035,1433,52,10,,
260,1182337,181898,1442,70,10,,
259,1796487,50251,885,40,10,,
258,1171468,42406,1009,42,10,,
257,4117415,253379,1867,68,10,,
256,1728751,69989,1537,68,10,,
255,4187442,184063,1813,66,10,,
254,2092545,122640,1941,66,10,,
253,1666667,55650,1249,56,10,,
252,10000000,82873,2029,79,10,,
251,4464612,137372,2289,84,10,,
250,2969954,80449,1459,51,10,,
249,3774526,89337,1354,52,10,,
248,4242902,100423,1938,74,10,,
247,2955369,36373,660,28,10,,
246,8355262,183632,1359,65,10,,
245,2500000,62782,1655,67,10,,
244,2601837,229301,2025,76,10,,
243,3321191,145986,861,36,10,,
242,2052421,61611,1697,62,10,,
241,1335604,246573,1525,61,10,,
240,8235083,281541,1919,65,10,,
239,4317519,147607,2025,67,10,,
238,3500186,154626,1359,58,10,,
237,4955119,381163,2836,128,10,,
236,7248380,60277,1369,46,10,,
235,990884,60977,887,47,10,,
234,1795989,138153,2293,79,10,,
233,4627218,109519,1698,78,10,,
232,1470905,87597,1838,72,10,,
231,1400773,117547,1712,70,10,,
230,4020964,190341,1494,54,10,,
229,4796128,92233,2728,92,10,,
228,1149673,56277,1128,48,10,,
227,1029331,40866,979,50,10,,
226,1253926,39141,1422,64,10,,
225,1242466,47787,822,40,10,,
224,2168363,63016,979,39,10,,
223,4818061,164720,2110,93,10,,
222,1579211,161970,1265,50,10,,
221,1116238,41631,1590,67,10,,
220,4891878,111495,3120,103,10,,
219,2243999,230153,2136,72,10,,
218,1055171,92762,1412,53,10,,
217,2094212,257749,1320,56,10,,
216,3951182,309437,3087,110,10,,
215,4742341,182397,2999,101,10,,
214,2795741,75902,1584,60,10,,
213,2121273,52215,1635,62,10,,
212,3074175,177356,2387,86,10,,
211,709579,77058,870,36,10,,
210,2868377,73548,1612,69,10,,
209,2491514,255539,1386,57,10,,
208,12500000,224490,2997,92,10,,
207,4825949,212129,2786,110,10,,
206,4060995,192236,1729,60,10,,
205,1333546,111906,937,47,10,,
204,2214493,102601,920,41,10,,
203,4950579,253875,3249,112,10,,
202,9404844,152305,2430,86,10,,
201,354826,92380,941,42,10,,
200,1923077,185698,1182,54,10,,
199,3750000,136833,2089,77,10,,
198,3333334,74205,1494,66,10,,
197,7385490,159104,1264,52,10,,
196,9082996,310529,2268,84,10,,
195,1012358,155747,1904,68,10,,
194,2945989,118233,2463,85,10,,
193,4295614,146858,2257,82,10,,
192,2021318,108164,1363,58,10,,
191,1351167,138581,1901,66,10,,
190,2140253,175610,1875,67,10,,
189,5000000,282623,2794,101,10,,
188,8548888,119564,2135,69,10,,
187,625000,38668,424,33,10,,
186,2176972,86430,1116,58,10,,
185,1666667,70216,2069,77,10,,
184,5435165,92271,1958,77,10,,
183,13681057,263825,1303,50,10,,
182,8536462,154506,2864,84,10,,
181,5000000,80644,1520,57,10,,
180,4582214,234985,3408,112,10,,
179,5000000,193281,3303,104,10,,
178,14126168,216003,3865,123,10,,
177,5000000,107392,1257,60,10,,
176,9461240,181946,2756,100,10,,
175,2500000,169266,1526,59,10,,
174,901578,138704,1315,57,10,,
173,5000000,151661,1822,67,10,,
172,2070655,134131,1569,65,10,,
171,1666667,49435,916,43,10,,
170,4774205,106240,1733,72,10,,
169,5000000,158910,2407,79,10,,
168,1664521,111339,1118,57,10,,
167,5000000,60139,1030,39,10,,
166,2733831,93464,1440,60,10,,
165,2500000,86874,1408,52,10,,
164,3967770,87203,1726,57,10,,
163,5000000,72421,1284,59,10,,
162,3687158,68758,1325,45,10,,
161,2640252,41400,680,31,10,,
160,8895584,228091,2429,81,10,,
159,7189462,60012,1137,61,10,,
158,8917762,48998,2109,74,10,,
157,1666667,49717,1279,50,10,,
156,2841727,187366,1944,67,10,,
155,1250000,91393,1276,56,10,,
154,4560190,127187,1710,59,10,,
153,5000000,105270,1765,71,10,,
152,2504352,62084,1765,63,10,,
151,3643650,80080,2432,77,10,,
150,1448508,92853,1184,44,10,,
149,925659,75951,1793,70,10,,
148,12353263,145710,1613,56,10,,
147,3829208,294554,2446,81,10,,
146,1324408,42449,605,30,10,,
145,491003,75538,894,46,10,,
144,3632327,62091,1428,44,10,,
143,229264,51978,596,38,10,,
142,9512277,209061,2499,94,10,,
141,3272499,111880,1248,37,10,,
140,1331391,63024,973,47,10,,
139,583805,26416,465,28,10,,
138,4772183,195781,2797,96,10,,
137,1666114,93209,1222,47,10,,
136,860199,70580,654,32,10,,
135,1961005,172396,2032,73,10,,
134,4963025,436309,3670,107,10,,
133,1726777,70842,1131,48,10,,
132,2352326,177894,2533,96,10,,
131,3707127,51847,1381,50,10,,
130,4662084,236259,2366,79,10,,
129,4004305,154011,2610,84,10,,
128,1508273,107096,2197,73,10,,
127,1667110,51295,1122,44,10,,
126,552002,34900,851,47,10,,
125,3400685,174394,1049,41,10,,
124,408500,23493,695,43,10,,
123,3500000,203951,2616,102,10,,
122,916915,61000,737,35,10,,
121,7000000,86293,1329,55,10,,
120,427144,60906,649,40,10,,
119,555556,36281,669,42,10,,
118,2208421,104540,1443,55,10,,
117,3333333,249048,2804,75,10,,
116,2512517,101401,992,56,10,,
115,11407818,184742,4243,123,10,,
114,3512275,154385,2480,87,10,,
113,1964980,125960,1417,61,10,,
112,1016676,120316,2045,73,10,,
111,1225265,125668,1372,58,10,,
110,10333522,158977,1853,66,10,,
109,1302249,44521,1028,43,10,,
108,2239449,64098,1128,46,10,,
107,3213822,185412,1375,55,10,,
106,11713905,300356,3204,102,10,,
105,5522131,87216,1996,73,10,,
104,3487052,107293,2361,75,10,,
103,860652,52963,756,44,10,,
102,3360982,173795,1872,72,10,,
101,11100495,155251,2842,103,10,,
100,10679645,193296,2427,80,10,,
99,5439681,145543,3081,101,10,,
98,2657056,218014,2671,92,10,,
97,10101049,182824,2151,79,10,,
96,1955576,250714,2115,71,10,,
95,1626411,71490,931,38,10,,
94,1217493,154252,971,41,10,,
93,1095100,76086,722,33,10,,
92,8944124,152891,1681,56,10,,
91,5275991,360751,2830,90,10,,
90,2430398,166181,2225,71,10,,
89,2403240,50132,1116,58,10,,
88,1426747,161736,1783,70,10,,
87,1825101,80873,1394,63,10,,
86,11124766,311182,3918,105,10,,
85,5212073,71276,2000,77,10,,
84,2159561,65284,934,33,10,,
83,10524718,249105,3713,105,10,,
82,4907708,131309,1657,64,10,,
81,5828608,224177,2961,111,10,,
80,2054754,137441,1013,58,10,,
79,10248233,262775,1731,68,10,,
78,1115190,171567,971,44,10,,
77,10903198,258238,2663,91,10,,
76,9217249,101288,1261,51,10,,
75,5185306,159547,2182,78,10,,
74,3836607,221342,2372,107,10,,
73,4245315,84210,1668,57,10,,
72,10279220,98838,2823,82,10,,
71,877907,24807,774,33,10,,
70,145859,46511,454,33,10,,
69,1325202,38376,1577,69,10,,
68,5222976,169165,2101,69,10,,
67,2237965,144969,1242,46,10,,
66,2064154,198476,1596,59,10,,
65,1549049,95326,1024,44,10,,
64,1625476,78970,933,41,10,,
63,10055900,83960,1838,86,10,,
62,23851380,165765,2007,59,10,,
61,12537861,321483,5299,134,10,,
60,14002870,104746,2276,76,10,,
59,23966033,250995,4128,99,10,,
58,11730015,721847,5115,148,10,,
57,8214495,109892,1728,52,10,,
56,2704666,69350,1191,44,10,,
55,10613401,93304,2945,100,10,,
54,3338805,440281,2521,85,10,,
53,425503,51342,797,41,10,,
52,1700159,72656,1239,50,10,,
51,2798623,73809,975,43,10,,
50,1594352,42290,796,37,10,,
49,2991262,83671,1388,56,10,,
48,1891543,90939,1876,70,10,,
47,3089417,259251,2636,70,10,,
46,9981262,146245,2722,86,10,,
45,963820,102262,1654,67,10,,
44,2681192,88309,1722,79,10,,
43,9682292,744791,1841,68,10,,
42,1420508,235350,1559,75,10,,
41,2234759,275047,1444,57,10,,
40,3822330,94239,1523,47,10,,
39,9923276,508885,3432,97,10,,
38,5128025,50090,2626,88,10,,
37,3791092,583244,3871,150,10,,
36,2501994,513229,2629,106,10,,
35,2803919,492996,3907,135,10,,
34,20088838,216136,2232,78,10,,
33,8849765,247545,2400,70,10,,
32,9896801,435024,3362,89,10,,
31,1481262,398801,2655,97,10,,
30,22590829,628947,4408,139,10,,
29,10326358,288849,3841,107,10,,
28,6624951,133430,2271,66,10,,
27,9467258,416143,3205,91,10,,
26,2842118,93696,1669,58,10,,
25,3097415,32490,1706,71,10,,
24,1355975,97243,782,52,10,,
23,8554300,154828,1711,56,10,,
22,2442406,111334,2174,83,10,,
21,2691547,67148,2043,54,10,,
20,11135712,338715,3627,101,10,,
19,10162332,390858,7786,142,10,,
18,3987786,98160,1267,47,10,,
17,6527880,60573,1242,47,10,,
16,8807149,387127,2001,72,10,,
15,7056280,48248,1195,40,10,,
14,987022,170830,1429,62,10,,
13,9015108,53343,1596,64,10,,
12,10350387,796183,4087,159,10,,
11,2293628,176432,1353,66,10,,
10,1373571,134475,2137,80,10,,
9,122510,7872,181,16,10,,
8,10000000,368000,2678,76,10,,
7,6554085,336106,987,34,10,,
6,7789557,342398,4104,93,10,,
5,3403310,149596,1575,47,10,,
4,17880003,337644,4461,164,10,,
3,6906572,265637,1916,66,10,,
2,1760966,216734,2087,74,10,,
1,839254,46349,528,32,10,,
