No.,Day,DD,MMM,YYYY,N1,N2,N3,N4,N5,N6,Jackpot,Wins
3200,Sat,22,Aug,2026,11,28,41,48,57,59,175000,0
3200,Sat,22,Aug,2026,7,8,20,21,22,52,175000,0
3199,Wed,19,Aug,2026,1,6,24,32,48,54,175000,0
3199,Wed,19,Aug,2026,4,8,10,17,23,28,175000,1
3198,Sat,15,Aug,2026,17,27,28,42,47,59,175000,1
3198,Sat,15,Aug,2026,4,18,22,30,32,45,175000,0
3197,Wed,12,Aug,2026,3,14,22,24,34,54,175000,0
3197,Wed,12,Aug,2026,14,25,35,39,51,59,175000,0
3196,Sat,8,Aug,2026,14,18,26,45,50,53,175000,0
3196,Sat,8,Aug,2026,5,10,26,28,45,47,175000,0
3195,Wed,5,Aug,2026,24,26,27,39,47,50,175000,0
3195,Wed,5,Aug,2026,12,14,16,22,29,59,175000,0
3194,Sat,1,Aug,2026,16,19,32,33,34,44,175000,0
3194,Sat,1,Aug,2026,2,22,35,43,45,48,175000,0
3193,Wed,29,Jul,2026,5,10,22,38,56,58,175000,0
3193,Wed,29,Jul,2026,20,22,31,32,40,55,175000,0
3192,Sat,25,Jul,2026,2,6,29,36,55,59,175000,0
3192,Sat,25,Jul,2026,9,22,26,49,53,56,175000,0
3191,Wed,22,Jul,2026,3,9,12,23,32,53,175000,0
3191,Wed,22,Jul,2026,5,17,25,43,56,58,175000,0
3190,Sat,18,Jul,2026,22,32,34,47,52,55,175000,0
3190,Sat,18,Jul,2026,20,29,30,42,46,55,175000,0
3189,Wed,15,Jul,2026,4,13,14,17,23,31,175000,0
3189,Wed,15,Jul,2026,4,40,43,51,55,57,175000,0
3188,Sat,11,Jul,2026,9,13,22,36,40,45,175000,0
3188,Sat,11,Jul,2026,2,13,22,40,42,58,175000,0
3187,Wed,8,Jul,2026,30,35,39,45,46,53,175000,0
3187,Wed,8,Jul,2026,23,25,31,32,34,54,175000,0
3186,Sat,4,Jul,2026,7,20,33,48,57,59,175000,0
3186,Sat,4,Jul,2026,14,20,22,38,39,41,175000,0
3185,Wed,1,Jul,2026,13,33,35,40,43,54,175000,0
3185,Wed,1,Jul,2026,5,8,26,33,39,42,175000,0
3184,Sat,27,Jun,2026,22,34,41,43,54,56,175000,0
3184,Sat,27,Jun,2026,12,18,40,43,44,45,175000,0
3183,Wed,24,Jun,2026,7,8,12,23,28,43,175000,0
3183,Wed,24,Jun,2026,3,32,34,38,48,53,175000,0
3182,Sat,20,Jun,2026,15,28,30,33,39,58,175000,0
3182,Sat,20,Jun,2026,17,21,52,53,54,57,175000,0
3181,Wed,17,Jun,2026,26,31,36,41,45,51,175000,0
3181,Wed,17,Jun,2026,2,14,18,40,48,55,175000,0
3180,Sat,13,Jun,2026,12,15,31,32,48,58,175000,0
3180,Sat,13,Jun,2026,15,17,37,54,55,56,175000,0
3179,Wed,10,Jun,2026,1,12,25,29,40,41,175000,0
3179,Wed,10,Jun,2026,2,5,12,42,47,54,175000,0
3178,Sat,6,Jun,2026,8,10,26,30,35,42,350000,0
3177,Wed,3,Jun,2026,7,10,20,55,57,59,350000,0
3176,Sat,30,May,2026,4,17,18,20,23,56,350000,2
3175,Wed,27,May,2026,33,36,38,46,47,50,350000,0
3174,Sat,23,May,2026,4,5,6,7,11,33,350000,1
3173,Wed,20,May,2026,9,20,24,51,52,59,350000,0
3172,Sat,16,May,2026,4,21,23,27,36,57,350000,0
3171,Wed,13,May,2026,9,12,15,16,37,39,350000,0
3170,Sat,9,May,2026,3,11,13,14,43,49,350000,0
3169,Wed,6,May,2026,7,31,33,37,39,56,350000,0
3168,Sat,2,May,2026,3,4,6,12,29,40,350000,1
3167,Wed,29,Apr,2026,4,14,22,32,38,52,350000,0
3166,Sat,25,Apr,2026,3,10,14,19,32,53,350000,0
3165,Wed,22,Apr,2026,6,12,18,29,49,56,350000,0
3164,Sat,18,Apr,2026,1,4,12,15,39,47,350000,0
3163,Wed,15,Apr,2026,22,45,49,53,54,56,350000,0
3162,Sat,11,Apr,2026,7,10,14,15,17,35,350000,0
3161,Wed,8,Apr,2026,27,29,34,36,43,59,350000,0
3160,Sat,4,Apr,2026,15,16,23,32,42,46,350000,0
3159,Wed,1,Apr,2026,7,16,23,27,35,40,350000,0
3158,Sat,28,Mar,2026,9,24,35,40,47,52,350000,0
3157,Wed,25,Mar,2026,19,22,31,32,34,40,350000,0
3156,Sat,21,Mar,2026,5,10,18,28,34,53,350000,0
3155,Wed,18,Mar,2026,14,16,18,22,47,56,350000,0
3154,Sat,14,Mar,2026,10,30,36,44,45,58,350000,0
3153,Wed,11,Mar,2026,2,3,18,25,40,54,350000,0
3152,Sat,7,Mar,2026,9,37,39,40,47,51,350000,0
3151,Wed,4,Mar,2026,20,33,43,46,50,56,350000,0
3150,Sat,28,Feb,2026,12,15,22,28,31,32,350000,0
3149,Wed,25,Feb,2026,31,34,36,41,54,57,350000,0
3148,Sat,21,Feb,2026,2,14,24,33,37,40,350000,0
3147,Wed,18,Feb,2026,01,11,12,13,18,49,,
3146,Sat,14,Feb,2026,10,13,27,50,54,56,,
3145,Wed,11,Feb,2026,05,11,28,30,47,53,,
3144,Sat,7,Feb,2026,07,25,27,46,52,59,,
3143,Wed,4,Feb,2026,01,02,19,29,51,57,,
3142,Sat,31,Jan,2026,07,08,17,25,37,40,,
3141,Wed,28,Jan,2026,33,45,50,52,58,59,,
3140,Sat,24,Jan,2026,01,04,08,23,34,57,,
3139,Wed,21,Jan,2026,05,24,28,46,49,56,,
3138,Sat,17,Jan,2026,12,26,30,32,39,58,,
3137,Wed,14,Jan,2026,02,05,22,35,44,54,,
3136,Sat,10,Jan,2026,05,06,13,18,22,53,,
3135,Wed,7,Jan,2026,03,09,20,33,45,50,,
3134,Sat,3,Jan,2026,06,20,34,38,47,48,,
3133,Wed,31,Dec,2025,03,20,27,29,38,46,,
3132,Sat,27,Dec,2025,20,36,40,43,51,55,,
3131,Wed,24,Dec,2025,12,15,16,35,38,48,,
3130,Sat,20,Dec,2025,02,25,27,34,45,52,,
3129,Wed,17,Dec,2025,15,20,43,50,51,58,,
3128,Sat,13,Dec,2025,18,22,24,41,53,56,,
3127,Wed,10,Dec,2025,04,09,26,35,42,46,,
3126,Sat,6,Dec,2025,05,07,10,17,32,42,,
3125,Wed,3,Dec,2025,06,13,19,48,57,58,,
3124,Sat,29,Nov,2025,02,06,09,16,38,48,,
3123,Wed,26,Nov,2025,10,21,49,54,55,56,,
3122,Sat,22,Nov,2025,09,11,14,43,49,59,,
3121,Wed,19,Nov,2025,15,18,36,50,51,57,,
3120,Sat,15,Nov,2025,09,11,27,44,48,52,,
3119,Wed,12,Nov,2025,09,17,31,34,54,57,,
3118,Sat,8,Nov,2025,02,03,42,45,46,47,,
3117,Wed,5,Nov,2025,02,15,20,42,43,59,,
3116,Sat,1,Nov,2025,17,18,31,36,39,51,,
3115,Wed,29,Oct,2025,09,24,30,33,35,54,,
3114,Sat,25,Oct,2025,04,09,28,40,42,59,,
3113,Wed,22,Oct,2025,03,24,26,34,35,36,,
3112,Sat,18,Oct,2025,06,39,43,52,58,59,,
3111,Wed,15,Oct,2025,29,33,36,38,48,58,,
3110,Sat,11,Oct,2025,11,17,25,31,51,54,,
3109,Wed,8,Oct,2025,02,21,42,48,56,57,,
3108,Sat,4,Oct,2025,06,08,12,33,49,59,,
3107,Wed,1,Oct,2025,13,28,31,39,51,59,,
3106,Sat,27,Sep,2025,15,23,24,28,37,41,,
3105,Wed,24,Sep,2025,03,16,23,30,38,47,,
3104,Sat,20,Sep,2025,13,16,30,36,53,59,,
3103,Wed,17,Sep,2025,07,09,18,24,30,36,,
3102,Sat,13,Sep,2025,01,26,36,49,53,54,,
3101,Wed,10,Sep,2025,01,09,18,27,38,42,,
3100,Sat,6,Sep,2025,10,22,37,40,45,57,,
3099,Wed,3,Sep,2025,07,15,18,22,31,54,,
3098,Sat,30,Aug,2025,06,10,19,20,43,59,,
3097,Wed,27,Aug,2025,05,25,43,45,47,55,,
3096,Sat,23,Aug,2025,07,30,38,42,54,59,,
3095,Wed,20,Aug,2025,01,09,10,32,44,55,,
3094,Sat,16,Aug,2025,01,11,15,19,45,48,,
3093,Wed,13,Aug,2025,01,16,27,41,50,55,,
3092,Sat,9,Aug,2025,02,27,29,38,44,51,,
3091,Wed,6,Aug,2025,05,09,17,31,47,58,,
3090,Sat,2,Aug,2025,01,05,10,30,33,50,,
3089,Wed,30,Jul,2025,03,05,07,18,21,37,,
3088,Sat,26,Jul,2025,09,23,24,28,42,57,,
3087,Wed,23,Jul,2025,03,09,11,16,21,48,,
3086,Sat,19,Jul,2025,05,07,25,29,40,46,,
3085,Wed,16,Jul,2025,06,09,12,15,47,55,,
3084,Sat,12,Jul,2025,04,11,17,25,41,51,,
3083,Wed,9,Jul,2025,06,12,15,25,51,58,,
3082,Sat,5,Jul,2025,09,12,18,37,43,45,,
3081,Wed,2,Jul,2025,04,11,34,51,54,55,,
3080,Sat,28,Jun,2025,16,17,22,38,40,47,,
3079,Wed,25,Jun,2025,14,16,21,42,49,54,,
3078,Sat,21,Jun,2025,06,10,12,13,31,58,,
3077,Wed,18,Jun,2025,08,15,31,38,44,49,,
3076,Sat,14,Jun,2025,08,20,36,42,48,59,,
3075,Wed,11,Jun,2025,08,13,35,42,47,53,,
3074,Sat,7,Jun,2025,11,17,27,30,39,46,,
3073,Wed,4,Jun,2025,02,09,19,32,45,57,,
3072,Sat,31,May,2025,08,11,12,16,20,33,,
3071,Wed,28,May,2025,08,28,31,33,49,55,,
3070,Sat,24,May,2025,09,12,13,26,38,40,,
3069,Wed,21,May,2025,05,06,16,20,30,36,,
3068,Sat,17,May,2025,18,24,34,35,47,51,,
3067,Wed,14,May,2025,02,14,34,37,48,52,,
3066,Sat,10,May,2025,13,14,15,27,33,36,,
3065,Wed,7,May,2025,03,12,21,24,41,45,,
3064,Sat,3,May,2025,17,18,23,38,41,47,,
3063,Wed,30,Apr,2025,16,23,28,40,42,55,,
3062,Sat,26,Apr,2025,07,08,11,32,36,59,,
3061,Wed,23,Apr,2025,01,24,26,28,37,42,,
3060,Sat,19,Apr,2025,01,02,11,13,30,37,,
3059,Wed,16,Apr,2025,27,36,39,48,57,59,,
3058,Sat,12,Apr,2025,04,10,12,22,53,55,,
3057,Wed,9,Apr,2025,12,14,28,31,33,46,,
3056,Sat,5,Apr,2025,10,26,33,53,57,59,,
3055,Wed,2,Apr,2025,05,30,36,40,41,43,,
3054,Sat,29,Mar,2025,01,07,17,35,43,57,,
3053,Wed,26,Mar,2025,17,18,22,34,53,58,,
3052,Sat,22,Mar,2025,10,11,34,38,54,55,,
3051,Wed,19,Mar,2025,06,15,27,35,41,43,,
3050,Sat,15,Mar,2025,04,05,06,20,31,33,,
3049,Wed,12,Mar,2025,04,38,42,52,56,58,,
3048,Sat,8,Mar,2025,01,19,29,33,42,44,,
3047,Wed,5,Mar,2025,08,18,19,30,43,44,,
3046,Sat,1,Mar,2025,06,11,14,19,41,43,,
3045,Wed,26,Feb,2025,01,04,10,26,31,40,,
3044,Sat,22,Feb,2025,03,07,09,29,33,51,,
3043,Wed,19,Feb,2025,05,07,37,39,40,43,,
3042,Sat,15,Feb,2025,17,31,39,46,52,57,,
3041,Wed,12,Feb,2025,08,33,34,50,56,59,,
3040,Sat,8,Feb,2025,06,28,36,45,47,52,,
3039,Wed,5,Feb,2025,26,27,34,41,51,54,,
3038,Sat,1,Feb,2025,01,13,25,30,32,35,,
3037,Wed,29,Jan,2025,07,14,29,31,38,39,,
3036,Sat,25,Jan,2025,14,23,24,32,38,54,,
3035,Wed,22,Jan,2025,02,05,12,20,47,57,,
3034,Sat,18,Jan,2025,02,13,24,29,32,39,,
3033,Wed,15,Jan,2025,11,33,34,38,55,57,,
3032,Sat,11,Jan,2025,02,06,10,12,28,29,,
3031,Wed,8,Jan,2025,07,17,20,24,27,46,,
3030,Sat,4,Jan,2025,16,19,22,24,27,35,,
3029,Wed,1,Jan,2025,18,31,35,38,42,54,,
3028,Sat,28,Dec,2024,16,28,34,40,53,54,,
3027,Wed,25,Dec,2024,09,15,17,35,47,51,,
3026,Sat,21,Dec,2024,03,04,10,16,40,54,,
3025,Wed,18,Dec,2024,18,20,28,39,52,58,,
3024,Sat,14,Dec,2024,01,11,12,17,19,54,,
3023,Wed,11,Dec,2024,02,32,35,36,49,52,,
3022,Sat,7,Dec,2024,09,12,14,26,35,42,,
3021,Wed,4,Dec,2024,12,19,25,35,37,39,,
3020,Sat,30,Nov,2024,14,19,21,22,24,38,,
3019,Wed,27,Nov,2024,15,31,35,38,42,59,,
3018,Sat,23,Nov,2024,03,08,13,33,39,44,,
3017,Wed,20,Nov,2024,02,07,27,33,37,56,,
3016,Sat,16,Nov,2024,12,16,31,38,58,59,,
3015,Wed,13,Nov,2024,11,12,28,29,41,54,,
3014,Sat,9,Nov,2024,33,36,43,44,50,56,,
3013,Wed,6,Nov,2024,03,06,14,19,32,35,,
3012,Sat,2,Nov,2024,11,12,16,19,35,50,,
3011,Wed,30,Oct,2024,27,36,41,43,54,57,,
3010,Sat,26,Oct,2024,09,16,30,41,44,47,,
3009,Wed,23,Oct,2024,06,09,23,27,45,51,,
3008,Sat,19,Oct,2024,22,43,44,47,48,54,,
3007,Wed,16,Oct,2024,09,11,29,41,42,48,,
3006,Sat,12,Oct,2024,02,11,13,17,39,41,,
3005,Wed,9,Oct,2024,04,07,20,41,55,56,,
3004,Sat,5,Oct,2024,08,12,13,20,44,49,,
3003,Wed,2,Oct,2024,04,05,06,20,21,59,,
3002,Sat,28,Sep,2024,18,23,36,38,39,54,,
3001,Wed,25,Sep,2024,01,03,04,14,55,57,,
3000,Sat,21,Sep,2024,05,17,26,48,49,57,,
2999,Wed,18,Sep,2024,07,20,33,50,51,57,,
2998,Sat,14,Sep,2024,21,27,38,47,49,55,,
2997,Wed,11,Sep,2024,03,10,23,41,53,57,,
2996,Sat,7,Sep,2024,13,32,33,37,38,50,,
2995,Wed,4,Sep,2024,03,06,15,25,29,41,,
2994,Sat,31,Aug,2024,02,03,29,45,48,52,,
2993,Wed,28,Aug,2024,04,10,25,29,49,53,,
2992,Sat,24,Aug,2024,04,17,30,34,39,43,,
2991,Wed,21,Aug,2024,09,23,37,42,53,57,,
2990,Sat,17,Aug,2024,03,06,10,18,52,59,,
2989,Wed,14,Aug,2024,07,15,30,36,45,48,,
2988,Sat,10,Aug,2024,02,25,40,42,48,59,,
2987,Wed,7,Aug,2024,10,11,22,42,49,56,,
2986,Sat,3,Aug,2024,06,19,20,26,28,45,,
2985,Wed,31,Jul,2024,12,16,21,33,52,58,,
2984,Sat,27,Jul,2024,03,25,27,33,40,45,,
2983,Wed,24,Jul,2024,03,17,23,29,31,34,,
2982,Sat,20,Jul,2024,09,19,22,41,55,58,,
2981,Wed,17,Jul,2024,02,07,32,44,45,49,,
2980,Sat,13,Jul,2024,22,27,37,38,49,51,,
2979,Wed,10,Jul,2024,08,09,13,19,26,48,,
2978,Sat,6,Jul,2024,11,18,24,37,47,59,,
2977,Wed,3,Jul,2024,01,08,42,46,50,58,,
2976,Sat,29,Jun,2024,07,11,19,25,29,31,,
2975,Wed,26,Jun,2024,08,27,34,36,37,56,,
2974,Sat,22,Jun,2024,05,09,18,32,44,58,,
2973,Wed,19,Jun,2024,03,07,13,15,21,52,,
2972,Sat,15,Jun,2024,01,09,25,29,34,39,,
2971,Wed,12,Jun,2024,13,40,41,42,51,59,,
2970,Sat,8,Jun,2024,03,07,10,23,24,41,,
2969,Wed,5,Jun,2024,01,09,13,21,33,58,,
2968,Sat,1,Jun,2024,06,11,16,21,43,50,,
2967,Wed,29,May,2024,01,08,16,22,25,56,,
2966,Sat,25,May,2024,06,28,30,40,53,58,,
2965,Wed,22,May,2024,06,07,25,31,35,43,,
2964,Sat,18,May,2024,09,13,22,45,46,48,,
2963,Wed,15,May,2024,11,17,25,47,52,53,,
2962,Sat,11,May,2024,12,13,14,34,50,51,,
2961,Wed,8,May,2024,04,13,34,38,43,52,,
2960,Sat,4,May,2024,02,07,16,31,54,59,,
2959,Wed,1,May,2024,13,16,21,22,44,53,,
2958,Sat,27,Apr,2024,02,15,18,25,57,58,,
2957,Wed,24,Apr,2024,08,14,18,53,56,59,,
2956,Sat,20,Apr,2024,05,26,29,43,52,54,,
2955,Wed,17,Apr,2024,11,26,28,31,35,39,,
2954,Sat,13,Apr,2024,17,26,31,33,45,48,,
2953,Wed,10,Apr,2024,09,19,24,31,39,56,,
2952,Sat,6,Apr,2024,10,12,14,17,20,29,,
2951,Wed,3,Apr,2024,03,32,38,41,46,48,,
2950,Sat,30,Mar,2024,15,16,19,37,49,51,,
2949,Wed,27,Mar,2024,01,03,22,27,42,48,,
2948,Sat,23,Mar,2024,07,15,41,43,45,50,,
2947,Wed,20,Mar,2024,08,10,14,25,29,35,,
2946,Sat,16,Mar,2024,11,16,18,35,44,45,,
2945,Wed,13,Mar,2024,24,26,28,34,35,37,,
2944,Sat,9,Mar,2024,14,15,17,33,53,55,,
2943,Wed,6,Mar,2024,07,11,32,37,48,58,,
2942,Sat,2,Mar,2024,02,20,34,40,48,59,,
2941,Wed,28,Feb,2024,12,21,39,44,45,50,,
2940,Sat,24,Feb,2024,03,04,11,20,36,56,,
2939,Wed,21,Feb,2024,25,27,32,50,54,58,,
2938,Sat,17,Feb,2024,05,19,28,39,41,42,,
2937,Wed,14,Feb,2024,09,11,32,36,45,54,,
2936,Sat,10,Feb,2024,04,19,24,29,43,53,,
2935,Wed,7,Feb,2024,01,02,17,33,40,51,,
2934,Sat,3,Feb,2024,08,19,25,28,29,50,,
2933,Wed,31,Jan,2024,05,10,11,22,27,54,,
2932,Sat,27,Jan,2024,18,20,22,34,47,58,,
2931,Wed,24,Jan,2024,06,22,27,46,49,57,,
2930,Sat,20,Jan,2024,07,14,20,29,38,49,,
2929,Wed,17,Jan,2024,10,24,28,30,44,48,,
2928,Sat,13,Jan,2024,08,22,27,44,46,48,,
2927,Wed,10,Jan,2024,01,05,15,25,45,53,,
2926,Sat,6,Jan,2024,02,23,38,43,53,54,,
2925,Wed,3,Jan,2024,01,05,19,27,38,59,,
2924,Sat,30,Dec,2023,15,26,29,37,49,53,,
2923,Wed,27,Dec,2023,02,23,24,29,33,36,,
2922,Sat,23,Dec,2023,17,29,31,40,47,56,,
2921,Wed,20,Dec,2023,04,08,11,46,50,53,,
2920,Sat,16,Dec,2023,04,12,23,30,50,56,,
2919,Wed,13,Dec,2023,10,28,31,34,43,48,,
2918,Sat,9,Dec,2023,15,27,33,44,46,59,,
2917,Wed,6,Dec,2023,02,03,06,22,43,55,,
2916,Sat,2,Dec,2023,02,04,11,23,26,33,,
2915,Wed,29,Nov,2023,19,31,35,38,42,49,,
2914,Sat,25,Nov,2023,05,09,31,34,46,48,,
2913,Wed,22,Nov,2023,09,14,26,49,55,56,,
2912,Sat,18,Nov,2023,03,11,22,23,32,47,,
2911,Wed,15,Nov,2023,06,07,16,33,40,55,,
2910,Sat,11,Nov,2023,12,26,28,34,41,42,,
2909,Wed,8,Nov,2023,01,07,12,17,46,53,,
2908,Sat,4,Nov,2023,20,37,39,52,54,57,,
2907,Wed,1,Nov,2023,09,15,36,37,42,43,,
2906,Sat,28,Oct,2023,25,28,37,38,42,50,,
2905,Wed,25,Oct,2023,16,20,33,41,47,59,,
2904,Sat,21,Oct,2023,14,15,26,37,43,54,,
2903,Wed,18,Oct,2023,06,07,08,20,34,48,,
2902,Sat,14,Oct,2023,04,27,28,31,51,57,,
2901,Wed,11,Oct,2023,03,08,15,18,23,25,,
2900,Sat,7,Oct,2023,10,16,20,22,47,52,,
2899,Wed,4,Oct,2023,03,08,37,42,53,55,,
2898,Sat,30,Sep,2023,01,08,14,20,24,40,,
2897,Wed,27,Sep,2023,08,10,11,20,31,44,,
2896,Sat,23,Sep,2023,12,34,37,41,55,58,,
2895,Wed,20,Sep,2023,09,18,34,37,42,52,,
2894,Sat,16,Sep,2023,07,17,22,24,31,59,,
2893,Wed,13,Sep,2023,07,10,23,29,31,42,,
2892,Sat,9,Sep,2023,15,20,39,43,49,59,,
2891,Wed,6,Sep,2023,03,12,22,38,53,54,,
2890,Sat,2,Sep,2023,09,11,46,49,53,55,,
2889,Wed,30,Aug,2023,11,19,20,25,48,59,,
2888,Sat,26,Aug,2023,12,13,41,42,45,50,,
2887,Wed,23,Aug,2023,13,16,23,32,37,57,,
2886,Sat,19,Aug,2023,02,07,17,28,31,37,,
2885,Wed,16,Aug,2023,08,10,32,43,51,59,,
2884,Sat,12,Aug,2023,14,17,21,24,25,39,,
2883,Wed,9,Aug,2023,10,16,24,29,34,48,,
2882,Sat,5,Aug,2023,05,22,28,38,50,58,,
2881,Wed,2,Aug,2023,05,10,21,23,35,49,,
2880,Sat,29,Jul,2023,08,20,21,33,37,56,,
2879,Wed,26,Jul,2023,10,12,19,27,29,50,,
2878,Sat,22,Jul,2023,11,14,20,35,41,46,,
2877,Wed,19,Jul,2023,12,30,34,39,41,47,,
2876,Sat,15,Jul,2023,10,11,37,45,46,58,,
2875,Wed,12,Jul,2023,03,30,44,50,52,57,,
2874,Sat,8,Jul,2023,06,15,18,23,24,59,,
2873,Wed,5,Jul,2023,10,15,16,38,44,47,,
2872,Sat,1,Jul,2023,01,12,20,22,24,35,,
2871,Wed,28,Jun,2023,31,32,33,40,56,59,,
2870,Sat,24,Jun,2023,17,18,22,36,39,53,,
2869,Wed,21,Jun,2023,01,03,04,07,08,15,,
2868,Sat,17,Jun,2023,11,13,28,32,46,47,,
2867,Wed,14,Jun,2023,02,16,21,23,47,56,,
2866,Sat,10,Jun,2023,13,29,36,39,44,56,,
2865,Wed,7,Jun,2023,03,04,12,35,55,56,,
2864,Sat,3,Jun,2023,04,13,15,20,22,59,,
2863,Wed,31,May,2023,19,24,28,33,41,54,,
2862,Sat,27,May,2023,05,14,22,37,42,49,,
2861,Wed,24,May,2023,03,04,10,13,14,36,,
2860,Sat,20,May,2023,07,24,34,36,44,51,,
2859,Wed,17,May,2023,01,02,04,09,50,51,,
2858,Sat,13,May,2023,02,13,32,42,54,58,,
2857,Wed,10,May,2023,09,15,22,45,52,57,,
2856,Sat,6,May,2023,03,23,33,36,54,55,,
2855,Wed,3,May,2023,12,28,33,37,42,49,,
2854,Sat,29,Apr,2023,12,31,35,41,44,56,,
2853,Wed,26,Apr,2023,19,26,27,29,53,57,,
2852,Sat,22,Apr,2023,08,22,29,31,35,51,,
2851,Wed,19,Apr,2023,07,22,25,47,54,58,,
2850,Sat,15,Apr,2023,03,13,17,21,35,58,,
2849,Wed,12,Apr,2023,12,16,29,39,45,51,,
2848,Sat,8,Apr,2023,04,12,19,20,24,42,,
2847,Wed,5,Apr,2023,04,18,29,30,39,52,,
2846,Sat,1,Apr,2023,03,07,13,40,43,47,,
2845,Wed,29,Mar,2023,10,24,27,32,42,52,,
2844,Sat,25,Mar,2023,11,13,30,40,43,44,,
2843,Wed,22,Mar,2023,05,27,33,37,42,58,,
2842,Sat,18,Mar,2023,13,22,39,46,54,59,,
2841,Wed,15,Mar,2023,02,12,24,37,39,43,,
2840,Sat,11,Mar,2023,01,19,27,28,41,50,,
2839,Wed,8,Mar,2023,05,29,41,49,57,59,,
2838,Sat,4,Mar,2023,06,16,24,30,33,44,,
2837,Wed,1,Mar,2023,05,28,36,39,48,49,,
2836,Sat,25,Feb,2023,22,31,32,45,50,53,,
2835,Wed,22,Feb,2023,11,13,15,23,34,39,,
2834,Sat,18,Feb,2023,09,35,49,52,53,58,,
2833,Wed,15,Feb,2023,10,20,34,42,50,56,,
2832,Sat,11,Feb,2023,03,05,37,46,47,57,,
2831,Wed,8,Feb,2023,13,26,28,33,42,53,,
2830,Sat,4,Feb,2023,02,05,23,27,31,58,,
2829,Wed,1,Feb,2023,16,28,29,31,53,59,,
2828,Sat,28,Jan,2023,05,08,20,23,30,50,,
2827,Wed,25,Jan,2023,04,07,19,23,50,58,,
2826,Sat,21,Jan,2023,07,09,14,21,30,57,,
2825,Wed,18,Jan,2023,11,23,26,36,37,44,,
2824,Sat,14,Jan,2023,09,33,37,39,47,54,,
2823,Wed,11,Jan,2023,04,19,22,46,54,56,,
2822,Sat,7,Jan,2023,06,07,11,33,45,57,,
2821,Wed,4,Jan,2023,01,04,09,32,42,58,,
2820,Sat,31,Dec,2022,27,34,47,56,57,58,,
2819,Wed,28,Dec,2022,05,19,27,31,48,57,,
2818,Sat,24,Dec,2022,01,08,14,46,49,59,,
2817,Wed,21,Dec,2022,05,19,34,38,53,54,,
2816,Sat,17,Dec,2022,15,22,38,39,49,56,,
2815,Wed,14,Dec,2022,16,39,41,44,49,50,,
2814,Sat,10,Dec,2022,14,17,19,23,34,51,,
2813,Wed,7,Dec,2022,09,21,33,37,45,51,,
2812,Sat,3,Dec,2022,11,13,14,16,19,38,,
2811,Wed,30,Nov,2022,13,17,20,47,49,50,,
2810,Sat,26,Nov,2022,01,03,05,17,50,52,,
2809,Wed,23,Nov,2022,05,16,29,42,43,58,,
2808,Sat,19,Nov,2022,05,17,20,30,39,49,,
2807,Wed,16,Nov,2022,01,18,27,30,39,53,,
2806,Sat,12,Nov,2022,04,11,22,37,44,48,,
2805,Wed,9,Nov,2022,01,05,29,31,44,58,,
2804,Sat,5,Nov,2022,02,13,27,31,38,41,,
2803,Wed,2,Nov,2022,04,18,40,41,44,46,,
2802,Sat,29,Oct,2022,07,15,26,37,39,58,,
2801,Wed,26,Oct,2022,07,13,20,21,46,53,,
2800,Sat,22,Oct,2022,11,33,42,56,58,59,,
2799,Wed,19,Oct,2022,02,13,18,45,50,59,,
2798,Sat,15,Oct,2022,11,13,18,25,36,55,,
2797,Wed,12,Oct,2022,20,21,24,26,39,47,,
2796,Sat,8,Oct,2022,06,08,12,26,32,46,,
2795,Wed,5,Oct,2022,23,31,36,48,51,54,,
2794,Sat,1,Oct,2022,01,04,09,40,44,58,,
2793,Wed,28,Sep,2022,03,15,20,48,57,58,,
2792,Sat,24,Sep,2022,14,15,18,22,39,50,,
2791,Wed,21,Sep,2022,06,13,28,34,37,45,,
2790,Sat,17,Sep,2022,11,22,25,28,45,55,,
2789,Wed,14,Sep,2022,25,38,45,46,55,57,,
2788,Sat,10,Sep,2022,02,06,07,29,31,42,,
2787,Wed,7,Sep,2022,03,20,27,34,42,58,,
2786,Sat,3,Sep,2022,09,25,42,43,46,52,,
2785,Wed,31,Aug,2022,13,16,21,30,49,54,,
2784,Sat,27,Aug,2022,07,10,20,24,30,38,,
2783,Wed,24,Aug,2022,10,14,25,32,35,39,,
2782,Sat,20,Aug,2022,03,05,06,09,35,59,,
2781,Wed,17,Aug,2022,20,26,30,37,45,48,,
2780,Sat,13,Aug,2022,15,22,42,49,50,54,,
2779,Wed,10,Aug,2022,06,21,24,40,47,52,,
2778,Sat,6,Aug,2022,14,15,31,41,44,45,,
2777,Wed,3,Aug,2022,05,25,28,29,53,58,,
2776,Sat,30,Jul,2022,07,16,17,19,33,57,,
2775,Wed,27,Jul,2022,01,11,14,37,38,39,,
2774,Sat,23,Jul,2022,02,10,13,34,41,54,,
2773,Wed,20,Jul,2022,12,14,17,32,33,36,,
2772,Sat,16,Jul,2022,02,12,19,32,54,58,,
2771,Wed,13,Jul,2022,12,13,19,39,42,59,,
2770,Sat,9,Jul,2022,06,12,15,24,40,48,,
2769,Wed,6,Jul,2022,09,25,36,41,44,54,,
2768,Sat,2,Jul,2022,09,23,33,43,48,53,,
2767,Wed,29,Jun,2022,03,17,21,26,46,59,,
2766,Sat,25,Jun,2022,13,23,25,31,43,52,,
2765,Wed,22,Jun,2022,21,36,40,46,48,54,,
2764,Sat,18,Jun,2022,11,14,36,39,42,59,,
2763,Wed,15,Jun,2022,03,26,37,38,41,53,,
2762,Sat,11,Jun,2022,20,21,32,34,52,59,,
2761,Wed,8,Jun,2022,11,23,25,38,53,58,,
2760,Sat,4,Jun,2022,09,19,41,46,52,59,,
2759,Wed,1,Jun,2022,01,04,06,30,32,38,,
2758,Sat,28,May,2022,05,16,24,34,44,57,,
2757,Wed,25,May,2022,30,31,37,45,49,56,,
2756,Sat,21,May,2022,12,25,37,48,51,57,,
2755,Wed,18,May,2022,18,20,38,40,42,51,,
2754,Sat,14,May,2022,12,15,21,24,39,50,,
2753,Wed,11,May,2022,21,34,37,39,44,51,,
2752,Sat,7,May,2022,03,05,06,15,41,45,,
2751,Wed,4,May,2022,06,10,29,50,55,57,,
2750,Sat,30,Apr,2022,15,19,26,41,51,57,,
2749,Wed,27,Apr,2022,10,22,35,38,56,57,,
2748,Sat,23,Apr,2022,07,10,24,31,48,56,,
2747,Wed,20,Apr,2022,05,08,24,47,50,53,,
2746,Sat,16,Apr,2022,02,04,06,35,55,58,,
2745,Wed,13,Apr,2022,01,07,10,30,40,53,,
2744,Sat,9,Apr,2022,10,11,18,29,44,59,,
2743,Wed,6,Apr,2022,03,17,23,24,30,49,,
2742,Sat,2,Apr,2022,22,24,27,30,52,57,,
2741,Wed,30,Mar,2022,11,12,14,17,44,58,,
2740,Sat,26,Mar,2022,13,18,27,35,46,53,,
2739,Wed,23,Mar,2022,03,14,15,46,52,53,,
2738,Sat,19,Mar,2022,20,24,33,34,50,51,,
2737,Wed,16,Mar,2022,14,20,23,28,33,54,,
2736,Sat,12,Mar,2022,07,13,21,23,39,44,,
2735,Wed,9,Mar,2022,03,10,26,38,41,47,,
2734,Sat,5,Mar,2022,10,21,29,33,42,51,,
2733,Wed,2,Mar,2022,43,48,49,52,55,58,,
2732,Sat,26,Feb,2022,05,08,33,37,47,52,,
2731,Wed,23,Feb,2022,04,22,26,27,33,37,,
2730,Sat,19,Feb,2022,33,34,44,50,56,57,,
2729,Wed,16,Feb,2022,21,27,31,50,53,59,,
2728,Sat,12,Feb,2022,09,16,26,28,47,58,,
2727,Wed,9,Feb,2022,12,16,17,43,53,57,,
2726,Sat,5,Feb,2022,08,24,36,39,46,56,,
2725,Wed,2,Feb,2022,06,22,29,48,50,59,,
2724,Sat,29,Jan,2022,04,12,35,41,47,50,,
2723,Wed,26,Jan,2022,05,26,36,53,57,58,,
2722,Sat,22,Jan,2022,01,20,25,35,46,59,,
2721,Wed,19,Jan,2022,03,13,41,50,56,57,,
2720,Sat,15,Jan,2022,13,14,25,31,37,39,,
2719,Wed,12,Jan,2022,08,21,37,39,56,59,,
2718,Sat,8,Jan,2022,21,28,33,36,43,46,,
2717,Wed,5,Jan,2022,03,05,21,28,56,57,,
2716,Sat,1,Jan,2022,14,29,31,41,43,56,,
2715,Wed,29,Dec,2021,03,17,28,42,52,57,,
2714,Sat,25,Dec,2021,15,24,26,30,42,59,,
2713,Wed,22,Dec,2021,06,13,14,20,45,52,,
2712,Sat,18,Dec,2021,12,23,27,45,51,54,,
2711,Wed,15,Dec,2021,02,15,17,28,30,45,,
2710,Sat,11,Dec,2021,06,13,14,15,31,33,,
2709,Wed,8,Dec,2021,12,30,31,34,52,58,,
2708,Sat,4,Dec,2021,08,24,25,32,33,46,,
2707,Wed,1,Dec,2021,04,07,08,37,42,50,,
2706,Sat,27,Nov,2021,01,15,16,17,24,48,,
2705,Wed,24,Nov,2021,04,11,17,19,39,42,,
2704,Sat,20,Nov,2021,05,16,17,32,51,59,,
2703,Wed,17,Nov,2021,13,24,34,35,49,55,,
2702,Sat,13,Nov,2021,13,14,16,28,43,52,,
2701,Wed,10,Nov,2021,10,11,18,20,37,49,,
2700,Sat,6,Nov,2021,03,07,21,29,34,39,,
2699,Wed,3,Nov,2021,06,31,39,47,48,58,,
2698,Sat,30,Oct,2021,07,18,47,51,56,59,,
2697,Wed,27,Oct,2021,08,20,22,39,47,48,,
2696,Sat,23,Oct,2021,04,13,21,27,28,37,,
2695,Wed,20,Oct,2021,23,27,29,37,43,47,,
2694,Sat,16,Oct,2021,04,18,21,24,37,58,,
2693,Wed,13,Oct,2021,04,08,12,15,38,56,,
2692,Sat,9,Oct,2021,06,09,30,48,51,52,,
2691,Wed,6,Oct,2021,01,09,16,27,30,51,,
2690,Sat,2,Oct,2021,32,35,36,37,40,51,,
2689,Wed,29,Sep,2021,15,17,27,40,45,52,,
2688,Sat,25,Sep,2021,13,15,31,32,36,56,,
2687,Wed,22,Sep,2021,13,21,33,40,44,52,,
2686,Sat,18,Sep,2021,19,32,44,45,52,53,,
2685,Wed,15,Sep,2021,20,24,25,27,34,37,,
2684,Sat,11,Sep,2021,02,13,38,42,52,54,,
2683,Wed,8,Sep,2021,03,04,13,14,38,56,,
2682,Sat,4,Sep,2021,01,14,21,36,39,41,,
2681,Wed,1,Sep,2021,03,19,28,33,41,43,,
2680,Sat,28,Aug,2021,18,24,34,49,50,57,,
2679,Wed,25,Aug,2021,07,15,30,39,52,59,,
2678,Sat,21,Aug,2021,17,18,27,28,35,57,,
2677,Wed,18,Aug,2021,04,10,27,30,48,50,,
2676,Sat,14,Aug,2021,01,02,15,19,39,43,,
2675,Wed,11,Aug,2021,13,32,36,37,39,46,,
2674,Sat,7,Aug,2021,10,15,22,41,51,57,,
2673,Wed,4,Aug,2021,03,16,27,34,36,46,,
2672,Sat,31,Jul,2021,11,12,13,19,43,58,,
2671,Wed,28,Jul,2021,23,26,34,36,44,59,,
2670,Sat,24,Jul,2021,06,07,17,28,34,37,,
2669,Wed,21,Jul,2021,05,17,20,37,45,51,,
2668,Sat,17,Jul,2021,03,25,33,35,48,56,,
2667,Wed,14,Jul,2021,12,27,29,35,36,41,,
2666,Sat,10,Jul,2021,09,19,22,33,47,54,,
2665,Wed,7,Jul,2021,02,03,07,20,40,52,,
2664,Sat,3,Jul,2021,01,12,27,29,31,47,,
2663,Wed,30,Jun,2021,12,27,34,38,40,41,,
2662,Sat,26,Jun,2021,14,24,37,39,41,53,,
2661,Wed,23,Jun,2021,04,14,15,33,50,53,,
2660,Sat,19,Jun,2021,12,18,21,38,44,54,,
2659,Wed,16,Jun,2021,06,22,28,36,48,53,,
2658,Sat,12,Jun,2021,09,11,16,27,36,52,,
2657,Wed,9,Jun,2021,09,15,24,34,43,49,,
2656,Sat,5,Jun,2021,03,06,33,39,46,57,,
2655,Wed,2,Jun,2021,01,15,17,33,53,59,,
2654,Sat,29,May,2021,01,10,16,36,46,55,,
2653,Wed,26,May,2021,28,33,36,45,49,51,,
2652,Sat,22,May,2021,09,20,41,43,46,48,,
2651,Wed,19,May,2021,18,36,50,53,57,58,,
2650,Sat,15,May,2021,06,19,27,32,39,57,,
2649,Wed,12,May,2021,10,17,23,40,51,52,,
2648,Sat,8,May,2021,10,12,23,31,37,46,,
2647,Wed,5,May,2021,08,27,34,40,55,56,,
2646,Sat,1,May,2021,07,10,31,32,34,40,,
2645,Wed,28,Apr,2021,01,04,27,48,57,59,,
2644,Sat,24,Apr,2021,16,24,29,30,32,38,,
2643,Wed,21,Apr,2021,04,06,14,32,34,39,,
2642,Sat,17,Apr,2021,07,08,18,21,23,57,,
2641,Wed,14,Apr,2021,06,12,20,48,52,57,,
2640,Sat,10,Apr,2021,20,25,26,48,49,50,,
2639,Wed,7,Apr,2021,12,38,40,51,57,58,,
2638,Sat,3,Apr,2021,02,08,28,32,40,45,,
2637,Wed,31,Mar,2021,04,06,13,49,56,58,,
2636,Sat,27,Mar,2021,03,05,18,22,26,49,,
2635,Wed,24,Mar,2021,02,03,23,27,40,50,,
2634,Sat,20,Mar,2021,12,15,24,34,36,51,,
2633,Wed,17,Mar,2021,07,16,26,28,36,58,,
2632,Sat,13,Mar,2021,06,08,11,17,29,44,,
2631,Wed,10,Mar,2021,01,05,09,21,26,42,,
2630,Sat,6,Mar,2021,16,17,29,47,52,56,,
2629,Wed,3,Mar,2021,02,03,08,23,40,54,,
2628,Sat,27,Feb,2021,04,33,36,39,45,49,,
2627,Wed,24,Feb,2021,01,09,16,17,18,34,,
2626,Sat,20,Feb,2021,03,16,18,24,36,56,,
2625,Wed,17,Feb,2021,05,06,08,20,26,39,,
2624,Sat,13,Feb,2021,15,16,37,42,44,50,,
2623,Wed,10,Feb,2021,01,15,29,33,42,49,,
2622,Sat,6,Feb,2021,27,28,32,39,46,52,,
2621,Wed,3,Feb,2021,04,09,17,21,26,46,,
2620,Sat,30,Jan,2021,04,28,31,36,51,55,,
2619,Wed,27,Jan,2021,22,30,34,35,45,50,,
2618,Sat,23,Jan,2021,01,06,25,45,49,52,,
2617,Wed,20,Jan,2021,03,05,07,13,25,57,,
2616,Sat,16,Jan,2021,03,15,38,45,48,53,,
2615,Wed,13,Jan,2021,01,08,12,16,18,42,,
2614,Sat,9,Jan,2021,09,21,23,30,35,38,,
2613,Wed,6,Jan,2021,02,08,36,51,52,54,,
2612,Sat,2,Jan,2021,06,08,09,36,39,57,,
2611,Wed,30,Dec,2020,11,17,21,24,37,49,,
2610,Sat,26,Dec,2020,26,43,44,46,52,55,,
2609,Wed,23,Dec,2020,20,42,48,51,52,54,,
2608,Sat,19,Dec,2020,04,10,14,21,27,28,,
2607,Wed,16,Dec,2020,02,28,30,36,38,43,,
2606,Sat,12,Dec,2020,13,38,39,49,53,56,,
2605,Wed,9,Dec,2020,07,08,10,14,28,33,,
2604,Sat,5,Dec,2020,13,38,47,51,52,59,,
2603,Wed,2,Dec,2020,16,22,26,38,39,47,,
2602,Sat,28,Nov,2020,09,27,35,45,46,57,,
2601,Wed,25,Nov,2020,11,18,30,33,44,55,,
2600,Sat,21,Nov,2020,23,32,37,49,54,57,,
2599,Wed,18,Nov,2020,18,26,27,28,41,54,,
2598,Sat,14,Nov,2020,25,37,39,44,50,56,,
2597,Wed,11,Nov,2020,06,36,46,49,50,59,,
2596,Sat,7,Nov,2020,03,33,45,50,52,56,,
2595,Wed,4,Nov,2020,10,20,28,32,35,50,,
2594,Sat,31,Oct,2020,01,06,16,34,49,59,,
2593,Wed,28,Oct,2020,11,18,27,38,47,59,,
2592,Sat,24,Oct,2020,13,18,19,47,53,57,,
2591,Wed,21,Oct,2020,09,12,27,28,29,44,,
2590,Sat,17,Oct,2020,26,32,38,41,49,51,,
2589,Wed,14,Oct,2020,09,12,28,31,46,50,,
2588,Sat,10,Oct,2020,11,21,36,45,49,56,,
2587,Wed,7,Oct,2020,12,18,37,52,56,58,,
2586,Sat,3,Oct,2020,01,04,13,24,27,47,,
2585,Wed,30,Sep,2020,10,25,34,41,46,55,,
2584,Sat,26,Sep,2020,01,19,35,38,54,55,,
2583,Wed,23,Sep,2020,08,17,28,35,47,51,,
2582,Sat,19,Sep,2020,09,13,39,49,52,53,,
2581,Wed,16,Sep,2020,16,20,29,33,47,49,,
2580,Sat,12,Sep,2020,05,23,36,37,42,52,,
2579,Wed,9,Sep,2020,11,13,33,48,50,56,,
2578,Sat,5,Sep,2020,03,11,28,36,38,47,,
2577,Wed,2,Sep,2020,11,15,45,54,55,58,,
2576,Sat,29,Aug,2020,05,10,21,47,51,57,,
2575,Wed,26,Aug,2020,04,08,24,27,31,39,,
2574,Sat,22,Aug,2020,19,23,24,28,37,51,,
2573,Wed,19,Aug,2020,21,22,32,36,45,50,,
2572,Sat,15,Aug,2020,10,14,16,22,25,34,,
2571,Wed,12,Aug,2020,06,08,27,31,37,51,,
2570,Sat,8,Aug,2020,02,40,49,53,56,58,,
2569,Wed,5,Aug,2020,01,28,42,43,51,58,,
2568,Sat,1,Aug,2020,04,10,13,24,53,56,,
2567,Wed,29,Jul,2020,01,24,39,46,49,52,,
2566,Sat,25,Jul,2020,10,13,14,18,33,34,,
2565,Wed,22,Jul,2020,02,07,11,23,37,45,,
2564,Sat,18,Jul,2020,01,20,24,32,33,42,,
2563,Wed,15,Jul,2020,09,27,29,37,44,53,,
2562,Sat,11,Jul,2020,09,10,14,17,32,58,,
2561,Wed,8,Jul,2020,05,18,22,31,50,59,,
2560,Sat,4,Jul,2020,32,33,34,48,52,57,,
2559,Wed,1,Jul,2020,01,08,24,27,29,55,,
2558,Sat,27,Jun,2020,02,15,19,33,37,43,,
2557,Wed,24,Jun,2020,01,08,33,50,52,57,,
2556,Sat,20,Jun,2020,07,21,26,30,40,48,,
2555,Wed,17,Jun,2020,02,09,33,39,48,54,,
2554,Sat,13,Jun,2020,10,12,19,21,35,51,,
2553,Wed,10,Jun,2020,20,26,50,51,55,57,,
2552,Sat,6,Jun,2020,03,06,12,17,35,40,,
2551,Wed,3,Jun,2020,01,02,05,11,14,33,,
2550,Sat,30,May,2020,02,06,08,32,33,35,,
2549,Wed,27,May,2020,04,07,19,23,34,38,,
2548,Sat,23,May,2020,15,37,38,42,45,59,,
2547,Wed,20,May,2020,07,24,26,37,40,57,,
2546,Sat,16,May,2020,04,20,21,44,48,52,,
2545,Wed,13,May,2020,14,16,19,31,38,47,,
2544,Sat,9,May,2020,07,18,21,26,42,50,,
2543,Wed,6,May,2020,23,29,32,48,49,51,,
2542,Sat,2,May,2020,14,18,23,39,44,52,,
2541,Wed,29,Apr,2020,16,17,32,36,40,47,,
2540,Sat,25,Apr,2020,03,09,21,25,28,59,,
2539,Wed,22,Apr,2020,03,08,18,47,50,59,,
2538,Sat,18,Apr,2020,03,06,31,43,46,53,,
2537,Wed,15,Apr,2020,25,37,38,43,54,57,,
2536,Sat,11,Apr,2020,20,28,30,31,44,55,,
2535,Wed,8,Apr,2020,01,04,19,20,41,45,,
2534,Sat,4,Apr,2020,04,22,28,39,45,49,,
2533,Wed,1,Apr,2020,04,16,17,22,27,52,,
2532,Sat,28,Mar,2020,08,14,27,33,46,49,,
2531,Wed,25,Mar,2020,11,24,25,39,53,57,,
2530,Sat,21,Mar,2020,12,26,29,34,56,58,,
2529,Wed,18,Mar,2020,03,07,11,19,27,52,,
2528,Sat,14,Mar,2020,07,22,30,38,42,47,,
2527,Wed,11,Mar,2020,10,39,45,46,52,54,,
2526,Sat,7,Mar,2020,05,29,35,36,40,44,,
2525,Wed,4,Mar,2020,04,07,14,19,50,56,,
2524,Sat,29,Feb,2020,25,32,34,52,55,58,,
2523,Wed,26,Feb,2020,19,20,27,49,52,57,,
2522,Sat,22,Feb,2020,21,23,25,27,36,47,,
2521,Wed,19,Feb,2020,07,18,21,27,28,48,,
2520,Sat,15,Feb,2020,10,11,33,41,45,54,,
2519,Wed,12,Feb,2020,02,03,05,27,51,54,,
2518,Sat,8,Feb,2020,08,35,42,43,54,59,,
2517,Wed,5,Feb,2020,20,31,39,42,43,48,,
2516,Sat,1,Feb,2020,07,42,44,47,58,59,,
2515,Wed,29,Jan,2020,07,23,40,42,47,59,,
2514,Sat,25,Jan,2020,18,30,33,39,54,55,,
2513,Wed,22,Jan,2020,19,23,25,29,30,36,,
2512,Sat,18,Jan,2020,14,29,35,41,42,55,,
2511,Wed,15,Jan,2020,15,25,50,52,54,55,,
2510,Sat,11,Jan,2020,27,28,46,51,55,57,,
2509,Wed,8,Jan,2020,02,23,42,47,50,59,,
2508,Sat,4,Jan,2020,03,13,14,34,50,51,,
2507,Wed,1,Jan,2020,13,20,30,38,50,55,,
2506,Sat,28,Dec,2019,01,02,12,23,41,55,,
2505,Wed,25,Dec,2019,05,10,11,45,54,58,,
2504,Sat,21,Dec,2019,12,27,33,36,42,45,,
2503,Wed,18,Dec,2019,13,15,36,44,50,56,,
2502,Sat,14,Dec,2019,02,21,23,32,44,49,,
2501,Wed,11,Dec,2019,07,14,16,33,35,47,,
2500,Sat,7,Dec,2019,06,20,27,34,35,57,,
2499,Wed,4,Dec,2019,09,13,21,25,28,31,,
2498,Sat,30,Nov,2019,08,16,24,36,40,57,,
2497,Wed,27,Nov,2019,07,16,22,39,48,55,,
2496,Sat,23,Nov,2019,23,25,28,38,47,58,,
2495,Wed,20,Nov,2019,08,17,31,47,49,52,,
2494,Sat,16,Nov,2019,02,10,25,51,56,59,,
2493,Wed,13,Nov,2019,01,02,07,09,44,55,,
2492,Sat,9,Nov,2019,02,11,16,46,51,58,,
2491,Wed,6,Nov,2019,17,22,25,27,32,35,,
2490,Sat,2,Nov,2019,13,16,28,34,41,56,,
2489,Wed,30,Oct,2019,02,08,19,41,51,56,,
2488,Sat,26,Oct,2019,16,23,26,38,56,59,,
2487,Wed,23,Oct,2019,05,29,30,39,53,58,,
2486,Sat,19,Oct,2019,08,15,17,31,33,52,,
2485,Wed,16,Oct,2019,04,05,18,29,40,47,,
2484,Sat,12,Oct,2019,23,27,30,36,40,42,,
2483,Wed,9,Oct,2019,14,22,40,44,55,58,,
2482,Sat,5,Oct,2019,04,08,12,13,32,34,,
2481,Wed,2,Oct,2019,13,15,20,37,42,47,,
2480,Sat,28,Sep,2019,02,19,21,23,29,42,,
2479,Wed,25,Sep,2019,03,04,16,39,43,52,,
2478,Sat,21,Sep,2019,18,23,32,33,34,41,,
2477,Wed,18,Sep,2019,01,25,28,34,39,57,,
2476,Sat,14,Sep,2019,06,10,14,19,26,43,,
2475,Wed,11,Sep,2019,04,09,26,35,38,53,,
2474,Sat,7,Sep,2019,03,13,27,30,32,37,,
2473,Wed,4,Sep,2019,11,13,32,40,45,49,,
2472,Sat,31,Aug,2019,05,10,16,26,41,58,,
2471,Wed,28,Aug,2019,01,40,41,49,52,57,,
2470,Sat,24,Aug,2019,27,36,39,45,46,55,,
2469,Wed,21,Aug,2019,11,14,26,51,53,58,,
2468,Sat,17,Aug,2019,06,09,10,41,46,58,,
2467,Wed,14,Aug,2019,14,16,24,28,30,53,,
2466,Sat,10,Aug,2019,05,08,09,17,23,29,,
2465,Wed,7,Aug,2019,07,11,36,44,52,58,,
2464,Sat,3,Aug,2019,08,30,34,44,45,57,,
2463,Wed,31,Jul,2019,09,18,20,42,43,46,,
2462,Sat,27,Jul,2019,14,19,30,45,48,58,,
2461,Wed,24,Jul,2019,02,04,17,28,37,45,,
2460,Sat,20,Jul,2019,14,18,23,28,36,37,,
2459,Wed,17,Jul,2019,05,08,40,41,43,45,,
2458,Sat,13,Jul,2019,18,25,29,32,35,58,,
2457,Wed,10,Jul,2019,04,10,11,17,53,54,,
2456,Sat,6,Jul,2019,24,30,44,50,56,57,,
2455,Wed,3,Jul,2019,10,20,27,29,38,52,,
2454,Sat,29,Jun,2019,11,32,43,44,47,52,,
2453,Wed,26,Jun,2019,05,07,09,24,32,44,,
2452,Sat,22,Jun,2019,06,09,17,32,44,57,,
2451,Wed,19,Jun,2019,22,26,31,39,47,55,,
2450,Sat,15,Jun,2019,07,40,42,47,52,54,,
2449,Wed,12,Jun,2019,06,16,34,36,37,53,,
2448,Sat,8,Jun,2019,12,13,22,37,42,55,,
2447,Wed,5,Jun,2019,11,20,23,32,33,56,,
2446,Sat,1,Jun,2019,08,26,36,39,40,47,,
2445,Wed,29,May,2019,03,15,27,32,46,53,,
2444,Sat,25,May,2019,05,09,26,35,43,54,,
2443,Wed,22,May,2019,07,27,31,36,37,50,,
2442,Sat,18,May,2019,07,22,23,26,31,54,,
2441,Wed,15,May,2019,08,11,18,39,44,50,,
2440,Sat,11,May,2019,13,14,19,45,49,55,,
2439,Wed,8,May,2019,16,19,31,35,45,56,,
2438,Sat,4,May,2019,16,17,35,39,40,55,,
2437,Wed,1,May,2019,10,12,23,29,35,57,,
2436,Sat,27,Apr,2019,01,07,26,34,52,53,,
2435,Wed,24,Apr,2019,22,29,35,41,43,51,,
2434,Sat,20,Apr,2019,07,08,11,17,34,54,,
2433,Wed,17,Apr,2019,08,23,28,42,43,51,,
2432,Sat,13,Apr,2019,04,10,15,24,37,38,,
2431,Wed,10,Apr,2019,20,22,36,42,48,49,,
2430,Sat,6,Apr,2019,05,08,22,33,36,43,,
2429,Wed,3,Apr,2019,05,09,17,26,35,52,,
2428,Sat,30,Mar,2019,03,27,35,45,54,55,,
2427,Wed,27,Mar,2019,13,18,25,35,39,50,,
2426,Sat,23,Mar,2019,06,26,30,50,52,59,,
2425,Wed,20,Mar,2019,02,19,35,53,56,58,,
2424,Sat,16,Mar,2019,06,26,32,37,42,59,,
2423,Wed,13,Mar,2019,01,11,29,40,46,48,,
2422,Sat,9,Mar,2019,22,27,35,40,46,52,,
2421,Wed,6,Mar,2019,02,12,15,43,46,53,,
2420,Sat,2,Mar,2019,04,08,16,19,33,45,,
2419,Wed,27,Feb,2019,19,20,22,31,51,54,,
2418,Sat,23,Feb,2019,06,09,38,40,42,48,,
2417,Wed,20,Feb,2019,03,11,17,33,41,51,,
2416,Sat,16,Feb,2019,11,15,18,43,46,51,,
2415,Wed,13,Feb,2019,04,08,26,31,42,45,,
2414,Sat,9,Feb,2019,25,27,31,36,38,47,,
2413,Wed,6,Feb,2019,03,16,24,41,44,53,,
2412,Sat,2,Feb,2019,01,06,41,53,55,59,,
2411,Wed,30,Jan,2019,07,22,31,43,47,58,,
2410,Sat,26,Jan,2019,29,40,42,47,51,56,,
2409,Wed,23,Jan,2019,05,27,30,41,45,58,,
2408,Sat,19,Jan,2019,11,15,17,22,31,52,,
2407,Wed,16,Jan,2019,01,12,44,48,54,55,,
2406,Sat,12,Jan,2019,13,29,32,43,49,55,,
2405,Wed,9,Jan,2019,03,17,36,42,51,57,,
2404,Sat,5,Jan,2019,18,25,27,28,32,47,,
2403,Wed,2,Jan,2019,08,09,10,35,40,53,,
2402,Sat,29,Dec,2018,26,31,38,40,45,57,,
2401,Wed,26,Dec,2018,07,14,35,45,54,58,,
2400,Sat,22,Dec,2018,04,15,17,24,32,56,,
2399,Wed,19,Dec,2018,12,24,33,34,39,56,,
2398,Sat,15,Dec,2018,05,26,34,35,43,49,,
2397,Wed,12,Dec,2018,03,22,31,46,51,59,,
2396,Sat,8,Dec,2018,06,23,36,38,43,48,,
2395,Wed,5,Dec,2018,01,06,13,23,45,56,,
2394,Sat,1,Dec,2018,05,08,09,12,31,49,,
2393,Wed,28,Nov,2018,36,39,45,46,48,52,,
2392,Sat,24,Nov,2018,15,27,30,32,42,43,,
2391,Wed,21,Nov,2018,24,31,35,42,46,53,,
2390,Sat,17,Nov,2018,04,05,09,12,17,42,,
2389,Wed,14,Nov,2018,04,11,20,45,48,53,,
2388,Sat,10,Nov,2018,07,12,17,38,42,44,,
2387,Wed,7,Nov,2018,04,05,09,40,46,59,,
2386,Sat,3,Nov,2018,16,31,41,45,47,52,,
2385,Wed,31,Oct,2018,05,14,20,24,28,45,,
2384,Sat,27,Oct,2018,01,06,25,26,31,39,,
2383,Wed,24,Oct,2018,09,22,32,40,51,59,,
2382,Sat,20,Oct,2018,12,18,40,42,46,59,,
2381,Wed,17,Oct,2018,01,05,06,20,51,54,,
2380,Sat,13,Oct,2018,19,26,40,52,56,58,,
2379,Wed,10,Oct,2018,10,49,50,53,54,56,,
2378,Sat,6,Oct,2018,23,26,30,32,37,39,,
2377,Wed,3,Oct,2018,03,05,11,25,27,45,,
2376,Sat,29,Sep,2018,17,36,40,44,54,58,,
2375,Wed,26,Sep,2018,03,08,37,39,47,59,,
2374,Sat,22,Sep,2018,05,16,18,20,25,55,,
2373,Wed,19,Sep,2018,07,20,25,26,34,40,,
2372,Sat,15,Sep,2018,25,42,48,50,55,58,,
2371,Wed,12,Sep,2018,11,12,13,14,54,56,,
2370,Sat,8,Sep,2018,07,19,33,34,52,53,,
2369,Wed,5,Sep,2018,12,18,22,23,48,59,,
2368,Sat,1,Sep,2018,03,21,22,38,46,55,,
2367,Wed,29,Aug,2018,19,23,30,50,51,54,,
2366,Sat,25,Aug,2018,09,22,33,39,41,56,,
2365,Wed,22,Aug,2018,15,20,21,25,34,47,,
2364,Sat,18,Aug,2018,01,02,06,12,13,55,,
2363,Wed,15,Aug,2018,03,28,34,41,48,58,,
2362,Sat,11,Aug,2018,01,03,10,18,19,37,,
2361,Wed,8,Aug,2018,08,19,20,27,31,34,,
2360,Sat,4,Aug,2018,05,17,23,25,34,51,,
2359,Wed,1,Aug,2018,15,17,18,34,46,54,,
2358,Sat,28,Jul,2018,11,29,31,32,38,45,,
2357,Wed,25,Jul,2018,05,19,20,23,30,43,,
2356,Sat,21,Jul,2018,09,13,16,25,40,46,,
2355,Wed,18,Jul,2018,22,34,44,49,51,53,,
2354,Sat,14,Jul,2018,04,08,13,26,41,55,,
2353,Wed,11,Jul,2018,08,11,17,25,33,46,,
2352,Sat,7,Jul,2018,17,18,29,48,52,54,,
2351,Wed,4,Jul,2018,08,13,22,46,52,58,,
2350,Sat,30,Jun,2018,06,28,32,45,46,49,,
2349,Wed,27,Jun,2018,04,41,45,54,57,58,,
2348,Sat,23,Jun,2018,01,10,15,25,31,47,,
2347,Wed,20,Jun,2018,15,22,26,35,41,43,,
2346,Sat,16,Jun,2018,10,18,36,37,41,46,,
2345,Wed,13,Jun,2018,05,15,22,33,38,45,,
2344,Sat,9,Jun,2018,03,17,20,55,56,58,,
2343,Wed,6,Jun,2018,12,22,31,35,42,58,,
2342,Sat,2,Jun,2018,04,32,38,43,51,58,,
2341,Wed,30,May,2018,04,05,08,26,32,39,,
2340,Sat,26,May,2018,09,14,19,29,39,40,,
2339,Wed,23,May,2018,01,15,17,32,36,45,,
2338,Sat,19,May,2018,01,03,34,36,48,52,,
2337,Wed,16,May,2018,04,22,26,32,48,54,,
2336,Sat,12,May,2018,01,15,21,30,35,44,,
2335,Wed,9,May,2018,18,21,25,30,56,59,,
2334,Sat,5,May,2018,02,09,14,49,52,56,,
2333,Wed,2,May,2018,04,08,10,26,38,48,,
2332,Sat,28,Apr,2018,03,11,37,38,43,44,,
2331,Wed,25,Apr,2018,05,14,18,40,41,50,,
2330,Sat,21,Apr,2018,02,08,09,12,20,57,,
2329,Wed,18,Apr,2018,04,11,21,39,41,59,,
2328,Sat,14,Apr,2018,10,40,42,46,47,48,,
2327,Wed,11,Apr,2018,21,25,32,52,56,59,,
2326,Sat,7,Apr,2018,01,04,31,33,52,55,,
2325,Wed,4,Apr,2018,01,09,15,26,38,43,,
2324,Sat,31,Mar,2018,06,08,20,26,35,36,,
2323,Wed,28,Mar,2018,02,06,07,15,52,54,,
2322,Sat,24,Mar,2018,03,11,16,36,43,59,,
2321,Wed,21,Mar,2018,02,35,44,51,54,55,,
2320,Sat,17,Mar,2018,07,08,13,24,45,46,,
2319,Wed,14,Mar,2018,07,19,38,45,47,53,,
2318,Sat,10,Mar,2018,03,07,36,42,53,59,,
2317,Wed,7,Mar,2018,08,10,22,37,55,57,,
2316,Sat,3,Mar,2018,15,19,20,29,42,50,,
2315,Wed,28,Feb,2018,09,10,27,30,33,45,,
2314,Sat,24,Feb,2018,02,11,35,40,48,55,,
2313,Wed,21,Feb,2018,14,25,29,30,35,53,,
2312,Sat,17,Feb,2018,05,08,09,10,38,53,,
2311,Wed,14,Feb,2018,02,08,33,46,48,50,,
2310,Sat,10,Feb,2018,03,12,15,29,51,58,,
2309,Wed,7,Feb,2018,05,19,29,34,40,45,,
2308,Sat,3,Feb,2018,08,26,27,29,49,58,,
2307,Wed,31,Jan,2018,05,19,21,42,44,57,,
2306,Sat,27,Jan,2018,29,33,43,45,49,56,,
2305,Wed,24,Jan,2018,01,22,39,44,48,59,,
2304,Sat,20,Jan,2018,02,10,19,28,29,31,,
2303,Wed,17,Jan,2018,30,33,37,43,55,56,,
2302,Sat,13,Jan,2018,06,07,09,18,35,46,,
2301,Wed,10,Jan,2018,06,11,27,29,40,55,,
2300,Sat,6,Jan,2018,18,28,31,32,44,51,,
2299,Wed,3,Jan,2018,11,19,20,30,35,49,,
2298,Sat,30,Dec,2017,33,37,42,47,55,58,,
2297,Wed,27,Dec,2017,18,36,48,57,58,59,,
2296,Sat,23,Dec,2017,20,32,36,44,47,56,,
2295,Wed,20,Dec,2017,10,20,28,38,41,46,,
2294,Sat,16,Dec,2017,22,25,35,45,46,57,,
2293,Wed,13,Dec,2017,06,14,23,24,43,58,,
2292,Sat,9,Dec,2017,02,32,37,39,46,54,,
2291,Wed,6,Dec,2017,03,19,24,31,50,52,,
2290,Sat,2,Dec,2017,04,09,13,32,46,50,,
2289,Wed,29,Nov,2017,20,32,42,43,53,58,,
2288,Sat,25,Nov,2017,04,07,29,45,54,56,,
2287,Wed,22,Nov,2017,02,16,17,27,36,37,,
2286,Sat,18,Nov,2017,01,20,24,36,54,58,,
2285,Wed,15,Nov,2017,02,11,22,36,51,59,,
2284,Sat,11,Nov,2017,04,16,27,30,41,49,,
2283,Wed,8,Nov,2017,02,17,25,32,42,49,,
2282,Sat,4,Nov,2017,06,20,23,29,35,53,,
2281,Wed,1,Nov,2017,13,14,18,19,21,36,,
2280,Sat,28,Oct,2017,08,15,33,42,55,58,,
2279,Wed,25,Oct,2017,01,03,11,37,49,58,,
2278,Sat,21,Oct,2017,03,31,37,41,44,59,,
2277,Wed,18,Oct,2017,11,12,15,22,27,44,,
2276,Sat,14,Oct,2017,06,22,40,43,47,58,,
2275,Wed,11,Oct,2017,17,38,49,54,55,56,,
2274,Sat,7,Oct,2017,15,20,30,37,47,51,,
2273,Wed,4,Oct,2017,12,20,32,38,48,54,,
2272,Sat,30,Sep,2017,13,18,21,30,50,54,,
2271,Wed,27,Sep,2017,30,35,45,47,52,55,,
2270,Sat,23,Sep,2017,17,18,26,39,54,56,,
2269,Wed,20,Sep,2017,08,20,25,50,51,58,,
2268,Sat,16,Sep,2017,01,06,31,37,49,50,,
2267,Wed,13,Sep,2017,04,11,14,21,29,56,,
2266,Sat,9,Sep,2017,04,07,13,49,56,58,,
2265,Wed,6,Sep,2017,16,30,34,50,52,53,,
2264,Sat,2,Sep,2017,30,33,35,40,41,59,,
2263,Wed,30,Aug,2017,34,42,46,57,58,59,,
2262,Sat,26,Aug,2017,20,25,34,41,42,52,,
2261,Wed,23,Aug,2017,08,16,21,41,44,56,,
2260,Sat,19,Aug,2017,12,25,39,46,52,55,,
2259,Wed,16,Aug,2017,07,17,28,43,44,45,,
2258,Sat,12,Aug,2017,10,27,49,52,55,56,,
2257,Wed,9,Aug,2017,05,09,25,34,51,59,,
2256,Sat,5,Aug,2017,14,24,30,45,49,56,,
2255,Wed,2,Aug,2017,04,06,24,35,45,52,,
2254,Sat,29,Jul,2017,01,26,41,55,56,59,,
2253,Wed,26,Jul,2017,05,10,29,35,55,56,,
2252,Sat,22,Jul,2017,05,13,21,35,41,47,,
2251,Wed,19,Jul,2017,02,06,14,16,25,36,,
2250,Sat,15,Jul,2017,07,08,14,47,56,58,,
2249,Wed,12,Jul,2017,07,14,19,38,40,45,,
2248,Sat,8,Jul,2017,01,11,18,27,32,50,,
2247,Wed,5,Jul,2017,16,18,25,27,29,57,,
2246,Sat,1,Jul,2017,02,19,36,52,54,59,,
2245,Wed,28,Jun,2017,02,10,21,23,54,56,,
2244,Sat,24,Jun,2017,04,16,26,39,42,54,,
2243,Wed,21,Jun,2017,01,03,05,11,15,43,,
2242,Sat,17,Jun,2017,01,11,16,20,24,44,,
2241,Wed,14,Jun,2017,02,04,14,23,34,46,,
2240,Sat,10,Jun,2017,10,18,28,35,36,50,,
2239,Wed,7,Jun,2017,06,08,12,36,37,41,,
2238,Sat,3,Jun,2017,12,19,21,38,47,51,,
2237,Wed,31,May,2017,18,23,28,52,56,59,,
2236,Sat,27,May,2017,20,22,31,39,41,54,,
2235,Wed,24,May,2017,03,30,44,45,55,59,,
2234,Sat,20,May,2017,07,08,13,29,43,53,,
2233,Wed,17,May,2017,03,19,20,24,30,38,,
2232,Sat,13,May,2017,07,14,15,21,23,57,,
2231,Wed,10,May,2017,07,12,17,35,37,58,,
2230,Sat,6,May,2017,05,34,36,38,39,48,,
2229,Wed,3,May,2017,13,22,24,34,41,57,,
2228,Sat,29,Apr,2017,24,29,30,36,46,48,,
2227,Wed,26,Apr,2017,12,15,30,43,47,59,,
2226,Sat,22,Apr,2017,04,06,34,37,42,52,,
2225,Wed,19,Apr,2017,04,27,47,54,55,59,,
2224,Sat,15,Apr,2017,08,10,16,19,23,31,,
2223,Wed,12,Apr,2017,03,16,34,42,49,52,,
2222,Sat,8,Apr,2017,14,23,36,45,47,50,,
2221,Wed,5,Apr,2017,10,16,18,32,42,45,,
2220,Sat,1,Apr,2017,01,02,11,23,25,54,,
2219,Wed,29,Mar,2017,05,06,16,32,42,51,,
2218,Sat,25,Mar,2017,39,48,52,53,54,58,,
2217,Wed,22,Mar,2017,06,11,12,19,27,31,,
2216,Sat,18,Mar,2017,03,08,19,26,37,41,,
2215,Wed,15,Mar,2017,06,24,27,38,39,58,,
2214,Sat,11,Mar,2017,06,15,23,29,55,57,,
2213,Wed,8,Mar,2017,11,19,22,42,43,49,,
2212,Sat,4,Mar,2017,24,38,39,40,49,56,,
2211,Wed,1,Mar,2017,02,07,21,22,47,53,,
2210,Sat,25,Feb,2017,18,24,34,38,41,49,,
2209,Wed,22,Feb,2017,01,16,28,31,38,54,,
2208,Sat,18,Feb,2017,11,13,21,37,49,59,,
2207,Wed,15,Feb,2017,17,23,28,38,47,56,,
2206,Sat,11,Feb,2017,15,18,23,42,43,52,,
2205,Wed,8,Feb,2017,07,23,41,44,49,54,,
2204,Sat,4,Feb,2017,06,09,27,30,40,50,,
2203,Wed,1,Feb,2017,06,08,15,31,45,58,,
2202,Sat,28,Jan,2017,05,21,23,34,43,45,,
2201,Wed,25,Jan,2017,04,09,20,23,37,53,,
2200,Sat,21,Jan,2017,04,13,37,40,52,58,,
2199,Wed,18,Jan,2017,08,14,20,27,28,53,,
2198,Sat,14,Jan,2017,14,19,21,36,53,54,,
2197,Wed,11,Jan,2017,21,26,29,35,46,59,,
2196,Sat,7,Jan,2017,08,16,33,36,45,51,,
2195,Wed,4,Jan,2017,10,29,37,42,48,49,,
2194,Sat,31,Dec,2016,10,17,35,41,51,54,,
2193,Wed,28,Dec,2016,05,40,47,48,52,54,,
2192,Sat,24,Dec,2016,16,19,29,46,54,58,,
2191,Wed,21,Dec,2016,10,13,22,35,42,52,,
2190,Sat,17,Dec,2016,02,11,18,32,40,54,,
2189,Wed,14,Dec,2016,03,07,08,09,40,58,,
2188,Sat,10,Dec,2016,11,26,31,32,33,46,,
2187,Wed,7,Dec,2016,16,27,31,32,44,58,,
2186,Sat,3,Dec,2016,03,08,09,19,21,54,,
2185,Wed,30,Nov,2016,10,20,25,39,45,55,,
2184,Sat,26,Nov,2016,01,02,28,40,48,49,,
2183,Wed,23,Nov,2016,02,04,08,25,38,39,,
2182,Sat,19,Nov,2016,05,07,08,16,28,37,,
2181,Wed,16,Nov,2016,07,12,33,47,50,51,,
2180,Sat,12,Nov,2016,03,11,16,31,44,55,,
2179,Wed,9,Nov,2016,12,13,30,34,39,52,,
2178,Sat,5,Nov,2016,08,12,16,26,45,49,,
2177,Wed,2,Nov,2016,05,14,19,24,31,38,,
2176,Sat,29,Oct,2016,07,08,16,24,29,58,,
2175,Wed,26,Oct,2016,05,11,27,29,52,53,,
2174,Sat,22,Oct,2016,09,19,26,27,45,50,,
2173,Wed,19,Oct,2016,02,03,04,32,54,59,,
2172,Sat,15,Oct,2016,14,16,25,42,46,51,,
2171,Wed,12,Oct,2016,02,22,29,30,36,58,,
2170,Sat,8,Oct,2016,11,17,20,32,40,42,,
2169,Wed,5,Oct,2016,11,16,25,37,43,44,,
2168,Sat,1,Oct,2016,04,05,18,28,43,58,,
2167,Wed,28,Sep,2016,19,29,37,41,51,53,,
2166,Sat,24,Sep,2016,11,24,34,43,44,47,,
2165,Wed,21,Sep,2016,20,21,28,33,49,56,,
2164,Sat,17,Sep,2016,10,14,25,29,52,54,,
2163,Wed,14,Sep,2016,16,23,35,42,44,58,,
2162,Sat,10,Sep,2016,06,17,37,46,47,51,,
2161,Wed,7,Sep,2016,03,10,12,29,30,44,,
2160,Sat,3,Sep,2016,02,06,17,28,38,55,,
2159,Wed,31,Aug,2016,15,16,26,45,47,49,,
2158,Sat,27,Aug,2016,05,10,22,23,34,54,,
2157,Wed,24,Aug,2016,04,10,15,37,38,59,,
2156,Sat,20,Aug,2016,08,18,26,35,41,52,,
2155,Wed,17,Aug,2016,04,15,27,36,37,59,,
2154,Sat,13,Aug,2016,12,20,31,39,43,46,,
2153,Wed,10,Aug,2016,11,17,35,36,40,59,,
2152,Sat,6,Aug,2016,34,39,42,47,53,54,,
2151,Wed,3,Aug,2016,16,17,22,38,41,55,,
2150,Sat,30,Jul,2016,14,26,28,41,51,57,,
2149,Wed,27,Jul,2016,09,24,26,38,40,46,,
2148,Sat,23,Jul,2016,19,20,30,37,54,59,,
2147,Wed,20,Jul,2016,18,29,30,37,46,59,,
2146,Sat,16,Jul,2016,10,14,17,32,36,50,,
2145,Wed,13,Jul,2016,01,22,30,34,57,58,,
2144,Sat,9,Jul,2016,01,03,22,29,36,42,,
2143,Wed,6,Jul,2016,01,03,20,24,38,39,,
2142,Sat,2,Jul,2016,03,09,16,19,24,43,,
2141,Wed,29,Jun,2016,10,19,21,45,46,56,,
2140,Sat,25,Jun,2016,13,14,18,22,24,56,,
2139,Wed,22,Jun,2016,11,25,36,39,40,57,,
2138,Sat,18,Jun,2016,10,17,26,31,35,38,,
2137,Wed,15,Jun,2016,02,14,19,20,29,38,,
2136,Sat,11,Jun,2016,04,17,30,38,47,55,,
2135,Wed,8,Jun,2016,28,33,43,49,55,58,,
2134,Sat,4,Jun,2016,07,32,34,48,55,58,,
2133,Wed,1,Jun,2016,23,27,36,39,41,49,,
2132,Sat,28,May,2016,08,10,36,40,52,57,,
2131,Wed,25,May,2016,06,20,33,44,45,55,,
2130,Sat,21,May,2016,06,07,19,28,30,52,,
2129,Wed,18,May,2016,01,03,28,34,37,46,,
2128,Sat,14,May,2016,09,12,23,24,32,51,,
2127,Wed,11,May,2016,13,22,23,33,49,54,,
2126,Sat,7,May,2016,04,14,17,27,34,36,,
2125,Wed,4,May,2016,01,02,03,04,20,21,,
2124,Sat,30,Apr,2016,01,02,05,38,53,56,,
2123,Wed,27,Apr,2016,12,24,29,34,39,57,,
2122,Sat,23,Apr,2016,02,14,26,35,44,59,,
2121,Wed,20,Apr,2016,01,07,09,10,12,31,,
2120,Sat,16,Apr,2016,02,05,14,42,51,55,,
2119,Wed,13,Apr,2016,13,15,17,19,35,57,,
2118,Sat,9,Apr,2016,20,22,25,34,47,51,,
2117,Wed,6,Apr,2016,15,17,31,41,50,57,,
2116,Sat,2,Apr,2016,07,14,20,33,47,55,,
2115,Wed,30,Mar,2016,05,13,24,31,40,41,,
2114,Sat,26,Mar,2016,05,12,43,51,53,57,,
2113,Wed,23,Mar,2016,07,14,21,35,41,42,,
2112,Sat,19,Mar,2016,21,27,31,34,40,54,,
2111,Wed,16,Mar,2016,13,14,31,42,44,58,,
2110,Sat,12,Mar,2016,13,21,30,39,51,56,,
2109,Wed,9,Mar,2016,26,31,35,37,40,49,,
2108,Sat,5,Mar,2016,11,19,29,37,40,41,,
2107,Wed,2,Mar,2016,04,15,21,26,39,58,,
2106,Sat,27,Feb,2016,11,14,22,37,53,56,,
2105,Wed,24,Feb,2016,04,14,18,19,26,27,,
2104,Sat,20,Feb,2016,02,17,35,41,57,59,,
2103,Wed,17,Feb,2016,05,15,33,47,51,59,,
2102,Sat,13,Feb,2016,15,16,23,39,48,59,,
2101,Wed,10,Feb,2016,02,13,25,32,37,39,,
2100,Sat,6,Feb,2016,10,12,18,34,52,56,,
2099,Wed,3,Feb,2016,23,25,34,36,37,54,,
2098,Sat,30,Jan,2016,01,06,21,31,41,44,,
2097,Wed,27,Jan,2016,08,38,41,42,50,58,,
2096,Sat,23,Jan,2016,08,09,10,11,41,54,,
2095,Wed,20,Jan,2016,18,36,37,38,54,57,,
2094,Sat,16,Jan,2016,01,08,12,25,43,52,,
2093,Wed,13,Jan,2016,04,12,38,46,57,59,,
2092,Sat,9,Jan,2016,26,27,46,47,52,58,,
2091,Wed,6,Jan,2016,08,30,40,50,54,57,,
2090,Sat,2,Jan,2016,12,25,29,40,48,56,,
2089,Wed,30,Dec,2015,22,31,47,52,55,59,,
2088,Sat,26,Dec,2015,17,21,31,38,44,58,,
2087,Wed,23,Dec,2015,01,02,04,19,28,41,,
2086,Sat,19,Dec,2015,13,14,27,46,48,50,,
2085,Wed,16,Dec,2015,10,12,35,46,48,57,,
2084,Sat,12,Dec,2015,15,22,25,40,53,57,,
2083,Wed,9,Dec,2015,03,08,14,28,34,53,,
2082,Sat,5,Dec,2015,10,11,15,50,51,56,,
2081,Wed,2,Dec,2015,09,11,14,28,37,42,,
2080,Sat,28,Nov,2015,07,12,20,24,34,52,,
2079,Wed,25,Nov,2015,18,29,38,41,43,57,,
2078,Sat,21,Nov,2015,02,08,10,11,32,47,,
2077,Wed,18,Nov,2015,09,23,30,46,49,55,,
2076,Sat,14,Nov,2015,02,23,39,54,55,57,,
2075,Wed,11,Nov,2015,02,17,27,28,51,52,,
2074,Sat,7,Nov,2015,02,03,34,43,49,50,,
2073,Wed,4,Nov,2015,11,13,18,25,29,47,,
2072,Sat,31,Oct,2015,26,39,41,42,55,59,,
2071,Wed,28,Oct,2015,26,36,41,46,49,52,,
2070,Sat,24,Oct,2015,29,31,43,55,58,59,,
2069,Wed,21,Oct,2015,13,14,21,25,51,53,,
2068,Sat,17,Oct,2015,08,30,37,40,46,50,,
2067,Wed,14,Oct,2015,07,13,20,27,39,52,,
2066,Sat,10,Oct,2015,02,03,16,32,53,54,,
2065,Wed,7,Oct,2015,05,07,11,30,44,49,,
2064,Sat,3,Oct,2015,07,08,09,14,35,44,,
2063,Wed,30,Sep,2015,05,08,11,17,40,45,,
2062,Sat,26,Sep,2015,09,17,31,33,41,42,,
2061,Wed,23,Sep,2015,09,17,21,23,35,36,,
2060,Sat,19,Sep,2015,14,26,28,31,32,44,,
2059,Wed,16,Sep,2015,12,14,21,22,37,43,,
2058,Sat,12,Sep,2015,14,20,28,31,40,46,,
2057,Wed,9,Sep,2015,06,18,20,21,29,31,,
2056,Sat,5,Sep,2015,24,29,33,40,43,49,,
2055,Wed,2,Sep,2015,02,09,27,29,33,40,,
2054,Sat,29,Aug,2015,12,18,23,33,42,43,,
2053,Wed,26,Aug,2015,03,04,07,18,48,49,,
2052,Sat,22,Aug,2015,07,19,22,28,40,44,,
2051,Wed,19,Aug,2015,05,06,07,25,27,33,,
2050,Sat,15,Aug,2015,04,08,10,21,41,49,,
2049,Wed,12,Aug,2015,06,15,17,20,24,25,,
2048,Sat,8,Aug,2015,06,22,28,30,39,44,,
2047,Wed,5,Aug,2015,05,08,12,28,39,41,,
2046,Sat,1,Aug,2015,01,16,27,42,46,47,,
2045,Wed,29,Jul,2015,18,21,31,42,45,47,,
2044,Sat,25,Jul,2015,02,04,05,15,20,48,,
2043,Wed,22,Jul,2015,07,23,26,33,38,45,,
2042,Sat,18,Jul,2015,08,15,17,33,41,47,,
2041,Wed,15,Jul,2015,04,07,14,21,22,29,,
2040,Sat,11,Jul,2015,06,12,32,36,38,47,,
2039,Wed,8,Jul,2015,03,10,35,38,40,41,,
2038,Sat,4,Jul,2015,13,14,35,39,46,49,,
2037,Wed,1,Jul,2015,04,10,13,18,29,33,,
2036,Sat,27,Jun,2015,02,04,08,21,30,38,,
2035,Wed,24,Jun,2015,14,23,28,33,35,42,,
2034,Sat,20,Jun,2015,01,06,23,25,32,35,,
2033,Wed,17,Jun,2015,02,08,12,15,21,42,,
2032,Sat,13,Jun,2015,18,23,25,37,39,47,,
2031,Wed,10,Jun,2015,23,29,30,39,42,49,,
2030,Sat,6,Jun,2015,10,14,19,24,28,33,,
2029,Wed,3,Jun,2015,17,32,39,40,43,49,,
2028,Sat,30,May,2015,06,07,23,27,38,49,,
2027,Wed,27,May,2015,12,27,28,39,41,48,,
2026,Sat,23,May,2015,01,08,22,30,34,40,,
2025,Wed,20,May,2015,06,09,22,38,39,41,,
2024,Sat,16,May,2015,07,11,15,32,46,48,,
2023,Wed,13,May,2015,01,05,21,33,34,47,,
2022,Sat,9,May,2015,05,17,22,31,40,48,,
2021,Wed,6,May,2015,01,11,14,15,19,41,,
2020,Sat,2,May,2015,07,10,11,30,31,42,,
2019,Wed,29,Apr,2015,03,04,25,27,42,45,,
2018,Sat,25,Apr,2015,04,11,27,28,30,49,,
2017,Wed,22,Apr,2015,15,21,28,35,42,43,,
2016,Sat,18,Apr,2015,01,23,27,36,43,45,,
2015,Wed,15,Apr,2015,01,18,22,25,31,39,,
2014,Sat,11,Apr,2015,17,22,24,28,33,46,,
2013,Wed,8,Apr,2015,18,28,30,31,41,46,,
2012,Sat,4,Apr,2015,01,18,20,31,38,47,,
2011,Wed,1,Apr,2015,11,15,18,22,41,49,,
2010,Sat,28,Mar,2015,03,04,06,21,23,44,,
2009,Wed,25,Mar,2015,03,17,20,24,38,43,,
2008,Sat,21,Mar,2015,01,05,07,21,37,49,,
2007,Wed,18,Mar,2015,04,07,09,17,20,48,,
2006,Sat,14,Mar,2015,06,17,24,29,33,36,,
2005,Wed,11,Mar,2015,07,09,21,22,24,47,,
2004,Sat,7,Mar,2015,02,17,21,26,30,48,,
2003,Wed,4,Mar,2015,03,08,19,27,42,43,,
2002,Sat,28,Feb,2015,04,07,09,10,19,47,,
2001,Wed,25,Feb,2015,12,14,15,20,40,41,,
2000,Sat,21,Feb,2015,01,19,24,27,38,48,,
1999,Wed,18,Feb,2015,21,23,25,34,42,49,,
1998,Sat,14,Feb,2015,07,20,23,29,40,46,,
1997,Wed,11,Feb,2015,08,09,10,21,35,41,,
1996,Sat,7,Feb,2015,03,06,15,17,18,35,,
1995,Wed,4,Feb,2015,10,13,17,22,40,46,,
1994,Sat,31,Jan,2015,07,10,16,33,39,44,,
1993,Wed,28,Jan,2015,03,04,17,24,30,34,,
1992,Sat,24,Jan,2015,04,08,19,35,44,49,,
1991,Wed,21,Jan,2015,01,06,32,34,37,45,,
1990,Sat,17,Jan,2015,29,37,42,46,47,49,,
1989,Wed,14,Jan,2015,17,20,28,29,33,36,,
1988,Sat,10,Jan,2015,13,14,16,24,41,43,,
1987,Wed,7,Jan,2015,04,05,10,12,20,23,,
1986,Sat,3,Jan,2015,10,15,17,18,19,31,,
1985,Wed,31,Dec,2014,12,18,22,37,38,49,,
1984,Sat,27,Dec,2014,11,23,28,30,32,46,,
1983,Wed,24,Dec,2014,07,09,13,44,47,48,,
1982,Sat,20,Dec,2014,18,22,23,32,40,42,,
1981,Wed,17,Dec,2014,02,19,24,33,35,46,,
1980,Sat,13,Dec,2014,18,30,33,34,38,48,,
1979,Wed,10,Dec,2014,14,15,31,36,42,47,,
1978,Sat,6,Dec,2014,19,23,40,43,45,49,,
1977,Wed,3,Dec,2014,04,17,19,25,35,37,,
1976,Sat,29,Nov,2014,06,11,18,19,38,42,,
1975,Wed,26,Nov,2014,26,28,29,30,41,49,,
1974,Sat,22,Nov,2014,02,03,05,15,22,29,,
1973,Wed,19,Nov,2014,02,15,35,36,38,39,,
1972,Sat,15,Nov,2014,05,26,28,30,42,44,,
1971,Wed,12,Nov,2014,05,09,10,13,41,44,,
1970,Sat,8,Nov,2014,06,07,22,27,35,42,,
1969,Wed,5,Nov,2014,02,05,21,25,34,36,,
1968,Sat,1,Nov,2014,03,05,09,28,35,47,,
1967,Wed,29,Oct,2014,13,14,17,25,31,49,,
1966,Sat,25,Oct,2014,11,15,17,30,43,49,,
1965,Wed,22,Oct,2014,05,24,28,36,42,47,,
1964,Sat,18,Oct,2014,01,22,30,33,40,47,,
1963,Wed,15,Oct,2014,06,19,24,26,42,43,,
1962,Sat,11,Oct,2014,02,05,08,23,26,32,,
1961,Wed,8,Oct,2014,04,27,28,29,34,43,,
1960,Sat,4,Oct,2014,04,18,24,34,36,48,,
1959,Wed,1,Oct,2014,01,04,05,07,18,47,,
1958,Sat,27,Sep,2014,01,03,07,19,20,46,,
1957,Wed,24,Sep,2014,04,08,29,33,38,48,,
1956,Sat,20,Sep,2014,02,06,22,26,33,48,,
1955,Wed,17,Sep,2014,09,19,22,34,41,46,,
1954,Sat,13,Sep,2014,12,15,22,29,30,35,,
1953,Wed,10,Sep,2014,13,16,18,24,31,43,,
1952,Sat,6,Sep,2014,11,29,32,37,40,48,,
1951,Wed,3,Sep,2014,12,22,23,27,34,35,,
1950,Sat,30,Aug,2014,01,19,20,30,35,46,,
1949,Wed,27,Aug,2014,05,17,29,36,37,49,,
1948,Sat,23,Aug,2014,01,07,11,38,41,42,,
1947,Wed,20,Aug,2014,06,12,15,24,35,47,,
1946,Sat,16,Aug,2014,01,03,25,33,36,42,,
1945,Wed,13,Aug,2014,05,09,11,20,23,30,,
1944,Sat,9,Aug,2014,16,36,40,43,45,47,,
1943,Wed,6,Aug,2014,17,21,29,33,35,46,,
1942,Sat,2,Aug,2014,13,23,28,37,42,45,,
1941,Wed,30,Jul,2014,02,05,11,22,24,42,,
1940,Sat,26,Jul,2014,08,14,22,26,35,37,,
1939,Wed,23,Jul,2014,14,18,20,30,43,47,,
1938,Sat,19,Jul,2014,05,09,14,25,34,38,,
1937,Wed,16,Jul,2014,04,11,22,27,47,49,,
1936,Sat,12,Jul,2014,03,19,23,28,37,43,,
1935,Wed,9,Jul,2014,03,08,11,12,39,43,,
1934,Sat,5,Jul,2014,08,15,23,24,28,34,,
1933,Wed,2,Jul,2014,01,18,20,38,43,48,,
1932,Sat,28,Jun,2014,08,12,28,30,43,49,,
1931,Wed,25,Jun,2014,05,15,19,25,34,36,,
1930,Sat,21,Jun,2014,03,07,13,17,27,40,,
1929,Wed,18,Jun,2014,10,11,18,23,26,37,,
1928,Sat,14,Jun,2014,09,18,22,23,29,33,,
1927,Wed,11,Jun,2014,11,13,14,28,40,42,,
1926,Sat,7,Jun,2014,05,10,16,23,31,44,,
1925,Wed,4,Jun,2014,14,19,30,31,47,48,,
1924,Sat,31,May,2014,07,09,18,24,39,40,,
1923,Wed,28,May,2014,18,26,32,36,40,45,,
1922,Sat,24,May,2014,10,31,35,40,41,44,,
1921,Wed,21,May,2014,02,05,09,28,29,48,,
1920,Sat,17,May,2014,10,19,20,33,43,46,,
1919,Wed,14,May,2014,15,26,29,35,36,41,,
1918,Sat,10,May,2014,03,05,08,10,16,17,,
1917,Wed,7,May,2014,16,17,22,38,44,49,,
1916,Sat,3,May,2014,01,07,09,27,30,48,,
1915,Wed,30,Apr,2014,09,25,34,37,44,45,,
1914,Sat,26,Apr,2014,17,22,23,33,36,42,,
1913,Wed,23,Apr,2014,16,18,29,34,35,39,,
1912,Sat,19,Apr,2014,13,20,31,34,36,44,,
1911,Wed,16,Apr,2014,01,06,10,23,25,40,,
1910,Sat,12,Apr,2014,04,17,22,26,31,47,,
1909,Wed,9,Apr,2014,08,17,20,32,41,43,,
1908,Sat,5,Apr,2014,03,07,20,31,43,45,,
1907,Wed,2,Apr,2014,14,16,20,38,39,45,,
1906,Sat,29,Mar,2014,08,14,16,21,47,49,,
1905,Wed,26,Mar,2014,20,29,33,35,37,40,,
1904,Sat,22,Mar,2014,17,20,28,39,43,44,,
1903,Wed,19,Mar,2014,04,21,25,27,31,49,,
1902,Sat,15,Mar,2014,14,19,22,25,38,48,,
1901,Wed,12,Mar,2014,11,12,16,20,35,46,,
1900,Sat,8,Mar,2014,02,09,12,26,31,44,,
1899,Wed,5,Mar,2014,01,04,05,08,25,46,,
1898,Sat,1,Mar,2014,04,09,10,13,29,40,,
1897,Wed,26,Feb,2014,03,10,11,24,25,35,,
1896,Sat,22,Feb,2014,19,23,34,35,39,49,,
1895,Wed,19,Feb,2014,17,19,35,37,46,48,,
1894,Sat,15,Feb,2014,15,17,19,22,33,40,,
1893,Wed,12,Feb,2014,03,07,20,24,30,39,,
1892,Sat,8,Feb,2014,08,25,27,36,39,44,,
1891,Wed,5,Feb,2014,12,13,28,33,46,49,,
1890,Sat,1,Feb,2014,27,34,35,36,41,48,,
1889,Wed,29,Jan,2014,09,29,37,38,42,46,,
1888,Sat,25,Jan,2014,04,15,21,30,41,49,,
1887,Wed,22,Jan,2014,02,06,09,18,24,35,,
1886,Sat,18,Jan,2014,07,12,23,27,30,31,,
1885,Wed,15,Jan,2014,04,11,13,24,32,46,,
1884,Sat,11,Jan,2014,22,23,25,27,28,46,,
1883,Wed,8,Jan,2014,19,23,31,36,45,46,,
1882,Sat,4,Jan,2014,04,11,18,28,41,44,,
1881,Wed,1,Jan,2014,09,12,16,22,26,48,,
1880,Sat,28,Dec,2013,16,24,25,30,34,45,,
1879,Wed,25,Dec,2013,04,08,09,10,21,24,,
1878,Sat,21,Dec,2013,12,18,25,28,33,40,,
1877,Wed,18,Dec,2013,02,07,25,35,40,42,,
1876,Sat,14,Dec,2013,13,21,24,29,35,41,,
1875,Wed,11,Dec,2013,01,08,10,14,18,37,,
1874,Sat,7,Dec,2013,10,12,17,28,30,42,,
1873,Wed,4,Dec,2013,06,12,16,18,21,29,,
1872,Sat,30,Nov,2013,09,16,19,31,36,37,,
1871,Wed,27,Nov,2013,15,19,22,25,42,48,,
1870,Sat,23,Nov,2013,12,16,22,35,38,48,,
1869,Wed,20,Nov,2013,05,11,15,23,35,39,,
1868,Sat,16,Nov,2013,03,19,21,30,41,47,,
1867,Wed,13,Nov,2013,04,06,15,23,36,44,,
1866,Sat,9,Nov,2013,01,02,06,29,32,47,,
1865,Wed,6,Nov,2013,05,06,14,18,29,33,,
1864,Sat,2,Nov,2013,10,28,32,36,37,49,,
1863,Wed,30,Oct,2013,20,23,26,29,34,41,,
1862,Sat,26,Oct,2013,10,14,20,22,45,49,,
1861,Wed,23,Oct,2013,10,18,27,37,41,47,,
1860,Sat,19,Oct,2013,03,12,19,21,29,31,,
1859,Wed,16,Oct,2013,12,15,24,26,31,35,,
1858,Sat,12,Oct,2013,05,12,21,26,33,45,,
1857,Wed,9,Oct,2013,04,11,27,34,36,45,,
1856,Sat,5,Oct,2013,05,15,17,19,20,47,,
1855,Wed,2,Oct,2013,16,17,21,27,30,37,,
1854,Sat,28,Sep,2013,10,12,14,25,46,48,,
1853,Wed,25,Sep,2013,05,07,20,24,30,41,,
1852,Sat,21,Sep,2013,11,15,36,37,38,45,,
1851,Wed,18,Sep,2013,02,04,05,17,22,29,,
1850,Sat,14,Sep,2013,18,20,24,30,39,48,,
1849,Wed,11,Sep,2013,07,24,27,31,40,41,,
1848,Sat,7,Sep,2013,01,11,12,13,35,42,,
1847,Wed,4,Sep,2013,06,07,08,13,24,28,,
1846,Sat,31,Aug,2013,04,14,15,17,21,31,,
1845,Wed,28,Aug,2013,01,05,17,19,37,47,,
1844,Sat,24,Aug,2013,05,20,26,40,42,48,,
1843,Wed,21,Aug,2013,03,04,27,29,47,49,,
1842,Sat,17,Aug,2013,15,25,26,33,34,41,,
1841,Wed,14,Aug,2013,12,18,38,39,45,49,,
1840,Sat,10,Aug,2013,14,15,17,26,35,46,,
1839,Wed,7,Aug,2013,03,16,20,26,28,43,,
1838,Sat,3,Aug,2013,03,05,09,13,17,37,,
1837,Wed,31,Jul,2013,10,16,33,38,40,44,,
1836,Sat,27,Jul,2013,12,13,18,39,43,49,,
1835,Wed,24,Jul,2013,22,26,30,40,42,47,,
1834,Sat,20,Jul,2013,01,03,17,19,39,42,,
1833,Wed,17,Jul,2013,06,24,33,38,42,43,,
1832,Sat,13,Jul,2013,12,15,24,36,45,49,,
1831,Wed,10,Jul,2013,03,09,10,16,20,22,,
1830,Sat,6,Jul,2013,16,24,27,39,45,49,,
1829,Wed,3,Jul,2013,15,27,31,40,41,49,,
1828,Sat,29,Jun,2013,07,13,25,31,34,45,,
1827,Wed,26,Jun,2013,08,11,29,34,40,41,,
1826,Sat,22,Jun,2013,08,24,26,28,36,43,,
1825,Wed,19,Jun,2013,06,09,13,35,36,47,,
1824,Sat,15,Jun,2013,03,04,16,20,33,44,,
1823,Wed,12,Jun,2013,02,07,10,15,17,28,,
1822,Sat,8,Jun,2013,08,09,13,17,41,43,,
1821,Wed,5,Jun,2013,10,18,35,38,41,43,,
1820,Sat,1,Jun,2013,11,13,24,32,34,47,,
1819,Wed,29,May,2013,03,05,25,33,34,35,,
1818,Sat,25,May,2013,05,06,26,30,33,40,,
1817,Wed,22,May,2013,10,23,35,39,45,46,,
1816,Sat,18,May,2013,03,05,24,31,48,49,,
1815,Wed,15,May,2013,04,05,06,20,30,35,,
1814,Sat,11,May,2013,09,12,24,25,26,43,,
1813,Wed,8,May,2013,12,15,20,31,33,40,,
1812,Sat,4,May,2013,11,12,22,27,40,44,,
1811,Wed,1,May,2013,07,08,11,12,39,42,,
1810,Sat,27,Apr,2013,01,13,25,39,41,44,,
1809,Wed,24,Apr,2013,09,11,16,17,18,38,,
1808,Sat,20,Apr,2013,08,34,38,42,44,46,,
1807,Wed,17,Apr,2013,12,14,16,18,20,33,,
1806,Sat,13,Apr,2013,03,13,23,27,41,49,,
1805,Wed,10,Apr,2013,03,16,27,33,36,42,,
1804,Sat,6,Apr,2013,11,21,22,41,47,48,,
1803,Wed,3,Apr,2013,05,11,21,32,42,48,,
1802,Sat,30,Mar,2013,08,15,24,40,43,45,,
1801,Wed,27,Mar,2013,08,10,22,24,37,44,,
1800,Sat,23,Mar,2013,03,14,16,19,37,44,,
1799,Wed,20,Mar,2013,04,11,14,27,43,46,,
1798,Sat,16,Mar,2013,01,11,12,27,48,49,,
1797,Wed,13,Mar,2013,06,08,21,23,41,46,,
1796,Sat,9,Mar,2013,12,19,25,36,44,46,,
1795,Wed,6,Mar,2013,03,09,14,38,42,47,,
1794,Sat,2,Mar,2013,06,09,23,31,35,48,,
1793,Wed,27,Feb,2013,02,14,20,23,24,30,,
1792,Sat,23,Feb,2013,02,16,25,30,31,32,,
1791,Wed,20,Feb,2013,03,06,36,44,45,48,,
1790,Sat,16,Feb,2013,07,20,27,39,46,48,,
1789,Wed,13,Feb,2013,06,14,20,23,29,49,,
1788,Sat,9,Feb,2013,08,10,27,34,40,41,,
1787,Wed,6,Feb,2013,09,10,16,18,27,42,,
1786,Sat,2,Feb,2013,02,12,13,14,21,30,,
1785,Wed,30,Jan,2013,09,10,24,43,47,48,,
1784,Sat,26,Jan,2013,02,06,21,29,34,47,,
1783,Wed,23,Jan,2013,06,10,14,24,32,41,,
1782,Sat,19,Jan,2013,05,09,13,16,35,39,,
1781,Wed,16,Jan,2013,05,12,13,35,38,47,,
1780,Sat,12,Jan,2013,03,07,11,12,24,27,,
1779,Wed,9,Jan,2013,05,21,24,25,39,48,,
1778,Sat,5,Jan,2013,10,15,17,21,37,47,,
1777,Wed,2,Jan,2013,07,09,20,21,30,37,,
1776,Sat,29,Dec,2012,06,08,31,37,40,48,,
1775,Wed,26,Dec,2012,03,11,17,39,47,49,,
1774,Sat,22,Dec,2012,04,14,28,34,43,44,,
1773,Wed,19,Dec,2012,04,26,33,41,48,49,,
1772,Sat,15,Dec,2012,06,19,22,23,28,29,,
1771,Wed,12,Dec,2012,09,15,18,33,38,44,,
1770,Sat,8,Dec,2012,29,33,35,36,45,48,,
1769,Wed,5,Dec,2012,03,04,14,31,48,49,,
1768,Sat,1,Dec,2012,05,27,31,32,38,49,,
1767,Wed,28,Nov,2012,14,28,37,38,45,48,,
1766,Sat,24,Nov,2012,02,04,27,34,39,44,,
1765,Wed,21,Nov,2012,04,12,19,22,36,40,,
1764,Sat,17,Nov,2012,17,19,20,21,25,26,,
1763,Wed,14,Nov,2012,14,15,17,29,30,33,,
1762,Sat,10,Nov,2012,10,23,24,25,30,37,,
1761,Wed,7,Nov,2012,14,19,35,36,40,45,,
1760,Sat,3,Nov,2012,05,07,09,17,20,45,,
1759,Wed,31,Oct,2012,07,30,32,36,40,41,,
1758,Sat,27,Oct,2012,07,14,20,30,33,46,,
1757,Wed,24,Oct,2012,01,10,19,36,47,48,,
1756,Sat,20,Oct,2012,09,10,24,37,39,40,,
1755,Wed,17,Oct,2012,04,07,19,21,39,49,,
1754,Sat,13,Oct,2012,14,26,30,32,36,48,,
1753,Wed,10,Oct,2012,15,19,23,29,30,46,,
1752,Sat,6,Oct,2012,01,11,16,18,27,42,,
1751,Wed,3,Oct,2012,03,09,11,29,45,46,,
1750,Sat,29,Sep,2012,01,06,07,08,25,42,,
1749,Wed,26,Sep,2012,06,08,11,39,40,43,,
1748,Sat,22,Sep,2012,10,13,29,31,36,45,,
1747,Wed,19,Sep,2012,05,14,19,23,33,48,,
1746,Sat,15,Sep,2012,14,18,19,35,44,45,,
1745,Wed,12,Sep,2012,14,16,21,22,24,41,,
1744,Sat,8,Sep,2012,08,15,21,26,28,32,,
1743,Wed,5,Sep,2012,17,22,26,27,39,41,,
1742,Sat,1,Sep,2012,15,30,36,39,41,49,,
1741,Wed,29,Aug,2012,04,07,12,28,32,37,,
1740,Sat,25,Aug,2012,12,18,23,31,44,48,,
1739,Wed,22,Aug,2012,03,11,23,28,30,48,,
1738,Sat,18,Aug,2012,21,27,38,42,44,46,,
1737,Wed,15,Aug,2012,10,14,35,36,37,46,,
1736,Sat,11,Aug,2012,01,05,14,18,34,44,,
1735,Wed,8,Aug,2012,06,14,19,22,30,36,,
1734,Sat,4,Aug,2012,08,10,15,21,23,45,,
1733,Wed,1,Aug,2012,13,20,24,27,33,39,,
1732,Sat,28,Jul,2012,07,10,22,29,43,44,,
1731,Wed,25,Jul,2012,08,14,15,22,41,48,,
1730,Sat,21,Jul,2012,05,14,20,40,41,42,,
1729,Wed,18,Jul,2012,11,26,34,38,40,46,,
1728,Sat,14,Jul,2012,13,27,29,42,43,46,,
1727,Wed,11,Jul,2012,12,19,28,29,38,49,,
1726,Sat,7,Jul,2012,05,22,23,30,33,45,,
1725,Wed,4,Jul,2012,03,09,14,19,34,38,,
1724,Sat,30,Jun,2012,01,18,19,24,30,38,,
1723,Wed,27,Jun,2012,10,22,29,39,46,47,,
1722,Sat,23,Jun,2012,03,25,28,30,39,45,,
1721,Wed,20,Jun,2012,06,10,12,30,36,49,,
1720,Sat,16,Jun,2012,03,19,21,37,40,49,,
1719,Wed,13,Jun,2012,12,25,29,34,45,47,,
1718,Sat,9,Jun,2012,05,14,24,26,37,44,,
1717,Wed,6,Jun,2012,09,17,20,27,37,41,,
1716,Sat,2,Jun,2012,16,18,20,25,29,34,,
1715,Wed,30,May,2012,07,14,25,33,45,48,,
1714,Sat,26,May,2012,02,06,07,15,25,44,,
1713,Wed,23,May,2012,03,04,18,24,44,49,,
1712,Sat,19,May,2012,01,19,39,40,42,46,,
1711,Wed,16,May,2012,05,06,21,41,48,49,,
1710,Sat,12,May,2012,01,05,18,21,23,33,,
1709,Wed,9,May,2012,02,07,08,10,22,23,,
1708,Sat,5,May,2012,04,13,17,26,27,40,,
1707,Wed,2,May,2012,18,22,25,35,39,41,,
1706,Sat,28,Apr,2012,01,03,09,23,37,46,,
1705,Wed,25,Apr,2012,08,13,18,21,40,44,,
1704,Sat,21,Apr,2012,10,23,25,34,41,47,,
1703,Wed,18,Apr,2012,07,08,16,22,24,28,,
1702,Sat,14,Apr,2012,01,05,15,22,26,42,,
1701,Wed,11,Apr,2012,20,27,33,41,44,46,,
1700,Sat,7,Apr,2012,12,16,23,25,31,42,,
1699,Wed,4,Apr,2012,09,23,26,33,40,44,,
1698,Sat,31,Mar,2012,02,05,18,40,47,49,,
1697,Wed,28,Mar,2012,03,08,16,22,38,39,,
1696,Sat,24,Mar,2012,06,24,27,31,39,45,,
1695,Wed,21,Mar,2012,10,14,21,25,39,45,,
1694,Sat,17,Mar,2012,01,03,16,20,37,40,,
1693,Wed,14,Mar,2012,14,15,18,26,31,36,,
1692,Sat,10,Mar,2012,01,03,12,23,37,43,,
1691,Wed,7,Mar,2012,02,08,11,28,35,44,,
1690,Sat,3,Mar,2012,07,20,23,28,31,40,,
1689,Wed,29,Feb,2012,13,14,29,41,46,49,,
1688,Sat,25,Feb,2012,07,25,26,27,29,32,,
1687,Wed,22,Feb,2012,07,12,15,35,43,49,,
1686,Sat,18,Feb,2012,02,19,22,30,33,41,,
1685,Wed,15,Feb,2012,09,28,30,33,40,44,,
1684,Sat,11,Feb,2012,01,23,24,31,45,49,,
1683,Wed,8,Feb,2012,07,13,16,31,36,44,,
1682,Sat,4,Feb,2012,04,07,40,41,45,48,,
1681,Wed,1,Feb,2012,07,17,21,22,38,39,,
1680,Sat,28,Jan,2012,10,12,25,28,31,40,,
1679,Wed,25,Jan,2012,02,08,26,30,39,45,,
1678,Sat,21,Jan,2012,05,17,32,39,42,49,,
1677,Wed,18,Jan,2012,09,22,31,34,35,43,,
1676,Sat,14,Jan,2012,07,10,12,15,25,42,,
1675,Wed,11,Jan,2012,02,09,27,33,39,40,,
1674,Sat,7,Jan,2012,08,14,15,17,20,47,,
1673,Wed,4,Jan,2012,09,26,28,30,42,43,,
1672,Sat,31,Dec,2011,07,11,37,38,42,44,,
1671,Wed,28,Dec,2011,08,11,13,17,48,49,,
1670,Sat,24,Dec,2011,01,15,23,32,36,43,,
1669,Wed,21,Dec,2011,07,28,30,34,38,45,,
1668,Sat,17,Dec,2011,01,22,35,39,42,48,,
1667,Wed,14,Dec,2011,03,10,25,28,30,43,,
1666,Sat,10,Dec,2011,16,21,24,29,30,39,,
1665,Wed,7,Dec,2011,10,14,27,31,32,47,,
1664,Sat,3,Dec,2011,01,30,35,47,48,49,,
1663,Wed,30,Nov,2011,13,23,24,25,26,30,,
1662,Sat,26,Nov,2011,13,16,25,26,36,46,,
1661,Wed,23,Nov,2011,04,11,19,22,31,48,,
1660,Sat,19,Nov,2011,01,29,31,32,34,36,,
1659,Wed,16,Nov,2011,10,12,26,27,39,40,,
1658,Sat,12,Nov,2011,06,12,13,28,33,38,,
1657,Wed,9,Nov,2011,02,08,10,23,27,32,,
1656,Sat,5,Nov,2011,14,16,23,24,27,39,,
1655,Wed,2,Nov,2011,11,12,33,37,38,49,,
1654,Sat,29,Oct,2011,05,09,14,28,46,49,,
1653,Wed,26,Oct,2011,04,23,34,38,39,41,,
1652,Sat,22,Oct,2011,20,27,28,34,43,44,,
1651,Wed,19,Oct,2011,13,14,18,32,34,49,,
1650,Sat,15,Oct,2011,07,12,27,34,41,46,,
1649,Wed,12,Oct,2011,13,24,25,26,37,40,,
1648,Sat,8,Oct,2011,06,16,22,26,30,34,,
1647,Wed,5,Oct,2011,09,15,17,29,30,39,,
1646,Sat,1,Oct,2011,04,15,17,26,37,41,,
1645,Wed,28,Sep,2011,15,19,25,36,44,45,,
1644,Sat,24,Sep,2011,10,16,29,34,37,47,,
1643,Wed,21,Sep,2011,11,15,32,33,37,39,,
1642,Sat,17,Sep,2011,02,03,06,41,44,45,,
1641,Wed,14,Sep,2011,23,28,29,37,38,42,,
1640,Sat,10,Sep,2011,05,07,09,10,22,47,,
1639,Wed,7,Sep,2011,04,29,31,36,38,48,,
1638,Sat,3,Sep,2011,04,17,20,26,29,36,,
1637,Wed,31,Aug,2011,05,26,43,46,47,49,,
1636,Sat,27,Aug,2011,06,07,29,32,41,46,,
1635,Wed,24,Aug,2011,11,27,46,47,48,49,,
1634,Sat,20,Aug,2011,02,03,18,30,34,35,,
1633,Wed,17,Aug,2011,03,19,32,40,47,48,,
1632,Sat,13,Aug,2011,05,30,31,33,35,45,,
1631,Wed,10,Aug,2011,02,04,07,27,43,44,,
1630,Sat,6,Aug,2011,01,14,18,24,26,28,,
1629,Wed,3,Aug,2011,18,19,26,39,40,47,,
1628,Sat,30,Jul,2011,04,10,29,32,34,40,,
1627,Wed,27,Jul,2011,04,16,22,34,39,42,,
1626,Sat,23,Jul,2011,01,02,11,30,33,45,,
1625,Wed,20,Jul,2011,06,10,15,32,42,49,,
1624,Sat,16,Jul,2011,04,09,13,15,18,40,,
1623,Wed,13,Jul,2011,07,11,15,18,19,49,,
1622,Sat,9,Jul,2011,01,02,21,24,33,49,,
1621,Wed,6,Jul,2011,26,32,34,35,41,48,,
1620,Sat,2,Jul,2011,10,18,34,35,39,48,,
1619,Wed,29,Jun,2011,05,06,13,21,31,47,,
1618,Sat,25,Jun,2011,05,09,15,30,32,39,,
1617,Wed,22,Jun,2011,16,22,23,36,45,48,,
1616,Sat,18,Jun,2011,03,08,10,35,38,39,,
1615,Wed,15,Jun,2011,09,25,29,32,37,38,,
1614,Sat,11,Jun,2011,09,11,35,37,40,45,,
1613,Wed,8,Jun,2011,03,19,36,40,43,48,,
1612,Sat,4,Jun,2011,07,21,25,32,43,44,,
1611,Wed,1,Jun,2011,02,07,09,18,38,45,,
1610,Sat,28,May,2011,02,03,17,23,40,43,,
1609,Wed,25,May,2011,07,08,17,30,46,48,,
1608,Sat,21,May,2011,04,17,23,24,30,35,,
1607,Wed,18,May,2011,06,15,20,36,38,42,,
1606,Sat,14,May,2011,08,18,27,28,46,48,,
1605,Wed,11,May,2011,17,30,33,34,38,48,,
1604,Sat,7,May,2011,17,18,24,29,35,48,,
1603,Wed,4,May,2011,02,03,07,17,21,32,,
1602,Sat,30,Apr,2011,01,06,12,29,36,44,,
1601,Wed,27,Apr,2011,06,15,27,32,37,44,,
1600,Sat,23,Apr,2011,05,06,18,36,44,49,,
1599,Wed,20,Apr,2011,03,05,08,09,18,44,,
1598,Sat,16,Apr,2011,04,34,40,41,44,49,,
1597,Wed,13,Apr,2011,01,14,25,33,34,43,,
1596,Sat,9,Apr,2011,06,08,17,21,39,47,,
1595,Wed,6,Apr,2011,07,11,13,14,38,41,,
1594,Sat,2,Apr,2011,12,14,32,44,48,49,,
1593,Wed,30,Mar,2011,10,16,17,21,39,41,,
1592,Sat,26,Mar,2011,02,09,16,21,31,44,,
1591,Wed,23,Mar,2011,06,18,23,26,32,44,,
1590,Sat,19,Mar,2011,10,26,28,34,35,39,,
1589,Wed,16,Mar,2011,02,15,16,18,47,48,,
1588,Sat,12,Mar,2011,07,17,19,29,30,38,,
1587,Wed,9,Mar,2011,09,11,37,40,41,49,,
1586,Sat,5,Mar,2011,04,13,23,29,41,43,,
1585,Wed,2,Mar,2011,01,25,27,41,46,49,,
1584,Sat,26,Feb,2011,06,08,20,29,34,36,,
1583,Wed,23,Feb,2011,01,08,15,21,31,39,,
1582,Sat,19,Feb,2011,06,16,26,32,34,46,,
1581,Wed,16,Feb,2011,05,11,15,26,29,32,,
1580,Sat,12,Feb,2011,16,24,27,28,30,36,,
1579,Wed,9,Feb,2011,02,06,08,09,36,39,,
1578,Sat,5,Feb,2011,33,34,37,40,41,47,,
1577,Wed,2,Feb,2011,02,17,20,42,46,48,,
1576,Sat,29,Jan,2011,05,20,25,30,36,47,,
1575,Wed,26,Jan,2011,14,17,20,43,47,49,,
1574,Sat,22,Jan,2011,04,14,18,24,41,44,,
1573,Wed,19,Jan,2011,09,18,34,41,42,43,,
1572,Sat,15,Jan,2011,07,08,21,24,33,34,,
1571,Wed,12,Jan,2011,11,12,17,19,24,47,,
1570,Sat,8,Jan,2011,13,14,32,35,41,47,,
1569,Wed,5,Jan,2011,04,10,35,36,43,46,,
1568,Sat,1,Jan,2011,04,09,33,34,36,45,,
1567,Wed,29,Dec,2010,02,03,16,26,34,39,,
1566,Sat,25,Dec,2010,13,15,22,25,33,34,,
1565,Wed,22,Dec,2010,07,13,33,37,48,49,,
1564,Sat,18,Dec,2010,09,21,35,38,46,49,,
1563,Wed,15,Dec,2010,06,09,31,33,40,45,,
1562,Sat,11,Dec,2010,11,15,24,33,43,49,,
1561,Wed,8,Dec,2010,14,16,23,24,25,43,,
1560,Sat,4,Dec,2010,04,15,19,44,45,49,,
1559,Wed,1,Dec,2010,20,21,22,24,27,34,,
1558,Sat,27,Nov,2010,04,10,18,41,42,47,,
1557,Wed,24,Nov,2010,11,30,38,45,46,49,,
1556,Sat,20,Nov,2010,06,07,08,17,27,46,,
1555,Wed,17,Nov,2010,03,06,27,29,33,41,,
1554,Sat,13,Nov,2010,05,11,29,31,35,39,,
1553,Wed,10,Nov,2010,15,26,30,35,40,41,,
1552,Sat,6,Nov,2010,12,22,30,31,34,39,,
1551,Wed,3,Nov,2010,13,21,28,37,39,45,,
1550,Sat,30,Oct,2010,02,22,32,33,37,45,,
1549,Wed,27,Oct,2010,03,05,11,16,41,48,,
1548,Sat,23,Oct,2010,02,03,14,29,35,42,,
1547,Wed,20,Oct,2010,14,30,31,36,44,47,,
1546,Sat,16,Oct,2010,06,30,34,38,45,48,,
1545,Wed,13,Oct,2010,18,19,24,26,27,44,,
1544,Sat,9,Oct,2010,05,11,19,29,33,35,,
1543,Wed,6,Oct,2010,09,17,18,23,30,35,,
1542,Sat,2,Oct,2010,10,16,25,26,32,40,,
1541,Wed,29,Sep,2010,21,25,29,32,38,44,,
1540,Sat,25,Sep,2010,19,22,30,33,35,39,,
1539,Wed,22,Sep,2010,09,12,27,29,41,47,,
1538,Sat,18,Sep,2010,04,05,16,17,20,32,,
1537,Wed,15,Sep,2010,02,20,33,40,43,46,,
1536,Sat,11,Sep,2010,04,20,21,35,39,40,,
1535,Wed,8,Sep,2010,08,10,26,34,48,49,,
1534,Sat,4,Sep,2010,16,19,26,27,41,47,,
1533,Wed,1,Sep,2010,07,20,21,27,28,41,,
1532,Sat,28,Aug,2010,03,17,32,35,43,49,,
1531,Wed,25,Aug,2010,05,10,12,17,28,30,,
1530,Sat,21,Aug,2010,08,15,19,26,33,36,,
1529,Wed,18,Aug,2010,02,13,16,24,25,40,,
1528,Sat,14,Aug,2010,05,13,17,31,42,46,,
1527,Wed,11,Aug,2010,04,21,25,27,31,34,,
1526,Sat,7,Aug,2010,13,16,22,25,31,39,,
1525,Wed,4,Aug,2010,14,17,22,24,38,43,,
1524,Sat,31,Jul,2010,10,24,30,33,40,45,,
1523,Wed,28,Jul,2010,01,11,33,37,42,43,,
1522,Sat,24,Jul,2010,24,26,33,35,43,44,,
1521,Wed,21,Jul,2010,08,16,25,27,28,34,,
1520,Sat,17,Jul,2010,15,28,32,43,44,45,,
1519,Wed,14,Jul,2010,01,15,25,26,40,43,,
1518,Sat,10,Jul,2010,03,05,30,31,38,47,,
1517,Wed,7,Jul,2010,23,29,34,36,41,45,,
1516,Sat,3,Jul,2010,08,31,37,43,44,48,,
1515,Wed,30,Jun,2010,06,18,20,25,35,36,,
1514,Sat,26,Jun,2010,18,26,33,35,37,47,,
1513,Wed,23,Jun,2010,05,09,13,17,22,27,,
1512,Sat,19,Jun,2010,34,37,39,41,42,47,,
1511,Wed,16,Jun,2010,04,08,32,34,40,47,,
1510,Sat,12,Jun,2010,01,16,17,19,33,34,,
1509,Wed,9,Jun,2010,14,26,33,45,46,49,,
1508,Sat,5,Jun,2010,05,22,23,24,26,29,,
1507,Wed,2,Jun,2010,02,12,17,25,33,39,,
1506,Sat,29,May,2010,02,17,36,39,42,48,,
1505,Wed,26,May,2010,02,04,05,19,20,27,,
1504,Sat,22,May,2010,01,04,16,37,47,49,,
1503,Wed,19,May,2010,15,23,24,34,36,47,,
1502,Sat,15,May,2010,01,04,24,26,27,48,,
1501,Wed,12,May,2010,11,17,19,40,44,45,,
1500,Sat,8,May,2010,01,26,28,32,46,48,,
1499,Wed,5,May,2010,03,06,08,10,36,47,,
1498,Sat,1,May,2010,06,15,28,29,30,47,,
1497,Wed,28,Apr,2010,05,11,19,23,38,46,,
1496,Sat,24,Apr,2010,01,04,12,23,33,40,,
1495,Wed,21,Apr,2010,02,10,16,19,33,45,,
1494,Sat,17,Apr,2010,03,10,29,31,36,44,,
1493,Wed,14,Apr,2010,02,06,08,23,44,46,,
1492,Sat,10,Apr,2010,06,09,11,21,40,48,,
1491,Wed,7,Apr,2010,08,11,20,33,43,47,,
1490,Sat,3,Apr,2010,08,09,19,28,31,37,,
1489,Wed,31,Mar,2010,14,18,29,38,43,44,,
1488,Sat,27,Mar,2010,06,11,15,32,38,42,,
1487,Wed,24,Mar,2010,03,05,23,28,42,49,,
1486,Sat,20,Mar,2010,05,11,13,18,25,46,,
1485,Wed,17,Mar,2010,16,30,34,37,41,42,,
1484,Sat,13,Mar,2010,23,25,28,33,44,49,,
1483,Wed,10,Mar,2010,01,06,13,23,29,34,,
1482,Sat,6,Mar,2010,06,13,27,28,34,42,,
1481,Wed,3,Mar,2010,18,27,32,35,44,47,,
1480,Sat,27,Feb,2010,07,14,17,42,44,45,,
1479,Wed,24,Feb,2010,03,11,18,23,38,49,,
1478,Sat,20,Feb,2010,08,24,27,31,34,36,,
1477,Wed,17,Feb,2010,03,22,27,31,38,49,,
1476,Sat,13,Feb,2010,16,22,24,30,39,44,,
1475,Wed,10,Feb,2010,05,07,15,37,42,44,,
1474,Sat,6,Feb,2010,03,12,15,17,22,29,,
1473,Wed,3,Feb,2010,03,11,12,20,21,28,,
1472,Sat,30,Jan,2010,02,03,04,19,23,40,,
1471,Wed,27,Jan,2010,01,04,07,11,13,27,,
1470,Sat,23,Jan,2010,03,07,08,16,19,30,,
1469,Wed,20,Jan,2010,02,16,17,18,27,28,,
1468,Sat,16,Jan,2010,04,07,10,14,27,42,,
1467,Wed,13,Jan,2010,06,08,14,16,21,43,,
1466,Sat,9,Jan,2010,20,24,33,34,37,48,,
1465,Wed,6,Jan,2010,04,16,18,43,45,49,,
1464,Sat,2,Jan,2010,26,29,30,42,43,47,,
1463,Wed,30,Dec,2009,05,14,27,29,34,35,,
1462,Sat,26,Dec,2009,02,08,23,25,36,42,,
1461,Wed,23,Dec,2009,15,18,26,32,36,37,,
1460,Sat,19,Dec,2009,01,20,28,33,40,45,,
1459,Wed,16,Dec,2009,02,20,34,35,40,44,,
1458,Sat,12,Dec,2009,03,13,22,23,39,45,,
1457,Wed,9,Dec,2009,05,13,31,36,40,41,,
1456,Sat,5,Dec,2009,08,20,36,43,45,49,,
1455,Wed,2,Dec,2009,02,19,22,25,34,47,,
1454,Sat,28,Nov,2009,03,04,27,30,36,47,,
1453,Wed,25,Nov,2009,03,06,11,17,23,29,,
1452,Sat,21,Nov,2009,09,24,30,32,36,40,,
1451,Wed,18,Nov,2009,01,04,12,13,18,19,,
1450,Sat,14,Nov,2009,01,05,09,20,23,39,,
1449,Wed,11,Nov,2009,04,06,12,31,38,48,,
1448,Sat,7,Nov,2009,19,21,39,44,45,49,,
1447,Wed,4,Nov,2009,01,02,23,39,42,49,,
1446,Sat,31,Oct,2009,12,18,26,35,40,44,,
1445,Wed,28,Oct,2009,24,25,34,38,41,43,,
1444,Sat,24,Oct,2009,05,09,12,31,32,38,,
1443,Wed,21,Oct,2009,06,12,16,19,33,44,,
1442,Sat,17,Oct,2009,11,25,27,32,37,43,,
1441,Wed,14,Oct,2009,05,11,24,32,35,42,,
1440,Sat,10,Oct,2009,17,36,37,40,43,45,,
1439,Wed,7,Oct,2009,26,27,28,43,45,46,,
1438,Sat,3,Oct,2009,14,21,23,32,36,46,,
1437,Wed,30,Sep,2009,02,10,15,28,36,41,,
1436,Sat,26,Sep,2009,03,05,17,32,40,43,,
1435,Wed,23,Sep,2009,23,25,28,41,46,47,,
1434,Sat,19,Sep,2009,18,20,31,33,43,45,,
1433,Wed,16,Sep,2009,18,23,34,44,46,48,,
1432,Sat,12,Sep,2009,18,20,24,30,43,44,,
1431,Wed,9,Sep,2009,02,11,23,28,35,39,,
1430,Sat,5,Sep,2009,12,19,22,26,36,41,,
1429,Wed,2,Sep,2009,02,04,07,27,28,35,,
1428,Sat,29,Aug,2009,09,18,34,37,39,47,,
1427,Wed,26,Aug,2009,03,09,11,17,27,48,,
1426,Sat,22,Aug,2009,18,23,24,36,43,44,,
1425,Wed,19,Aug,2009,10,23,26,30,41,45,,
1424,Sat,15,Aug,2009,16,31,32,46,47,48,,
1423,Wed,12,Aug,2009,09,20,21,27,39,40,,
1422,Sat,8,Aug,2009,09,17,26,32,33,36,,
1421,Wed,5,Aug,2009,01,16,18,32,39,44,,
1420,Sat,1,Aug,2009,02,06,27,28,40,49,,
1419,Wed,29,Jul,2009,03,13,19,20,23,26,,
1418,Sat,25,Jul,2009,08,17,30,32,38,40,,
1417,Wed,22,Jul,2009,02,22,23,31,35,40,,
1416,Sat,18,Jul,2009,09,27,28,33,39,41,,
1415,Wed,15,Jul,2009,05,08,10,29,39,41,,
1414,Sat,11,Jul,2009,04,06,10,28,35,39,,
1413,Wed,8,Jul,2009,10,16,21,22,35,49,,
1412,Sat,4,Jul,2009,14,16,26,39,44,48,,
1411,Wed,1,Jul,2009,01,02,11,31,38,43,,
1410,Sat,27,Jun,2009,09,17,25,26,31,42,,
1409,Wed,24,Jun,2009,10,17,20,21,23,31,,
1408,Sat,20,Jun,2009,03,04,17,24,29,40,,
1407,Wed,17,Jun,2009,08,10,11,14,28,36,,
1406,Sat,13,Jun,2009,01,13,18,36,43,48,,
1405,Wed,10,Jun,2009,03,08,21,23,30,46,,
1404,Sat,6,Jun,2009,06,14,32,35,41,42,,
1403,Wed,3,Jun,2009,04,06,22,31,33,35,,
1402,Sat,30,May,2009,02,05,19,20,33,43,,
1401,Wed,27,May,2009,02,12,24,31,41,48,,
1400,Sat,23,May,2009,12,17,32,41,44,48,,
1399,Wed,20,May,2009,09,10,30,37,45,46,,
1398,Sat,16,May,2009,01,05,09,27,42,45,,
1397,Wed,13,May,2009,13,16,19,31,37,47,,
1396,Sat,9,May,2009,06,09,28,31,37,42,,
1395,Wed,6,May,2009,01,08,10,13,20,34,,
1394,Sat,2,May,2009,10,17,25,32,34,40,,
1393,Wed,29,Apr,2009,01,15,35,42,45,48,,
1392,Sat,25,Apr,2009,07,14,17,39,41,49,,
1391,Wed,22,Apr,2009,11,21,34,42,43,45,,
1390,Sat,18,Apr,2009,13,24,33,35,42,49,,
1389,Wed,15,Apr,2009,05,09,18,23,31,39,,
1388,Sat,11,Apr,2009,06,11,24,30,32,45,,
1387,Wed,8,Apr,2009,08,10,21,23,25,48,,
1386,Sat,4,Apr,2009,11,18,28,32,36,39,,
1385,Wed,1,Apr,2009,03,05,14,19,24,40,,
1384,Sat,28,Mar,2009,02,17,19,28,31,47,,
1383,Wed,25,Mar,2009,13,23,26,27,37,49,,
1382,Sat,21,Mar,2009,01,31,32,33,36,38,,
1381,Wed,18,Mar,2009,02,05,22,25,39,41,,
1380,Sat,14,Mar,2009,09,16,25,29,31,37,,
1379,Wed,11,Mar,2009,06,09,20,21,31,34,,
1378,Sat,7,Mar,2009,06,21,30,32,33,44,,
1377,Wed,4,Mar,2009,03,21,25,32,37,46,,
1376,Sat,28,Feb,2009,06,25,33,37,42,43,,
1375,Wed,25,Feb,2009,06,19,25,32,37,39,,
1374,Sat,21,Feb,2009,18,22,26,42,45,46,,
1373,Wed,18,Feb,2009,05,23,24,29,39,44,,
1372,Sat,14,Feb,2009,02,04,17,19,38,45,,
1371,Wed,11,Feb,2009,09,14,16,38,46,47,,
1370,Sat,7,Feb,2009,03,07,24,25,26,41,,
1369,Wed,4,Feb,2009,04,24,31,33,36,40,,
1368,Sat,31,Jan,2009,01,04,13,15,35,38,,
1367,Wed,28,Jan,2009,04,29,37,39,40,43,,
1366,Sat,24,Jan,2009,24,25,26,38,39,40,,
1365,Wed,21,Jan,2009,03,25,28,29,32,45,,
1364,Sat,17,Jan,2009,01,07,09,33,36,38,,
1363,Wed,14,Jan,2009,03,18,28,37,39,42,,
1362,Sat,10,Jan,2009,05,08,11,15,38,45,,
1361,Wed,7,Jan,2009,01,08,27,32,39,45,,
1360,Sat,3,Jan,2009,09,19,36,37,39,49,,
1359,Wed,31,Dec,2008,03,11,15,33,36,45,,
1358,Sat,27,Dec,2008,07,10,24,39,40,42,,
1357,Wed,24,Dec,2008,02,10,24,31,37,47,,
1356,Sat,20,Dec,2008,03,09,11,23,36,44,,
1355,Wed,17,Dec,2008,10,15,17,26,46,49,,
1354,Sat,13,Dec,2008,02,04,16,28,37,47,,
1353,Wed,10,Dec,2008,09,11,23,27,29,33,,
1352,Sat,6,Dec,2008,10,12,20,37,39,48,,
1351,Wed,3,Dec,2008,04,12,19,21,34,44,,
1350,Sat,29,Nov,2008,10,34,35,39,43,47,,
1349,Wed,26,Nov,2008,03,06,13,23,27,49,,
1348,Sat,22,Nov,2008,04,12,34,35,38,48,,
1347,Wed,19,Nov,2008,05,07,18,27,31,33,,
1346,Sat,15,Nov,2008,14,17,30,37,38,41,,
1345,Wed,12,Nov,2008,01,05,13,20,27,45,,
1344,Sat,8,Nov,2008,15,24,26,27,33,34,,
1343,Wed,5,Nov,2008,02,11,13,27,34,43,,
1342,Sat,1,Nov,2008,18,19,25,30,33,43,,
1341,Wed,29,Oct,2008,06,10,12,15,20,27,,
1340,Sat,25,Oct,2008,01,20,31,38,43,46,,
1339,Wed,22,Oct,2008,01,12,29,35,37,40,,
1338,Sat,18,Oct,2008,03,10,12,30,39,40,,
1337,Wed,15,Oct,2008,01,08,15,18,34,38,,
1336,Sat,11,Oct,2008,20,21,23,24,27,28,,
1335,Wed,8,Oct,2008,09,13,24,25,42,48,,
1334,Sat,4,Oct,2008,17,18,28,29,32,40,,
1333,Wed,1,Oct,2008,06,27,29,38,42,49,,
1332,Sat,27,Sep,2008,11,21,27,38,40,44,,
1331,Wed,24,Sep,2008,01,14,21,24,35,46,,
1330,Sat,20,Sep,2008,05,15,20,22,24,47,,
1329,Wed,17,Sep,2008,03,09,11,24,29,43,,
1328,Sat,13,Sep,2008,05,21,28,29,40,44,,
1327,Wed,10,Sep,2008,07,15,16,19,22,48,,
1326,Sat,6,Sep,2008,04,06,09,13,35,36,,
1325,Wed,3,Sep,2008,03,05,07,09,24,35,,
1324,Sat,30,Aug,2008,02,14,27,31,36,44,,
1323,Wed,27,Aug,2008,08,14,33,34,35,43,,
1322,Sat,23,Aug,2008,09,16,23,26,27,42,,
1321,Wed,20,Aug,2008,01,29,32,33,34,38,,
1320,Sat,16,Aug,2008,02,03,09,34,35,41,,
1319,Wed,13,Aug,2008,05,09,10,11,23,26,,
1318,Sat,9,Aug,2008,09,10,17,29,33,40,,
1317,Wed,6,Aug,2008,07,09,23,30,47,49,,
1316,Sat,2,Aug,2008,08,15,23,32,35,49,,
1315,Wed,30,Jul,2008,04,26,28,32,44,46,,
1314,Sat,26,Jul,2008,03,11,19,24,33,35,,
1313,Wed,23,Jul,2008,15,17,33,35,39,40,,
1312,Sat,19,Jul,2008,06,09,13,18,29,30,,
1311,Wed,16,Jul,2008,03,12,17,18,22,42,,
1310,Sat,12,Jul,2008,16,27,28,29,30,42,,
1309,Wed,9,Jul,2008,02,03,09,15,26,29,,
1308,Sat,5,Jul,2008,02,22,26,28,30,39,,
1307,Wed,2,Jul,2008,03,04,12,23,30,31,,
1306,Sat,28,Jun,2008,07,12,19,23,46,48,,
1305,Wed,25,Jun,2008,11,12,22,23,24,36,,
1304,Sat,21,Jun,2008,08,09,11,16,18,22,,
1303,Wed,18,Jun,2008,12,26,34,39,40,45,,
1302,Sat,14,Jun,2008,07,16,17,23,29,34,,
1301,Wed,11,Jun,2008,01,08,22,28,35,44,,
1300,Sat,7,Jun,2008,05,09,14,37,38,44,,
1299,Wed,4,Jun,2008,19,27,35,37,39,42,,
1298,Sat,31,May,2008,15,20,22,34,37,39,,
1297,Wed,28,May,2008,10,25,28,36,45,48,,
1296,Sat,24,May,2008,03,06,10,26,30,38,,
1295,Wed,21,May,2008,02,23,38,41,47,49,,
1294,Sat,17,May,2008,03,11,12,41,46,47,,
1293,Wed,14,May,2008,03,04,29,34,41,42,,
1292,Sat,10,May,2008,04,14,18,24,32,40,,
1291,Wed,7,May,2008,09,10,12,16,30,31,,
1290,Sat,3,May,2008,02,15,17,32,36,42,,
1289,Wed,30,Apr,2008,15,31,33,35,41,44,,
1288,Sat,26,Apr,2008,01,04,16,37,39,40,,
1287,Wed,23,Apr,2008,10,15,23,34,39,41,,
1286,Sat,19,Apr,2008,05,19,24,38,42,46,,
1285,Wed,16,Apr,2008,04,10,14,29,31,38,,
1284,Sat,12,Apr,2008,04,17,22,44,46,49,,
1283,Wed,9,Apr,2008,01,06,08,14,17,32,,
1282,Sat,5,Apr,2008,07,23,30,41,45,49,,
1281,Wed,2,Apr,2008,02,06,21,23,43,47,,
1280,Sat,29,Mar,2008,11,17,28,31,40,43,,
1279,Wed,26,Mar,2008,03,22,27,33,45,48,,
1278,Sat,22,Mar,2008,07,11,14,27,45,48,,
1277,Wed,19,Mar,2008,05,21,22,25,27,35,,
1276,Sat,15,Mar,2008,02,23,37,40,48,49,,
1275,Wed,12,Mar,2008,01,13,26,38,41,47,,
1274,Sat,8,Mar,2008,04,15,18,30,31,47,,
1273,Wed,5,Mar,2008,08,14,16,39,43,47,,
1272,Sat,1,Mar,2008,01,08,12,20,29,49,,
1271,Wed,27,Feb,2008,16,29,30,32,38,45,,
1270,Sat,23,Feb,2008,08,11,16,25,39,46,,
1269,Wed,20,Feb,2008,07,17,29,31,39,44,,
1268,Sat,16,Feb,2008,09,18,21,24,37,48,,
1267,Wed,13,Feb,2008,09,14,24,28,32,41,,
1266,Sat,9,Feb,2008,02,14,26,29,31,40,,
1265,Wed,6,Feb,2008,02,05,12,15,30,48,,
1264,Sat,2,Feb,2008,05,07,18,22,25,34,,
1263,Wed,30,Jan,2008,07,08,27,37,40,46,,
1262,Sat,26,Jan,2008,01,02,06,13,38,43,,
1261,Wed,23,Jan,2008,04,12,13,15,30,36,,
1260,Sat,19,Jan,2008,06,10,30,32,43,45,,
1259,Wed,16,Jan,2008,08,13,17,22,29,42,,
1258,Sat,12,Jan,2008,06,11,15,18,34,45,,
1257,Wed,9,Jan,2008,14,24,26,28,44,49,,
1256,Sat,5,Jan,2008,02,03,12,20,33,49,,
1255,Wed,2,Jan,2008,13,15,25,31,37,39,,
1254,Sat,29,Dec,2007,04,13,23,28,30,32,,
1253,Wed,26,Dec,2007,08,14,18,23,27,44,,
1252,Sat,22,Dec,2007,11,13,14,16,21,44,,
1251,Wed,19,Dec,2007,11,13,21,33,36,47,,
1250,Sat,15,Dec,2007,12,22,25,43,46,49,,
1249,Wed,12,Dec,2007,19,20,23,42,44,45,,
1248,Sat,8,Dec,2007,04,06,10,11,24,33,,
1247,Wed,5,Dec,2007,02,08,13,18,26,39,,
1246,Sat,1,Dec,2007,12,24,33,36,39,42,,
1245,Wed,28,Nov,2007,11,15,25,33,44,45,,
1244,Sat,24,Nov,2007,01,14,25,37,39,47,,
1243,Wed,21,Nov,2007,06,08,24,25,32,47,,
1242,Sat,17,Nov,2007,11,16,20,22,27,46,,
1241,Wed,14,Nov,2007,04,05,21,35,37,42,,
1240,Sat,10,Nov,2007,05,11,13,18,25,35,,
1239,Wed,7,Nov,2007,02,06,09,13,17,36,,
1238,Sat,3,Nov,2007,03,10,22,25,31,49,,
1237,Wed,31,Oct,2007,09,12,20,25,33,35,,
1236,Sat,27,Oct,2007,06,08,10,13,22,32,,
1235,Wed,24,Oct,2007,14,16,24,28,45,48,,
1234,Sat,20,Oct,2007,04,15,25,27,33,40,,
1233,Wed,17,Oct,2007,10,12,22,32,45,46,,
1232,Sat,13,Oct,2007,07,11,12,36,38,39,,
1231,Wed,10,Oct,2007,01,09,24,27,36,45,,
1230,Sat,6,Oct,2007,05,06,18,22,24,38,,
1229,Wed,3,Oct,2007,01,17,24,26,30,49,,
1228,Sat,29,Sep,2007,01,09,10,11,16,49,,
1227,Wed,26,Sep,2007,02,08,16,24,32,41,,
1226,Sat,22,Sep,2007,03,12,15,18,30,31,,
1225,Wed,19,Sep,2007,02,05,06,13,25,47,,
1224,Sat,15,Sep,2007,03,07,12,21,25,36,,
1223,Wed,12,Sep,2007,04,13,18,21,30,46,,
1222,Sat,8,Sep,2007,04,10,20,24,39,49,,
1221,Wed,5,Sep,2007,11,24,26,35,39,40,,
1220,Sat,1,Sep,2007,03,27,34,41,42,48,,
1219,Wed,29,Aug,2007,04,06,11,17,31,41,,
1218,Sat,25,Aug,2007,07,13,17,33,40,42,,
1217,Wed,22,Aug,2007,18,31,35,39,40,42,,
1216,Sat,18,Aug,2007,02,12,26,32,37,47,,
1215,Wed,15,Aug,2007,02,05,15,34,35,43,,
1214,Sat,11,Aug,2007,06,10,11,19,22,46,,
1213,Wed,8,Aug,2007,03,09,12,13,20,43,,
1212,Sat,4,Aug,2007,12,23,25,26,34,49,,
1211,Wed,1,Aug,2007,03,06,15,23,28,42,,
1210,Sat,28,Jul,2007,04,18,22,27,44,48,,
1209,Wed,25,Jul,2007,03,18,21,24,36,38,,
1208,Sat,21,Jul,2007,03,10,21,25,29,49,,
1207,Wed,18,Jul,2007,12,31,33,39,41,45,,
1206,Sat,14,Jul,2007,15,27,35,37,38,39,,
1205,Wed,11,Jul,2007,03,09,10,12,46,47,,
1204,Sat,7,Jul,2007,16,22,28,30,33,35,,
1203,Wed,4,Jul,2007,03,13,22,32,44,46,,
1202,Sat,30,Jun,2007,10,11,17,34,38,46,,
1201,Wed,27,Jun,2007,07,13,23,40,41,48,,
1200,Sat,23,Jun,2007,06,12,19,25,31,41,,
1199,Wed,20,Jun,2007,13,16,22,43,47,49,,
1198,Sat,16,Jun,2007,08,17,33,41,43,45,,
1197,Wed,13,Jun,2007,13,19,24,30,40,48,,
1196,Sat,9,Jun,2007,02,03,23,33,40,46,,
1195,Wed,6,Jun,2007,07,21,22,28,37,40,,
1194,Sat,2,Jun,2007,01,10,33,35,38,43,,
1193,Wed,30,May,2007,02,20,22,25,41,47,,
1192,Sat,26,May,2007,03,15,19,24,28,34,,
1191,Wed,23,May,2007,03,19,31,32,36,40,,
1190,Sat,19,May,2007,17,19,20,32,36,48,,
1189,Wed,16,May,2007,09,20,22,24,27,28,,
1188,Sat,12,May,2007,03,06,09,12,40,43,,
1187,Wed,9,May,2007,08,09,19,34,47,49,,
1186,Sat,5,May,2007,04,33,34,38,39,49,,
1185,Wed,2,May,2007,11,18,25,27,39,44,,
1184,Sat,28,Apr,2007,11,17,24,28,41,47,,
1183,Wed,25,Apr,2007,01,07,25,31,32,39,,
1182,Sat,21,Apr,2007,14,20,21,30,41,46,,
1181,Wed,18,Apr,2007,08,11,17,30,32,41,,
1180,Sat,14,Apr,2007,13,16,23,29,36,49,,
1179,Wed,11,Apr,2007,08,11,21,32,35,42,,
1178,Sat,7,Apr,2007,23,24,30,31,33,37,,
1177,Wed,4,Apr,2007,11,14,19,35,46,49,,
1176,Sat,31,Mar,2007,03,35,39,42,44,48,,
1175,Wed,28,Mar,2007,02,05,19,23,32,41,,
1174,Sat,24,Mar,2007,09,14,26,28,30,45,,
1173,Wed,21,Mar,2007,15,19,29,35,44,45,,
1172,Sat,17,Mar,2007,01,09,14,20,43,44,,
1171,Wed,14,Mar,2007,06,21,24,38,39,48,,
1170,Sat,10,Mar,2007,01,09,16,34,38,41,,
1169,Wed,7,Mar,2007,04,14,25,35,42,48,,
1168,Sat,3,Mar,2007,01,05,11,19,28,36,,
1167,Wed,28,Feb,2007,04,15,34,40,44,46,,
1166,Sat,24,Feb,2007,05,18,26,34,42,49,,
1165,Wed,21,Feb,2007,01,06,26,34,39,42,,
1164,Sat,17,Feb,2007,06,18,40,43,47,49,,
1163,Wed,14,Feb,2007,01,02,04,38,42,43,,
1162,Sat,10,Feb,2007,22,26,38,39,41,42,,
1161,Wed,7,Feb,2007,06,16,18,29,30,35,,
1160,Sat,3,Feb,2007,13,17,39,46,47,49,,
1159,Wed,31,Jan,2007,13,14,21,30,43,49,,
1158,Sat,27,Jan,2007,04,15,21,23,24,38,,
1157,Wed,24,Jan,2007,02,08,10,31,46,48,,
1156,Sat,20,Jan,2007,04,07,26,28,39,49,,
1155,Wed,17,Jan,2007,12,17,21,25,31,37,,
1154,Sat,13,Jan,2007,05,08,12,20,28,48,,
1153,Wed,10,Jan,2007,01,02,13,29,33,49,,
1152,Sat,6,Jan,2007,15,25,29,35,39,40,,
1151,Wed,3,Jan,2007,04,06,30,36,43,44,,
1150,Sat,30,Dec,2006,01,02,07,11,37,45,,
1149,Wed,27,Dec,2006,16,27,29,34,39,45,,
1148,Sat,23,Dec,2006,10,16,24,37,44,49,,
1147,Wed,20,Dec,2006,04,10,21,22,25,38,,
1146,Sat,16,Dec,2006,05,08,11,27,30,46,,
1145,Wed,13,Dec,2006,04,12,14,20,46,49,,
1144,Sat,9,Dec,2006,05,08,10,18,20,46,,
1143,Wed,6,Dec,2006,02,05,09,12,22,32,,
1142,Sat,2,Dec,2006,09,11,15,31,42,46,,
1141,Wed,29,Nov,2006,17,20,31,40,42,46,,
1140,Sat,25,Nov,2006,04,07,31,38,44,48,,
1139,Wed,22,Nov,2006,14,15,24,31,45,49,,
1138,Sat,18,Nov,2006,01,19,20,32,42,46,,
1137,Wed,15,Nov,2006,02,03,17,22,40,42,,
1136,Sat,11,Nov,2006,23,24,28,33,34,41,,
1135,Wed,8,Nov,2006,02,18,31,38,39,46,,
1134,Sat,4,Nov,2006,17,30,33,40,42,43,,
1133,Wed,1,Nov,2006,09,13,14,20,31,35,,
1132,Sat,28,Oct,2006,04,05,06,12,20,29,,
1131,Wed,25,Oct,2006,02,07,10,14,16,22,,
1130,Sat,21,Oct,2006,15,18,23,31,37,49,,
1129,Wed,18,Oct,2006,06,12,36,39,41,48,,
1128,Sat,14,Oct,2006,08,15,24,31,37,42,,
1127,Wed,11,Oct,2006,14,16,24,26,27,39,,
1126,Sat,7,Oct,2006,04,13,23,24,26,36,,
1125,Wed,4,Oct,2006,12,14,16,19,27,32,,
1124,Sat,30,Sep,2006,08,12,13,19,26,38,,
1123,Wed,27,Sep,2006,02,03,16,27,44,48,,
1122,Sat,23,Sep,2006,06,26,28,35,42,43,,
1121,Wed,20,Sep,2006,03,21,29,35,38,45,,
1120,Sat,16,Sep,2006,11,12,16,33,34,43,,
1119,Wed,13,Sep,2006,08,15,17,40,43,48,,
1118,Sat,9,Sep,2006,02,15,21,37,43,46,,
1117,Wed,6,Sep,2006,05,07,14,29,37,38,,
1116,Sat,2,Sep,2006,03,08,20,22,34,40,,
1115,Wed,30,Aug,2006,19,21,22,38,44,49,,
1114,Sat,26,Aug,2006,10,17,24,31,42,49,,
1113,Wed,23,Aug,2006,06,16,20,21,23,37,,
1112,Sat,19,Aug,2006,06,29,31,34,40,48,,
1111,Wed,16,Aug,2006,04,08,16,20,25,31,,
1110,Sat,12,Aug,2006,24,30,38,43,46,49,,
1109,Wed,9,Aug,2006,02,04,12,16,18,41,,
1108,Sat,5,Aug,2006,03,11,13,18,26,31,,
1107,Wed,2,Aug,2006,05,08,09,18,41,47,,
1106,Sat,29,Jul,2006,04,05,16,19,21,49,,
1105,Wed,26,Jul,2006,07,17,27,30,33,39,,
1104,Sat,22,Jul,2006,20,22,23,26,31,47,,
1103,Wed,19,Jul,2006,04,21,25,37,45,46,,
1102,Sat,15,Jul,2006,06,12,19,20,38,39,,
1101,Wed,12,Jul,2006,18,20,26,27,28,39,,
1100,Sat,8,Jul,2006,06,10,19,29,32,42,,
1099,Wed,5,Jul,2006,07,17,29,33,42,45,,
1098,Sat,1,Jul,2006,18,28,33,37,39,42,,
1097,Wed,28,Jun,2006,11,12,34,39,44,48,,
1096,Sat,24,Jun,2006,09,14,21,23,39,44,,
1095,Wed,21,Jun,2006,08,16,27,38,44,49,,
1094,Sat,17,Jun,2006,25,26,33,40,41,47,,
1093,Wed,14,Jun,2006,04,07,10,33,35,49,,
1092,Sat,10,Jun,2006,14,27,32,39,41,47,,
1091,Wed,7,Jun,2006,06,09,11,14,33,48,,
1090,Sat,3,Jun,2006,04,06,07,09,28,39,,
1089,Wed,31,May,2006,04,16,32,34,35,37,,
1088,Sat,27,May,2006,05,08,12,24,28,31,,
1087,Wed,24,May,2006,01,17,25,29,41,46,,
1086,Sat,20,May,2006,06,16,17,22,24,45,,
1085,Wed,17,May,2006,03,10,19,33,35,38,,
1084,Sat,13,May,2006,03,15,21,22,36,47,,
1083,Wed,10,May,2006,08,13,28,32,36,46,,
1082,Sat,6,May,2006,02,07,11,21,33,34,,
1081,Wed,3,May,2006,09,11,22,39,40,42,,
1080,Sat,29,Apr,2006,10,29,31,32,36,47,,
1079,Wed,26,Apr,2006,01,27,32,33,45,48,,
1078,Sat,22,Apr,2006,09,24,30,40,42,48,,
1077,Wed,19,Apr,2006,03,09,33,44,47,49,,
1076,Sat,15,Apr,2006,07,15,19,23,37,48,,
1075,Wed,12,Apr,2006,07,19,26,38,44,49,,
1074,Sat,8,Apr,2006,05,06,07,18,28,40,,
1073,Wed,5,Apr,2006,01,02,16,22,26,49,,
1072,Sat,1,Apr,2006,09,17,18,21,23,39,,
1071,Wed,29,Mar,2006,02,06,18,36,37,44,,
1070,Sat,25,Mar,2006,02,06,10,17,29,30,,
1069,Wed,22,Mar,2006,04,08,16,19,34,40,,
1068,Sat,18,Mar,2006,07,10,22,24,34,44,,
1067,Wed,15,Mar,2006,01,14,21,30,35,48,,
1066,Sat,11,Mar,2006,04,09,13,29,31,36,,
1065,Wed,8,Mar,2006,01,11,14,35,37,42,,
1064,Sat,4,Mar,2006,01,16,22,32,33,40,,
1063,Wed,1,Mar,2006,15,16,19,28,38,42,,
1062,Sat,25,Feb,2006,07,14,24,37,43,48,,
1061,Wed,22,Feb,2006,05,09,27,35,42,43,,
1060,Sat,18,Feb,2006,09,23,32,35,36,40,,
1059,Wed,15,Feb,2006,05,11,12,16,17,45,,
1058,Sat,11,Feb,2006,04,09,15,25,30,40,,
1057,Wed,8,Feb,2006,09,27,28,31,41,42,,
1056,Sat,4,Feb,2006,01,03,06,22,23,39,,
1055,Wed,1,Feb,2006,05,11,13,17,44,48,,
1054,Sat,28,Jan,2006,09,18,22,29,30,48,,
1053,Wed,25,Jan,2006,09,14,15,18,26,46,,
1052,Sat,21,Jan,2006,01,25,26,27,39,49,,
1051,Wed,18,Jan,2006,02,03,07,24,46,47,,
1050,Sat,14,Jan,2006,04,08,16,23,28,47,,
1049,Wed,11,Jan,2006,05,06,08,19,34,38,,
1048,Sat,7,Jan,2006,08,14,19,28,29,48,,
1047,Wed,4,Jan,2006,07,13,31,43,45,47,,
1046,Sat,31,Dec,2005,06,09,11,33,36,49,,
1045,Wed,28,Dec,2005,06,08,10,19,30,42,,
1044,Sat,24,Dec,2005,17,21,25,27,30,37,,
1043,Wed,21,Dec,2005,05,06,12,13,31,45,,
1042,Sat,17,Dec,2005,07,11,15,21,35,47,,
1041,Wed,14,Dec,2005,07,09,17,22,27,40,,
1040,Sat,10,Dec,2005,20,23,25,30,31,48,,
1039,Wed,7,Dec,2005,02,08,11,12,22,26,,
1038,Sat,3,Dec,2005,02,10,11,28,36,47,,
1037,Wed,30,Nov,2005,07,14,29,37,41,45,,
1036,Sat,26,Nov,2005,19,27,28,34,39,46,,
1035,Wed,23,Nov,2005,14,33,36,39,42,46,,
1034,Sat,19,Nov,2005,04,09,10,19,24,37,,
1033,Wed,16,Nov,2005,04,09,22,24,30,41,,
1032,Sat,12,Nov,2005,12,13,25,30,45,47,,
1031,Wed,9,Nov,2005,01,15,23,30,45,49,,
1030,Sat,5,Nov,2005,12,13,21,26,32,39,,
1029,Wed,2,Nov,2005,19,25,32,47,48,49,,
1028,Sat,29,Oct,2005,02,05,13,30,39,49,,
1027,Wed,26,Oct,2005,10,14,26,28,33,38,,
1026,Sat,22,Oct,2005,18,20,22,30,32,39,,
1025,Wed,19,Oct,2005,07,18,20,21,29,47,,
1024,Sat,15,Oct,2005,04,07,29,30,42,44,,
1023,Wed,12,Oct,2005,05,07,13,15,19,45,,
1022,Sat,8,Oct,2005,01,14,20,22,25,26,,
1021,Wed,5,Oct,2005,14,17,23,30,34,42,,
1020,Sat,1,Oct,2005,04,06,31,42,46,47,,
1019,Wed,28,Sep,2005,21,32,41,42,43,46,,
1018,Sat,24,Sep,2005,02,11,27,29,36,44,,
1017,Wed,21,Sep,2005,02,23,33,35,40,42,,
1016,Sat,17,Sep,2005,09,21,23,31,40,46,,
1015,Wed,14,Sep,2005,15,20,22,25,35,39,,
1014,Sat,10,Sep,2005,01,08,24,27,34,46,,
1013,Wed,7,Sep,2005,01,05,07,41,43,49,,
1012,Sat,3,Sep,2005,14,26,34,35,36,45,,
1011,Wed,31,Aug,2005,04,10,14,21,32,49,,
1010,Sat,27,Aug,2005,06,13,17,23,32,43,,
1009,Wed,24,Aug,2005,01,40,43,44,48,49,,
1008,Sat,20,Aug,2005,07,11,12,20,38,44,,
1007,Wed,17,Aug,2005,03,10,13,22,31,33,,
1006,Sat,13,Aug,2005,19,22,30,35,44,48,,
1005,Wed,10,Aug,2005,08,15,30,31,34,43,,
1004,Sat,6,Aug,2005,03,06,07,17,30,34,,
1003,Wed,3,Aug,2005,02,10,30,36,37,43,,
1002,Sat,30,Jul,2005,03,09,13,35,43,45,,
1001,Wed,27,Jul,2005,10,12,13,17,31,37,,
1000,Sat,23,Jul,2005,07,12,16,24,29,37,,
999,Wed,20,Jul,2005,04,29,39,41,43,45,,
998,Sat,16,Jul,2005,02,03,21,24,38,44,,
997,Wed,13,Jul,2005,03,25,36,39,42,47,,
996,Sat,9,Jul,2005,07,20,22,23,34,37,,
995,Wed,6,Jul,2005,03,12,17,36,44,49,,
994,Sat,2,Jul,2005,08,25,33,35,38,40,,
993,Wed,29,Jun,2005,07,12,23,26,29,44,,
992,Sat,25,Jun,2005,15,23,27,38,44,49,,
991,Wed,22,Jun,2005,01,04,07,44,47,48,,
990,Sat,18,Jun,2005,04,07,26,41,42,49,,
989,Wed,15,Jun,2005,07,11,12,37,42,45,,
988,Sat,11,Jun,2005,01,02,18,25,34,45,,
987,Wed,8,Jun,2005,11,13,26,34,44,48,,
986,Sat,4,Jun,2005,06,08,13,15,21,40,,
985,Wed,1,Jun,2005,03,11,17,19,20,41,,
984,Sat,28,May,2005,10,16,21,24,34,46,,
983,Wed,25,May,2005,14,18,29,33,37,39,,
982,Sat,21,May,2005,14,34,38,43,47,48,,
981,Wed,18,May,2005,04,19,22,27,28,47,,
980,Sat,14,May,2005,12,18,22,33,43,48,,
979,Wed,11,May,2005,01,06,11,17,29,43,,
978,Sat,7,May,2005,02,06,21,34,35,49,,
977,Wed,4,May,2005,30,35,38,41,45,48,,
976,Sat,30,Apr,2005,02,23,26,30,39,47,,
975,Wed,27,Apr,2005,02,15,20,24,32,47,,
974,Sat,23,Apr,2005,03,18,25,29,31,43,,
973,Wed,20,Apr,2005,13,26,27,38,41,43,,
972,Sat,16,Apr,2005,25,26,32,39,40,42,,
971,Wed,13,Apr,2005,14,23,36,40,41,48,,
970,Sat,9,Apr,2005,14,22,25,27,45,47,,
969,Wed,6,Apr,2005,22,26,36,43,45,49,,
968,Sat,2,Apr,2005,18,26,27,29,34,42,,
967,Wed,30,Mar,2005,01,11,23,26,29,31,,
966,Sat,26,Mar,2005,05,21,23,28,40,48,,
965,Wed,23,Mar,2005,12,14,25,30,32,38,,
964,Sat,19,Mar,2005,06,08,18,33,43,49,,
963,Wed,16,Mar,2005,03,07,09,21,35,39,,
962,Sat,12,Mar,2005,01,02,08,09,41,48,,
961,Wed,9,Mar,2005,14,21,25,39,40,47,,
960,Sat,5,Mar,2005,06,19,24,26,27,49,,
959,Wed,2,Mar,2005,03,06,15,16,33,48,,
958,Sat,26,Feb,2005,08,14,25,40,43,48,,
957,Wed,23,Feb,2005,17,25,30,32,36,37,,
956,Sat,19,Feb,2005,10,16,19,30,35,45,,
955,Wed,16,Feb,2005,09,13,18,29,30,49,,
954,Sat,12,Feb,2005,11,18,20,23,32,48,,
953,Wed,9,Feb,2005,12,18,22,24,32,33,,
952,Sat,5,Feb,2005,19,22,33,36,43,44,,
951,Wed,2,Feb,2005,02,19,28,33,44,49,,
950,Sat,29,Jan,2005,03,08,27,38,44,46,,
949,Wed,26,Jan,2005,03,12,14,22,33,40,,
948,Sat,22,Jan,2005,05,15,23,30,34,42,,
947,Wed,19,Jan,2005,15,24,28,33,34,47,,
946,Sat,15,Jan,2005,05,20,30,32,35,38,,
945,Wed,12,Jan,2005,04,05,31,33,38,42,,
944,Sat,8,Jan,2005,07,10,17,28,29,33,,
943,Wed,5,Jan,2005,05,08,15,20,42,48,,
942,Sat,1,Jan,2005,04,06,09,12,15,40,,
941,Wed,29,Dec,2004,04,22,30,41,43,47,,
940,Fri,24,Dec,2004,15,19,24,36,37,49,,
939,Wed,22,Dec,2004,04,12,27,44,45,47,,
938,Sat,18,Dec,2004,05,16,22,25,27,30,,
937,Wed,15,Dec,2004,07,11,19,25,31,39,,
936,Sat,11,Dec,2004,07,09,19,23,27,49,,
935,Wed,8,Dec,2004,11,12,16,26,35,39,,
934,Sat,4,Dec,2004,08,09,35,38,42,45,,
933,Wed,1,Dec,2004,07,18,27,31,36,49,,
932,Sat,27,Nov,2004,04,07,09,10,43,46,,
931,Wed,24,Nov,2004,06,09,15,23,38,48,,
930,Sat,20,Nov,2004,01,04,08,26,28,36,,
929,Wed,17,Nov,2004,11,14,20,24,28,36,,
928,Sat,13,Nov,2004,04,10,12,13,14,22,,
927,Wed,10,Nov,2004,13,27,37,40,43,49,,
926,Sat,6,Nov,2004,02,26,29,36,39,40,,
925,Wed,3,Nov,2004,05,25,33,35,36,39,,
924,Sat,30,Oct,2004,03,08,09,26,27,47,,
923,Wed,27,Oct,2004,09,11,21,39,40,46,,
922,Sat,23,Oct,2004,22,27,33,37,38,40,,
921,Wed,20,Oct,2004,10,13,19,25,31,33,,
920,Sat,16,Oct,2004,25,32,33,36,45,46,,
919,Wed,13,Oct,2004,03,07,14,17,18,43,,
918,Sat,9,Oct,2004,06,17,22,27,30,34,,
917,Wed,6,Oct,2004,06,11,12,19,37,44,,
916,Sat,2,Oct,2004,01,05,06,31,33,41,,
915,Wed,29,Sep,2004,04,14,23,31,35,41,,
914,Sat,25,Sep,2004,03,10,28,29,42,43,,
913,Wed,22,Sep,2004,12,19,40,42,46,49,,
912,Sat,18,Sep,2004,05,10,13,14,28,42,,
911,Wed,15,Sep,2004,03,11,17,21,33,44,,
910,Sat,11,Sep,2004,05,08,19,30,35,42,,
909,Wed,8,Sep,2004,01,10,27,35,39,48,,
908,Sat,4,Sep,2004,03,05,10,25,43,47,,
907,Wed,1,Sep,2004,12,25,27,32,37,49,,
906,Sat,28,Aug,2004,06,07,10,20,37,44,,
905,Wed,25,Aug,2004,10,12,13,19,31,46,,
904,Sat,21,Aug,2004,01,02,19,30,44,49,,
903,Wed,18,Aug,2004,06,11,12,13,36,42,,
902,Sat,14,Aug,2004,13,14,31,32,37,41,,
901,Wed,11,Aug,2004,11,12,19,47,48,49,,
900,Sat,7,Aug,2004,08,11,28,33,38,41,,
899,Wed,4,Aug,2004,04,07,08,10,17,22,,
898,Sat,31,Jul,2004,03,13,17,29,40,48,,
897,Wed,28,Jul,2004,10,11,14,21,25,42,,
896,Sat,24,Jul,2004,22,27,30,31,48,49,,
895,Wed,21,Jul,2004,06,09,13,15,40,43,,
894,Sat,17,Jul,2004,01,03,11,16,23,36,,
893,Wed,14,Jul,2004,06,27,33,38,45,47,,
892,Sat,10,Jul,2004,06,09,31,32,40,47,,
891,Wed,7,Jul,2004,05,10,11,16,17,33,,
890,Sat,3,Jul,2004,06,08,21,25,43,47,,
889,Wed,30,Jun,2004,11,12,15,29,37,43,,
888,Sat,26,Jun,2004,16,21,24,28,31,33,,
887,Wed,23,Jun,2004,05,18,21,24,38,48,,
886,Sat,19,Jun,2004,02,23,28,31,42,45,,
885,Wed,16,Jun,2004,22,26,29,31,35,42,,
884,Sat,12,Jun,2004,07,22,35,44,48,49,,
883,Wed,9,Jun,2004,01,12,23,26,35,45,,
882,Sat,5,Jun,2004,05,08,09,26,29,44,,
881,Wed,2,Jun,2004,05,22,26,40,42,43,,
880,Sat,29,May,2004,01,04,06,18,19,40,,
879,Wed,26,May,2004,11,15,18,24,34,44,,
878,Sat,22,May,2004,01,04,05,25,34,46,,
877,Wed,19,May,2004,10,22,28,33,37,39,,
876,Sat,15,May,2004,04,29,35,44,46,49,,
875,Wed,12,May,2004,10,11,15,18,19,40,,
874,Sat,8,May,2004,14,17,23,28,42,49,,
873,Wed,5,May,2004,23,32,33,42,43,45,,
872,Sat,1,May,2004,05,06,10,15,27,49,,
871,Wed,28,Apr,2004,01,03,26,34,43,47,,
870,Sat,24,Apr,2004,01,03,04,05,17,37,,
869,Wed,21,Apr,2004,07,19,20,29,41,49,,
868,Sat,17,Apr,2004,03,21,31,42,47,48,,
867,Wed,14,Apr,2004,01,03,22,32,38,44,,
866,Sat,10,Apr,2004,25,30,34,39,40,47,,
865,Wed,7,Apr,2004,09,25,33,36,46,49,,
864,Sat,3,Apr,2004,03,09,12,28,29,38,,
863,Wed,31,Mar,2004,04,07,08,11,24,40,,
862,Sat,27,Mar,2004,19,21,25,33,37,41,,
861,Wed,24,Mar,2004,07,17,19,26,29,41,,
860,Sat,20,Mar,2004,13,21,37,42,46,48,,
859,Wed,17,Mar,2004,05,16,30,38,42,43,,
858,Sat,13,Mar,2004,01,10,11,18,19,46,,
857,Wed,10,Mar,2004,11,14,17,34,37,43,,
856,Sat,6,Mar,2004,17,19,20,35,43,45,,
855,Wed,3,Mar,2004,24,38,40,44,47,48,,
854,Sat,28,Feb,2004,06,19,22,38,39,43,,
853,Wed,25,Feb,2004,06,21,28,34,38,41,,
852,Sat,21,Feb,2004,01,05,08,18,42,48,,
851,Wed,18,Feb,2004,01,03,05,13,21,24,,
850,Sat,14,Feb,2004,14,15,17,31,39,45,,
849,Wed,11,Feb,2004,22,23,38,40,43,47,,
848,Sat,7,Feb,2004,18,22,25,44,45,46,,
847,Wed,4,Feb,2004,09,11,18,20,35,47,,
846,Sat,31,Jan,2004,05,12,13,19,27,47,,
845,Wed,28,Jan,2004,08,10,16,17,30,47,,
844,Sat,24,Jan,2004,16,25,27,32,35,43,,
843,Wed,21,Jan,2004,03,11,25,28,34,45,,
842,Sat,17,Jan,2004,04,08,21,24,39,44,,
841,Wed,14,Jan,2004,02,05,19,21,40,46,,
840,Sat,10,Jan,2004,14,23,29,39,41,45,,
839,Wed,7,Jan,2004,02,12,17,23,24,34,,
838,Sat,3,Jan,2004,17,18,22,23,40,49,,
837,Wed,31,Dec,2003,19,28,31,34,41,47,,
836,Sat,27,Dec,2003,03,18,22,27,41,46,,
835,Wed,24,Dec,2003,01,07,24,27,46,48,,
834,Sat,20,Dec,2003,08,23,35,39,44,46,,
833,Wed,17,Dec,2003,04,06,13,21,36,46,,
832,Sat,13,Dec,2003,01,07,09,28,33,39,,
831,Wed,10,Dec,2003,08,14,21,26,37,48,,
830,Sat,6,Dec,2003,03,11,13,34,35,43,,
829,Wed,3,Dec,2003,02,28,34,35,38,47,,
828,Sat,29,Nov,2003,09,23,25,26,33,36,,
827,Wed,26,Nov,2003,16,32,34,35,40,48,,
826,Sat,22,Nov,2003,01,05,08,16,31,39,,
825,Wed,19,Nov,2003,11,12,13,18,43,48,,
824,Sat,15,Nov,2003,17,30,31,32,35,47,,
823,Wed,12,Nov,2003,06,09,13,17,21,24,,
822,Sat,8,Nov,2003,02,12,33,39,45,48,,
821,Wed,5,Nov,2003,10,12,18,20,22,47,,
820,Sat,1,Nov,2003,09,11,15,24,38,46,,
819,Wed,29,Oct,2003,09,19,25,29,30,38,,
818,Sat,25,Oct,2003,04,10,18,21,43,49,,
817,Wed,22,Oct,2003,06,19,29,32,34,46,,
816,Sat,18,Oct,2003,05,11,17,23,40,45,,
815,Wed,15,Oct,2003,07,11,16,32,42,49,,
814,Sat,11,Oct,2003,03,06,11,20,34,43,,
813,Wed,8,Oct,2003,06,22,25,26,28,44,,
812,Sat,4,Oct,2003,02,08,23,32,35,39,,
811,Wed,1,Oct,2003,03,16,24,27,30,48,,
810,Sat,27,Sep,2003,07,24,30,44,46,47,,
809,Wed,24,Sep,2003,11,13,28,34,37,45,,
808,Sat,20,Sep,2003,01,02,15,23,31,48,,
807,Wed,17,Sep,2003,03,09,15,16,21,29,,
806,Sat,13,Sep,2003,03,04,08,09,30,32,,
805,Wed,10,Sep,2003,09,25,28,37,41,48,,
804,Sat,6,Sep,2003,01,21,25,27,39,42,,
803,Wed,3,Sep,2003,10,11,13,38,39,42,,
802,Sat,30,Aug,2003,18,26,33,38,43,44,,
801,Wed,27,Aug,2003,08,18,19,29,44,45,,
800,Sat,23,Aug,2003,10,15,18,25,42,48,,
799,Wed,20,Aug,2003,05,06,34,37,42,48,,
798,Sat,16,Aug,2003,01,09,10,12,42,45,,
797,Wed,13,Aug,2003,10,15,16,18,19,28,,
796,Sat,9,Aug,2003,11,14,19,25,30,41,,
795,Wed,6,Aug,2003,01,08,13,22,36,45,,
794,Sat,2,Aug,2003,05,26,28,45,47,49,,
793,Wed,30,Jul,2003,02,17,22,38,45,49,,
792,Sat,26,Jul,2003,01,12,16,26,37,49,,
791,Wed,23,Jul,2003,11,19,23,31,38,46,,
790,Sat,19,Jul,2003,03,09,10,17,34,48,,
789,Wed,16,Jul,2003,02,15,16,17,26,42,,
788,Sat,12,Jul,2003,09,12,13,15,21,33,,
787,Wed,9,Jul,2003,02,07,24,30,31,35,,
786,Sat,5,Jul,2003,06,10,18,19,22,43,,
785,Wed,2,Jul,2003,01,14,17,23,30,47,,
784,Sat,28,Jun,2003,01,10,17,23,29,35,,
783,Wed,25,Jun,2003,02,06,07,23,27,30,,
782,Sat,21,Jun,2003,12,20,36,39,44,45,,
781,Wed,18,Jun,2003,16,18,26,32,38,40,,
780,Sat,14,Jun,2003,03,12,29,37,43,46,,
779,Wed,11,Jun,2003,09,13,22,39,48,49,,
778,Sat,7,Jun,2003,02,05,06,17,18,30,,
777,Wed,4,Jun,2003,07,20,27,40,43,49,,
776,Sat,31,May,2003,02,09,12,22,25,26,,
775,Wed,28,May,2003,01,07,15,25,27,32,,
774,Sat,24,May,2003,04,22,25,30,34,42,,
773,Wed,21,May,2003,18,19,21,32,35,39,,
772,Sat,17,May,2003,08,12,15,22,36,48,,
771,Wed,14,May,2003,01,03,04,16,17,27,,
770,Sat,10,May,2003,08,18,24,26,32,38,,
769,Wed,7,May,2003,07,12,26,33,35,47,,
768,Sat,3,May,2003,03,06,07,29,46,49,,
767,Wed,30,Apr,2003,16,20,26,35,43,46,,
766,Sat,26,Apr,2003,09,21,27,33,35,48,,
765,Wed,23,Apr,2003,13,24,31,33,41,44,,
764,Sat,19,Apr,2003,08,10,13,31,38,48,,
763,Wed,16,Apr,2003,05,07,23,29,38,47,,
762,Sat,12,Apr,2003,03,05,16,25,43,45,,
761,Wed,9,Apr,2003,07,20,25,27,33,45,,
760,Sat,5,Apr,2003,09,26,30,31,38,45,,
759,Wed,2,Apr,2003,08,11,15,21,37,39,,
758,Sat,29,Mar,2003,05,15,21,33,35,42,,
757,Wed,26,Mar,2003,10,22,35,37,47,49,,
756,Sat,22,Mar,2003,02,08,10,45,47,49,,
755,Wed,19,Mar,2003,02,10,15,16,18,39,,
754,Sat,15,Mar,2003,04,24,25,28,38,47,,
753,Wed,12,Mar,2003,06,16,33,37,40,41,,
752,Sat,8,Mar,2003,05,06,08,32,33,41,,
751,Wed,5,Mar,2003,03,08,12,23,34,46,,
750,Sat,1,Mar,2003,22,24,29,31,44,45,,
749,Wed,26,Feb,2003,05,18,34,38,40,45,,
748,Sat,22,Feb,2003,19,30,33,38,42,44,,
747,Wed,19,Feb,2003,01,04,10,17,28,35,,
746,Sat,15,Feb,2003,04,20,32,44,48,49,,
745,Wed,12,Feb,2003,12,17,18,20,30,35,,
744,Sat,8,Feb,2003,23,27,32,37,41,43,,
743,Wed,5,Feb,2003,01,13,17,26,42,46,,
742,Sat,1,Feb,2003,02,13,30,39,45,47,,
741,Wed,29,Jan,2003,01,06,26,29,37,48,,
740,Sat,25,Jan,2003,03,19,35,38,39,42,,
739,Wed,22,Jan,2003,05,16,23,35,44,47,,
738,Sat,18,Jan,2003,04,11,20,35,43,46,,
737,Wed,15,Jan,2003,11,29,33,38,46,48,,
736,Sat,11,Jan,2003,09,18,22,26,37,41,,
735,Wed,8,Jan,2003,10,12,22,34,46,48,,
734,Sat,4,Jan,2003,19,32,33,36,40,45,,
733,Wed,1,Jan,2003,03,22,27,29,34,41,,
732,Sat,28,Dec,2002,02,18,20,32,36,37,,
731,Tue,24,Dec,2002,04,08,09,19,32,46,,
730,Sat,21,Dec,2002,04,22,23,37,43,44,,
729,Wed,18,Dec,2002,11,17,21,22,40,42,,
728,Sat,14,Dec,2002,11,21,38,39,45,47,,
727,Wed,11,Dec,2002,10,13,15,16,29,48,,
726,Sat,7,Dec,2002,02,19,29,34,35,36,,
725,Wed,4,Dec,2002,02,04,23,26,28,40,,
724,Sat,30,Nov,2002,06,07,20,29,37,39,,
723,Wed,27,Nov,2002,11,25,35,36,42,47,,
722,Sat,23,Nov,2002,05,06,12,19,30,47,,
721,Wed,20,Nov,2002,16,18,19,44,46,48,,
720,Sat,16,Nov,2002,10,30,34,42,48,49,,
719,Wed,13,Nov,2002,03,06,08,14,24,31,,
718,Sat,9,Nov,2002,04,05,08,19,31,37,,
717,Wed,6,Nov,2002,02,06,08,21,41,42,,
716,Sat,2,Nov,2002,05,28,32,39,42,48,,
715,Wed,30,Oct,2002,10,21,26,31,48,49,,
714,Sat,26,Oct,2002,07,10,24,32,33,45,,
713,Wed,23,Oct,2002,11,26,36,43,44,46,,
712,Sat,19,Oct,2002,12,30,43,44,45,47,,
711,Wed,16,Oct,2002,13,19,25,28,34,45,,
710,Sat,12,Oct,2002,16,18,35,36,39,48,,
709,Wed,9,Oct,2002,07,22,25,31,44,47,,
708,Sat,5,Oct,2002,15,16,18,36,37,49,,
707,Wed,2,Oct,2002,02,03,14,15,21,48,,
706,Sat,28,Sep,2002,02,09,10,11,13,16,,
705,Wed,25,Sep,2002,06,21,29,32,33,47,,
704,Sat,21,Sep,2002,01,06,07,11,13,30,,
703,Wed,18,Sep,2002,04,07,12,29,37,42,,
702,Sat,14,Sep,2002,08,14,24,27,29,32,,
701,Wed,11,Sep,2002,15,20,28,37,40,44,,
700,Sat,7,Sep,2002,07,21,29,31,38,41,,
699,Wed,4,Sep,2002,02,23,28,33,45,47,,
698,Sat,31,Aug,2002,02,18,23,31,43,46,,
697,Wed,28,Aug,2002,04,07,09,17,36,46,,
696,Sat,24,Aug,2002,04,17,26,28,38,46,,
695,Wed,21,Aug,2002,05,14,19,32,34,42,,
694,Sat,17,Aug,2002,19,20,31,32,35,40,,
693,Wed,14,Aug,2002,01,06,08,20,29,38,,
692,Sat,10,Aug,2002,13,16,23,28,31,32,,
691,Wed,7,Aug,2002,10,22,23,30,33,42,,
690,Sat,3,Aug,2002,06,11,19,35,36,44,,
689,Wed,31,Jul,2002,09,13,15,23,26,45,,
688,Sat,27,Jul,2002,24,26,28,29,34,44,,
687,Wed,24,Jul,2002,07,13,21,34,35,43,,
686,Sat,20,Jul,2002,07,10,16,34,47,48,,
685,Wed,17,Jul,2002,10,11,31,41,45,46,,
684,Sat,13,Jul,2002,15,21,23,24,31,32,,
683,Wed,10,Jul,2002,04,18,19,20,30,43,,
682,Sat,6,Jul,2002,01,20,42,43,44,49,,
681,Wed,3,Jul,2002,02,04,05,22,27,29,,
680,Sat,29,Jun,2002,04,25,28,36,42,49,,
679,Wed,26,Jun,2002,06,07,25,33,38,43,,
678,Sat,22,Jun,2002,14,17,18,22,32,37,,
677,Wed,19,Jun,2002,18,21,32,36,39,41,,
676,Sat,15,Jun,2002,03,13,14,23,30,36,,
675,Wed,12,Jun,2002,01,02,10,34,47,48,,
674,Sat,8,Jun,2002,15,16,18,28,36,47,,
673,Wed,5,Jun,2002,03,05,07,26,43,47,,
672,Sat,1,Jun,2002,13,19,27,36,41,44,,
671,Wed,29,May,2002,19,26,30,34,40,44,,
670,Sat,25,May,2002,07,14,15,25,27,40,,
669,Wed,22,May,2002,05,09,18,39,43,46,,
668,Sat,18,May,2002,21,22,30,31,38,48,,
667,Wed,15,May,2002,04,06,10,19,40,49,,
666,Sat,11,May,2002,01,25,27,35,43,46,,
665,Wed,8,May,2002,08,10,42,44,47,49,,
664,Sat,4,May,2002,08,09,11,17,45,47,,
663,Wed,1,May,2002,10,15,19,22,24,32,,
662,Sat,27,Apr,2002,11,19,32,33,43,44,,
661,Wed,24,Apr,2002,03,13,17,20,21,30,,
660,Sat,20,Apr,2002,07,14,21,32,43,44,,
659,Wed,17,Apr,2002,05,13,19,30,32,43,,
658,Sat,13,Apr,2002,03,19,22,40,41,44,,
657,Wed,10,Apr,2002,05,11,24,26,34,41,,
656,Sat,6,Apr,2002,17,18,32,35,39,48,,
655,Wed,3,Apr,2002,04,08,18,26,32,34,,
654,Sat,30,Mar,2002,08,14,25,36,38,47,,
653,Wed,27,Mar,2002,06,09,20,24,35,36,,
652,Sat,23,Mar,2002,09,24,28,30,31,40,,
651,Wed,20,Mar,2002,10,18,25,28,37,43,,
650,Sat,16,Mar,2002,05,06,26,41,42,44,,
649,Wed,13,Mar,2002,01,07,15,23,27,34,,
648,Sat,9,Mar,2002,09,18,20,21,39,48,,
647,Wed,6,Mar,2002,05,17,20,31,33,34,,
646,Sat,2,Mar,2002,08,11,25,33,37,43,,
645,Wed,27,Feb,2002,06,12,28,31,39,44,,
644,Sat,23,Feb,2002,08,09,27,34,43,48,,
643,Wed,20,Feb,2002,17,21,24,25,46,49,,
642,Sat,16,Feb,2002,10,20,24,36,37,44,,
641,Wed,13,Feb,2002,04,07,12,13,16,29,,
640,Sat,9,Feb,2002,07,15,20,28,40,48,,
639,Wed,6,Feb,2002,02,13,20,36,37,40,,
638,Sat,2,Feb,2002,06,12,30,39,45,46,,
637,Wed,30,Jan,2002,12,19,27,39,42,47,,
636,Sat,26,Jan,2002,10,13,20,25,27,32,,
635,Wed,23,Jan,2002,06,08,14,19,20,44,,
634,Sat,19,Jan,2002,07,18,34,37,39,42,,
633,Wed,16,Jan,2002,15,16,23,27,32,44,,
632,Sat,12,Jan,2002,01,03,11,12,20,24,,
631,Wed,9,Jan,2002,16,20,28,29,41,45,,
630,Sat,5,Jan,2002,02,16,28,34,41,42,,
629,Wed,2,Jan,2002,02,06,20,24,29,32,,
628,Sat,29,Dec,2001,11,19,31,32,36,45,,
627,Wed,26,Dec,2001,10,17,26,29,36,37,,
626,Sat,22,Dec,2001,01,09,10,12,23,40,,
625,Wed,19,Dec,2001,07,28,34,43,46,48,,
624,Sat,15,Dec,2001,05,07,13,24,35,40,,
623,Wed,12,Dec,2001,09,23,25,33,38,44,,
622,Sat,8,Dec,2001,01,14,16,30,34,42,,
621,Wed,5,Dec,2001,04,06,08,19,23,29,,
620,Sat,1,Dec,2001,02,14,19,26,34,48,,
619,Wed,28,Nov,2001,08,22,31,32,42,45,,
618,Sat,24,Nov,2001,23,27,30,37,38,42,,
617,Wed,21,Nov,2001,10,25,30,38,44,46,,
616,Sat,17,Nov,2001,12,19,30,34,37,41,,
615,Wed,14,Nov,2001,19,29,32,33,43,47,,
614,Sat,10,Nov,2001,06,23,24,25,30,49,,
613,Wed,7,Nov,2001,08,09,10,20,39,40,,
612,Sat,3,Nov,2001,10,31,34,39,43,44,,
611,Wed,31,Oct,2001,04,05,06,18,36,49,,
610,Sat,27,Oct,2001,02,21,23,24,27,38,,
609,Wed,24,Oct,2001,08,38,39,40,43,44,,
608,Sat,20,Oct,2001,01,03,06,19,21,26,,
607,Wed,17,Oct,2001,05,20,26,31,32,40,,
606,Sat,13,Oct,2001,08,33,38,40,48,49,,
605,Wed,10,Oct,2001,18,26,28,30,38,46,,
604,Sat,6,Oct,2001,09,12,29,33,44,47,,
603,Wed,3,Oct,2001,02,14,26,30,44,45,,
602,Sat,29,Sep,2001,02,14,17,22,38,44,,
601,Wed,26,Sep,2001,03,14,15,17,19,47,,
600,Sat,22,Sep,2001,06,14,35,45,46,49,,
599,Wed,19,Sep,2001,06,08,21,25,30,45,,
598,Sat,15,Sep,2001,02,09,15,17,40,48,,
597,Wed,12,Sep,2001,11,21,25,27,30,35,,
596,Sat,8,Sep,2001,01,06,13,18,20,49,,
595,Wed,5,Sep,2001,15,23,24,27,43,48,,
594,Sat,1,Sep,2001,01,09,32,34,38,49,,
593,Wed,29,Aug,2001,04,05,09,13,29,47,,
592,Sat,25,Aug,2001,01,10,14,30,36,43,,
591,Wed,22,Aug,2001,14,20,22,29,33,37,,
590,Sat,18,Aug,2001,11,16,18,22,23,31,,
589,Wed,15,Aug,2001,04,06,18,21,35,38,,
588,Sat,11,Aug,2001,18,19,25,36,38,40,,
587,Wed,8,Aug,2001,26,29,31,32,39,46,,
586,Sat,4,Aug,2001,04,07,11,15,28,47,,
585,Wed,1,Aug,2001,11,15,20,27,33,40,,
584,Sat,28,Jul,2001,03,13,29,31,36,45,,
583,Wed,25,Jul,2001,01,02,03,08,30,37,,
582,Sat,21,Jul,2001,01,09,13,18,27,45,,
581,Wed,18,Jul,2001,02,25,31,37,41,45,,
580,Sat,14,Jul,2001,07,11,14,22,37,38,,
579,Wed,11,Jul,2001,11,16,19,24,33,47,,
578,Sat,7,Jul,2001,24,34,37,38,41,49,,
577,Wed,4,Jul,2001,13,28,32,38,40,47,,
576,Sat,30,Jun,2001,09,15,22,43,46,48,,
575,Wed,27,Jun,2001,12,18,39,43,45,49,,
574,Sat,23,Jun,2001,07,15,16,24,25,46,,
573,Wed,20,Jun,2001,11,18,24,31,34,49,,
572,Sat,16,Jun,2001,07,25,31,35,39,45,,
571,Wed,13,Jun,2001,12,14,19,33,35,48,,
570,Sat,9,Jun,2001,12,14,24,33,45,48,,
569,Wed,6,Jun,2001,12,16,35,37,38,47,,
568,Sat,2,Jun,2001,07,11,19,24,32,39,,
567,Wed,30,May,2001,07,15,23,35,39,44,,
566,Sat,26,May,2001,03,15,22,29,35,49,,
565,Wed,23,May,2001,04,11,30,31,44,47,,
564,Sat,19,May,2001,04,12,30,33,43,48,,
563,Wed,16,May,2001,01,25,27,33,38,45,,
562,Sat,12,May,2001,06,29,30,38,39,45,,
561,Wed,9,May,2001,09,18,27,30,32,48,,
560,Sat,5,May,2001,01,03,16,33,46,47,,
559,Wed,2,May,2001,02,17,20,23,28,43,,
558,Sat,28,Apr,2001,02,25,33,40,44,47,,
557,Wed,25,Apr,2001,10,11,24,35,40,44,,
556,Sat,21,Apr,2001,12,20,23,26,33,46,,
555,Wed,18,Apr,2001,30,35,41,44,46,49,,
554,Sat,14,Apr,2001,07,24,35,41,42,47,,
553,Wed,11,Apr,2001,02,19,37,38,44,49,,
552,Sat,7,Apr,2001,09,19,30,32,34,44,,
551,Wed,4,Apr,2001,10,16,23,24,28,45,,
550,Sat,31,Mar,2001,22,23,26,34,37,44,,
549,Wed,28,Mar,2001,02,25,34,35,36,39,,
548,Sat,24,Mar,2001,06,25,31,32,42,43,,
547,Wed,21,Mar,2001,11,22,27,34,39,42,,
546,Sat,17,Mar,2001,01,03,15,26,45,46,,
545,Wed,14,Mar,2001,01,05,08,31,37,38,,
544,Sat,10,Mar,2001,02,04,12,21,36,37,,
543,Wed,7,Mar,2001,03,12,30,33,40,49,,
542,Sat,3,Mar,2001,07,14,20,24,38,48,,
541,Wed,28,Feb,2001,04,09,12,13,22,32,,
540,Sat,24,Feb,2001,01,03,12,28,29,41,,
539,Wed,21,Feb,2001,08,10,24,30,40,44,,
538,Sat,17,Feb,2001,10,14,31,35,40,45,,
537,Wed,14,Feb,2001,03,10,23,27,30,32,,
536,Sat,10,Feb,2001,07,09,12,17,20,32,,
535,Wed,7,Feb,2001,02,05,33,37,40,45,,
534,Sat,3,Feb,2001,02,15,16,17,25,26,,
533,Wed,31,Jan,2001,01,16,33,36,38,45,,
532,Sat,27,Jan,2001,04,12,15,39,45,47,,
531,Wed,24,Jan,2001,10,11,28,29,31,39,,
530,Sat,20,Jan,2001,13,17,22,41,43,47,,
529,Wed,17,Jan,2001,10,13,24,31,36,47,,
528,Sat,13,Jan,2001,12,23,28,34,36,40,,
527,Wed,10,Jan,2001,10,14,15,23,24,27,,
526,Sat,6,Jan,2001,06,16,23,34,35,40,,
525,Wed,3,Jan,2001,05,06,16,17,19,22,,
524,Sat,30,Dec,2000,01,07,16,18,38,47,,
523,Wed,27,Dec,2000,09,24,26,36,37,42,,
522,Sat,23,Dec,2000,02,16,17,23,37,38,,
521,Wed,20,Dec,2000,05,08,39,41,46,49,,
520,Sat,16,Dec,2000,17,21,26,29,34,39,,
519,Wed,13,Dec,2000,03,12,23,34,38,39,,
518,Sat,9,Dec,2000,11,16,25,31,32,33,,
517,Wed,6,Dec,2000,06,10,13,19,27,47,,
516,Sat,2,Dec,2000,02,19,28,37,46,47,,
515,Wed,29,Nov,2000,07,19,28,30,33,37,,
514,Sat,25,Nov,2000,03,06,20,42,43,48,,
513,Wed,22,Nov,2000,04,12,20,23,31,33,,
512,Sat,18,Nov,2000,06,09,11,21,27,43,,
511,Wed,15,Nov,2000,13,19,28,31,41,44,,
510,Sat,11,Nov,2000,18,23,28,34,35,47,,
509,Wed,8,Nov,2000,02,05,09,16,27,43,,
508,Sat,4,Nov,2000,02,08,17,29,33,44,,
507,Wed,1,Nov,2000,04,09,20,23,38,45,,
506,Sat,28,Oct,2000,01,13,14,23,31,47,,
505,Wed,25,Oct,2000,06,09,13,14,26,38,,
504,Sat,21,Oct,2000,08,14,15,18,24,44,,
503,Wed,18,Oct,2000,04,06,11,19,32,36,,
502,Sat,14,Oct,2000,07,22,31,37,38,40,,
501,Wed,11,Oct,2000,06,10,19,30,34,41,,
500,Sat,7,Oct,2000,01,06,20,28,31,45,,
499,Wed,4,Oct,2000,10,14,19,43,46,49,,
498,Sat,30,Sep,2000,12,15,27,32,40,44,,
497,Wed,27,Sep,2000,04,10,24,28,40,47,,
496,Sat,23,Sep,2000,06,16,18,32,35,45,,
495,Wed,20,Sep,2000,07,25,30,34,38,39,,
494,Sat,16,Sep,2000,04,22,23,26,42,47,,
493,Wed,13,Sep,2000,14,20,25,32,47,49,,
492,Sat,9,Sep,2000,03,04,24,25,35,43,,
491,Wed,6,Sep,2000,06,07,11,23,32,44,,
490,Sat,2,Sep,2000,11,12,21,31,36,40,,
489,Wed,30,Aug,2000,13,21,24,38,40,41,,
488,Sat,26,Aug,2000,04,11,16,29,34,35,,
487,Wed,23,Aug,2000,03,31,32,37,38,47,,
486,Sat,19,Aug,2000,05,22,34,38,43,46,,
485,Wed,16,Aug,2000,11,24,33,34,37,45,,
484,Sat,12,Aug,2000,06,31,35,36,43,46,,
483,Wed,9,Aug,2000,10,14,32,35,36,43,,
482,Sat,5,Aug,2000,01,03,35,37,39,48,,
481,Wed,2,Aug,2000,26,35,38,39,44,46,,
480,Sat,29,Jul,2000,29,30,33,37,45,48,,
479,Wed,26,Jul,2000,02,28,29,40,43,47,,
478,Sat,22,Jul,2000,13,16,43,45,47,48,,
477,Wed,19,Jul,2000,16,23,31,33,38,41,,
476,Sat,15,Jul,2000,01,02,07,35,39,44,,
475,Wed,12,Jul,2000,04,12,21,27,41,49,,
474,Sat,8,Jul,2000,21,30,35,38,41,46,,
473,Wed,5,Jul,2000,06,11,19,23,25,28,,
472,Sat,1,Jul,2000,11,16,22,39,42,48,,
471,Wed,28,Jun,2000,08,10,27,38,40,46,,
470,Sat,24,Jun,2000,06,09,32,34,42,48,,
469,Wed,21,Jun,2000,01,10,24,33,37,46,,
468,Sat,17,Jun,2000,04,22,24,25,40,43,,
467,Wed,14,Jun,2000,04,07,23,24,26,38,,
466,Sat,10,Jun,2000,01,14,15,35,44,47,,
465,Wed,7,Jun,2000,02,05,20,24,28,39,,
464,Sat,3,Jun,2000,03,08,19,35,36,48,,
463,Wed,31,May,2000,01,11,14,19,38,44,,
462,Sat,27,May,2000,21,23,33,34,43,45,,
461,Wed,24,May,2000,06,08,21,36,38,46,,
460,Sat,20,May,2000,07,11,18,21,25,44,,
459,Wed,17,May,2000,01,10,11,15,21,48,,
458,Sat,13,May,2000,06,30,35,42,44,45,,
457,Wed,10,May,2000,10,18,29,37,38,46,,
456,Sat,6,May,2000,02,03,30,31,41,45,,
455,Wed,3,May,2000,05,06,24,36,38,48,,
454,Sat,29,Apr,2000,15,16,19,27,29,42,,
453,Wed,26,Apr,2000,04,09,14,28,36,39,,
452,Sat,22,Apr,2000,26,31,35,43,48,49,,
451,Wed,19,Apr,2000,01,03,07,19,29,44,,
450,Sat,15,Apr,2000,02,23,28,31,46,48,,
449,Wed,12,Apr,2000,09,12,19,22,26,34,,
448,Sat,8,Apr,2000,18,23,30,46,47,49,,
447,Wed,5,Apr,2000,02,03,07,10,40,48,,
446,Sat,1,Apr,2000,03,11,19,25,29,30,,
445,Wed,29,Mar,2000,11,18,20,23,28,32,,
444,Sat,25,Mar,2000,15,22,23,27,32,37,,
443,Wed,22,Mar,2000,06,18,20,33,36,40,,
442,Sat,18,Mar,2000,05,08,15,16,22,39,,
441,Wed,15,Mar,2000,07,12,25,28,30,40,,
440,Sat,11,Mar,2000,07,12,37,42,46,49,,
439,Wed,8,Mar,2000,06,18,22,32,36,46,,
438,Sat,4,Mar,2000,11,13,19,26,28,47,,
437,Wed,1,Mar,2000,04,08,10,12,15,30,,
436,Sat,26,Feb,2000,03,05,06,08,16,45,,
435,Wed,23,Feb,2000,11,17,18,20,39,47,,
434,Sat,19,Feb,2000,01,05,11,32,43,46,,
433,Wed,16,Feb,2000,06,07,12,16,19,42,,
432,Sat,12,Feb,2000,04,06,12,17,18,19,,
431,Wed,9,Feb,2000,03,06,14,19,32,41,,
430,Sat,5,Feb,2000,21,38,40,46,47,49,,
429,Wed,2,Feb,2000,10,30,31,32,39,42,,
428,Sat,29,Jan,2000,05,07,17,21,27,48,,
427,Wed,26,Jan,2000,06,14,21,28,41,43,,
426,Sat,22,Jan,2000,07,09,10,40,41,44,,
425,Wed,19,Jan,2000,04,16,17,43,46,48,,
424,Sat,15,Jan,2000,10,12,16,17,31,47,,
423,Wed,12,Jan,2000,03,10,14,17,19,27,,
422,Sat,8,Jan,2000,13,18,32,34,39,41,,
421,Wed,5,Jan,2000,05,22,25,30,31,33,,
420,Sat,1,Jan,2000,02,05,14,23,27,48,,
419,Wed,29,Dec,1999,16,26,33,36,39,47,,
418,Fri,24,Dec,1999,02,21,23,24,25,35,,
417,Wed,22,Dec,1999,29,32,39,46,47,49,,
416,Sat,18,Dec,1999,06,07,12,13,18,29,,
415,Wed,15,Dec,1999,04,09,16,35,43,44,,
414,Sat,11,Dec,1999,05,09,27,37,43,46,,
413,Wed,8,Dec,1999,07,10,11,26,31,33,,
412,Sat,4,Dec,1999,16,23,25,31,35,47,,
411,Wed,1,Dec,1999,28,36,37,38,42,47,,
410,Sat,27,Nov,1999,08,10,22,46,47,49,,
409,Wed,24,Nov,1999,01,12,16,33,34,44,,
408,Sat,20,Nov,1999,07,09,15,20,29,34,,
407,Wed,17,Nov,1999,02,06,23,31,33,36,,
406,Sat,13,Nov,1999,07,10,21,28,29,39,,
405,Wed,10,Nov,1999,02,10,18,19,28,35,,
404,Sat,6,Nov,1999,08,10,23,34,36,46,,
403,Wed,3,Nov,1999,03,22,25,31,35,37,,
402,Sat,30,Oct,1999,10,15,17,27,44,47,,
401,Wed,27,Oct,1999,04,09,13,22,25,32,,
400,Sat,23,Oct,1999,04,08,10,15,25,39,,
399,Wed,20,Oct,1999,09,18,27,29,33,43,,
398,Sat,16,Oct,1999,11,25,27,31,40,41,,
397,Wed,13,Oct,1999,03,19,23,29,33,34,,
396,Sat,9,Oct,1999,08,15,26,29,38,46,,
395,Wed,6,Oct,1999,09,13,19,21,30,45,,
394,Sat,2,Oct,1999,03,14,28,37,38,49,,
393,Wed,29,Sep,1999,01,03,08,33,39,43,,
392,Sat,25,Sep,1999,18,20,26,30,43,49,,
391,Wed,22,Sep,1999,06,16,21,28,37,44,,
390,Sat,18,Sep,1999,05,11,15,18,23,33,,
389,Wed,15,Sep,1999,09,14,27,30,32,49,,
388,Sat,11,Sep,1999,02,04,16,21,29,46,,
387,Wed,8,Sep,1999,08,10,17,22,36,38,,
386,Sat,4,Sep,1999,03,05,07,10,14,20,,
385,Wed,1,Sep,1999,03,05,19,27,39,49,,
384,Sat,28,Aug,1999,06,14,15,17,27,47,,
383,Wed,25,Aug,1999,01,08,20,22,36,48,,
382,Sat,21,Aug,1999,12,15,16,17,42,48,,
381,Wed,18,Aug,1999,06,08,13,34,38,45,,
380,Sat,14,Aug,1999,01,09,18,24,38,44,,
379,Wed,11,Aug,1999,01,15,22,38,39,48,,
378,Sat,7,Aug,1999,04,07,19,22,24,46,,
377,Wed,4,Aug,1999,03,04,09,29,31,36,,
376,Sat,31,Jul,1999,12,26,27,32,46,49,,
375,Wed,28,Jul,1999,03,14,30,32,46,49,,
374,Sat,24,Jul,1999,08,25,26,37,38,48,,
373,Wed,21,Jul,1999,12,17,26,32,33,46,,
372,Sat,17,Jul,1999,03,15,23,42,45,48,,
371,Wed,14,Jul,1999,01,15,21,37,41,42,,
370,Sat,10,Jul,1999,05,07,15,26,35,40,,
369,Wed,7,Jul,1999,04,06,08,41,43,44,,
368,Sat,3,Jul,1999,11,17,28,36,42,44,,
367,Wed,30,Jun,1999,02,14,19,25,32,49,,
366,Sat,26,Jun,1999,02,17,18,23,30,40,,
365,Wed,23,Jun,1999,08,11,18,30,33,43,,
364,Sat,19,Jun,1999,04,06,20,24,41,42,,
363,Wed,16,Jun,1999,17,21,25,37,38,45,,
362,Sat,12,Jun,1999,03,18,21,23,36,49,,
361,Wed,9,Jun,1999,08,10,12,34,46,48,,
360,Sat,5,Jun,1999,11,20,24,28,35,48,,
359,Wed,2,Jun,1999,17,23,27,34,36,37,,
358,Sat,29,May,1999,03,07,09,12,43,44,,
357,Wed,26,May,1999,14,22,26,29,33,46,,
356,Sat,22,May,1999,08,11,14,24,26,49,,
355,Wed,19,May,1999,01,02,05,27,38,49,,
354,Sat,15,May,1999,04,14,18,24,27,40,,
353,Wed,12,May,1999,08,09,26,29,38,47,,
352,Sat,8,May,1999,01,12,24,31,33,47,,
351,Wed,5,May,1999,07,13,17,22,39,44,,
350,Sat,1,May,1999,07,20,24,31,33,40,,
349,Wed,28,Apr,1999,15,23,24,36,43,49,,
348,Sat,24,Apr,1999,03,08,11,25,46,47,,
347,Wed,21,Apr,1999,03,12,22,31,44,46,,
346,Sat,17,Apr,1999,03,16,28,29,41,46,,
345,Wed,14,Apr,1999,05,09,12,25,30,32,,
344,Sat,10,Apr,1999,10,18,25,32,35,36,,
343,Wed,7,Apr,1999,10,15,23,27,29,46,,
342,Sat,3,Apr,1999,03,07,09,15,40,43,,
341,Wed,31,Mar,1999,01,05,12,24,26,38,,
340,Sat,27,Mar,1999,09,25,30,36,44,48,,
339,Wed,24,Mar,1999,13,21,27,32,45,48,,
338,Sat,20,Mar,1999,13,17,25,29,45,49,,
337,Wed,17,Mar,1999,01,07,29,38,45,46,,
336,Sat,13,Mar,1999,01,02,15,17,24,44,,
335,Wed,10,Mar,1999,08,18,27,32,36,49,,
334,Sat,6,Mar,1999,08,32,33,37,43,47,,
333,Wed,3,Mar,1999,20,22,24,25,36,40,,
332,Sat,27,Feb,1999,01,07,13,15,38,43,,
331,Wed,24,Feb,1999,02,03,13,27,34,48,,
330,Sat,20,Feb,1999,03,09,17,23,29,40,,
329,Wed,17,Feb,1999,02,22,31,32,40,42,,
328,Sat,13,Feb,1999,05,23,26,27,47,49,,
327,Wed,10,Feb,1999,02,20,21,33,35,49,,
326,Sat,6,Feb,1999,02,17,23,38,40,49,,
325,Wed,3,Feb,1999,03,16,18,24,39,47,,
324,Sat,30,Jan,1999,07,19,32,37,40,44,,
323,Wed,27,Jan,1999,02,03,06,20,21,22,,
322,Sat,23,Jan,1999,01,08,10,17,32,47,,
321,Wed,20,Jan,1999,04,08,14,19,28,40,,
320,Sat,16,Jan,1999,11,26,28,32,41,42,,
319,Wed,13,Jan,1999,06,25,27,35,42,48,,
318,Sat,9,Jan,1999,01,15,23,34,37,40,,
317,Wed,6,Jan,1999,02,11,18,21,23,47,,
316,Sat,2,Jan,1999,04,31,33,38,41,46,,
315,Wed,30,Dec,1998,03,13,18,24,34,49,,
314,Sat,26,Dec,1998,02,08,11,32,35,41,,
313,Wed,23,Dec,1998,04,12,18,30,38,47,,
312,Sat,19,Dec,1998,09,10,18,25,28,48,,
311,Wed,16,Dec,1998,11,19,20,24,29,40,,
310,Sat,12,Dec,1998,26,28,38,39,41,46,,
309,Wed,9,Dec,1998,01,07,39,40,45,49,,
308,Sat,5,Dec,1998,04,07,23,26,27,35,,
307,Wed,2,Dec,1998,07,11,16,28,37,49,,
306,Sat,28,Nov,1998,04,25,26,30,37,45,,
305,Wed,25,Nov,1998,04,08,30,37,39,43,,
304,Sat,21,Nov,1998,07,09,17,22,38,49,,
303,Wed,18,Nov,1998,02,08,12,30,35,47,,
302,Sat,14,Nov,1998,07,11,12,17,23,39,,
301,Wed,11,Nov,1998,05,11,19,25,29,49,,
300,Sat,7,Nov,1998,13,24,25,31,32,44,,
299,Wed,4,Nov,1998,02,09,11,23,24,42,,
298,Sat,31,Oct,1998,05,09,12,14,18,38,,
297,Wed,28,Oct,1998,01,02,07,17,31,49,,
296,Sat,24,Oct,1998,06,08,15,23,26,41,,
295,Wed,21,Oct,1998,03,11,15,41,42,48,,
294,Sat,17,Oct,1998,03,25,36,37,41,45,,
293,Wed,14,Oct,1998,01,02,05,15,41,45,,
292,Sat,10,Oct,1998,11,13,21,26,43,46,,
291,Wed,7,Oct,1998,02,12,24,29,30,33,,
290,Sat,3,Oct,1998,01,11,18,19,22,32,,
289,Wed,30,Sep,1998,10,12,14,28,31,38,,
288,Sat,26,Sep,1998,06,15,18,29,35,40,,
287,Wed,23,Sep,1998,09,11,14,26,28,39,,
286,Sat,19,Sep,1998,24,26,27,28,34,40,,
285,Wed,16,Sep,1998,18,25,28,36,40,45,,
284,Sat,12,Sep,1998,03,15,23,25,28,33,,
283,Wed,9,Sep,1998,01,02,09,27,28,32,,
282,Sat,5,Sep,1998,09,10,11,27,42,47,,
281,Wed,2,Sep,1998,07,19,27,33,39,43,,
280,Sat,29,Aug,1998,10,12,37,42,44,45,,
279,Wed,26,Aug,1998,03,20,26,27,30,43,,
278,Sat,22,Aug,1998,02,10,11,27,32,38,,
277,Wed,19,Aug,1998,05,27,34,44,46,48,,
276,Sat,15,Aug,1998,03,05,15,22,31,35,,
275,Wed,12,Aug,1998,12,21,23,25,44,49,,
274,Sat,8,Aug,1998,02,05,17,21,45,47,,
273,Wed,5,Aug,1998,13,35,38,40,42,47,,
272,Sat,1,Aug,1998,12,14,31,41,48,49,,
271,Wed,29,Jul,1998,01,07,23,29,38,48,,
270,Sat,25,Jul,1998,18,25,36,38,43,44,,
269,Wed,22,Jul,1998,28,34,38,39,46,47,,
268,Sat,18,Jul,1998,03,11,20,33,42,44,,
267,Wed,15,Jul,1998,01,15,23,31,35,39,,
266,Sat,11,Jul,1998,03,14,23,30,39,43,,
265,Wed,8,Jul,1998,12,13,21,23,33,36,,
264,Sat,4,Jul,1998,09,15,25,29,32,49,,
263,Wed,1,Jul,1998,17,18,28,40,44,46,,
262,Sat,27,Jun,1998,07,09,11,23,30,43,,
261,Wed,24,Jun,1998,02,14,19,25,26,33,,
260,Sat,20,Jun,1998,01,14,27,31,38,47,,
259,Wed,17,Jun,1998,02,10,16,17,20,27,,
258,Sat,13,Jun,1998,02,07,10,15,27,45,,
257,Wed,10,Jun,1998,02,09,26,28,33,46,,
256,Sat,6,Jun,1998,01,15,23,31,42,48,,
255,Wed,3,Jun,1998,01,17,18,23,33,41,,
254,Sat,30,May,1998,02,03,14,29,38,40,,
253,Wed,27,May,1998,08,13,15,26,39,42,,
252,Sat,23,May,1998,08,20,24,35,43,47,,
251,Wed,20,May,1998,11,15,31,35,36,42,,
250,Sat,16,May,1998,02,04,06,10,34,44,,
249,Wed,13,May,1998,03,13,16,23,41,42,,
248,Sat,9,May,1998,02,09,25,26,35,40,,
247,Wed,6,May,1998,06,07,14,19,22,27,,
246,Sat,2,May,1998,02,04,16,24,29,49,,
245,Wed,29,Apr,1998,12,15,28,34,36,40,,
244,Sat,25,Apr,1998,17,22,36,38,43,48,,
243,Wed,22,Apr,1998,03,07,09,10,12,37,,
242,Sat,18,Apr,1998,01,13,29,31,33,42,,
241,Wed,15,Apr,1998,01,12,18,26,29,36,,
240,Sat,11,Apr,1998,07,10,31,35,43,44,,
239,Wed,8,Apr,1998,09,22,37,41,43,47,,
238,Sat,4,Apr,1998,05,19,24,33,38,48,,
237,Wed,1,Apr,1998,01,02,24,36,37,38,,
236,Sat,28,Mar,1998,11,13,23,28,29,37,,
235,Wed,25,Mar,1998,01,06,10,25,31,45,,
234,Sat,21,Mar,1998,02,15,23,26,41,43,,
233,Wed,18,Mar,1998,12,25,31,39,46,47,,
232,Sat,14,Mar,1998,02,15,18,26,36,38,,
231,Wed,11,Mar,1998,16,22,23,28,33,37,,
230,Sat,7,Mar,1998,04,11,14,39,43,44,,
229,Wed,4,Mar,1998,06,28,30,34,41,45,,
228,Sat,28,Feb,1998,01,07,15,18,30,31,,
227,Wed,25,Feb,1998,09,21,27,36,42,48,,
226,Sat,21,Feb,1998,02,16,25,27,37,45,,
225,Wed,18,Feb,1998,01,05,10,13,25,32,,
224,Sat,14,Feb,1998,08,13,14,17,20,28,,
223,Wed,11,Feb,1998,11,32,38,42,46,49,,
222,Sat,7,Feb,1998,09,25,27,31,42,45,,
221,Wed,4,Feb,1998,13,17,32,35,42,45,,
220,Sat,31,Jan,1998,17,22,30,40,46,48,,
219,Wed,28,Jan,1998,04,12,15,31,32,47,,
218,Sat,24,Jan,1998,01,04,06,14,24,49,,
217,Wed,21,Jan,1998,05,12,24,35,36,38,,
216,Sat,17,Jan,1998,14,31,33,38,46,48,,
215,Wed,14,Jan,1998,20,27,28,31,33,41,,
214,Sat,10,Jan,1998,03,10,11,27,47,49,,
213,Wed,7,Jan,1998,07,14,25,32,36,38,,
212,Sat,3,Jan,1998,01,13,26,28,35,45,,
211,Wed,31,Dec,1997,08,13,18,21,23,29,,
210,Sat,27,Dec,1997,14,21,28,31,40,46,,
209,Wed,24,Dec,1997,05,06,11,29,36,41,,
208,Sat,20,Dec,1997,01,02,07,26,34,38,,
207,Wed,17,Dec,1997,17,35,36,43,46,49,,
206,Sat,13,Dec,1997,03,04,11,14,30,32,,
205,Wed,10,Dec,1997,04,17,22,29,38,48,,
204,Sat,6,Dec,1997,05,09,19,21,30,49,,
203,Wed,3,Dec,1997,01,08,36,39,47,49,,
202,Sat,29,Nov,1997,02,08,21,29,46,47,,
201,Wed,26,Nov,1997,05,11,19,23,24,47,,
200,Sat,22,Nov,1997,08,14,24,28,39,45,,
199,Wed,19,Nov,1997,22,27,33,42,46,47,,
198,Sat,15,Nov,1997,11,14,23,32,34,35,,
197,Wed,12,Nov,1997,03,06,08,27,36,45,,
196,Sat,8,Nov,1997,05,24,34,37,40,48,,
195,Wed,5,Nov,1997,01,04,06,09,32,38,,
194,Sat,1,Nov,1997,09,10,14,16,37,39,,
193,Wed,29,Oct,1997,02,04,25,32,33,45,,
192,Sat,25,Oct,1997,10,21,27,38,40,44,,
191,Wed,22,Oct,1997,01,08,09,14,24,35,,
190,Sat,18,Oct,1997,04,09,25,28,32,46,,
189,Wed,15,Oct,1997,11,17,30,35,39,45,,
188,Sat,11,Oct,1997,15,17,18,27,34,40,,
187,Wed,8,Oct,1997,03,04,07,23,34,43,,
186,Sat,4,Oct,1997,12,19,28,36,40,46,,
185,Wed,1,Oct,1997,08,12,17,35,38,49,,
184,Sat,27,Sep,1997,15,21,29,32,33,40,,
183,Wed,24,Sep,1997,12,14,29,31,32,44,,
182,Sat,20,Sep,1997,09,30,38,40,43,44,,
181,Wed,17,Sep,1997,07,20,21,22,40,44,,
180,Sat,13,Sep,1997,01,02,05,31,32,40,,
179,Wed,10,Sep,1997,20,31,32,35,43,45,,
178,Sun,7,Sep,1997,20,22,26,36,40,41,,
177,Wed,3,Sep,1997,10,14,22,30,38,43,,
176,Sat,30,Aug,1997,06,20,30,33,38,46,,
175,Wed,27,Aug,1997,01,07,22,25,31,47,,
174,Sat,23,Aug,1997,04,10,25,36,44,47,,
173,Wed,20,Aug,1997,08,20,27,28,36,41,,
172,Sat,16,Aug,1997,02,09,19,20,38,49,,
171,Wed,13,Aug,1997,05,10,17,29,41,43,,
170,Sat,9,Aug,1997,01,18,20,25,30,31,,
169,Wed,6,Aug,1997,03,05,06,20,45,49,,
168,Sat,2,Aug,1997,02,16,28,37,43,47,,
167,Wed,30,Jul,1997,03,06,12,19,44,45,,
166,Sat,26,Jul,1997,09,15,20,27,30,41,,
165,Wed,23,Jul,1997,04,11,21,27,28,34,,
164,Sat,19,Jul,1997,07,19,36,44,45,47,,
163,Wed,16,Jul,1997,08,18,23,26,35,45,,
162,Sat,12,Jul,1997,04,09,27,37,44,45,,
161,Wed,9,Jul,1997,03,05,13,22,24,43,,
160,Sat,5,Jul,1997,01,04,11,36,43,44,,
159,Wed,2,Jul,1997,06,10,18,22,41,45,,
158,Sat,28,Jun,1997,02,09,14,36,43,48,,
157,Wed,25,Jun,1997,12,17,27,28,38,40,,
156,Sat,21,Jun,1997,01,17,26,27,30,44,,
155,Wed,18,Jun,1997,04,14,19,23,25,48,,
154,Sat,14,Jun,1997,03,08,10,16,43,44,,
153,Wed,11,Jun,1997,10,31,33,40,42,44,,
152,Sat,7,Jun,1997,12,14,21,25,30,40,,
151,Wed,4,Jun,1997,18,19,21,30,34,44,,
150,Sat,31,May,1997,02,05,09,28,29,45,,
149,Wed,28,May,1997,03,19,24,25,36,48,,
148,Sat,24,May,1997,03,21,23,25,26,33,,
147,Wed,21,May,1997,05,08,21,38,39,49,,
146,Sat,17,May,1997,02,09,13,18,27,48,,
145,Wed,14,May,1997,02,08,16,21,29,37,,
144,Sat,10,May,1997,12,19,22,23,25,44,,
143,Wed,7,May,1997,12,19,28,31,34,43,,
142,Sat,3,May,1997,06,20,29,31,35,40,,
141,Wed,30,Apr,1997,08,10,16,17,24,40,,
140,Sat,26,Apr,1997,06,10,14,25,27,38,,
139,Wed,23,Apr,1997,08,12,17,23,34,43,,
138,Sat,19,Apr,1997,01,14,16,25,32,37,,
137,Wed,16,Apr,1997,03,06,09,19,37,48,,
136,Sat,12,Apr,1997,09,27,29,37,42,44,,
135,Wed,9,Apr,1997,06,22,35,42,45,49,,
134,Sat,5,Apr,1997,01,03,28,31,41,46,,
133,Wed,2,Apr,1997,05,10,17,25,40,43,,
132,Sat,29,Mar,1997,17,19,31,36,39,40,,
131,Wed,26,Mar,1997,24,33,42,43,44,47,,
130,Sat,22,Mar,1997,14,27,39,40,41,43,,
129,Wed,19,Mar,1997,13,16,17,29,40,48,,
128,Sat,15,Mar,1997,07,24,37,39,40,43,,
127,Wed,12,Mar,1997,03,04,05,16,22,25,,
126,Sat,8,Mar,1997,05,12,20,29,39,42,,
125,Wed,5,Mar,1997,07,12,20,24,28,43,,
124,Sat,1,Mar,1997,02,08,23,33,42,49,,
123,Wed,26,Feb,1997,02,34,36,38,44,46,,
122,Sat,22,Feb,1997,01,05,08,09,23,27,,
121,Wed,19,Feb,1997,09,11,19,36,39,41,,
120,Sat,15,Feb,1997,07,14,21,34,38,47,,
119,Wed,12,Feb,1997,05,14,23,29,38,45,,
118,Sat,8,Feb,1997,09,13,27,30,36,47,,
117,Wed,5,Feb,1997,09,25,28,29,31,35,,
116,Sat,1,Feb,1997,12,16,20,28,36,48,,
115,Sat,25,Jan,1997,01,24,28,31,35,47,,
114,Sat,18,Jan,1997,03,21,22,26,31,48,,
113,Sat,11,Jan,1997,04,11,16,18,35,43,,
112,Sat,4,Jan,1997,11,13,14,27,40,41,,
111,Sat,28,Dec,1996,08,10,20,27,31,39,,
110,Sat,21,Dec,1996,05,26,35,38,42,45,,
109,Sat,14,Dec,1996,12,24,33,34,42,47,,
108,Sat,7,Dec,1996,06,13,17,22,42,47,,
107,Sat,30,Nov,1996,04,05,12,25,26,49,,
106,Sat,23,Nov,1996,16,33,34,43,46,49,,
105,Sat,16,Nov,1996,01,05,16,18,37,42,,
104,Sat,9,Nov,1996,08,24,27,41,43,49,,
103,Sat,2,Nov,1996,07,23,32,35,43,48,,
102,Sat,26,Oct,1996,01,03,09,20,30,35,,
101,Sat,19,Oct,1996,10,13,31,34,39,48,,
100,Sat,12,Oct,1996,15,16,25,30,39,45,,
99,Sat,5,Oct,1996,06,09,25,45,47,48,,
98,Sat,28,Sep,1996,19,23,26,31,36,39,,
97,Sat,21,Sep,1996,07,08,12,30,35,41,,
96,Sat,14,Sep,1996,02,09,10,11,38,48,,
95,Sat,7,Sep,1996,05,13,15,18,32,44,,
94,Sat,31,Aug,1996,03,05,14,27,44,47,,
93,Sat,24,Aug,1996,08,11,14,18,33,44,,
92,Sat,17,Aug,1996,02,28,33,39,42,44,,
91,Sat,10,Aug,1996,03,23,36,38,41,45,,
90,Sat,3,Aug,1996,13,17,26,28,31,36,,
89,Sat,27,Jul,1996,02,13,19,21,32,45,,
88,Sat,20,Jul,1996,06,14,20,25,34,44,,
87,Sat,13,Jul,1996,05,10,11,12,41,42,,
86,Sat,6,Jul,1996,13,26,43,44,45,47,,
85,Sat,29,Jun,1996,04,17,27,34,35,46,,
84,Sat,22,Jun,1996,03,04,07,11,17,40,,
83,Sat,15,Jun,1996,13,18,25,44,46,47,,
82,Sat,8,Jun,1996,11,15,17,25,32,46,,
81,Sat,1,Jun,1996,24,35,36,37,39,45,,
80,Sat,25,May,1996,08,20,26,34,42,43,,
79,Sat,18,May,1996,04,12,13,33,40,46,,
78,Sat,11,May,1996,07,10,12,22,34,48,,
77,Sat,4,May,1996,06,25,26,33,34,47,,
76,Sat,27,Apr,1996,04,06,11,18,31,48,,
75,Sat,20,Apr,1996,09,28,29,31,40,48,,
74,Sat,13,Apr,1996,23,38,40,44,47,49,,
73,Sat,6,Apr,1996,01,04,06,14,17,38,,
72,Sat,30,Mar,1996,12,26,27,28,37,49,,
71,Sat,23,Mar,1996,05,07,14,18,30,43,,
70,Sat,16,Mar,1996,02,12,19,28,38,48,,
69,Sat,9,Mar,1996,14,16,29,30,37,45,,
68,Sat,2,Mar,1996,09,11,12,24,41,45,,
67,Sat,24,Feb,1996,02,05,07,24,35,44,,
66,Sat,17,Feb,1996,04,14,15,16,18,22,,
65,Sat,10,Feb,1996,04,11,14,15,28,42,,
64,Sat,3,Feb,1996,02,09,22,26,32,44,,
63,Sat,27,Jan,1996,16,17,38,41,42,43,,
62,Sat,20,Jan,1996,05,23,25,30,33,37,,
61,Sat,13,Jan,1996,21,29,31,32,34,48,,
60,Sat,6,Jan,1996,02,03,04,13,42,44,,
59,Sat,30,Dec,1995,06,32,39,42,43,45,,
58,Sat,23,Dec,1995,06,11,34,40,47,49,,
57,Sat,16,Dec,1995,07,08,23,28,35,49,,
56,Sat,9,Dec,1995,05,11,12,26,29,33,,
55,Sat,2,Dec,1995,15,16,19,26,35,46,,
54,Sat,25,Nov,1995,16,23,28,30,42,46,,
53,Sat,18,Nov,1995,04,07,18,33,45,48,,
52,Sat,11,Nov,1995,07,10,23,28,30,48,,
51,Sat,4,Nov,1995,06,14,18,27,44,48,,
50,Sat,28,Oct,1995,07,16,27,33,35,44,,
49,Sat,21,Oct,1995,02,06,17,19,21,47,,
48,Sat,14,Oct,1995,04,05,09,25,30,47,,
47,Sat,7,Oct,1995,10,22,28,30,36,37,,
46,Sat,30,Sep,1995,10,11,29,32,33,40,,
45,Sat,23,Sep,1995,05,10,19,24,34,46,,
44,Sat,16,Sep,1995,02,10,14,25,37,41,,
43,Sat,9,Sep,1995,02,12,20,22,41,45,,
42,Sat,2,Sep,1995,01,15,22,28,40,49,,
41,Sat,26,Aug,1995,16,18,21,27,38,41,,
40,Sat,19,Aug,1995,05,08,23,24,28,48,,
39,Sat,12,Aug,1995,11,25,28,33,34,47,,
38,Sat,5,Aug,1995,01,08,25,30,35,45,,
37,Sat,29,Jul,1995,28,34,41,45,46,49,,
36,Sat,22,Jul,1995,02,03,21,22,23,40,,
35,Sat,15,Jul,1995,01,04,20,31,41,43,,
34,Sat,8,Jul,1995,01,03,11,14,20,40,,
33,Sat,1,Jul,1995,05,07,08,25,44,48,,
32,Sat,24,Jun,1995,05,15,21,42,43,45,,
31,Sat,17,Jun,1995,27,30,33,38,40,48,,
30,Sat,10,Jun,1995,12,15,26,44,46,49,,
29,Sat,3,Jun,1995,01,21,29,31,32,40,,
28,Sat,27,May,1995,12,13,25,37,44,45,,
27,Sat,20,May,1995,15,16,17,28,32,46,,
26,Sat,13,May,1995,07,16,25,26,28,41,,
25,Sat,6,May,1995,05,14,17,35,43,48,,
24,Sat,29,Apr,1995,09,15,22,31,34,48,,
23,Sat,22,Apr,1995,08,18,20,33,36,38,,
22,Sat,15,Apr,1995,01,04,06,23,26,49,,
21,Sat,8,Apr,1995,14,17,22,24,42,47,,
20,Sat,1,Apr,1995,22,25,30,32,41,43,,
19,Sat,25,Mar,1995,04,17,41,42,44,49,,
18,Sat,18,Mar,1995,09,18,19,24,31,41,,
17,Sat,11,Mar,1995,02,13,22,27,29,46,,
16,Sat,4,Mar,1995,11,12,17,26,36,42,,
15,Sat,25,Feb,1995,05,08,10,18,31,33,,
14,Sat,18,Feb,1995,16,19,21,29,36,45,,
13,Sat,11,Feb,1995,15,18,29,35,38,48,,
12,Sat,4,Feb,1995,01,07,37,38,42,46,,
11,Sat,28,Jan,1995,04,16,25,26,31,43,,
10,Sat,21,Jan,1995,06,16,20,30,31,47,,
9,Sat,14,Jan,1995,07,17,23,32,38,42,,
8,Sat,7,Jan,1995,02,05,21,22,25,32,,
7,Sat,31,Dec,1994,09,17,32,36,42,44,,
6,Sat,24,Dec,1994,02,03,27,29,39,44,,
5,Sat,17,Dec,1994,03,05,09,13,14,38,,
4,Sat,10,Dec,1994,26,35,38,43,47,49,,
3,Sat,3,Dec,1994,11,17,21,29,30,40,,
2,Sat,26,Nov,1994,06,12,15,16,31,44,,
1,Sat,19,Nov,1994,03,05,14,22,30,44,,
