DrawDate,Day,Category,Postcode,Location,Prize
2026-08-30,Sun,Daily,WV9 5DB,Wolverhampton,1000
2026-08-30,Sun,Daily,UB8 3TJ,Hillingdon,1000
2026-08-30,Sun,Daily,TS7 8DG,Middlesbrough,1000
2026-08-30,Sun,Daily,TN8 5EN,Edenbridge,1000
2026-08-30,Sun,Daily,SL1 3QH,Slough,1000
2026-08-30,Sun,Daily,S64 0AU,Mexborough,1000
2026-08-30,Sun,Daily,NE34 9JH,Jarrow,1000
2026-08-30,Sun,Daily,HX4 9AH,Holywell Green and Stainland,1000
2026-08-30,Sun,Daily,HP18 9JP,Long Crendon,1000
2026-08-30,Sun,Daily,G84 8BG,Helensburgh,1000
2026-08-30,Sun,Daily,FK5 4DZ,Larbert and Stenhousemuir,1000
2026-08-30,Sun,Daily,EX6 8TX,Exminster,1000
2026-08-30,Sun,Daily,E14 0QE,Tower Hamlets,1000
2026-08-30,Sun,Daily,DA7 4PS,Bexley,1000
2026-08-30,Sun,Daily,DA13 0QF,Meopham,1000
2026-08-30,Sun,Daily,CW8 3JY,Weaverham,1000
2026-08-30,Sun,Daily,CO5 8SE,West Mersea,1000
2026-08-30,Sun,Daily,BB3 2UT,Darwen,1000
2026-08-30,Sun,Daily,AL7 4DB,Welwyn Garden City,1000
2026-08-30,Sun,Daily,AB23 8LU,Aberdeen,1000
2026-08-29,Sat,Millionaire Street,ST19 5EX,Penkridge,76923
2026-08-29,Sat,Daily,TA3 7SA,Trull,1000
2026-08-29,Sat,Daily,SO31 8FX,Bursledon,1000
2026-08-29,Sat,Daily,SN12 7RH,Melksham,1000
2026-08-29,Sat,Daily,S42 5XT,North Wingfield and Holmewood,1000
2026-08-29,Sat,Daily,NR15 2AP,Long Stratton,1000
2026-08-29,Sat,Daily,NP4 6AY,Pontypool,1000
2026-08-29,Sat,Daily,NE5 4PJ,Newcastle upon Tyne,1000
2026-08-29,Sat,Daily,LE11 4QF,Loughborough,1000
2026-08-29,Sat,Daily,IV2 7AN,Cradlehall,1000
2026-08-29,Sat,Daily,IV2 3EX,Inbhir Nis,1000
2026-08-29,Sat,Daily,IP33 1NP,Bury St Edmunds,1000
2026-08-29,Sat,Daily,G72 7ST,Cambuslang,1000
2026-08-29,Sat,Daily,EH45 8LB,Peebles,1000
2026-08-29,Sat,Daily,DT3 4BD,Chickerell,1000
2026-08-29,Sat,Daily,DL13 5DS,Cockfield,1000
2026-08-29,Sat,Daily,BS9 3HT,Bristol,1000
2026-08-29,Sat,Daily,BH22 0EQ,West Moors,1000
2026-08-29,Sat,Daily,BD15 0NB,Wilsden,1000
2026-08-29,Sat,Daily,BA5 3PE,Wells,1000
2026-08-29,Sat,Daily,AB39 8BP,Chapelton (Aberdeenshire),1000
2026-08-28,Fri,Daily,WF17 9LQ,Batley,1000
2026-08-28,Fri,Daily,SA8 3JE,Alltwen,1000
2026-08-28,Fri,Daily,SA67 7EA,Narberth,1000
2026-08-28,Fri,Daily,PO31 7NU,Cowes,1000
2026-08-28,Fri,Daily,PO21 2BW,Bognor Regis,1000
2026-08-28,Fri,Daily,PE19 0AU,St Neots,1000
2026-08-28,Fri,Daily,OX17 3FQ,Adderbury and Twyford,1000
2026-08-28,Fri,Daily,NP7 5LL,Abergavenny,1000
2026-08-28,Fri,Daily,ML3 9UQ,Hamilton,1000
2026-08-28,Fri,Daily,M40 1QE,Manchester,1000
2026-08-28,Fri,Daily,LA9 7JB,Kendal,1000
2026-08-28,Fri,Daily,L10 8LT,Aintree,1000
2026-08-28,Fri,Daily,IP28 8JP,Red Lodge,1000
2026-08-28,Fri,Daily,GU33 7BG,Liss,1000
2026-08-28,Fri,Daily,DY12 2XG,Bewdley,1000
2026-08-28,Fri,Daily,DE56 0UN,Belper,1000
2026-08-28,Fri,Daily,CF31 1TA,Bridgend,1000
2026-08-28,Fri,Daily,CB11 3JR,Saffron Walden,1000
2026-08-28,Fri,Daily,BD6 2RD,Bradford,1000
2026-08-28,Fri,Daily,BA3 3AU,Radstock,1000
2026-08-27,Thu,Daily,WR15 8LZ,Tenbury Wells,1000
2026-08-27,Thu,Daily,WF10 3EY,Castleford,1000
2026-08-27,Thu,Daily,TS8 9XP,Middlesbrough,1000
2026-08-27,Thu,Daily,TN35 4HN,Hastings,1000
2026-08-27,Thu,Daily,SO53 1PW,Chandler's Ford,1000
2026-08-27,Thu,Daily,SA14 9EY,Llanelli,1000
2026-08-27,Thu,Daily,OX5 1JL,Kidlington,1000
2026-08-27,Thu,Daily,NE66 2TZ,Alnwick,1000
2026-08-27,Thu,Daily,NE31 2RZ,Hebburn,1000
2026-08-27,Thu,Daily,NE10 8TZ,Gateshead,1000
2026-08-27,Thu,Daily,LS17 8NF,Leeds,1000
2026-08-27,Thu,Daily,HU11 5JJ,Skirlaugh,1000
2026-08-27,Thu,Daily,GL50 4RR,Cheltenham,1000
2026-08-27,Thu,Daily,DL7 8UR,Northallerton,1000
2026-08-27,Thu,Daily,DL2 3ES,Staindrop,1000
2026-08-27,Thu,Daily,CW3 0JS,Audlem,1000
2026-08-27,Thu,Daily,CT8 8EE,Margate,1000
2026-08-27,Thu,Daily,CM14 5QE,Brentwood,1000
2026-08-27,Thu,Daily,BS25 1JJ,Winscombe and Sandford,1000
2026-08-27,Thu,Daily,B60 2BZ,Bromsgrove,1000
2026-08-26,Wed,Daily,WV6 7XE,Perton,1000
2026-08-26,Wed,Daily,TR26 2RG,Carbis Bay,1000
2026-08-26,Wed,Daily,SR4 6TP,Sunderland,1000
2026-08-26,Wed,Daily,SA10 6PR,Neath,1000
2026-08-26,Wed,Daily,RG20 0AG,Ball Hill,1000
2026-08-26,Wed,Daily,PA34 4SD,Oban,1000
2026-08-26,Wed,Daily,PA16 8SH,Greenock,1000
2026-08-26,Wed,Daily,NN4 0US,Northampton,1000
2026-08-26,Wed,Daily,NE24 4NU,Blyth (Northumberland),1000
2026-08-26,Wed,Daily,M41 5SX,Urmston,1000
2026-08-26,Wed,Daily,LS9 9JQ,Leeds,1000
2026-08-26,Wed,Daily,LE67 2FP,Hugglescote,1000
2026-08-26,Wed,Daily,G78 1DE,Barrhead,1000
2026-08-26,Wed,Daily,FK2 0TT,Polmont,1000
2026-08-26,Wed,Daily,DN8 5EN,Thorne,1000
2026-08-26,Wed,Daily,CA25 5RB,Cleator Moor,1000
2026-08-26,Wed,Daily,BS2 0AJ,Bristol,1000
2026-08-26,Wed,Daily,BN6 8LL,Hassocks and Hurstpierpoint,1000
2026-08-26,Wed,Daily,BN18 0YR,Yapton,1000
2026-08-26,Wed,Daily,BN17 6NL,Littlehampton,1000
2026-08-25,Tue,Daily,YO30 6LN,York,1000
2026-08-25,Tue,Daily,YO25 9BF,Hutton Cranswick,1000
2026-08-25,Tue,Daily,WS2 9BB,Walsall,1000
2026-08-25,Tue,Daily,TS27 3FB,Hartlepool,1000
2026-08-25,Tue,Daily,TN12 6NW,Paddock Wood,1000
2026-08-25,Tue,Daily,TF8 7JH,Telford,1000
2026-08-25,Tue,Daily,SO30 0JT,Hedge End,1000
2026-08-25,Tue,Daily,SL6 2AR,Maidenhead,1000
2026-08-25,Tue,Daily,SA11 2PA,Baglan,1000
2026-08-25,Tue,Daily,PR2 7DB,Fulwood,1000
2026-08-25,Tue,Daily,NG34 7UL,Sleaford,1000
2026-08-25,Tue,Daily,NE61 5AU,Ellington (Northumberland),1000
2026-08-25,Tue,Daily,LS10 4BQ,Leeds,1000
2026-08-25,Tue,Daily,IV2 4RF,Inbhir Nis,1000
2026-08-25,Tue,Daily,HU17 0ZT,Beverley,1000
2026-08-25,Tue,Daily,GU30 7ZG,Liphook,1000
2026-08-25,Tue,Daily,GL51 9QE,Cheltenham,1000
2026-08-25,Tue,Daily,DH7 9JQ,Langley Park,1000
2026-08-25,Tue,Daily,DE11 7BY,Woodville,1000
2026-08-25,Tue,Daily,BB8 0QL,Colne,1000
2026-08-24,Mon,Daily,WA14 4HE,Altrincham,1000
2026-08-24,Mon,Daily,TR1 1UF,Truro,1000
2026-08-24,Mon,Daily,TN9 2LA,Tonbridge,1000
2026-08-24,Mon,Daily,SY11 2AW,Oswestry,1000
2026-08-24,Mon,Daily,SR8 4DF,Horden,1000
2026-08-24,Mon,Daily,S63 0HU,Thurnscoe,1000
2026-08-24,Mon,Daily,PO9 3JR,Havant,1000
2026-08-24,Mon,Daily,PH16 5EY,Pitlochry,1000
2026-08-24,Mon,Daily,PE28 2UP,Warboys,1000
2026-08-24,Mon,Daily,NN8 2JN,Wellingborough,1000
2026-08-24,Mon,Daily,NE9 6YZ,Gateshead,1000
2026-08-24,Mon,Daily,M26 1EA,Radcliffe,1000
2026-08-24,Mon,Daily,IP7 7BS,Bildeston,1000
2026-08-24,Mon,Daily,G65 9JH,Kilsyth,1000
2026-08-24,Mon,Daily,EX14 3HB,Feniton,1000
2026-08-24,Mon,Daily,EH16 6EL,Edinburgh,1000
2026-08-24,Mon,Daily,BS5 7EN,Kingswood and Fishponds,1000
2026-08-24,Mon,Daily,BB12 7SD,Padiham,1000
2026-08-24,Mon,Daily,B46 3LU,Coleshill (North Warwickshire),1000
2026-08-24,Mon,Daily,B42 2JN,Birmingham,1000
2026-08-23,Sun,Daily,TS7 0NB,Middlesbrough,1000
2026-08-23,Sun,Daily,TS15 9JJ,Yarm,1000
2026-08-23,Sun,Daily,ST1 4JZ,Stoke-on-Trent,1000
2026-08-23,Sun,Daily,SO40 9AZ,Totton,1000
2026-08-23,Sun,Daily,SL5 7GN,Ascot,1000
2026-08-23,Sun,Daily,SK10 4TB,Prestbury (Cheshire East),1000
2026-08-23,Sun,Daily,NP13 1NP,Abertillery,1000
2026-08-23,Sun,Daily,NE15 0RG,Heddon-on-the-Wall,1000
2026-08-23,Sun,Daily,ME9 7UE,Newington,1000
2026-08-23,Sun,Daily,KT17 4LX,Epsom,1000
2026-08-23,Sun,Daily,EN2 7DG,Enfield,1000
2026-08-23,Sun,Daily,EH16 5PQ,Edinburgh,1000
2026-08-23,Sun,Daily,DE45 1DL,Bakewell,1000
2026-08-23,Sun,Daily,DE12 7PH,Measham,1000
2026-08-23,Sun,Daily,CR8 3EB,Croydon,1000
2026-08-23,Sun,Daily,CM16 6EA,North Weald Bassett,1000
2026-08-23,Sun,Daily,CB5 8PN,Cambridge (Cambridge),1000
2026-08-23,Sun,Daily,BS16 5DN,Kingswood and Fishponds,1000
2026-08-23,Sun,Daily,BS11 9RZ,Avonmouth,1000
2026-08-23,Sun,Daily,B73 6AF,Royal Sutton Coldfield,1000
2026-08-22,Sat,Millionaire Street,SG6 4YQ,Letchworth,100000
2026-08-22,Sat,Daily,ST6 7JZ,Stoke-on-Trent,1000
2026-08-22,Sat,Daily,SR7 0DX,Seaham,1000
2026-08-22,Sat,Daily,SA4 3UP,Gowerton,1000
2026-08-22,Sat,Daily,RG20 5EZ,Kingsclere,1000
2026-08-22,Sat,Daily,PO5 3LU,Portsmouth,1000
2026-08-22,Sat,Daily,PL32 9YL,Camelford,1000
2026-08-22,Sat,Daily,NG16 4EL,Heanor,1000
2026-08-22,Sat,Daily,ME7 5HY,Gillingham (Medway),1000
2026-08-22,Sat,Daily,M40 5GX,Manchester,1000
2026-08-22,Sat,Daily,M28 3PD,Walkden,1000
2026-08-22,Sat,Daily,GL1 5PE,Gloucester,1000
2026-08-22,Sat,Daily,G41 5QZ,Glasgow,1000
2026-08-22,Sat,Daily,FK9 5GL,Stirling,1000
2026-08-22,Sat,Daily,EN4 8QA,Barnet,1000
2026-08-22,Sat,Daily,EH13 9PY,Edinburgh,1000
2026-08-22,Sat,Daily,E17 4PJ,Waltham Forest,1000
2026-08-22,Sat,Daily,DL2 2XA,Hurworth-on-Tees,1000
2026-08-22,Sat,Daily,DH8 7UE,Consett,1000
2026-08-22,Sat,Daily,CV22 7HB,Rugby,1000
2026-08-22,Sat,Daily,CT19 6LA,Folkestone,1000
2026-08-21,Fri,Daily,TN34 3EA,Hastings,1000
2026-08-21,Fri,Daily,SN8 2AJ,Marlborough,1000
2026-08-21,Fri,Daily,SG11 1DJ,Puckeridge and Standon,1000
2026-08-21,Fri,Daily,RG12 9JP,Bracknell,1000
2026-08-21,Fri,Daily,PL4 9LW,Plymouth,1000
2026-08-21,Fri,Daily,PH2 7TF,Perth,1000
2026-08-21,Fri,Daily,OL13 8GB,Bacup,1000
2026-08-21,Fri,Daily,NR7 9RL,Norwich,1000
2026-08-21,Fri,Daily,NP44 2PB,Cwmbrân,1000
2026-08-21,Fri,Daily,IV36 1NA,Forres,1000
2026-08-21,Fri,Daily,HP11 1WS,High Wycombe,1000
2026-08-21,Fri,Daily,HD8 0XA,Lepton,1000
2026-08-21,Fri,Daily,EN3 6PN,Enfield,1000
2026-08-21,Fri,Daily,EC1V 1AG,Islington,1000
2026-08-21,Fri,Daily,DD8 1DA,Forfar,1000
2026-08-21,Fri,Daily,DD5 3PR,Broughty Ferry,1000
2026-08-21,Fri,Daily,BR5 2PN,Bromley,1000
2026-08-21,Fri,Daily,BN2 8AP,Brighton and Hove,1000
2026-08-21,Fri,Daily,BD6 3PP,Bradford,1000
2026-08-21,Fri,Daily,B26 3AU,Birmingham,1000
2026-08-20,Thu,Daily,YO51 9HN,Boroughbridge,1000
2026-08-20,Thu,Daily,W10 5NP,Kensington and Chelsea,1000
2026-08-20,Thu,Daily,SS11 8PD,Wickford,1000
2026-08-20,Thu,Daily,SL6 3HH,Maidenhead,1000
2026-08-20,Thu,Daily,SK4 2NQ,Stockport,1000
2026-08-20,Thu,Daily,SE18 6XN,Greenwich,1000
2026-08-20,Thu,Daily,S12 3HF,Sheffield,1000
2026-08-20,Thu,Daily,PO8 9XF,Horndean,1000
2026-08-20,Thu,Daily,OL12 8AH,Whitworth,1000
2026-08-20,Thu,Daily,KT17 1LH,Ewell,1000
2026-08-20,Thu,Daily,FY5 1ET,Blackpool,1000
2026-08-20,Thu,Daily,EH26 9AD,Penicuik,1000
2026-08-20,Thu,Daily,DL9 4ST,Catterick Garrison,1000
2026-08-20,Thu,Daily,DE56 1TZ,Belper,1000
2026-08-20,Thu,Daily,CT8 8AF,Margate,1000
2026-08-20,Thu,Daily,BS13 8NQ,Bristol,1000
2026-08-20,Thu,Daily,BL1 3PQ,Bolton (Bolton),1000
2026-08-20,Thu,Daily,BH31 7PA,Verwood,1000
2026-08-20,Thu,Daily,BD23 1NG,Skipton,1000
2026-08-20,Thu,Daily,BD19 3AP,Cleckheaton,1000
2026-08-19,Wed,Daily,WD23 2DW,Bushey,1000
2026-08-19,Wed,Daily,WA5 2BH,Warrington,1000
2026-08-19,Wed,Daily,TS19 9BT,Stockton-on-Tees,1000
2026-08-19,Wed,Daily,TA20 1NT,Chard,1000
2026-08-19,Wed,Daily,ST1 3HN,Stoke-on-Trent,1000
2026-08-19,Wed,Daily,SO20 6BH,King's Somborne,1000
2026-08-19,Wed,Daily,SK10 2NP,Macclesfield,1000
2026-08-19,Wed,Daily,RH15 8RD,Burgess Hill,1000
2026-08-19,Wed,Daily,RH14 9JL,Billingshurst,1000
2026-08-19,Wed,Daily,NW9 7NX,Barnet,1000
2026-08-19,Wed,Daily,NR1 2NB,Norwich,1000
2026-08-19,Wed,Daily,NG12 4JU,Edwalton,1000
2026-08-19,Wed,Daily,LL12 9TS,Hope (Flintshire),1000
2026-08-19,Wed,Daily,HP16 0JN,Prestwood and Great Missenden,1000
2026-08-19,Wed,Daily,G78 2AQ,Barrhead,1000
2026-08-19,Wed,Daily,FY3 8QW,Blackpool,1000
2026-08-19,Wed,Daily,CR0 2PF,Croydon,1000
2026-08-19,Wed,Daily,CF48 1NE,Merthyr Tydfil,1000
2026-08-19,Wed,Daily,CA4 8DR,Wetheral,1000
2026-08-19,Wed,Daily,BA2 2LQ,Bath,1000
2026-08-18,Tue,Daily,WF4 3HJ,Crigglestone and Durkar,1000
2026-08-18,Tue,Daily,WD6 1HA,Borehamwood,1000
2026-08-18,Tue,Daily,SM1 4EG,Sutton (Sutton),1000
2026-08-18,Tue,Daily,S26 4TZ,Swallownest and Aston,1000
2026-08-18,Tue,Daily,RH15 8QN,Burgess Hill,1000
2026-08-18,Tue,Daily,NN6 0PX,Earls Barton,1000
2026-08-18,Tue,Daily,NG34 9JD,Ruskington,1000
2026-08-18,Tue,Daily,LN12 1AB,Mablethorpe,1000
2026-08-18,Tue,Daily,LE5 1HS,Leicester,1000
2026-08-18,Tue,Daily,KY12 8BH,Dunfermline,1000
2026-08-18,Tue,Daily,IV12 5RG,Nairn,1000
2026-08-18,Tue,Daily,G67 1JH,Cumbernauld,1000
2026-08-18,Tue,Daily,E14 0XD,Tower Hamlets,1000
2026-08-18,Tue,Daily,DN4 5BE,Doncaster,1000
2026-08-18,Tue,Daily,DN2 4HP,Doncaster,1000
2026-08-18,Tue,Daily,DG2 8NN,Cargenbridge,1000
2026-08-18,Tue,Daily,CV23 0WF,Rugby,1000
2026-08-18,Tue,Daily,BN3 7RX,Brighton and Hove,1000
2026-08-18,Tue,Daily,BD20 7AN,Sutton-in-Craven,1000
2026-08-18,Tue,Daily,BD17 5LP,Baildon,1000
2026-08-17,Mon,Daily,WS12 4FX,Cannock,1000
2026-08-17,Mon,Daily,WR5 1LP,Worcester,1000
2026-08-17,Mon,Daily,SW18 5DR,Wandsworth,1000
2026-08-17,Mon,Daily,SS4 2DT,Rochford,1000
2026-08-17,Mon,Daily,SR6 9JZ,Sunderland,1000
2026-08-17,Mon,Daily,SP5 3FE,Downton,1000
2026-08-17,Mon,Daily,SO22 4HW,Winchester,1000
2026-08-17,Mon,Daily,SO14 3LF,Southampton,1000
2026-08-17,Mon,Daily,RG24 9SS,Basingstoke,1000
2026-08-17,Mon,Daily,PL5 4JU,Plymouth,1000
2026-08-17,Mon,Daily,PA2 8NH,Paisley,1000
2026-08-17,Mon,Daily,NR16 1LY,Tacolneston,1000
2026-08-17,Mon,Daily,NG24 2QY,Newark-on-Trent,1000
2026-08-17,Mon,Daily,LS17 5JX,Leeds,1000
2026-08-17,Mon,Daily,KA10 7EL,Troon (South Ayrshire),1000
2026-08-17,Mon,Daily,HR9 6PR,Ross-on-Wye,1000
2026-08-17,Mon,Daily,DL10 4NP,Richmond,1000
2026-08-17,Mon,Daily,CV37 8EY,Meon Vale,1000
2026-08-17,Mon,Daily,CV32 6NT,Royal Leamington Spa,1000
2026-08-17,Mon,Daily,BA2 4RJ,Bath,1000
2026-08-16,Sun,Daily,YO11 3AG,Scarborough,1000
2026-08-16,Sun,Daily,WV12 5XL,Willenhall,1000
2026-08-16,Sun,Daily,WF1 5ES,Wakefield,1000
2026-08-16,Sun,Daily,WA8 5AT,Widnes,1000
2026-08-16,Sun,Daily,SS12 0ES,Wickford,1000
2026-08-16,Sun,Daily,SE17 2HL,Southwark,1000
2026-08-16,Sun,Daily,S65 4RJ,Thrybergh and Dalton,1000
2026-08-16,Sun,Daily,S64 8DH,Swinton (Rotherham),1000
2026-08-16,Sun,Daily,PL11 2QQ,Torpoint,1000
2026-08-16,Sun,Daily,N16 5SE,Hackney,1000
2026-08-16,Sun,Daily,ME7 1UQ,Gillingham (Medway),1000
2026-08-16,Sun,Daily,IP17 2NR,Kelsale,1000
2026-08-16,Sun,Daily,IP1 5HS,Ipswich,1000
2026-08-16,Sun,Daily,EX9 6HT,Budleigh Salterton,1000
2026-08-16,Sun,Daily,EN5 5UE,Barnet,1000
2026-08-16,Sun,Daily,DY5 1PW,Brierley Hill,1000
2026-08-16,Sun,Daily,DD7 7DN,Carnoustie,1000
2026-08-16,Sun,Daily,CO4 5NZ,Colchester,1000
2026-08-16,Sun,Daily,BN15 9DE,Lancing and Sompting,1000
2026-08-16,Sun,Daily,B73 5FU,Royal Sutton Coldfield,1000
2026-08-15,Sat,Millionaire Street,NG11 8QB,Clifton (Nottingham),125000
2026-08-15,Sat,Daily,UB9 5DL,Hillingdon,1000
2026-08-15,Sat,Daily,TQ3 3HP,Paignton,1000
2026-08-15,Sat,Daily,SY8 4NS,Orleton,1000
2026-08-15,Sat,Daily,SW16 6NR,Lambeth,1000
2026-08-15,Sat,Daily,PO30 4DX,Brighstone,1000
2026-08-15,Sat,Daily,NW1 9HU,Camden,1000
2026-08-15,Sat,Daily,NR13 5SA,Brundall,1000
2026-08-15,Sat,Daily,NE5 1TW,Newcastle upon Tyne,1000
2026-08-15,Sat,Daily,M45 7HP,Whitefield,1000
2026-08-15,Sat,Daily,LS5 3HF,Leeds,1000
2026-08-15,Sat,Daily,G78 2NJ,Barrhead,1000
2026-08-15,Sat,Daily,DH9 9PT,Dipton,1000
2026-08-15,Sat,Daily,DE22 2LE,Derby,1000
2026-08-15,Sat,Daily,CV6 1HT,Coventry,1000
2026-08-15,Sat,Daily,CM20 3BE,Harlow,1000
2026-08-15,Sat,Daily,BS9 1ER,Bristol,1000
2026-08-15,Sat,Daily,BN13 2AE,Worthing,1000
2026-08-15,Sat,Daily,BN11 4EA,Worthing,1000
2026-08-15,Sat,Daily,BD14 6FR,Bradford,1000
2026-08-15,Sat,Daily,BA22 9NE,West Coker,1000
2026-08-14,Fri,Daily,TS5 7BE,Middlesbrough,1000
2026-08-14,Fri,Daily,TN24 9JW,Ashford (Ashford),1000
2026-08-14,Fri,Daily,SW4 9LF,Lambeth,1000
2026-08-14,Fri,Daily,SA62 5BW,Letterston,1000
2026-08-14,Fri,Daily,RH2 0HQ,Reigate,1000
2026-08-14,Fri,Daily,RG14 1NR,Newbury,1000
2026-08-14,Fri,Daily,NR1 1QQ,Norwich,1000
2026-08-14,Fri,Daily,M23 9PW,Wythenshawe,1000
2026-08-14,Fri,Daily,LN11 0AA,Louth,1000
2026-08-14,Fri,Daily,L11 5AT,Liverpool,1000
2026-08-14,Fri,Daily,HX7 6DT,Hebden Bridge,1000
2026-08-14,Fri,Daily,G77 6EQ,Newton Mearns,1000
2026-08-14,Fri,Daily,G44 4QQ,Glasgow,1000
2026-08-14,Fri,Daily,EX22 7LG,Bradworthy,1000
2026-08-14,Fri,Daily,DL15 9LE,Crook,1000
2026-08-14,Fri,Daily,CM5 0PH,Shelley (Epping Forest),1000
2026-08-14,Fri,Daily,CH6 5WY,Flint,1000
2026-08-14,Fri,Daily,CF32 8RR,Pontycymer,1000
2026-08-14,Fri,Daily,BS22 7YR,Weston-super-Mare,1000
2026-08-14,Fri,Daily,BH21 1RX,Wimborne Minster,1000
2026-08-13,Thu,Daily,TW7 4AU,Hounslow,1000
2026-08-13,Thu,Daily,TW20 0QD,Egham,1000
2026-08-13,Thu,Daily,TS10 4EY,Redcar,1000
2026-08-13,Thu,Daily,TN33 9HU,Ninfield,1000
2026-08-13,Thu,Daily,SA73 2PN,Milford Haven,1000
2026-08-13,Thu,Daily,RG8 8NT,Pangbourne,1000
2026-08-13,Thu,Daily,RG4 7EA,Caversham,1000
2026-08-13,Thu,Daily,PL26 6LU,Mevagissey,1000
2026-08-13,Thu,Daily,NN3 2RF,Northampton,1000
2026-08-13,Thu,Daily,ML11 7JA,Lanark,1000
2026-08-13,Thu,Daily,LS16 6AB,Leeds,1000
2026-08-13,Thu,Daily,LS13 2JN,Leeds,1000
2026-08-13,Thu,Daily,GU52 8AG,Fleet,1000
2026-08-13,Thu,Daily,G84 9BQ,Helensburgh,1000
2026-08-13,Thu,Daily,FY8 4DD,Lytham St Anne's,1000
2026-08-13,Thu,Daily,EX5 4QN,Bradninch,1000
2026-08-13,Thu,Daily,E4 8EB,Waltham Forest,1000
2026-08-13,Thu,Daily,BS2 9JY,Bristol,1000
2026-08-13,Thu,Daily,BH23 7BE,Christchurch,1000
2026-08-13,Thu,Daily,AB15 5EA,Aberdeen,1000
2026-08-12,Wed,Daily,YO14 0GB,Filey,1000
2026-08-12,Wed,Daily,WN2 1SW,Aspull,1000
2026-08-12,Wed,Daily,WF8 3PL,Pontefract,1000
2026-08-12,Wed,Daily,WD17 3BE,Watford (Watford),1000
2026-08-12,Wed,Daily,WA5 1JU,Warrington,1000
2026-08-12,Wed,Daily,ST15 0WT,Stone (Stafford),1000
2026-08-12,Wed,Daily,SN4 0PW,Chiseldon,1000
2026-08-12,Wed,Daily,SE15 5HE,Southwark,1000
2026-08-12,Wed,Daily,SA44 4XH,Llandysul,1000
2026-08-12,Wed,Daily,NR17 2AQ,Attleborough,1000
2026-08-12,Wed,Daily,ME13 9TR,Boughton under Blean,1000
2026-08-12,Wed,Daily,LU4 9UL,Luton,1000
2026-08-12,Wed,Daily,HP2 5HG,Hemel Hempstead,1000
2026-08-12,Wed,Daily,DN14 7GE,Howden,1000
2026-08-12,Wed,Daily,DL14 6JU,Bishop Auckland,1000
2026-08-12,Wed,Daily,DE22 3QW,Derby,1000
2026-08-12,Wed,Daily,CV3 6JU,Coventry,1000
2026-08-12,Wed,Daily,CT9 3DF,Margate,1000
2026-08-12,Wed,Daily,CM1 2PD,Chelmsford,1000
2026-08-12,Wed,Daily,BA16 0FT,Street,1000
2026-08-11,Tue,Daily,WF17 0NE,Batley,1000
2026-08-11,Tue,Daily,WF1 4DP,Wakefield,1000
2026-08-11,Tue,Daily,W5 1SP,Ealing,1000
2026-08-11,Tue,Daily,SW17 8HS,Wandsworth,1000
2026-08-11,Tue,Daily,S71 2NS,Barnsley,1000
2026-08-11,Tue,Daily,RH11 9AE,Crawley (Crawley),1000
2026-08-11,Tue,Daily,PO20 8FF,East Wittering,1000
2026-08-11,Tue,Daily,PA2 6JL,Paisley,1000
2026-08-11,Tue,Daily,OX4 6BL,Oxford,1000
2026-08-11,Tue,Daily,OL7 9PH,Ashton-under-Lyne,1000
2026-08-11,Tue,Daily,NG9 4FU,Beeston (Broxtowe),1000
2026-08-11,Tue,Daily,MK41 0RU,Bedford,1000
2026-08-11,Tue,Daily,MK40 4UU,Bedford,1000
2026-08-11,Tue,Daily,LA1 4QR,Lancaster,1000
2026-08-11,Tue,Daily,EX13 5FD,Axminster,1000
2026-08-11,Tue,Daily,DN33 1JY,Grimsby,1000
2026-08-11,Tue,Daily,DH7 6BH,Sacriston,1000
2026-08-11,Tue,Daily,B97 5LN,Redditch,1000
2026-08-11,Tue,Daily,B62 9PS,Halesowen,1000
2026-08-11,Tue,Daily,B62 8QD,Halesowen,1000
2026-08-10,Mon,Daily,TS27 4DN,Blackhall Colliery,1000
2026-08-10,Mon,Daily,SY5 6NE,Shrewsbury,1000
2026-08-10,Mon,Daily,SO15 3BT,Southampton,1000
2026-08-10,Mon,Daily,SG16 6HY,Lower Stondon,1000
2026-08-10,Mon,Daily,SE13 5RG,Lewisham,1000
2026-08-10,Mon,Daily,S21 1HU,Killamarsh,1000
2026-08-10,Mon,Daily,S2 3GN,Sheffield,1000
2026-08-10,Mon,Daily,PA14 6XP,Port Glasgow,1000
2026-08-10,Mon,Daily,NP23 6QA,Ebbw Vale,1000
2026-08-10,Mon,Daily,NE11 9QZ,Gateshead,1000
2026-08-10,Mon,Daily,M9 8JF,Manchester,1000
2026-08-10,Mon,Daily,M5 3NQ,Salford,1000
2026-08-10,Mon,Daily,M28 1FZ,Worsley,1000
2026-08-10,Mon,Daily,KA7 3ND,Ayr,1000
2026-08-10,Mon,Daily,HU8 0RQ,Kingston upon Hull,1000
2026-08-10,Mon,Daily,GU33 7LL,Liss,1000
2026-08-10,Mon,Daily,EN8 8PB,Cheshunt,1000
2026-08-10,Mon,Daily,DY1 3HD,Dudley (Dudley),1000
2026-08-10,Mon,Daily,BN41 1PQ,Brighton and Hove,1000
2026-08-10,Mon,Daily,BA8 0QE,Henstridge,1000
2026-08-09,Sun,Daily,WV4 5RP,Wolverhampton,1000
2026-08-09,Sun,Daily,WR10 2PA,Pershore,1000
2026-08-09,Sun,Daily,WD18 7EJ,Watford (Watford),1000
2026-08-09,Sun,Daily,SW19 2EJ,Merton,1000
2026-08-09,Sun,Daily,SL6 7SB,Maidenhead,1000
2026-08-09,Sun,Daily,SA8 4PR,Pontardawe,1000
2026-08-09,Sun,Daily,PO9 4AA,Havant,1000
2026-08-09,Sun,Daily,PE37 7JQ,Swaffham,1000
2026-08-09,Sun,Daily,NE26 4NJ,Seaton Sluice,1000
2026-08-09,Sun,Daily,LU6 2DH,Eaton Bray and Edlesborough,1000
2026-08-09,Sun,Daily,LE18 1HD,Wigston,1000
2026-08-09,Sun,Daily,HA3 9RQ,Harrow,1000
2026-08-09,Sun,Daily,G74 2DH,East Kilbride,1000
2026-08-09,Sun,Daily,FY6 8FT,Poulton-le-Fylde,1000
2026-08-09,Sun,Daily,FK5 3ER,Larbert and Stenhousemuir,1000
2026-08-09,Sun,Daily,DH6 2FD,Shotton Colliery,1000
2026-08-09,Sun,Daily,CT11 8ER,Ramsgate,1000
2026-08-09,Sun,Daily,CT11 0EN,Ramsgate,1000
2026-08-09,Sun,Daily,CO6 4PA,Great Horkesley,1000
2026-08-09,Sun,Daily,AB41 8XR,Ellon,1000
2026-08-08,Sat,Millionaire Street,SY12 9AR,Ellesmere,250000
2026-08-08,Sat,Daily,YO51 9US,Boroughbridge,1000
2026-08-08,Sat,Daily,WV14 6QQ,Bilston (Wolverhampton),1000
2026-08-08,Sat,Daily,WR1 2BN,Worcester,1000
2026-08-08,Sat,Daily,TN16 3NQ,Bromley,1000
2026-08-08,Sat,Daily,SW11 5PR,Wandsworth,1000
2026-08-08,Sat,Daily,ST6 4BD,Stoke-on-Trent,1000
2026-08-08,Sat,Daily,SA35 0DD,Cardigan,1000
2026-08-08,Sat,Daily,S41 8SG,Chesterfield,1000
2026-08-08,Sat,Daily,PR4 1TQ,Warton (Fylde),1000
2026-08-08,Sat,Daily,PO35 5TA,Bembridge,1000
2026-08-08,Sat,Daily,PL25 4LJ,St Austell,1000
2026-08-08,Sat,Daily,PE21 8BY,Boston,1000
2026-08-08,Sat,Daily,PE19 2JA,St Neots,1000
2026-08-08,Sat,Daily,PE15 0FT,Doddington and Wimblington,1000
2026-08-08,Sat,Daily,NE11 0YJ,Gateshead,1000
2026-08-08,Sat,Daily,L23 0QS,Crosby (Sefton),1000
2026-08-08,Sat,Daily,G64 3LS,Bishopbriggs,1000
2026-08-08,Sat,Daily,DL17 0FA,Chilton (County Durham),1000
2026-08-08,Sat,Daily,BS37 6JP,Chipping Sodbury,1000
2026-08-08,Sat,Daily,AB42 5FB,Mintlaw,1000
2026-08-07,Fri,Daily,SE5 7QS,Southwark,1000
2026-08-07,Fri,Daily,S75 1EW,Barugh Green and Redbrook,1000
2026-08-07,Fri,Daily,PH1 2EG,Perth,1000
2026-08-07,Fri,Daily,PE5 7XQ,Castor and Ailsworth,1000
2026-08-07,Fri,Daily,NG17 1LG,Sutton in Ashfield,1000
2026-08-07,Fri,Daily,N1 0HU,Islington,1000
2026-08-07,Fri,Daily,ML6 7PR,Airdrie,1000
2026-08-07,Fri,Daily,M29 7HN,Tyldesley,1000
2026-08-07,Fri,Daily,IP28 6SP,Bury St Edmunds,1000
2026-08-07,Fri,Daily,HA1 1HQ,Harrow,1000
2026-08-07,Fri,Daily,GU46 6QL,Yateley,1000
2026-08-07,Fri,Daily,GL2 2AW,Quedgeley and Hardwicke,1000
2026-08-07,Fri,Daily,EH4 6BP,Edinburgh,1000
2026-08-07,Fri,Daily,DT2 8TX,Crossways,1000
2026-08-07,Fri,Daily,DH4 7EJ,Shiney Row and Penshaw,1000
2026-08-07,Fri,Daily,CH49 6JZ,Birkenhead,1000
2026-08-07,Fri,Daily,BS49 4NN,Yatton,1000
2026-08-07,Fri,Daily,BN5 9NR,Henfield,1000
2026-08-07,Fri,Daily,BN27 4SE,Herstmonceux,1000
2026-08-07,Fri,Daily,BN24 6PT,Pevensey Bay,1000
2026-08-06,Thu,Daily,WV12 5TG,Willenhall,1000
2026-08-06,Thu,Daily,WR3 8AQ,Worcester,1000
2026-08-06,Thu,Daily,WA6 9JX,Helsby,1000
2026-08-06,Thu,Daily,WA3 5HZ,Culcheth,1000
2026-08-06,Thu,Daily,TS10 5JD,Redcar,1000
2026-08-06,Thu,Daily,TR11 4HX,Falmouth,1000
2026-08-06,Thu,Daily,TA20 3NH,Combe St Nicholas,1000
2026-08-06,Thu,Daily,SO40 9AD,Totton,1000
2026-08-06,Thu,Daily,NP22 5PF,Rhymney,1000
2026-08-06,Thu,Daily,NG7 3LW,Nottingham,1000
2026-08-06,Thu,Daily,MK44 3HD,Great Barford,1000
2026-08-06,Thu,Daily,M26 1RZ,Radcliffe,1000
2026-08-06,Thu,Daily,LL54 7RP,Groeslon,1000
2026-08-06,Thu,Daily,L34 2QZ,Prescot,1000
2026-08-06,Thu,Daily,L3 5XA,Liverpool,1000
2026-08-06,Thu,Daily,L3 5RA,Liverpool,1000
2026-08-06,Thu,Daily,GL53 9FF,Cheltenham,1000
2026-08-06,Thu,Daily,GL5 4UZ,Stroud,1000
2026-08-06,Thu,Daily,CO10 0UQ,Sudbury,1000
2026-08-06,Thu,Daily,CB10 2NA,Saffron Walden,1000
2026-08-05,Wed,Daily,YO12 6NE,Scarborough,1000
2026-08-05,Wed,Daily,WV14 8RD,Bilston (Wolverhampton),1000
2026-08-05,Wed,Daily,WA12 9JA,Newton-le-Willows,1000
2026-08-05,Wed,Daily,SE9 3HD,Greenwich,1000
2026-08-05,Wed,Daily,PO22 9LR,Bognor Regis,1000
2026-08-05,Wed,Daily,PL12 4FB,Saltash,1000
2026-08-05,Wed,Daily,NN12 6DT,Towcester,1000
2026-08-05,Wed,Daily,NE25 9SJ,Whitley Bay,1000
2026-08-05,Wed,Daily,ME5 0XA,Chatham,1000
2026-08-05,Wed,Daily,M45 8PD,Whitefield,1000
2026-08-05,Wed,Daily,HR1 2JA,Hereford,1000
2026-08-05,Wed,Daily,GL17 0BH,Mitcheldean,1000
2026-08-05,Wed,Daily,G83 8HN,Balloch,1000
2026-08-05,Wed,Daily,G64 1GX,Bishopbriggs,1000
2026-08-05,Wed,Daily,FK1 2DA,Hallglen,1000
2026-08-05,Wed,Daily,DY13 9SJ,Stourport-on-Severn,1000
2026-08-05,Wed,Daily,DN12 1HE,Warmsworth,1000
2026-08-05,Wed,Daily,CV37 8PH,Meon Vale,1000
2026-08-05,Wed,Daily,CR0 7EX,Croydon,1000
2026-08-05,Wed,Daily,BR8 7YN,Swanley,1000
2026-08-04,Tue,Daily,WA5 8DH,Warrington,1000
2026-08-04,Tue,Daily,WA11 0JR,Haydock,1000
2026-08-04,Tue,Daily,TF7 5QW,Telford,1000
2026-08-04,Tue,Daily,SS2 4AR,Southend-on-Sea,1000
2026-08-04,Tue,Daily,SP10 2HR,Andover,1000
2026-08-04,Tue,Daily,SL4 5SZ,Windsor,1000
2026-08-04,Tue,Daily,PO30 1EP,Newport (Isle of Wight),1000
2026-08-04,Tue,Daily,NG7 1DB,Nottingham,1000
2026-08-04,Tue,Daily,M46 9RW,Atherton,1000
2026-08-04,Tue,Daily,M24 2DP,Middleton (Rochdale),1000
2026-08-04,Tue,Daily,LS10 4AH,Leeds,1000
2026-08-04,Tue,Daily,HG1 2QE,Harrogate,1000
2026-08-04,Tue,Daily,HA6 2QY,Hillingdon,1000
2026-08-04,Tue,Daily,GU52 6LQ,Fleet,1000
2026-08-04,Tue,Daily,FK7 9NY,Stirling,1000
2026-08-04,Tue,Daily,CT14 9SB,Deal,1000
2026-08-04,Tue,Daily,BR5 4AZ,Bromley,1000
2026-08-04,Tue,Daily,B91 1JN,Solihull,1000
2026-08-04,Tue,Daily,B70 6TR,West Bromwich,1000
2026-08-04,Tue,Daily,B44 9TG,Birmingham,1000
2026-08-03,Mon,Daily,YO8 8FE,Selby,1000
2026-08-03,Mon,Daily,WF2 6RW,Wakefield,1000
2026-08-03,Mon,Daily,TA5 2BA,Bridgwater,1000
2026-08-03,Mon,Daily,TA4 1BZ,Milverton,1000
2026-08-03,Mon,Daily,ST15 0NY,Stone (Stafford),1000
2026-08-03,Mon,Daily,SO19 9PS,Southampton,1000
2026-08-03,Mon,Daily,PL25 5AA,St Austell,1000
2026-08-03,Mon,Daily,PE22 8JA,Stickney,1000
2026-08-03,Mon,Daily,NN11 3SU,Woodford Halse,1000
2026-08-03,Mon,Daily,NE61 4BL,Morpeth,1000
2026-08-03,Mon,Daily,ML8 5JX,Carluke,1000
2026-08-03,Mon,Daily,M41 6FE,Urmston,1000
2026-08-03,Mon,Daily,M27 0AY,Swinton (Salford),1000
2026-08-03,Mon,Daily,KT8 1PN,West Molesey,1000
2026-08-03,Mon,Daily,GU33 7RX,Liss,1000
2026-08-03,Mon,Daily,DH5 9FY,Hetton-le-Hole,1000
2026-08-03,Mon,Daily,DE24 8ED,Derby,1000
2026-08-03,Mon,Daily,CM13 3LD,Brentwood,1000
2026-08-03,Mon,Daily,CF33 6NR,Pyle,1000
2026-08-03,Mon,Daily,BL7 9JQ,Bolton (Bolton),1000
2026-08-02,Sun,Daily,WD3 4DF,Chorleywood,1000
2026-08-02,Sun,Daily,SS6 9DH,Rayleigh,1000
2026-08-02,Sun,Daily,SG16 6DT,Lower Stondon,1000
2026-08-02,Sun,Daily,SG1 2RX,Stevenage,1000
2026-08-02,Sun,Daily,SA72 6JH,Pembroke Dock,1000
2026-08-02,Sun,Daily,RH19 4BH,East Grinstead,1000
2026-08-02,Sun,Daily,RG23 8HW,Basingstoke,1000
2026-08-02,Sun,Daily,PO36 9HH,Sandown,1000
2026-08-02,Sun,Daily,NE10 8RH,Gateshead,1000
2026-08-02,Sun,Daily,ME16 0TE,Maidstone,1000
2026-08-02,Sun,Daily,LS9 6NP,Leeds,1000
2026-08-02,Sun,Daily,LE4 8JP,Thurmaston,1000
2026-08-02,Sun,Daily,L40 4BQ,Burscough,1000
2026-08-02,Sun,Daily,L18 9UP,Liverpool,1000
2026-08-02,Sun,Daily,GU10 1DY,Ash and Ash Vale,1000
2026-08-02,Sun,Daily,G43 2AA,Glasgow,1000
2026-08-02,Sun,Daily,DT5 1EU,Fortuneswell,1000
2026-08-02,Sun,Daily,CF32 9RJ,Sarn,1000
2026-08-02,Sun,Daily,CB24 9JP,Histon and Impington,1000
2026-08-02,Sun,Daily,BA4 5TB,Shepton Mallet,1000
2026-08-01,Sat,Millionaire Street,GU23 7AJ,Send,125000
2026-08-01,Sat,Daily,WV16 6XE,Highley,1000
2026-08-01,Sat,Daily,TQ13 7JF,Ashburton,1000
2026-08-01,Sat,Daily,TF7 5QD,Telford,1000
2026-08-01,Sat,Daily,ST10 4NW,Upper Tean,1000
2026-08-01,Sat,Daily,S12 4RH,Sheffield,1000
2026-08-01,Sat,Daily,NR8 5DD,Queen's Hills,1000
2026-08-01,Sat,Daily,NR2 3PH,Norwich,1000
2026-08-01,Sat,Daily,NR17 2NN,Attleborough,1000
2026-08-01,Sat,Daily,M33 7BN,Sale,1000
2026-08-01,Sat,Daily,L35 5EQ,Prescot,1000
2026-08-01,Sat,Daily,KY15 5BP,Cupar,1000
2026-08-01,Sat,Daily,IP22 1BE,Rickinghall and Botesdale,1000
2026-08-01,Sat,Daily,IP20 9GF,Harleston,1000
2026-08-01,Sat,Daily,G72 8XL,Cambuslang,1000
2026-08-01,Sat,Daily,DL1 3PP,Darlington,1000
2026-08-01,Sat,Daily,DE4 2JU,Darley Dale,1000
2026-08-01,Sat,Daily,CM1 4XX,Chelmsford,1000
2026-08-01,Sat,Daily,CA11 0DH,Stainton (Eden),1000
2026-08-01,Sat,Daily,BA5 3NN,Wells,1000
2026-08-01,Sat,Daily,AB32 6QR,Westhill,1000
2026-07-31,Fri,Daily,WA9 5QB,St Helens (St. Helens),1000
2026-07-31,Fri,Daily,SL6 6AB,Maidenhead,1000
2026-07-31,Fri,Daily,SK11 8DA,Macclesfield,1000
2026-07-31,Fri,Daily,SG6 4PS,Letchworth,1000
2026-07-31,Fri,Daily,SA62 5PJ,Letterston,1000
2026-07-31,Fri,Daily,PR6 9JZ,Adlington (Chorley),1000
2026-07-31,Fri,Daily,PO12 2HP,Gosport,1000
2026-07-31,Fri,Daily,OX2 8LP,Oxford,1000
2026-07-31,Fri,Daily,NE10 9AT,Gateshead,1000
2026-07-31,Fri,Daily,ME4 6JR,Chatham,1000
2026-07-31,Fri,Daily,M40 9BZ,Manchester,1000
2026-07-31,Fri,Daily,LE10 2RL,Hinckley,1000
2026-07-31,Fri,Daily,KT2 5UN,Kingston upon Thames,1000
2026-07-31,Fri,Daily,KT12 3DL,Walton-on-Thames,1000
2026-07-31,Fri,Daily,HP19 9DQ,Aylesbury,1000
2026-07-31,Fri,Daily,FY8 2DU,Lytham St Anne's,1000
2026-07-31,Fri,Daily,EX2 9DS,Exeter,1000
2026-07-31,Fri,Daily,DE24 0EU,Derby,1000
2026-07-31,Fri,Daily,B97 6AL,Redditch,1000
2026-07-31,Fri,Daily,B78 1SD,Polesworth and Dordon,1000
2026-07-30,Thu,Daily,WN4 9RE,Ashton-in-Makerfield,1000
2026-07-30,Thu,Daily,TF11 8GB,Shifnal,1000
2026-07-30,Thu,Daily,RH19 3LH,East Grinstead,1000
2026-07-30,Thu,Daily,RG23 7AD,Oakley (Basingstoke and Deane),1000
2026-07-30,Thu,Daily,NN7 1LY,Cogenhoe,1000
2026-07-30,Thu,Daily,N8 8RH,Haringey,1000
2026-07-30,Thu,Daily,LE1 6XQ,Leicester,1000
2026-07-30,Thu,Daily,L35 5EB,Prescot,1000
2026-07-30,Thu,Daily,GL51 0DU,Cheltenham,1000
2026-07-30,Thu,Daily,GL5 1RP,Stroud,1000
2026-07-30,Thu,Daily,DG16 5FL,Gretna,1000
2026-07-30,Thu,Daily,CT9 3LR,Margate,1000
2026-07-30,Thu,Daily,CR0 3EQ,Croydon,1000
2026-07-30,Thu,Daily,CO10 0AN,Sudbury,1000
2026-07-30,Thu,Daily,CB25 9RS,Waterbeach,1000
2026-07-30,Thu,Daily,BD8 9BS,Bradford,1000
2026-07-30,Thu,Daily,BD20 6HN,Keighley,1000
2026-07-30,Thu,Daily,B98 7DL,Redditch,1000
2026-07-30,Thu,Daily,B9 5DE,Birmingham,1000
2026-07-30,Thu,Daily,AL5 5NG,Harpenden,1000
2026-07-29,Wed,Daily,YO13 9DH,East Ayton and West Ayton,1000
2026-07-29,Wed,Daily,WS2 7EH,Bloxwich,1000
2026-07-29,Wed,Daily,WD3 3LZ,Rickmansworth,1000
2026-07-29,Wed,Daily,SS9 2JX,Southend-on-Sea,1000
2026-07-29,Wed,Daily,SS7 5LF,Thundersley and South Benfleet,1000
2026-07-29,Wed,Daily,SE26 4RL,Lewisham,1000
2026-07-29,Wed,Daily,NR15 1YP,Newton Flotman,1000
2026-07-29,Wed,Daily,ME7 4DF,Gillingham (Medway),1000
2026-07-29,Wed,Daily,LN6 3QB,Lincoln,1000
2026-07-29,Wed,Daily,KA19 8AR,Maybole,1000
2026-07-29,Wed,Daily,HP1 3QU,Hemel Hempstead,1000
2026-07-29,Wed,Daily,DN18 5FL,Barton-upon-Humber,1000
2026-07-29,Wed,Daily,DN11 9JQ,Tickhill,1000
2026-07-29,Wed,Daily,DE4 2EQ,Darley Dale,1000
2026-07-29,Wed,Daily,DA8 3HG,Bexley,1000
2026-07-29,Wed,Daily,CT16 1HP,Dover,1000
2026-07-29,Wed,Daily,CM9 4GN,Maldon,1000
2026-07-29,Wed,Daily,BS30 9YQ,Kingswood and Fishponds,1000
2026-07-29,Wed,Daily,BB6 7JU,Great Harwood,1000
2026-07-29,Wed,Daily,AB23 8UX,Aberdeen,1000
2026-07-28,Tue,Daily,YO32 5AA,Strensall,1000
2026-07-28,Tue,Daily,YO18 7AW,Pickering,1000
2026-07-28,Tue,Daily,SP2 7EH,Salisbury,1000
2026-07-28,Tue,Daily,S63 0PH,Thurnscoe,1000
2026-07-28,Tue,Daily,PO16 8TA,Fareham,1000
2026-07-28,Tue,Daily,PL14 4PF,Liskeard,1000
2026-07-28,Tue,Daily,PE28 3EU,Somersham (Huntingdonshire),1000
2026-07-28,Tue,Daily,MK3 5AZ,Bletchley,1000
2026-07-28,Tue,Daily,LE3 3FX,Leicester Forest East and Kirby Muxloe,1000
2026-07-28,Tue,Daily,L39 5RL,Ormskirk,1000
2026-07-28,Tue,Daily,HD9 7DT,Honley,1000
2026-07-28,Tue,Daily,G45 9RL,Glasgow,1000
2026-07-28,Tue,Daily,EX16 6DN,Tiverton,1000
2026-07-28,Tue,Daily,EH8 7QJ,Edinburgh,1000
2026-07-28,Tue,Daily,DH9 7SG,Stanley (County Durham),1000
2026-07-28,Tue,Daily,DA13 0RN,Meopham,1000
2026-07-28,Tue,Daily,BN23 6AW,Eastbourne,1000
2026-07-28,Tue,Daily,BN16 1RX,Rustington,1000
2026-07-28,Tue,Daily,BH10 7HQ,Bournemouth,1000
2026-07-28,Tue,Daily,BA21 3GZ,Yeovil,1000
2026-07-27,Mon,Daily,SK8 3AY,Wythenshawe,1000
2026-07-27,Mon,Daily,SA70 8DR,Tenby,1000
2026-07-27,Mon,Daily,RG26 3NW,Tadley,1000
2026-07-27,Mon,Daily,PR4 0AX,Cottam (Preston),1000
2026-07-27,Mon,Daily,OX14 3UB,Abingdon-on-Thames,1000
2026-07-27,Mon,Daily,NP15 1NJ,Usk,1000
2026-07-27,Mon,Daily,MK40 2LX,Bedford,1000
2026-07-27,Mon,Daily,M23 2TU,Wythenshawe,1000
2026-07-27,Mon,Daily,M22 5DB,Wythenshawe,1000
2026-07-27,Mon,Daily,LS27 7SN,Gildersome,1000
2026-07-27,Mon,Daily,LE15 6PE,Oakham,1000
2026-07-27,Mon,Daily,KA15 2EF,Beith,1000
2026-07-27,Mon,Daily,E15 3AD,Newham,1000
2026-07-27,Mon,Daily,CR3 6DA,Caterham,1000
2026-07-27,Mon,Daily,CO9 1NF,Halstead (Braintree),1000
2026-07-27,Mon,Daily,CO15 2QT,Jaywick,1000
2026-07-27,Mon,Daily,BS5 7LQ,Kingswood and Fishponds,1000
2026-07-27,Mon,Daily,BS22 6HY,Weston-super-Mare,1000
2026-07-27,Mon,Daily,BD20 9LE,Silsden,1000
2026-07-27,Mon,Daily,B11 3HD,Birmingham,1000
2026-07-26,Sun,Daily,ZE1 0SB,Lerwick,1000
2026-07-26,Sun,Daily,W4 3JS,Hounslow,1000
2026-07-26,Sun,Daily,TA3 6HZ,North Curry,1000
2026-07-26,Sun,Daily,SP2 7FZ,Salisbury,1000
2026-07-26,Sun,Daily,SA18 2AB,Ammanford,1000
2026-07-26,Sun,Daily,NN5 7BG,Northampton,1000
2026-07-26,Sun,Daily,NN5 6UX,Northampton,1000
2026-07-26,Sun,Daily,LE2 2PW,Leicester,1000
2026-07-26,Sun,Daily,IP3 9QY,Ipswich,1000
2026-07-26,Sun,Daily,HD8 8PR,Denby Dale,1000
2026-07-26,Sun,Daily,FK7 0AN,Stirling,1000
2026-07-26,Sun,Daily,FK5 4TS,Larbert and Stenhousemuir,1000
2026-07-26,Sun,Daily,FK2 9PW,Saint Columb,1000
2026-07-26,Sun,Daily,DL14 7RU,Bishop Auckland,1000
2026-07-26,Sun,Daily,DH4 4LG,Shiney Row and Penshaw,1000
2026-07-26,Sun,Daily,CW7 2FJ,Winsford,1000
2026-07-26,Sun,Daily,CW6 0EQ,Tarporley,1000
2026-07-26,Sun,Daily,CH4 7DQ,Chester,1000
2026-07-26,Sun,Daily,BS26 2BY,Axbridge,1000
2026-07-26,Sun,Daily,BD13 2EH,Queensbury,1000
2026-07-25,Sat,Millionaire Street,G71 8RT,Bothwell,383743
2026-07-25,Sat,Daily,YO25 3EA,Langtoft (East Riding of Yorkshire),1000
2026-07-25,Sat,Daily,WS5 3JN,Walsall,1000
2026-07-25,Sat,Daily,WF17 9DF,Batley,1000
2026-07-25,Sat,Daily,WC1X 0BG,Camden,1000
2026-07-25,Sat,Daily,WA9 2EX,St Helens (St. Helens),1000
2026-07-25,Sat,Daily,WA10 6TR,St Helens (St. Helens),1000
2026-07-25,Sat,Daily,TN26 2NL,Hamstreet,1000
2026-07-25,Sat,Daily,SR8 4DE,Horden,1000
2026-07-25,Sat,Daily,SR3 3SW,Sunderland,1000
2026-07-25,Sat,Daily,PA2 6QN,Paisley,1000
2026-07-25,Sat,Daily,PA15 4SG,Greenock,1000
2026-07-25,Sat,Daily,NE3 3NR,Newcastle upon Tyne,1000
2026-07-25,Sat,Daily,KY12 0BJ,Dunfermline,1000
2026-07-25,Sat,Daily,HS2 0DJ,Steòrnabhagh,1000
2026-07-25,Sat,Daily,HP1 3QF,Hemel Hempstead,1000
2026-07-25,Sat,Daily,FK14 7DJ,Dollar,1000
2026-07-25,Sat,Daily,EX16 4EF,Tiverton,1000
2026-07-25,Sat,Daily,BH24 1XG,Ringwood,1000
2026-07-25,Sat,Daily,BD2 4AW,Bradford,1000
2026-07-25,Sat,Daily,B23 5RQ,Birmingham,1000
2026-07-24,Fri,Daily,WF7 6DA,Featherstone (Wakefield),1000
2026-07-24,Fri,Daily,WA6 8DE,Kingsley (Cheshire West and Chester),1000
2026-07-24,Fri,Daily,WA14 3AG,Bowdon,1000
2026-07-24,Fri,Daily,TD7 5AP,Selkirk,1000
2026-07-24,Fri,Daily,PO6 1QQ,Portsmouth,1000
2026-07-24,Fri,Daily,NG2 7SJ,West Bridgford,1000
2026-07-24,Fri,Daily,NE46 3JZ,Hexham,1000
2026-07-24,Fri,Daily,LE8 6PD,Blaby and Whetstone,1000
2026-07-24,Fri,Daily,KY3 9SD,Kinghorn,1000
2026-07-24,Fri,Daily,HR2 7ST,Hereford,1000
2026-07-24,Fri,Daily,HR1 3DJ,Withington and White Stone,1000
2026-07-24,Fri,Daily,GU35 0PS,Bordon,1000
2026-07-24,Fri,Daily,GL56 0EG,Moreton-in-Marsh,1000
2026-07-24,Fri,Daily,EX4 2ND,Exeter,1000
2026-07-24,Fri,Daily,EX39 5BD,Bideford,1000
2026-07-24,Fri,Daily,DN16 2EY,Scunthorpe,1000
2026-07-24,Fri,Daily,DN11 0TL,New Rossington and Rossington,1000
2026-07-24,Fri,Daily,DL17 8BW,Ferryhill,1000
2026-07-24,Fri,Daily,CW6 0HP,Tarporley,1000
2026-07-24,Fri,Daily,CW11 3BS,Elworth,1000
2026-07-23,Thu,Daily,YO22 5PN,Sleights,1000
2026-07-23,Thu,Daily,WS8 7EJ,Brownhills,1000
2026-07-23,Thu,Daily,WA5 3UD,Warrington,1000
2026-07-23,Thu,Daily,TR2 5AU,St Mawes,1000
2026-07-23,Thu,Daily,TQ3 2DJ,Paignton,1000
2026-07-23,Thu,Daily,TN26 1LA,Shadoxhurst,1000
2026-07-23,Thu,Daily,SS3 9FA,Southend-on-Sea,1000
2026-07-23,Thu,Daily,SS15 4AH,Basildon,1000
2026-07-23,Thu,Daily,SP4 7LB,Amesbury,1000
2026-07-23,Thu,Daily,SO30 3HS,West End (Eastleigh),1000
2026-07-23,Thu,Daily,RH12 1SL,Horsham,1000
2026-07-23,Thu,Daily,PL22 0DF,Lostwithiel,1000
2026-07-23,Thu,Daily,M33 5GS,Sale,1000
2026-07-23,Thu,Daily,G15 7ET,Glasgow,1000
2026-07-23,Thu,Daily,EX34 9BQ,Ilfracombe,1000
2026-07-23,Thu,Daily,E3 5AS,Tower Hamlets,1000
2026-07-23,Thu,Daily,E15 1AF,Newham,1000
2026-07-23,Thu,Daily,DT11 0NN,Shillingstone,1000
2026-07-23,Thu,Daily,BL8 2PN,Bury (Bury),1000
2026-07-23,Thu,Daily,BH8 9EW,Bournemouth,1000
2026-07-22,Wed,Daily,TD14 5RX,Eyemouth,1000
2026-07-22,Wed,Daily,ST5 8JT,Newcastle-under-Lyme,1000
2026-07-22,Wed,Daily,SA4 6RH,Loughor,1000
2026-07-22,Wed,Daily,S60 2AJ,Rotherham,1000
2026-07-22,Wed,Daily,RH1 4BB,Redhill (Reigate and Banstead),1000
2026-07-22,Wed,Daily,PR6 7JL,Whittle-le-Woods,1000
2026-07-22,Wed,Daily,KT9 2AU,Kingston upon Thames,1000
2026-07-22,Wed,Daily,KA7 3AH,Ayr,1000
2026-07-22,Wed,Daily,HU6 7LL,Kingston upon Hull,1000
2026-07-22,Wed,Daily,DN35 8DL,Cleethorpes,1000
2026-07-22,Wed,Daily,DE4 5NB,Crich,1000
2026-07-22,Wed,Daily,DE13 8SU,Barton-under-Needwood,1000
2026-07-22,Wed,Daily,CW1 4BP,Crewe,1000
2026-07-22,Wed,Daily,CV11 6SP,Nuneaton,1000
2026-07-22,Wed,Daily,CF41 7UE,Rhondda,1000
2026-07-22,Wed,Daily,BS9 4PN,Bristol,1000
2026-07-22,Wed,Daily,BL6 7BE,Horwich,1000
2026-07-22,Wed,Daily,BD15 9BN,Bradford,1000
2026-07-22,Wed,Daily,B24 9DX,Birmingham,1000
2026-07-22,Wed,Daily,B24 8RD,Birmingham,1000
2026-07-21,Tue,Daily,TA6 3QE,Bridgwater,1000
2026-07-21,Tue,Daily,SS13 3NA,Basildon,1000
2026-07-21,Tue,Daily,SK3 9EN,Stockport,1000
2026-07-21,Tue,Daily,NW7 3LN,Barnet,1000
2026-07-21,Tue,Daily,NR28 9XB,North Walsham,1000
2026-07-21,Tue,Daily,NP11 5JY,Newbridge,1000
2026-07-21,Tue,Daily,NE5 3EY,Newcastle upon Tyne,1000
2026-07-21,Tue,Daily,M20 4RD,Manchester,1000
2026-07-21,Tue,Daily,LU2 9RD,Luton,1000
2026-07-21,Tue,Daily,LL77 8WB,Llangefni,1000
2026-07-21,Tue,Daily,GU51 5BN,Fleet,1000
2026-07-21,Tue,Daily,EX21 5NR,Halwill Junction,1000
2026-07-21,Tue,Daily,E3 5AU,Tower Hamlets,1000
2026-07-21,Tue,Daily,CM77 6SQ,Rayne,1000
2026-07-21,Tue,Daily,CH65 8EP,Ellesmere Port,1000
2026-07-21,Tue,Daily,CF61 1RJ,Llantwit Major,1000
2026-07-21,Tue,Daily,BS34 5ND,Patchway,1000
2026-07-21,Tue,Daily,BS34 5HT,Patchway,1000
2026-07-21,Tue,Daily,BN16 3JJ,Rustington,1000
2026-07-21,Tue,Daily,B98 0ER,Redditch,1000
2026-07-20,Mon,Daily,TN9 2JX,Tonbridge,1000
2026-07-20,Mon,Daily,TN30 7AJ,Tenterden,1000
2026-07-20,Mon,Daily,TF7 4DT,Telford,1000
2026-07-20,Mon,Daily,TF3 2NQ,Telford,1000
2026-07-20,Mon,Daily,SN3 3AR,Swindon (Swindon),1000
2026-07-20,Mon,Daily,SN15 2NQ,Chippenham (Wiltshire),1000
2026-07-20,Mon,Daily,S36 6EQ,Penistone,1000
2026-07-20,Mon,Daily,PE10 0GD,Bourne,1000
2026-07-20,Mon,Daily,PA18 6BE,Wemyss Bay,1000
2026-07-20,Mon,Daily,NR23 1PT,Wells-next-the-Sea,1000
2026-07-20,Mon,Daily,NG17 2FN,Sutton in Ashfield,1000
2026-07-20,Mon,Daily,HU14 3SD,North Ferriby,1000
2026-07-20,Mon,Daily,FY5 1LJ,Blackpool,1000
2026-07-20,Mon,Daily,EH52 6UA,Broxburn (West Lothian),1000
2026-07-20,Mon,Daily,E17 5YF,Waltham Forest,1000
2026-07-20,Mon,Daily,DT11 7TX,Blandford Forum,1000
2026-07-20,Mon,Daily,DN33 2PH,Grimsby,1000
2026-07-20,Mon,Daily,DE5 3TH,Ripley (Amber Valley),1000
2026-07-20,Mon,Daily,CO7 6SN,East Bergholt,1000
2026-07-20,Mon,Daily,CF72 9HX,Llanharan and Brynna,1000
2026-07-19,Sun,Daily,TN1 2JY,Royal Tunbridge Wells,1000
2026-07-19,Sun,Daily,TF6 6AN,Telford,1000
2026-07-19,Sun,Daily,TA19 0LQ,Ilminster,1000
2026-07-19,Sun,Daily,PL25 3HX,St Austell,1000
2026-07-19,Sun,Daily,OX29 5SQ,Stanton Harcourt,1000
2026-07-19,Sun,Daily,NR29 4SR,Hemsby,1000
2026-07-19,Sun,Daily,NE40 3QB,Ryton,1000
2026-07-19,Sun,Daily,NE33 3DN,South Shields,1000
2026-07-19,Sun,Daily,NE26 4QZ,Seaton Sluice,1000
2026-07-19,Sun,Daily,ME3 8BS,Rochester,1000
2026-07-19,Sun,Daily,ME14 2JL,Maidstone,1000
2026-07-19,Sun,Daily,LA15 8TE,Dalton-in-Furness,1000
2026-07-19,Sun,Daily,KA1 4QH,Kilmarnock,1000
2026-07-19,Sun,Daily,FK2 0QH,Polmont,1000
2026-07-19,Sun,Daily,DY8 2AU,Stourbridge,1000
2026-07-19,Sun,Daily,DE65 5SF,Hilton (South Derbyshire),1000
2026-07-19,Sun,Daily,DE55 4GA,Somercotes and Swanwick,1000
2026-07-19,Sun,Daily,CO10 8PJ,Clare,1000
2026-07-19,Sun,Daily,B63 3TB,Halesowen,1000
2026-07-19,Sun,Daily,B60 2LL,Bromsgrove,1000
2026-07-18,Sat,Millionaire Street,LN8 2EX,Glentham,333333
2026-07-18,Sat,Daily,YO15 3JU,Bridlington,1000
2026-07-18,Sat,Daily,WR11 2PE,Evesham,1000
2026-07-18,Sat,Daily,TN15 6EA,West Kingsdown,1000
2026-07-18,Sat,Daily,TA13 5HP,South Petherton,1000
2026-07-18,Sat,Daily,ST5 2TB,Newcastle-under-Lyme,1000
2026-07-18,Sat,Daily,RM16 6NF,Chafford Hundred and West Thurrock,1000
2026-07-18,Sat,Daily,NG17 2JA,Sutton in Ashfield,1000
2026-07-18,Sat,Daily,NG12 4JB,Edwalton,1000
2026-07-18,Sat,Daily,NE62 5XR,Stakeford,1000
2026-07-18,Sat,Daily,LS17 9BS,Bardsey,1000
2026-07-18,Sat,Daily,DH7 9YN,Langley Park,1000
2026-07-18,Sat,Daily,DD3 9SF,Dundee,1000
2026-07-18,Sat,Daily,CO5 0DN,Tiptree,1000
2026-07-18,Sat,Daily,CM1 3LQ,Writtle,1000
2026-07-18,Sat,Daily,BS34 7HX,Filton,1000
2026-07-18,Sat,Daily,BR1 5QT,Lewisham,1000
2026-07-18,Sat,Daily,BL9 9BT,Bury (Bury),1000
2026-07-18,Sat,Daily,BD18 1JS,Shipley (Bradford),1000
2026-07-18,Sat,Daily,AB44 1ST,Macduff,1000
2026-07-18,Sat,Daily,AB42 3NE,Peterhead,1000
2026-07-17,Fri,Daily,WN3 6BD,Wigan,1000
2026-07-17,Fri,Daily,WF8 1DX,Pontefract,1000
2026-07-17,Fri,Daily,TN31 6HQ,Northiam,1000
2026-07-17,Fri,Daily,SY2 5LH,Shrewsbury,1000
2026-07-17,Fri,Daily,SA10 8AT,Neath,1000
2026-07-17,Fri,Daily,PE24 5FL,Chapel St Leonards,1000
2026-07-17,Fri,Daily,OX33 1AW,Wheatley,1000
2026-07-17,Fri,Daily,OX15 5QD,Hook Norton,1000
2026-07-17,Fri,Daily,NG2 6NE,West Bridgford,1000
2026-07-17,Fri,Daily,M40 7UA,Manchester,1000
2026-07-17,Fri,Daily,M28 3PD,Walkden,1000
2026-07-17,Fri,Daily,L36 3UU,Huyton with Roby,1000
2026-07-17,Fri,Daily,DY8 4BQ,Stourbridge,1000
2026-07-17,Fri,Daily,DN14 8PB,Rawcliffe,1000
2026-07-17,Fri,Daily,CR2 9DR,Croydon,1000
2026-07-17,Fri,Daily,BL6 4BA,Horwich,1000
2026-07-17,Fri,Daily,B97 6JF,Redditch,1000
2026-07-17,Fri,Daily,B92 8JA,Solihull,1000
2026-07-17,Fri,Daily,B70 0LG,West Bromwich,1000
2026-07-17,Fri,Daily,B26 1PJ,Birmingham,1000
2026-07-16,Thu,Daily,WV3 9AH,Wolverhampton,1000
2026-07-16,Thu,Daily,WR15 8PB,Tenbury Wells,1000
2026-07-16,Thu,Daily,TS27 4HY,Blackhall Colliery,1000
2026-07-16,Thu,Daily,TF13 6BF,Much Wenlock,1000
2026-07-16,Thu,Daily,ST2 0EB,Stoke-on-Trent,1000
2026-07-16,Thu,Daily,SO15 3JQ,Southampton,1000
2026-07-16,Thu,Daily,SL1 3PP,Slough,1000
2026-07-16,Thu,Daily,RG42 5AW,Binfield,1000
2026-07-16,Thu,Daily,PL9 9HU,Plymouth,1000
2026-07-16,Thu,Daily,NG17 5DN,Sutton in Ashfield,1000
2026-07-16,Thu,Daily,LS29 7RU,Burley in Wharfedale,1000
2026-07-16,Thu,Daily,GL6 0BA,Nailsworth,1000
2026-07-16,Thu,Daily,GL11 4AS,Dursley,1000
2026-07-16,Thu,Daily,DN12 1SE,Warmsworth,1000
2026-07-16,Thu,Daily,DL14 0AD,Bishop Auckland,1000
2026-07-16,Thu,Daily,CH8 8PW,Pentre Halkyn,1000
2026-07-16,Thu,Daily,CF39 0LT,Porth,1000
2026-07-16,Thu,Daily,CA2 7DJ,Carlisle,1000
2026-07-16,Thu,Daily,BS10 6PL,Bristol,1000
2026-07-16,Thu,Daily,BL6 5TY,Horwich,1000
2026-07-15,Wed,Daily,WR6 6PY,Worcester,1000
2026-07-15,Wed,Daily,UB3 1RL,Hillingdon,1000
2026-07-15,Wed,Daily,TQ3 1LS,Paignton,1000
2026-07-15,Wed,Daily,TA9 3QT,Highbridge,1000
2026-07-15,Wed,Daily,SY7 8LB,Clun,1000
2026-07-15,Wed,Daily,SW4 7BY,Lambeth,1000
2026-07-15,Wed,Daily,SN12 7GL,Melksham,1000
2026-07-15,Wed,Daily,SL6 7LG,Maidenhead,1000
2026-07-15,Wed,Daily,NE10 8SN,Gateshead,1000
2026-07-15,Wed,Daily,LS18 5LS,Leeds,1000
2026-07-15,Wed,Daily,HA3 7HU,Harrow,1000
2026-07-15,Wed,Daily,G83 9JF,Bonhill and Renton,1000
2026-07-15,Wed,Daily,E4 9EP,Waltham Forest,1000
2026-07-15,Wed,Daily,CW8 3HW,Weaverham,1000
2026-07-15,Wed,Daily,CW2 8PE,Crewe,1000
2026-07-15,Wed,Daily,CB22 5BE,Great Shelford and Stapleford,1000
2026-07-15,Wed,Daily,CA8 2EY,Brampton (Carlisle),1000
2026-07-15,Wed,Daily,BS3 5NN,Bristol,1000
2026-07-15,Wed,Daily,BN24 5GL,Stone Cross,1000
2026-07-15,Wed,Daily,B26 2PA,Birmingham,1000
2026-07-14,Tue,Daily,YO17 6RL,Malton,1000
2026-07-14,Tue,Daily,WR13 5AX,Great Malvern,1000
2026-07-14,Tue,Daily,WN5 7BZ,Billinge,1000
2026-07-14,Tue,Daily,TW14 9NU,Hounslow,1000
2026-07-14,Tue,Daily,TR7 2HN,Newquay,1000
2026-07-14,Tue,Daily,TF10 8NX,Edgmond,1000
2026-07-14,Tue,Daily,SW1V 2LE,City of Westminster,1000
2026-07-14,Tue,Daily,SG1 6HW,Stevenage,1000
2026-07-14,Tue,Daily,S72 8WB,Cudworth and Shafton,1000
2026-07-14,Tue,Daily,LN6 9UQ,North Hykeham,1000
2026-07-14,Tue,Daily,LL53 6PA,Nefyn,1000
2026-07-14,Tue,Daily,L40 4AH,Burscough,1000
2026-07-14,Tue,Daily,IV4 7DX,Beauly,1000
2026-07-14,Tue,Daily,IP28 6PP,Bury St Edmunds,1000
2026-07-14,Tue,Daily,GU22 0EH,Woking,1000
2026-07-14,Tue,Daily,CT12 4JB,Minster (Thanet),1000
2026-07-14,Tue,Daily,CA16 6RD,Appleby-in-Westmorland,1000
2026-07-14,Tue,Daily,BN8 4FF,Newick,1000
2026-07-14,Tue,Daily,BN5 9YG,Henfield,1000
2026-07-14,Tue,Daily,B32 1RB,Birmingham,1000
2026-07-13,Mon,Daily,YO25 9JY,Hutton Cranswick,1000
2026-07-13,Mon,Daily,WF3 2JX,East Ardsley,1000
2026-07-13,Mon,Daily,TS17 7JF,Thornaby-on-Tees,1000
2026-07-13,Mon,Daily,SW17 8RD,Wandsworth,1000
2026-07-13,Mon,Daily,SA19 9HT,Rhosmaen,1000
2026-07-13,Mon,Daily,PO9 1BA,Havant,1000
2026-07-13,Mon,Daily,PL2 3SD,Plymouth,1000
2026-07-13,Mon,Daily,OX12 9EA,Wantage,1000
2026-07-13,Mon,Daily,NR7 9QZ,Norwich,1000
2026-07-13,Mon,Daily,NE29 0SA,Tynemouth,1000
2026-07-13,Mon,Daily,L36 8AU,Huyton with Roby,1000
2026-07-13,Mon,Daily,GL7 3BP,Lechlade-on-Thames,1000
2026-07-13,Mon,Daily,G11 7DY,Glasgow,1000
2026-07-13,Mon,Daily,EX18 7RA,Chulmleigh,1000
2026-07-13,Mon,Daily,DH3 2JJ,Birtley,1000
2026-07-13,Mon,Daily,CW1 4QX,Crewe,1000
2026-07-13,Mon,Daily,CO2 8HQ,Colchester,1000
2026-07-13,Mon,Daily,BL0 9BU,Ramsbottom,1000
2026-07-13,Mon,Daily,BD16 1BU,Bingley,1000
2026-07-13,Mon,Daily,AB15 8LX,Aberdeen,1000
2026-07-12,Sun,Daily,WN3 6TT,Wigan,1000
2026-07-12,Sun,Daily,TW18 1LR,Staines-upon-Thames,1000
2026-07-12,Sun,Daily,TR6 0HH,Perranporth,1000
2026-07-12,Sun,Daily,SW11 4RB,Wandsworth,1000
2026-07-12,Sun,Daily,SR6 0DY,Sunderland,1000
2026-07-12,Sun,Daily,SE7 8PP,Greenwich,1000
2026-07-12,Sun,Daily,S62 5EW,Rawmarsh,1000
2026-07-12,Sun,Daily,NP11 7BX,Risca,1000
2026-07-12,Sun,Daily,NE26 3JF,Whitley Bay,1000
2026-07-12,Sun,Daily,LS12 5BR,Leeds,1000
2026-07-12,Sun,Daily,LL57 4RA,Bangor,1000
2026-07-12,Sun,Daily,LE11 2SN,Loughborough,1000
2026-07-12,Sun,Daily,G14 0JA,Glasgow,1000
2026-07-12,Sun,Daily,EH48 3RH,Armadale,1000
2026-07-12,Sun,Daily,CM3 3GU,Boreham,1000
2026-07-12,Sun,Daily,CA28 8XW,Whitehaven,1000
2026-07-12,Sun,Daily,BS15 1QZ,Kingswood and Fishponds,1000
2026-07-12,Sun,Daily,BD15 0EF,Wilsden,1000
2026-07-12,Sun,Daily,B13 9YB,Birmingham,1000
2026-07-12,Sun,Daily,AB55 5AA,Keith,1000
2026-07-11,Sat,Millionaire Street,PE13 5QH,Leverington,166666
2026-07-11,Sat,Daily,WS1 2NW,Walsall,1000
2026-07-11,Sat,Daily,WN5 9RY,Wigan,1000
2026-07-11,Sat,Daily,WA4 2NE,Warrington,1000
2026-07-11,Sat,Daily,TN15 6EU,West Kingsdown,1000
2026-07-11,Sat,Daily,ST1 5AY,Stoke-on-Trent,1000
2026-07-11,Sat,Daily,SA15 2PG,Llanelli,1000
2026-07-11,Sat,Daily,PO15 6RT,Fareham,1000
2026-07-11,Sat,Daily,PE15 8QA,March,1000
2026-07-11,Sat,Daily,LL11 6YW,Brynteg (Wrexham),1000
2026-07-11,Sat,Daily,HP5 3AF,Chesham,1000
2026-07-11,Sat,Daily,GL20 8NX,Tewkesbury,1000
2026-07-11,Sat,Daily,GL10 3XZ,Leonard Stanley and King's Stanley,1000
2026-07-11,Sat,Daily,FK7 0HB,Stirling,1000
2026-07-11,Sat,Daily,EH4 1JE,Edinburgh,1000
2026-07-11,Sat,Daily,DE75 7TX,Heanor,1000
2026-07-11,Sat,Daily,CB24 9JW,Histon and Impington,1000
2026-07-11,Sat,Daily,BS10 7HQ,Bristol,1000
2026-07-11,Sat,Daily,BR6 0BW,Bromley,1000
2026-07-11,Sat,Daily,BR3 5BE,Bromley,1000
2026-07-11,Sat,Daily,BA2 6NS,Bath,1000
2026-07-10,Fri,Daily,TN9 1UR,Tonbridge,1000
2026-07-10,Fri,Daily,SS15 6LX,Basildon,1000
2026-07-10,Fri,Daily,RH6 7BW,Horley (Reigate and Banstead),1000
2026-07-10,Fri,Daily,PR3 2NN,Longridge (Ribble Valley),1000
2026-07-10,Fri,Daily,PO7 8NB,Waterlooville,1000
2026-07-10,Fri,Daily,PE30 2BF,King's Lynn,1000
2026-07-10,Fri,Daily,OX27 7JR,Ardley and Fewcott,1000
2026-07-10,Fri,Daily,OL12 6NH,Rochdale,1000
2026-07-10,Fri,Daily,NE20 0JD,Ponteland,1000
2026-07-10,Fri,Daily,M34 7WP,Denton (Tameside),1000
2026-07-10,Fri,Daily,M27 0ED,Swinton (Salford),1000
2026-07-10,Fri,Daily,LL18 4JG,Rhyl,1000
2026-07-10,Fri,Daily,LE13 0DU,Melton Mowbray,1000
2026-07-10,Fri,Daily,L32 0UF,Kirkby,1000
2026-07-10,Fri,Daily,GL3 4UQ,Brockworth,1000
2026-07-10,Fri,Daily,FK9 5HD,Stirling,1000
2026-07-10,Fri,Daily,EX20 4LF,Okehampton,1000
2026-07-10,Fri,Daily,DE21 6WJ,Derby,1000
2026-07-10,Fri,Daily,BS4 2SR,Bristol,1000
2026-07-10,Fri,Daily,BD18 1EX,Shipley (Bradford),1000
2026-07-09,Thu,Daily,WV15 6PE,Bridgnorth,1000
2026-07-09,Thu,Daily,WN1 2RS,Wigan,1000
2026-07-09,Thu,Daily,TN16 3FL,Bromley,1000
2026-07-09,Thu,Daily,SO45 4AJ,Hythe and Dibden Purlieu,1000
2026-07-09,Thu,Daily,SK6 8DX,High Lane,1000
2026-07-09,Thu,Daily,SE13 7LH,Lewisham,1000
2026-07-09,Thu,Daily,RG5 4HQ,Woodley,1000
2026-07-09,Thu,Daily,PE10 0XP,Bourne,1000
2026-07-09,Thu,Daily,NR29 3QJ,Ormesby St Margaret,1000
2026-07-09,Thu,Daily,NN1 2SH,Northampton,1000
2026-07-09,Thu,Daily,ME20 6RZ,Larkfield,1000
2026-07-09,Thu,Daily,LL19 7UH,Prestatyn,1000
2026-07-09,Thu,Daily,IP6 0DZ,Claydon,1000
2026-07-09,Thu,Daily,HU6 9SH,Kingston upon Hull,1000
2026-07-09,Thu,Daily,HD8 0QN,Lepton,1000
2026-07-09,Thu,Daily,HD7 6LD,Marsden,1000
2026-07-09,Thu,Daily,DH6 1LT,Sherburn (County Durham),1000
2026-07-09,Thu,Daily,CM3 5JP,South Woodham Ferrers,1000
2026-07-09,Thu,Daily,BH15 4NL,Poole,1000
2026-07-09,Thu,Daily,AB25 2EF,Aberdeen,1000
2026-07-08,Wed,Daily,WR10 3AE,Eckington (Wychavon),1000
2026-07-08,Wed,Daily,WN3 6AB,Wigan,1000
2026-07-08,Wed,Daily,SK7 5AB,Hazel Grove,1000
2026-07-08,Wed,Daily,PE32 1TY,Gayton (King's Lynn and West Norfolk),1000
2026-07-08,Wed,Daily,PE13 5JG,Leverington,1000
2026-07-08,Wed,Daily,PA16 8QY,Greenock,1000
2026-07-08,Wed,Daily,OL5 9DW,Mossley,1000
2026-07-08,Wed,Daily,NG7 6HP,Nottingham,1000
2026-07-08,Wed,Daily,LS15 8NF,Leeds,1000
2026-07-08,Wed,Daily,LN12 2AF,Sutton on Sea and Trusthorpe,1000
2026-07-08,Wed,Daily,LE67 8LF,Whitwick,1000
2026-07-08,Wed,Daily,IG7 4NY,Redbridge,1000
2026-07-08,Wed,Daily,GU33 7QP,Liss,1000
2026-07-08,Wed,Daily,EH10 5AX,Edinburgh,1000
2026-07-08,Wed,Daily,DA4 9BU,South Darenth and Sutton at Hone,1000
2026-07-08,Wed,Daily,CT16 3HR,Whitfield (Dover),1000
2026-07-08,Wed,Daily,CR0 6RT,Croydon,1000
2026-07-08,Wed,Daily,CM17 0GS,Harlow,1000
2026-07-08,Wed,Daily,CF31 4DB,Bridgend,1000
2026-07-08,Wed,Daily,BB12 9QJ,Fence,1000
2026-07-07,Tue,Daily,WN6 8NY,Wigan,1000
2026-07-07,Tue,Daily,TN28 8RZ,New Romney,1000
2026-07-07,Tue,Daily,SY3 7TP,Shrewsbury,1000
2026-07-07,Tue,Daily,ST5 8QN,Newcastle-under-Lyme,1000
2026-07-07,Tue,Daily,SA73 1DT,Neyland,1000
2026-07-07,Tue,Daily,RM6 6XA,Barking and Dagenham,1000
2026-07-07,Tue,Daily,RM1 1EN,Havering,1000
2026-07-07,Tue,Daily,PO33 4EZ,Wootton (Isle of Wight),1000
2026-07-07,Tue,Daily,PE15 9QY,March,1000
2026-07-07,Tue,Daily,PA2 8NX,Paisley,1000
2026-07-07,Tue,Daily,OX26 5AA,Launton,1000
2026-07-07,Tue,Daily,OX12 0BZ,Grove (Vale of White Horse),1000
2026-07-07,Tue,Daily,N17 7AR,Haringey,1000
2026-07-07,Tue,Daily,LE4 8HG,Thurmaston,1000
2026-07-07,Tue,Daily,EX2 9NP,Exeter,1000
2026-07-07,Tue,Daily,DA10 1EA,Ebbsfleet Valley,1000
2026-07-07,Tue,Daily,CV10 0TJ,Nuneaton,1000
2026-07-07,Tue,Daily,CM0 7LG,Southminster,1000
2026-07-07,Tue,Daily,BN22 8LR,Eastbourne,1000
2026-07-07,Tue,Daily,AL2 1RQ,London Colney,1000
2026-07-06,Mon,Daily,WN2 3SQ,Hindley,1000
2026-07-06,Mon,Daily,WA16 0GY,Knutsford,1000
2026-07-06,Mon,Daily,TS24 9LS,Hartlepool,1000
2026-07-06,Mon,Daily,ST15 8SY,Stone (Stafford),1000
2026-07-06,Mon,Daily,SE6 2HH,Lewisham,1000
2026-07-06,Mon,Daily,SA1 6SN,Swansea,1000
2026-07-06,Mon,Daily,RG42 3XZ,Bracknell,1000
2026-07-06,Mon,Daily,NP10 8QH,Newport (Newport),1000
2026-07-06,Mon,Daily,NN13 5GW,Brackley,1000
2026-07-06,Mon,Daily,NG6 8BQ,Nottingham,1000
2026-07-06,Mon,Daily,M18 8TB,Manchester,1000
2026-07-06,Mon,Daily,LN8 5JD,Wragby,1000
2026-07-06,Mon,Daily,GU16 8PS,Frimley,1000
2026-07-06,Mon,Daily,G41 5AX,Glasgow,1000
2026-07-06,Mon,Daily,DN5 9QW,Bentley (Doncaster),1000
2026-07-06,Mon,Daily,DD6 8NB,Newport-on-Tay,1000
2026-07-06,Mon,Daily,CV8 2QH,Kenilworth,1000
2026-07-06,Mon,Daily,BB12 6LY,Burnley,1000
2026-07-06,Mon,Daily,B30 3BN,Birmingham,1000
2026-07-06,Mon,Daily,AB15 9PT,Cults,1000
2026-07-05,Sun,Daily,YO26 6JY,Upper Poppleton,1000
2026-07-05,Sun,Daily,TR16 5SZ,St Day,1000
2026-07-05,Sun,Daily,RH19 1BT,East Grinstead,1000
2026-07-05,Sun,Daily,RG2 6AS,Reading,1000
2026-07-05,Sun,Daily,PO33 1TR,Ryde,1000
2026-07-05,Sun,Daily,NG4 2GF,Carlton (Gedling),1000
2026-07-05,Sun,Daily,ME14 1BX,Maidstone,1000
2026-07-05,Sun,Daily,M25 1NL,Prestwich,1000
2026-07-05,Sun,Daily,LL19 9DN,Prestatyn,1000
2026-07-05,Sun,Daily,IP22 1DX,Rickinghall and Botesdale,1000
2026-07-05,Sun,Daily,HA5 4HP,Harrow,1000
2026-07-05,Sun,Daily,G20 8HW,Glasgow,1000
2026-07-05,Sun,Daily,FY8 4BW,Lytham St Anne's,1000
2026-07-05,Sun,Daily,CT21 5HX,Hythe,1000
2026-07-05,Sun,Daily,CF82 8EX,Pen-pedair-heol,1000
2026-07-05,Sun,Daily,BN11 4PZ,Worthing,1000
2026-07-05,Sun,Daily,BN1 5ES,Brighton and Hove,1000
2026-07-05,Sun,Daily,BB9 6LW,Barrowford,1000
2026-07-05,Sun,Daily,AL6 0DJ,Oaklands,1000
2026-07-05,Sun,Daily,AB22 8BG,Aberdeen,1000
2026-07-04,Sat,Millionaire Street,BA11 2LN,Frome,333333
2026-07-04,Sat,Daily,TA4 4TE,Williton,1000
2026-07-04,Sat,Daily,SW15 1LA,Wandsworth,1000
2026-07-04,Sat,Daily,ST14 5JY,Rocester,1000
2026-07-04,Sat,Daily,SO21 1UU,Colden Common,1000
2026-07-04,Sat,Daily,SA33 6JG,Carmarthen,1000
2026-07-04,Sat,Daily,SA33 4SY,St Clears,1000
2026-07-04,Sat,Daily,RM5 2QA,Havering,1000
2026-07-04,Sat,Daily,RH4 3QY,Dorking,1000
2026-07-04,Sat,Daily,PA2 7TP,Paisley,1000
2026-07-04,Sat,Daily,LL14 2AD,Rhosllannerchrugog,1000
2026-07-04,Sat,Daily,LE4 7RL,Leicester,1000
2026-07-04,Sat,Daily,LA18 5HP,Millom,1000
2026-07-04,Sat,Daily,KA15 2EU,Beith,1000
2026-07-04,Sat,Daily,HU11 5JF,Skirlaugh,1000
2026-07-04,Sat,Daily,HD8 0TQ,Lepton,1000
2026-07-04,Sat,Daily,DH8 8TR,Consett,1000
2026-07-04,Sat,Daily,DE11 0XW,Swadlincote,1000
2026-07-04,Sat,Daily,CV10 0UT,Nuneaton,1000
2026-07-04,Sat,Daily,CF3 0JW,Cardiff,1000
2026-07-04,Sat,Daily,BR8 7XW,Swanley,1000
2026-07-03,Fri,Street Prize,SN10 3HR,Devizes,30000
2026-07-03,Fri,Daily,TQ5 9GU,Brixham,1000
2026-07-03,Fri,Daily,RM14 3UT,Havering,1000
2026-07-03,Fri,Daily,NG18 5GZ,Mansfield,1000
2026-07-03,Fri,Daily,NG13 8AL,Bingham,1000
2026-07-03,Fri,Daily,NE6 4JA,Newcastle upon Tyne,1000
2026-07-03,Fri,Daily,N1 3JF,Islington,1000
2026-07-03,Fri,Daily,M9 7SS,Manchester,1000
2026-07-03,Fri,Daily,M9 4EG,Manchester,1000
2026-07-03,Fri,Daily,KT15 1SW,Addlestone,1000
2026-07-03,Fri,Daily,KA11 1DY,Irvine,1000
2026-07-03,Fri,Daily,HG1 2AP,Harrogate,1000
2026-07-03,Fri,Daily,DT11 7JU,Blandford Forum,1000
2026-07-03,Fri,Daily,DG1 2DS,Dumfries,1000
2026-07-03,Fri,Daily,DE11 0XS,Swadlincote,1000
2026-07-03,Fri,Daily,DA1 5QW,Dartford,1000
2026-07-03,Fri,Daily,CH43 0TT,Birkenhead,1000
2026-07-03,Fri,Daily,BA3 3XA,Radstock,1000
2026-07-03,Fri,Daily,BA21 3JE,Yeovil,1000
2026-07-03,Fri,Daily,BA14 6DT,Trowbridge,1000
2026-07-03,Fri,Daily,AL3 6DU,St Albans,1000
2026-07-02,Thu,Street Prize,L23 7TZ,Crosby (Sefton),30000
2026-07-02,Thu,Daily,YO14 0NL,Filey,1000
2026-07-02,Thu,Daily,WA8 8AP,Widnes,1000
2026-07-02,Thu,Daily,TW19 5AJ,Old Windsor and Wraysbury,1000
2026-07-02,Thu,Daily,TN29 9HE,Lydd,1000
2026-07-02,Thu,Daily,TF2 7HX,Telford,1000
2026-07-02,Thu,Daily,TF10 9DS,Newport (Telford and Wrekin),1000
2026-07-02,Thu,Daily,SK11 7TQ,Macclesfield,1000
2026-07-02,Thu,Daily,PR3 0BL,Catterall,1000
2026-07-02,Thu,Daily,PR2 2HH,Preston (Preston),1000
2026-07-02,Thu,Daily,PE27 3WT,St Ives (Huntingdonshire),1000
2026-07-02,Thu,Daily,PE13 5SA,Leverington,1000
2026-07-02,Thu,Daily,NR32 2NG,Lowestoft,1000
2026-07-02,Thu,Daily,NN10 9RS,Rushden,1000
2026-07-02,Thu,Daily,LE7 7NH,Anstey,1000
2026-07-02,Thu,Daily,IP8 4HR,Bramford,1000
2026-07-02,Thu,Daily,E3 2AN,Tower Hamlets,1000
2026-07-02,Thu,Daily,CT14 7SN,Deal,1000
2026-07-02,Thu,Daily,CO10 7EY,Glemsford,1000
2026-07-02,Thu,Daily,BL1 8PW,Bolton (Bolton),1000
2026-07-02,Thu,Daily,B63 3LJ,Halesowen,1000
2026-07-01,Wed,Street Prize,BR2 7JR,Bromley,30000
2026-07-01,Wed,Daily,YO43 3EJ,Market Weighton,1000
2026-07-01,Wed,Daily,YO12 4LZ,Scarborough,1000
2026-07-01,Wed,Daily,WS3 1RT,Bloxwich,1000
2026-07-01,Wed,Daily,WA4 3AG,Warrington,1000
2026-07-01,Wed,Daily,TR1 1BH,Truro,1000
2026-07-01,Wed,Daily,SS17 8ES,Stanford-le-Hope,1000
2026-07-01,Wed,Daily,SR2 7JG,Sunderland,1000
2026-07-01,Wed,Daily,SN25 4GB,Swindon (Swindon),1000
2026-07-01,Wed,Daily,S66 7BB,Maltby,1000
2026-07-01,Wed,Daily,PA5 9BS,Elderslie,1000
2026-07-01,Wed,Daily,OL11 5SD,Rochdale,1000
2026-07-01,Wed,Daily,N6 4BA,Haringey,1000
2026-07-01,Wed,Daily,LN12 1NB,Mablethorpe,1000
2026-07-01,Wed,Daily,LL12 9LE,Hope (Flintshire),1000
2026-07-01,Wed,Daily,KW17 2AS,Kirkwall,1000
2026-07-01,Wed,Daily,FK14 7AP,Dollar,1000
2026-07-01,Wed,Daily,DT2 8GS,Crossways,1000
2026-07-01,Wed,Daily,CV6 6JN,Coventry,1000
2026-07-01,Wed,Daily,BD8 7SE,Bradford,1000
2026-07-01,Wed,Daily,BA14 0DQ,Trowbridge,1000
2026-06-30,Tue,Street Prize,HP21 7AL,Aylesbury,30000
2026-06-30,Tue,Daily,YO16 7HS,Bridlington,1000
2026-06-30,Tue,Daily,WV6 9NU,Wolverhampton,1000
2026-06-30,Tue,Daily,WV15 5DR,Bridgnorth,1000
2026-06-30,Tue,Daily,TS10 2NQ,Redcar,1000
2026-06-30,Tue,Daily,TN31 7PJ,Rye,1000
2026-06-30,Tue,Daily,SL5 9PL,Ascot,1000
2026-06-30,Tue,Daily,NG17 1AD,Sutton in Ashfield,1000
2026-06-30,Tue,Daily,ME15 7DN,Maidstone,1000
2026-06-30,Tue,Daily,LL28 4HS,Colwyn Bay,1000
2026-06-30,Tue,Daily,HR1 1EH,Hereford,1000
2026-06-30,Tue,Daily,G81 4AD,Clydebank,1000
2026-06-30,Tue,Daily,G52 1LA,Glasgow,1000
2026-06-30,Tue,Daily,DH4 5FB,Houghton-le-Spring,1000
2026-06-30,Tue,Daily,CV5 6EL,Coventry,1000
2026-06-30,Tue,Daily,CH7 6RA,Mynydd Isa,1000
2026-06-30,Tue,Daily,CH66 3RQ,Ellesmere Port,1000
2026-06-30,Tue,Daily,CF40 2PD,Tonypandy,1000
2026-06-30,Tue,Daily,CA10 3NG,Shap,1000
2026-06-30,Tue,Daily,BN26 6BT,Polegate,1000
2026-06-30,Tue,Daily,BD6 3QZ,Bradford,1000
2026-06-29,Mon,Street Prize,NR29 5EG,Ludham,30000
2026-06-29,Mon,Daily,TS10 1PG,Redcar,1000
2026-06-29,Mon,Daily,SA43 2BB,Aberporth,1000
2026-06-29,Mon,Daily,S71 1JR,Barnsley,1000
2026-06-29,Mon,Daily,S20 2QN,Sheffield,1000
2026-06-29,Mon,Daily,PO14 4JP,Locks Heath,1000
2026-06-29,Mon,Daily,PL5 1AP,Plymouth,1000
2026-06-29,Mon,Daily,OL5 9JT,Mossley,1000
2026-06-29,Mon,Daily,NP44 3PF,Cwmbrân,1000
2026-06-29,Mon,Daily,NN15 6XD,Kettering,1000
2026-06-29,Mon,Daily,LU2 9JU,Luton,1000
2026-06-29,Mon,Daily,LE67 5AT,Whitwick,1000
2026-06-29,Mon,Daily,LE67 1TG,Ellistown,1000
2026-06-29,Mon,Daily,LE11 4QA,Loughborough,1000
2026-06-29,Mon,Daily,HA2 9LA,Harrow,1000
2026-06-29,Mon,Daily,DN2 6NF,Doncaster,1000
2026-06-29,Mon,Daily,DN14 5HD,Goole,1000
2026-06-29,Mon,Daily,DA7 6JQ,Bexley,1000
2026-06-29,Mon,Daily,BS20 8HD,Portishead,1000
2026-06-29,Mon,Daily,BN2 8SE,Brighton and Hove,1000
2026-06-29,Mon,Daily,BH15 1LX,Poole,1000
2026-06-28,Sun,Street Prize,G1 5HX,Glasgow,30000
2026-06-28,Sun,Daily,WR14 4NB,Great Malvern,1000
2026-06-28,Sun,Daily,WA5 9SD,Warrington,1000
2026-06-28,Sun,Daily,SW17 8HX,Wandsworth,1000
2026-06-28,Sun,Daily,SN12 6ST,Melksham,1000
2026-06-28,Sun,Daily,SK9 2LZ,Wilmslow,1000
2026-06-28,Sun,Daily,S60 3NU,Rotherham,1000
2026-06-28,Sun,Daily,RH10 7TP,Crawley (Crawley),1000
2026-06-28,Sun,Daily,PH16 5FN,Pitlochry,1000
2026-06-28,Sun,Daily,OX29 4DP,Eynsham,1000
2026-06-28,Sun,Daily,M19 2UB,Manchester,1000
2026-06-28,Sun,Daily,HG2 8AY,Harrogate,1000
2026-06-28,Sun,Daily,G1 1LQ,Glasgow,1000
2026-06-28,Sun,Daily,EH6 6QR,Edinburgh,1000
2026-06-28,Sun,Daily,E14 3BG,Tower Hamlets,1000
2026-06-28,Sun,Daily,E11 4PY,Waltham Forest,1000
2026-06-28,Sun,Daily,CA7 8DS,Caldbeck,1000
2026-06-28,Sun,Daily,BS37 6EY,Chipping Sodbury,1000
2026-06-28,Sun,Daily,BS21 7TR,Clevedon,1000
2026-06-28,Sun,Daily,BB6 8ER,Langho,1000
2026-06-28,Sun,Daily,B67 6LF,Smethwick,1000
2026-06-27,Sat,Street Prize,BH6 5RB,Bournemouth,30000
2026-06-27,Sat,Millionaire Street,YO30 2AS,Newton-on-Ouse,250000
2026-06-27,Sat,Daily,YO42 2RL,Pocklington,1000
2026-06-27,Sat,Daily,WS12 4GJ,Cannock,1000
2026-06-27,Sat,Daily,TQ6 9JN,Dartmouth,1000
2026-06-27,Sat,Daily,TA20 4AJ,Winsham,1000
2026-06-27,Sat,Daily,ST13 5JF,Leek,1000
2026-06-27,Sat,Daily,SL6 7SZ,Maidenhead,1000
2026-06-27,Sat,Daily,SA1 6XW,Swansea,1000
2026-06-27,Sat,Daily,RG42 2QF,Bracknell,1000
2026-06-27,Sat,Daily,PO30 2EL,Newport (Isle of Wight),1000
2026-06-27,Sat,Daily,PO13 8LU,Gosport,1000
2026-06-27,Sat,Daily,PE36 5DB,Hunstanton,1000
2026-06-27,Sat,Daily,NR15 1DD,Newton Flotman,1000
2026-06-27,Sat,Daily,LS27 0JY,Morley (Leeds),1000
2026-06-27,Sat,Daily,LS20 8JY,Guiseley,1000
2026-06-27,Sat,Daily,KT11 3NF,Cobham (Elmbridge),1000
2026-06-27,Sat,Daily,GU21 4LR,Woking,1000
2026-06-27,Sat,Daily,EN2 6HT,Enfield,1000
2026-06-27,Sat,Daily,CW11 1HU,Sandbach,1000
2026-06-27,Sat,Daily,BS40 8AH,Chew Magna,1000
2026-06-27,Sat,Daily,BH24 2JL,Ashley Heath,1000
2026-06-26,Fri,Street Prize,MK3 7RL,Bletchley,30000
2026-06-26,Fri,Daily,SY21 9DT,Guilsfield,1000
2026-06-26,Fri,Daily,SS9 4PH,Southend-on-Sea,1000
2026-06-26,Fri,Daily,SR8 2QB,Peterlee,1000
2026-06-26,Fri,Daily,SA62 4HW,Hook (Pembrokeshire),1000
2026-06-26,Fri,Daily,RG27 0BQ,Sherfield on Loddon,1000
2026-06-26,Fri,Daily,PE6 8LJ,Market Deeping,1000
2026-06-26,Fri,Daily,PE19 1SA,St Neots,1000
2026-06-26,Fri,Daily,NP12 3HE,Blackwood,1000
2026-06-26,Fri,Daily,LS16 9DH,Bramhope,1000
2026-06-26,Fri,Daily,LS13 2RY,Leeds,1000
2026-06-26,Fri,Daily,HU15 1UA,Brough (East Riding of Yorkshire),1000
2026-06-26,Fri,Daily,HU13 0JT,Hessle,1000
2026-06-26,Fri,Daily,DL17 9LZ,Cornforth,1000
2026-06-26,Fri,Daily,DD9 7YU,Brechin,1000
2026-06-26,Fri,Daily,DA15 9AX,Bexley,1000
2026-06-26,Fri,Daily,CM17 0HN,Harlow,1000
2026-06-26,Fri,Daily,CH65 9HX,Ellesmere Port,1000
2026-06-26,Fri,Daily,CH62 1HJ,Bebington,1000
2026-06-26,Fri,Daily,B76 1GD,Royal Sutton Coldfield,1000
2026-06-26,Fri,Daily,AB25 2NH,Aberdeen,1000
2026-06-25,Thu,Street Prize,NG31 8LX,Grantham,30000
2026-06-25,Thu,Daily,SE13 6ES,Lewisham,1000
2026-06-25,Thu,Daily,SA43 3EW,St Dogmaels,1000
2026-06-25,Thu,Daily,RM16 2PA,Grays,1000
2026-06-25,Thu,Daily,PO10 8NJ,Southbourne,1000
2026-06-25,Thu,Daily,PE14 8RU,Upwell and Outwell,1000
2026-06-25,Thu,Daily,PA19 1JB,Gourock,1000
2026-06-25,Thu,Daily,NR9 4PY,Hingham,1000
2026-06-25,Thu,Daily,NP23 7SX,Cwm,1000
2026-06-25,Thu,Daily,MK41 9BW,Bedford,1000
2026-06-25,Thu,Daily,LU3 1RZ,Luton,1000
2026-06-25,Thu,Daily,HU12 8LY,Hedon,1000
2026-06-25,Thu,Daily,HR4 9NF,Hereford,1000
2026-06-25,Thu,Daily,HA8 5LH,Harrow,1000
2026-06-25,Thu,Daily,G64 2LA,Bishopbriggs,1000
2026-06-25,Thu,Daily,FK1 5NT,Falkirk,1000
2026-06-25,Thu,Daily,CM7 4FQ,Great Bardfield,1000
2026-06-25,Thu,Daily,CH3 6PG,Chester,1000
2026-06-25,Thu,Daily,CB10 2PL,Saffron Walden,1000
2026-06-25,Thu,Daily,B37 7UG,Birmingham,1000
2026-06-25,Thu,Daily,B16 0DQ,Birmingham,1000
2026-06-24,Wed,Street Prize,TS21 1GA,Stillington (Stockton-on-Tees),30000
2026-06-24,Wed,Daily,YO21 2BE,Castleton (Scarborough),1000
2026-06-24,Wed,Daily,YO14 0AF,Filey,1000
2026-06-24,Wed,Daily,TS21 1EJ,Stillington (Stockton-on-Tees),1000
2026-06-24,Wed,Daily,TN18 4NE,Hawkhurst,1000
2026-06-24,Wed,Daily,SW1X 9DX,Kensington and Chelsea,1000
2026-06-24,Wed,Daily,SS17 9FP,Stanford-le-Hope,1000
2026-06-24,Wed,Daily,SE8 3DD,Greenwich,1000
2026-06-24,Wed,Daily,SE18 5HD,Greenwich,1000
2026-06-24,Wed,Daily,PO22 8DU,Bognor Regis,1000
2026-06-24,Wed,Daily,PL26 7EL,St Stephen,1000
2026-06-24,Wed,Daily,PA31 8ZT,Ceann Loch Gilb,1000
2026-06-24,Wed,Daily,NG12 3NS,Cotgrave,1000
2026-06-24,Wed,Daily,MK46 4HS,Olney,1000
2026-06-24,Wed,Daily,LL22 8DS,Llanddulas,1000
2026-06-24,Wed,Daily,L39 4AD,Ormskirk,1000
2026-06-24,Wed,Daily,L32 9SG,Kirkby,1000
2026-06-24,Wed,Daily,KA1 2NZ,Kilmarnock,1000
2026-06-24,Wed,Daily,EH42 1FP,Dunbar,1000
2026-06-24,Wed,Daily,E10 5BS,Waltham Forest,1000
2026-06-24,Wed,Daily,CW2 6QR,Crewe,1000
2026-06-23,Tue,Street Prize,M3 6WP,Salford,30000
2026-06-23,Tue,Daily,WN4 0QW,Ashton-in-Makerfield,1000
2026-06-23,Tue,Daily,SY8 3RA,Cleehill,1000
2026-06-23,Tue,Daily,ST3 3EF,Stoke-on-Trent,1000
2026-06-23,Tue,Daily,SE18 4GW,Greenwich,1000
2026-06-23,Tue,Daily,S5 7AX,Sheffield,1000
2026-06-23,Tue,Daily,OX26 3ZP,Bicester,1000
2026-06-23,Tue,Daily,M13 0LE,Manchester,1000
2026-06-23,Tue,Daily,LN5 7TF,Lincoln,1000
2026-06-23,Tue,Daily,LD3 8PS,Brecon,1000
2026-06-23,Tue,Daily,L13 9AH,Liverpool,1000
2026-06-23,Tue,Daily,KT2 5BD,Kingston upon Thames,1000
2026-06-23,Tue,Daily,IP20 0JB,Harleston,1000
2026-06-23,Tue,Daily,FY4 3EY,Blackpool,1000
2026-06-23,Tue,Daily,EX32 7ED,Barnstaple,1000
2026-06-23,Tue,Daily,EH4 7PG,Edinburgh,1000
2026-06-23,Tue,Daily,DY13 0RF,Stourport-on-Severn,1000
2026-06-23,Tue,Daily,DN12 4BX,Denaby Main,1000
2026-06-23,Tue,Daily,BD17 5TW,Baildon,1000
2026-06-23,Tue,Daily,BB10 4SJ,Burnley,1000
2026-06-23,Tue,Daily,B77 2PH,Tamworth,1000
2026-06-22,Mon,Street Prize,SM2 7NS,Sutton (Sutton),30000
2026-06-22,Mon,Daily,TA5 1DS,Nether Stowey,1000
2026-06-22,Mon,Daily,SS8 8LP,Canvey Island,1000
2026-06-22,Mon,Daily,SN3 4XA,Stratton St Margaret,1000
2026-06-22,Mon,Daily,SK13 6PG,Glossop,1000
2026-06-22,Mon,Daily,SA61 1PX,Haverfordwest,1000
2026-06-22,Mon,Daily,S36 9RN,Thurlstone,1000
2026-06-22,Mon,Daily,PE30 2EF,King's Lynn,1000
2026-06-22,Mon,Daily,M45 7EU,Whitefield,1000
2026-06-22,Mon,Daily,M25 1FS,Prestwich,1000
2026-06-22,Mon,Daily,KT6 7SD,Kingston upon Thames,1000
2026-06-22,Mon,Daily,GU52 6AL,Fleet,1000
2026-06-22,Mon,Daily,DH5 9RW,Hetton-le-Hole,1000
2026-06-22,Mon,Daily,DE55 7LA,Alfreton,1000
2026-06-22,Mon,Daily,DA16 3DB,Bexley,1000
2026-06-22,Mon,Daily,CM3 6JJ,Althorne,1000
2026-06-22,Mon,Daily,CF71 7GG,Cowbridge,1000
2026-06-22,Mon,Daily,BS48 4YJ,Nailsea,1000
2026-06-22,Mon,Daily,BH24 3ER,Ringwood,1000
2026-06-22,Mon,Daily,B91 2EE,Solihull,1000
2026-06-22,Mon,Daily,AB32 6HW,Westhill,1000
2026-06-21,Sun,Street Prize,LE2 2LQ,Leicester,30000
2026-06-21,Sun,Daily,WF4 4TB,Middlestown and Overton,1000
2026-06-21,Sun,Daily,UB8 2BW,Hillingdon,1000
2026-06-21,Sun,Daily,TN31 7EL,Rye,1000
2026-06-21,Sun,Daily,TF3 1NS,Telford,1000
2026-06-21,Sun,Daily,SN4 0BS,Chiseldon,1000
2026-06-21,Sun,Daily,SN10 4EB,Market Lavington,1000
2026-06-21,Sun,Daily,RM10 8UH,Barking and Dagenham,1000
2026-06-21,Sun,Daily,OX17 1NR,Cropredy,1000
2026-06-21,Sun,Daily,OL16 4UU,Rochdale,1000
2026-06-21,Sun,Daily,ME3 9JB,Hoo St Werburgh,1000
2026-06-21,Sun,Daily,LL77 7SE,Llangefni,1000
2026-06-21,Sun,Daily,HU3 6AT,Kingston upon Hull,1000
2026-06-21,Sun,Daily,HU2 9BE,Kingston upon Hull,1000
2026-06-21,Sun,Daily,E5 9HY,Hackney,1000
2026-06-21,Sun,Daily,DY3 1UF,Sedgley,1000
2026-06-21,Sun,Daily,CM1 7AN,Chelmsford,1000
2026-06-21,Sun,Daily,CB9 7XG,Haverhill,1000
2026-06-21,Sun,Daily,BN17 6ED,Littlehampton,1000
2026-06-21,Sun,Daily,B77 2JW,Tamworth,1000
2026-06-21,Sun,Daily,B30 3NZ,Birmingham,1000
2026-06-20,Sat,Street Prize,TQ1 1TB,Torquay,30000
2026-06-20,Sat,Millionaire Street,SK14 4EQ,Hyde (Tameside),47619
2026-06-20,Sat,Daily,WF10 3PA,Castleford,1000
2026-06-20,Sat,Daily,WD18 7RS,Watford (Watford),1000
2026-06-20,Sat,Daily,TQ9 6NJ,Stoke Gabriel,1000
2026-06-20,Sat,Daily,SY10 9DZ,Morda,1000
2026-06-20,Sat,Daily,SE23 2HP,Lewisham,1000
2026-06-20,Sat,Daily,RM1 4AX,Havering,1000
2026-06-20,Sat,Daily,OX12 0QH,Grove (Vale of White Horse),1000
2026-06-20,Sat,Daily,NE30 4AH,Tynemouth,1000
2026-06-20,Sat,Daily,MK40 4AS,Bedford,1000
2026-06-20,Sat,Daily,M26 2TZ,Radcliffe,1000
2026-06-20,Sat,Daily,LE10 2HQ,Hinckley,1000
2026-06-20,Sat,Daily,IV15 9NB,Dingwall,1000
2026-06-20,Sat,Daily,GL19 3NF,Huntley,1000
2026-06-20,Sat,Daily,EX7 0LX,Dawlish,1000
2026-06-20,Sat,Daily,EH26 0BJ,Penicuik,1000
2026-06-20,Sat,Daily,E5 8NB,Hackney,1000
2026-06-20,Sat,Daily,DY12 3BN,Kidderminster,1000
2026-06-20,Sat,Daily,CT13 0LL,Eastry,1000
2026-06-20,Sat,Daily,CO14 8SP,Walton-on-the-Naze,1000
2026-06-20,Sat,Daily,B67 7BJ,Smethwick,1000
2026-06-19,Fri,Street Prize,PR7 5AN,Eccleston,30000
2026-06-19,Fri,Daily,UB8 3TT,Hillingdon,1000
2026-06-19,Fri,Daily,RH10 7BS,Crawley (Crawley),1000
2026-06-19,Fri,Daily,PL15 9LJ,Launceston,1000
2026-06-19,Fri,Daily,ML3 7BY,Hamilton,1000
2026-06-19,Fri,Daily,MK45 3NP,Wilstead,1000
2026-06-19,Fri,Daily,LS11 7NE,Leeds,1000
2026-06-19,Fri,Daily,LN5 0DS,Navenby,1000
2026-06-19,Fri,Daily,LE10 3GR,Hinckley,1000
2026-06-19,Fri,Daily,KT17 2NX,Worcester Park and Stoneleigh,1000
2026-06-19,Fri,Daily,HR1 3QN,Withington and White Stone,1000
2026-06-19,Fri,Daily,HP23 5FH,Tring,1000
2026-06-19,Fri,Daily,HP1 2PR,Hemel Hempstead,1000
2026-06-19,Fri,Daily,GU14 9PZ,Farnborough,1000
2026-06-19,Fri,Daily,CM24 8NH,Stansted Mountfitchet,1000
2026-06-19,Fri,Daily,CH41 3SG,Birkenhead,1000
2026-06-19,Fri,Daily,CF3 0QB,Cardiff,1000
2026-06-19,Fri,Daily,BN23 8NS,Eastbourne,1000
2026-06-19,Fri,Daily,BN11 5JT,Worthing,1000
2026-06-19,Fri,Daily,BD16 3DN,Bingley,1000
2026-06-19,Fri,Daily,B93 8TE,Knowle and Dorridge,1000
2026-06-18,Thu,Street Prize,LS24 9JR,Tadcaster,30000
2026-06-18,Thu,Daily,WV5 8DY,Wombourne,1000
2026-06-18,Thu,Daily,TR19 6DY,Mousehole,1000
2026-06-18,Thu,Daily,TQ13 9PQ,Bovey Tracey,1000
2026-06-18,Thu,Daily,SA44 4QD,Llandysul,1000
2026-06-18,Thu,Daily,S65 4EE,Thrybergh and Dalton,1000
2026-06-18,Thu,Daily,OX18 2LR,Bampton (West Oxfordshire),1000
2026-06-18,Thu,Daily,NN6 7SU,Long Buckby,1000
2026-06-18,Thu,Daily,NN4 0SR,Northampton,1000
2026-06-18,Thu,Daily,NE28 0QJ,Wallsend,1000
2026-06-18,Thu,Daily,N4 2FR,Hackney,1000
2026-06-18,Thu,Daily,M18 7SA,Manchester,1000
2026-06-18,Thu,Daily,KA25 7HN,Kilbirnie,1000
2026-06-18,Thu,Daily,IP1 6BQ,Ipswich,1000
2026-06-18,Thu,Daily,HX1 4NP,Halifax,1000
2026-06-18,Thu,Daily,HP4 1EA,Berkhamsted,1000
2026-06-18,Thu,Daily,DL1 5AP,Darlington,1000
2026-06-18,Thu,Daily,DH6 3QT,Wheatley Hill,1000
2026-06-18,Thu,Daily,DD8 2BT,Forfar,1000
2026-06-18,Thu,Daily,BS22 7YF,Weston-super-Mare,1000
2026-06-18,Thu,Daily,BR3 3EJ,Bromley,1000
2026-06-17,Wed,Street Prize,GU9 8UH,Farnham,30000
2026-06-17,Wed,Daily,WR2 4QX,Worcester,1000
2026-06-17,Wed,Daily,UB6 8PT,Ealing,1000
2026-06-17,Wed,Daily,UB6 0RQ,Ealing,1000
2026-06-17,Wed,Daily,SR3 2FT,Sunderland,1000
2026-06-17,Wed,Daily,SG8 5SU,Royston (North Hertfordshire),1000
2026-06-17,Wed,Daily,SE3 7AX,Greenwich,1000
2026-06-17,Wed,Daily,SA18 2EG,Ammanford,1000
2026-06-17,Wed,Daily,S66 7AJ,Maltby,1000
2026-06-17,Wed,Daily,RG41 5NA,Winnersh,1000
2026-06-17,Wed,Daily,RG23 7LN,Oakley (Basingstoke and Deane),1000
2026-06-17,Wed,Daily,PO40 9RR,Freshwater and Totland,1000
2026-06-17,Wed,Daily,NE61 6DB,Pegswood,1000
2026-06-17,Wed,Daily,NE26 4QZ,Seaton Sluice,1000
2026-06-17,Wed,Daily,M26 4DB,Radcliffe,1000
2026-06-17,Wed,Daily,LS15 4SY,Barwick in Elmet,1000
2026-06-17,Wed,Daily,KT12 3FD,Walton-on-Thames,1000
2026-06-17,Wed,Daily,DG2 7NZ,Dumfries,1000
2026-06-17,Wed,Daily,CW8 1QA,Northwich,1000
2026-06-17,Wed,Daily,CM17 0SE,Harlow,1000
2026-06-17,Wed,Daily,CF3 3BF,Cardiff,1000
2026-06-16,Tue,Street Prize,PA16 0UN,Greenock,30000
2026-06-16,Tue,Daily,YO26 5NU,York,1000
2026-06-16,Tue,Daily,WV1 3EG,Wolverhampton,1000
2026-06-16,Tue,Daily,WA6 7LQ,Frodsham,1000
2026-06-16,Tue,Daily,W5 3SR,Ealing,1000
2026-06-16,Tue,Daily,TS12 2ZT,Skelton (Redcar and Cleveland),1000
2026-06-16,Tue,Daily,SR7 9NJ,Murton (County Durham),1000
2026-06-16,Tue,Daily,SO41 5RY,Pilley,1000
2026-06-16,Tue,Daily,SA19 9SY,Rhosmaen,1000
2026-06-16,Tue,Daily,PO1 1JN,Portsmouth,1000
2026-06-16,Tue,Daily,ML9 2AG,Larkhall,1000
2026-06-16,Tue,Daily,M26 4LW,Radcliffe,1000
2026-06-16,Tue,Daily,LA18 4ND,Millom,1000
2026-06-16,Tue,Daily,G76 8SA,Glasgow,1000
2026-06-16,Tue,Daily,FY4 3LN,Blackpool,1000
2026-06-16,Tue,Daily,EX16 5AA,Tiverton,1000
2026-06-16,Tue,Daily,EN9 3FA,Waltham Abbey,1000
2026-06-16,Tue,Daily,EH21 7LT,Musselburgh,1000
2026-06-16,Tue,Daily,E16 2YL,Newham,1000
2026-06-16,Tue,Daily,DY14 8RB,Cleobury Mortimer,1000
2026-06-16,Tue,Daily,CB4 1PQ,Cambridge (Cambridge),1000
2026-06-15,Mon,Street Prize,CV1 5GJ,Coventry,30000
2026-06-15,Mon,Daily,YO30 6NE,York,1000
2026-06-15,Mon,Daily,SK14 5BY,Hyde (Tameside),1000
2026-06-15,Mon,Daily,PL7 4PL,Plymouth,1000
2026-06-15,Mon,Daily,OX18 2JH,Bampton (West Oxfordshire),1000
2026-06-15,Mon,Daily,OL3 7HP,Uppermill,1000
2026-06-15,Mon,Daily,MK42 0RT,Bedford,1000
2026-06-15,Mon,Daily,M32 0UQ,Stretford,1000
2026-06-15,Mon,Daily,M20 2NY,Manchester,1000
2026-06-15,Mon,Daily,M16 8FD,Manchester,1000
2026-06-15,Mon,Daily,LU4 8RE,Luton,1000
2026-06-15,Mon,Daily,LA9 5PS,Kendal,1000
2026-06-15,Mon,Daily,L12 4DA,Liverpool,1000
2026-06-15,Mon,Daily,HU3 3JA,Kingston upon Hull,1000
2026-06-15,Mon,Daily,EH48 3LQ,Armadale,1000
2026-06-15,Mon,Daily,DN4 6SH,Doncaster,1000
2026-06-15,Mon,Daily,DE24 0PU,Derby,1000
2026-06-15,Mon,Daily,CR0 9HB,Croydon,1000
2026-06-15,Mon,Daily,BB8 0JF,Colne,1000
2026-06-15,Mon,Daily,B37 7TQ,Birmingham,1000
2026-06-15,Mon,Daily,AB25 3QJ,Aberdeen,1000
2026-06-14,Sun,Street Prize,WN2 5LB,Platt Bridge and Abram,30000
2026-06-14,Sun,Daily,WF3 3NL,Lofthouse and Robin Hood,1000
2026-06-14,Sun,Daily,WA1 3EP,Warrington,1000
2026-06-14,Sun,Daily,TS5 8SU,Middlesbrough,1000
2026-06-14,Sun,Daily,SS9 5NU,Southend-on-Sea,1000
2026-06-14,Sun,Daily,PO22 7TQ,Bognor Regis,1000
2026-06-14,Sun,Daily,NW5 2NN,Camden,1000
2026-06-14,Sun,Daily,NG24 2LW,Newark-on-Trent,1000
2026-06-14,Sun,Daily,NE13 6NJ,Wideopen,1000
2026-06-14,Sun,Daily,ME3 9ES,Hoo St Werburgh,1000
2026-06-14,Sun,Daily,ME13 8HS,Faversham,1000
2026-06-14,Sun,Daily,LE11 5FH,Loughborough,1000
2026-06-14,Sun,Daily,KT17 4HT,Epsom,1000
2026-06-14,Sun,Daily,KA5 5DY,Mauchline,1000
2026-06-14,Sun,Daily,HD6 3LA,Brighouse,1000
2026-06-14,Sun,Daily,EH22 3LN,Dalkeith,1000
2026-06-14,Sun,Daily,EC2Y 8NB,City and County of the City of London,1000
2026-06-14,Sun,Daily,E14 7LU,Tower Hamlets,1000
2026-06-14,Sun,Daily,CW8 2NW,Cuddington (Cheshire West and Chester),1000
2026-06-14,Sun,Daily,CW2 7QB,Crewe,1000
2026-06-14,Sun,Daily,BN23 7LW,Eastbourne,1000
2026-06-13,Sat,Street Prize,DN37 9NR,Grimsby,30000
2026-06-13,Sat,Millionaire Street,LE9 6RQ,Broughton Astley,333333
2026-06-13,Sat,Daily,YO8 8NH,Selby,1000
2026-06-13,Sat,Daily,W2 5NR,City of Westminster,1000
2026-06-13,Sat,Daily,TF6 6PP,Telford,1000
2026-06-13,Sat,Daily,SS0 9AF,Southend-on-Sea,1000
2026-06-13,Sat,Daily,SP1 3QS,Salisbury,1000
2026-06-13,Sat,Daily,SM5 1DP,Sutton (Sutton),1000
2026-06-13,Sat,Daily,SA15 2TA,Llanelli,1000
2026-06-13,Sat,Daily,S2 1UE,Sheffield,1000
2026-06-13,Sat,Daily,RM1 1LN,Havering,1000
2026-06-13,Sat,Daily,PA20 9AB,Rothesay,1000
2026-06-13,Sat,Daily,LE16 8QA,Market Harborough,1000
2026-06-13,Sat,Daily,KY4 9HE,Cowdenbeath,1000
2026-06-13,Sat,Daily,KY4 8EX,Cowdenbeath,1000
2026-06-13,Sat,Daily,KY13 9TD,Milnathort,1000
2026-06-13,Sat,Daily,EH10 5TH,Edinburgh,1000
2026-06-13,Sat,Daily,CV47 2ZJ,Bishop's Itchington,1000
2026-06-13,Sat,Daily,CB24 3AU,Longstanton and Northstowe,1000
2026-06-13,Sat,Daily,CA5 7DL,Dalston,1000
2026-06-13,Sat,Daily,BL2 1NE,Bolton (Bolton),1000
2026-06-13,Sat,Daily,BD3 7DU,Bradford,1000
2026-06-12,Fri,Street Prize,NG16 2SY,Eastwood,30000
2026-06-12,Fri,Daily,WV14 7HU,Bilston (Wolverhampton),1000
2026-06-12,Fri,Daily,TA8 1EU,Burnham-on-Sea,1000
2026-06-12,Fri,Daily,SY2 6JR,Shrewsbury,1000
2026-06-12,Fri,Daily,ST5 3NG,Newcastle-under-Lyme,1000
2026-06-12,Fri,Daily,ST18 9EG,Haughton,1000
2026-06-12,Fri,Daily,RG27 9RA,Hook (Hart),1000
2026-06-12,Fri,Daily,RG23 8NH,Basingstoke,1000
2026-06-12,Fri,Daily,PL30 5AG,Lanivet,1000
2026-06-12,Fri,Daily,PL18 9BG,Gunnislake and St Ann's Chapel,1000
2026-06-12,Fri,Daily,PL15 9DB,Launceston,1000
2026-06-12,Fri,Daily,IV15 9SB,Dingwall,1000
2026-06-12,Fri,Daily,HP11 1AT,High Wycombe,1000
2026-06-12,Fri,Daily,HD5 0RD,Kirkheaton,1000
2026-06-12,Fri,Daily,EH17 7JE,Edinburgh,1000
2026-06-12,Fri,Daily,E17 5PH,Waltham Forest,1000
2026-06-12,Fri,Daily,CM13 1HA,Brentwood,1000
2026-06-12,Fri,Daily,CA7 9BA,Wigton,1000
2026-06-12,Fri,Daily,BS10 7LJ,Bristol,1000
2026-06-12,Fri,Daily,BD21 2RF,Keighley,1000
2026-06-12,Fri,Daily,B16 0HG,Birmingham,1000
2026-06-11,Thu,Street Prize,ML5 5NN,Coatbridge,30000
2026-06-11,Thu,Daily,WV13 1QX,Willenhall,1000
2026-06-11,Thu,Daily,SS9 4RZ,Southend-on-Sea,1000
2026-06-11,Thu,Daily,SA71 5DS,Pembroke,1000
2026-06-11,Thu,Daily,S26 6UY,Kiveton Park,1000
2026-06-11,Thu,Daily,RG14 7RL,Newbury,1000
2026-06-11,Thu,Daily,PO13 8DU,Gosport,1000
2026-06-11,Thu,Daily,OL16 4XR,Rochdale,1000
2026-06-11,Thu,Daily,OL15 9LG,Littleborough,1000
2026-06-11,Thu,Daily,NG23 6SZ,Sutton on Trent,1000
2026-06-11,Thu,Daily,MK40 3RE,Bedford,1000
2026-06-11,Thu,Daily,MK4 2GA,Milton Keynes,1000
2026-06-11,Thu,Daily,LS7 1NT,Leeds,1000
2026-06-11,Thu,Daily,GL51 8NR,Cheltenham,1000
2026-06-11,Thu,Daily,EX38 7BR,Great Torrington,1000
2026-06-11,Thu,Daily,EH9 3EA,Edinburgh,1000
2026-06-11,Thu,Daily,E14 9ZW,Tower Hamlets,1000
2026-06-11,Thu,Daily,DN21 4LG,Kirton in Lindsey,1000
2026-06-11,Thu,Daily,CV7 7LN,Balsall Common,1000
2026-06-11,Thu,Daily,CR7 6AH,Croydon,1000
2026-06-11,Thu,Daily,CH43 7RQ,Birkenhead,1000
2026-06-10,Wed,Street Prize,SW9 7DU,Lambeth,30000
2026-06-10,Wed,Daily,YO11 2QD,Scarborough,1000
2026-06-10,Wed,Daily,SL4 5EN,Windsor,1000
2026-06-10,Wed,Daily,SG16 6GQ,Lower Stondon,1000
2026-06-10,Wed,Daily,SE25 6XA,Croydon,1000
2026-06-10,Wed,Daily,SA3 4JF,Swansea,1000
2026-06-10,Wed,Daily,RG7 1UQ,Spencers Wood and Three Mile Cross,1000
2026-06-10,Wed,Daily,RG42 5JG,Binfield,1000
2026-06-10,Wed,Daily,PA34 5EQ,Oban,1000
2026-06-10,Wed,Daily,NP4 9RR,Blaenavon,1000
2026-06-10,Wed,Daily,M4 6GJ,Manchester,1000
2026-06-10,Wed,Daily,LS6 1QQ,Leeds,1000
2026-06-10,Wed,Daily,LE4 9BB,Leicester,1000
2026-06-10,Wed,Daily,HA0 4PG,Brent,1000
2026-06-10,Wed,Daily,EX15 1GH,Cullompton,1000
2026-06-10,Wed,Daily,E20 2ST,Newham,1000
2026-06-10,Wed,Daily,DL3 8PL,Darlington,1000
2026-06-10,Wed,Daily,CM22 7RU,Hatfield Heath,1000
2026-06-10,Wed,Daily,BS13 7HU,Bristol,1000
2026-06-10,Wed,Daily,BL7 9BL,Bolton (Bolton),1000
2026-06-10,Wed,Daily,BL2 6PJ,Bolton (Bolton),1000
2026-06-09,Tue,Street Prize,CV8 1EQ,Kenilworth,30000
2026-06-09,Tue,Daily,YO11 3FS,Scarborough,1000
2026-06-09,Tue,Daily,SW16 1RD,Lambeth,1000
2026-06-09,Tue,Daily,S35 0GY,Oughtibridge,1000
2026-06-09,Tue,Daily,RH6 8HR,Horley (Reigate and Banstead),1000
2026-06-09,Tue,Daily,RG42 5TB,Binfield,1000
2026-06-09,Tue,Daily,RG10 0QB,Twyford (Wokingham),1000
2026-06-09,Tue,Daily,PO33 3RU,Ryde,1000
2026-06-09,Tue,Daily,PO20 0LX,Selsey,1000
2026-06-09,Tue,Daily,NP4 8DX,Pontypool,1000
2026-06-09,Tue,Daily,NN10 9YE,Rushden,1000
2026-06-09,Tue,Daily,NG33 4NN,Corby Glen,1000
2026-06-09,Tue,Daily,NE3 2YX,Newcastle upon Tyne,1000
2026-06-09,Tue,Daily,LA9 7HJ,Kendal,1000
2026-06-09,Tue,Daily,L5 3RX,Liverpool,1000
2026-06-09,Tue,Daily,HU19 2PA,Withernsea,1000
2026-06-09,Tue,Daily,GU30 7GE,Liphook,1000
2026-06-09,Tue,Daily,DN16 3HL,Scunthorpe,1000
2026-06-09,Tue,Daily,DN14 0BY,Eggborough,1000
2026-06-09,Tue,Daily,CT2 8SP,Canterbury,1000
2026-06-09,Tue,Daily,CF42 6SN,Treorchy,1000
2026-06-08,Mon,Street Prize,DN7 6LD,Dunscroft and Hatfield,30000
2026-06-08,Mon,Daily,YO61 2RG,Helperby and Brafferton,1000
2026-06-08,Mon,Daily,WS1 3PL,Walsall,1000
2026-06-08,Mon,Daily,WR5 3LT,Worcester,1000
2026-06-08,Mon,Daily,WD19 6QS,Watford (Watford),1000
2026-06-08,Mon,Daily,TA1 2RA,Taunton,1000
2026-06-08,Mon,Daily,SR3 3PG,Sunderland,1000
2026-06-08,Mon,Daily,RM12 4NW,Havering,1000
2026-06-08,Mon,Daily,PO15 7QN,Whiteley,1000
2026-06-08,Mon,Daily,NP11 6EG,Risca,1000
2026-06-08,Mon,Daily,NG7 1EY,Nottingham,1000
2026-06-08,Mon,Daily,NG18 3HX,Mansfield,1000
2026-06-08,Mon,Daily,MK43 9PY,Wootton (Bedford),1000
2026-06-08,Mon,Daily,HR8 1DE,Ledbury,1000
2026-06-08,Mon,Daily,HA0 2QA,Brent,1000
2026-06-08,Mon,Daily,EN1 2LG,Enfield,1000
2026-06-08,Mon,Daily,DA9 9QG,Swanscombe,1000
2026-06-08,Mon,Daily,CW8 4YN,Northwich,1000
2026-06-08,Mon,Daily,CH43 7PW,Birkenhead,1000
2026-06-08,Mon,Daily,BS6 7UZ,Bristol,1000
2026-06-08,Mon,Daily,BA22 8AF,Yeovil,1000
2026-06-07,Sun,Street Prize,KY12 0PB,Dunfermline,30000
2026-06-07,Sun,Daily,UB8 2AX,Hillingdon,1000
2026-06-07,Sun,Daily,TN17 1BE,Goudhurst,1000
2026-06-07,Sun,Daily,TD11 3UT,Duns,1000
2026-06-07,Sun,Daily,SW16 5HN,Lambeth,1000
2026-06-07,Sun,Daily,SR5 4RE,Sunderland,1000
2026-06-07,Sun,Daily,SO17 1QT,Southampton,1000
2026-06-07,Sun,Daily,SL1 5BA,Slough,1000
2026-06-07,Sun,Daily,SE6 4FA,Lewisham,1000
2026-06-07,Sun,Daily,SA72 4US,Cosheston,1000
2026-06-07,Sun,Daily,RM1 4AX,Havering,1000
2026-06-07,Sun,Daily,RH10 8EZ,Crawley (Crawley),1000
2026-06-07,Sun,Daily,RH10 3TP,Crawley (Crawley),1000
2026-06-07,Sun,Daily,NN14 2GS,Desborough,1000
2026-06-07,Sun,Daily,NG17 1HR,Sutton in Ashfield,1000
2026-06-07,Sun,Daily,KT19 8HE,Epsom,1000
2026-06-07,Sun,Daily,EH40 3BB,East Linton,1000
2026-06-07,Sun,Daily,CH3 5RY,Chester,1000
2026-06-07,Sun,Daily,BS39 6JQ,High Littleton,1000
2026-06-07,Sun,Daily,BN8 6LX,East Hoathly,1000
2026-06-07,Sun,Daily,BN15 9SQ,Lancing and Sompting,1000
2026-06-06,Sat,Street Prize,LE7 7JL,Anstey,30000
2026-06-06,Sat,Millionaire Street,OL1 4BJ,Oldham,333333
2026-06-06,Sat,Daily,WV2 2EA,Wolverhampton,1000
2026-06-06,Sat,Daily,WA15 9AL,Hale (Trafford),1000
2026-06-06,Sat,Daily,TF8 7QY,Telford,1000
2026-06-06,Sat,Daily,SM4 6LY,Merton,1000
2026-06-06,Sat,Daily,SL4 4PW,Windsor,1000
2026-06-06,Sat,Daily,S70 5EU,Worsbrough,1000
2026-06-06,Sat,Daily,RM13 7TA,Havering,1000
2026-06-06,Sat,Daily,PL20 7EU,Horrabridge,1000
2026-06-06,Sat,Daily,PE23 5NY,Spilsby,1000
2026-06-06,Sat,Daily,NR8 6JG,Taverham and Drayton,1000
2026-06-06,Sat,Daily,NG20 8JL,Shirebrook,1000
2026-06-06,Sat,Daily,ME8 9PZ,Gillingham (Medway),1000
2026-06-06,Sat,Daily,LL53 6YB,Nefyn,1000
2026-06-06,Sat,Daily,LE9 6QF,Broughton Astley,1000
2026-06-06,Sat,Daily,KY12 9QL,Dunfermline,1000
2026-06-06,Sat,Daily,GL4 0UA,Gloucester,1000
2026-06-06,Sat,Daily,GL12 8PB,Charfield,1000
2026-06-06,Sat,Daily,CT3 1JE,Wingham,1000
2026-06-06,Sat,Daily,BR2 8ED,Bromley,1000
2026-06-06,Sat,Daily,AB24 2PT,Aberdeen,1000
2026-06-05,Fri,Daily,YO7 4AW,Carlton Miniott,1000
2026-06-05,Fri,Daily,YO26 8JS,Green Hammerton,1000
2026-06-05,Fri,Daily,WA11 8GQ,Rainford,1000
2026-06-05,Fri,Daily,TW15 2RA,Ashford (Spelthorne),1000
2026-06-05,Fri,Daily,TQ13 9DL,Bovey Tracey,1000
2026-06-05,Fri,Daily,TF12 5LA,Broseley,1000
2026-06-05,Fri,Daily,SS2 6DU,Southend-on-Sea,1000
2026-06-05,Fri,Daily,SE2 0BA,Greenwich,1000
2026-06-05,Fri,Daily,SA2 0QS,Swansea,1000
2026-06-05,Fri,Daily,PR7 3FG,Chorley,1000
2026-06-05,Fri,Daily,PE30 3BN,King's Lynn,1000
2026-06-05,Fri,Daily,LU7 4TR,Leighton Buzzard,1000
2026-06-05,Fri,Daily,LL18 1HL,Rhyl,1000
2026-06-05,Fri,Daily,DY10 1LD,Kidderminster,1000
2026-06-05,Fri,Daily,DT1 2BY,Dorchester (Dorset),1000
2026-06-05,Fri,Daily,DE24 8XN,Derby,1000
2026-06-05,Fri,Daily,DE1 1NG,Derby,1000
2026-06-05,Fri,Daily,CM6 2BE,Thaxted,1000
2026-06-05,Fri,Daily,CM2 9DT,Chelmsford,1000
2026-06-05,Fri,Daily,BN1 8QU,Brighton and Hove,1000
2026-06-04,Thu,Daily,TS6 9RG,Eston,1000
2026-06-04,Thu,Daily,TN17 3QR,Cranbrook (Tunbridge Wells),1000
2026-06-04,Thu,Daily,SE6 4NR,Lewisham,1000
2026-06-04,Thu,Daily,SA73 2SH,Milford Haven,1000
2026-06-04,Thu,Daily,SA4 6HX,Loughor,1000
2026-06-04,Thu,Daily,SA12 9DF,Cwmavon,1000
2026-06-04,Thu,Daily,NW3 7SN,Camden,1000
2026-06-04,Thu,Daily,NR4 6QR,Norwich,1000
2026-06-04,Thu,Daily,NP16 5PX,Chepstow,1000
2026-06-04,Thu,Daily,MK18 1FS,Buckingham,1000
2026-06-04,Thu,Daily,ME7 1DP,Gillingham (Medway),1000
2026-06-04,Thu,Daily,M43 6PU,Droylsden,1000
2026-06-04,Thu,Daily,LL13 9DX,Wrexham,1000
2026-06-04,Thu,Daily,IV2 4EL,Inbhir Nis,1000
2026-06-04,Thu,Daily,HX5 9JT,Elland,1000
2026-06-04,Thu,Daily,CV10 0QH,Nuneaton,1000
2026-06-04,Thu,Daily,CF62 7FJ,Barry (Vale of Glamorgan),1000
2026-06-04,Thu,Daily,CB8 0LE,Newmarket,1000
2026-06-04,Thu,Daily,CB4 1GJ,Cambridge (Cambridge),1000
2026-06-04,Thu,Daily,AL2 2JG,Chiswell Green,1000
2026-06-03,Wed,Daily,YO26 6LB,Upper Poppleton,1000
2026-06-03,Wed,Daily,W5 3JQ,Ealing,1000
2026-06-03,Wed,Daily,TS22 5SZ,Billingham,1000
2026-06-03,Wed,Daily,TA7 8DJ,Woolavington,1000
2026-06-03,Wed,Daily,ST2 7JS,Stoke-on-Trent,1000
2026-06-03,Wed,Daily,SP3 5NG,Dinton (Wiltshire),1000
2026-06-03,Wed,Daily,S43 1EE,Brimington,1000
2026-06-03,Wed,Daily,RH2 8PP,Reigate,1000
2026-06-03,Wed,Daily,OL12 7AG,Rochdale,1000
2026-06-03,Wed,Daily,OL1 2JX,Oldham,1000
2026-06-03,Wed,Daily,OL1 1TU,Oldham,1000
2026-06-03,Wed,Daily,NR21 9JY,Fakenham,1000
2026-06-03,Wed,Daily,LS25 2BJ,Garforth,1000
2026-06-03,Wed,Daily,LE3 0BL,Leicester,1000
2026-06-03,Wed,Daily,KA27 8DH,Brodick,1000
2026-06-03,Wed,Daily,G61 1JF,Bearsden,1000
2026-06-03,Wed,Daily,E8 1AQ,Hackney,1000
2026-06-03,Wed,Daily,CT18 7JY,Hawkinge,1000
2026-06-03,Wed,Daily,CM18 7RL,Harlow,1000
2026-06-03,Wed,Daily,B90 8BS,Solihull,1000
2026-06-02,Tue,Daily,WV3 8BS,Wolverhampton,1000
2026-06-02,Tue,Daily,WS13 7RA,Lichfield,1000
2026-06-02,Tue,Daily,TF3 1RR,Telford,1000
2026-06-02,Tue,Daily,SS11 7DR,Runwell,1000
2026-06-02,Tue,Daily,SR4 7QL,Sunderland,1000
2026-06-02,Tue,Daily,PO7 8SR,Waterlooville,1000
2026-06-02,Tue,Daily,PE13 4PJ,Wisbech St Mary,1000
2026-06-02,Tue,Daily,MK45 1NB,Flitwick,1000
2026-06-02,Tue,Daily,ME12 3SA,Minster (Swale),1000
2026-06-02,Tue,Daily,LS5 3RR,Leeds,1000
2026-06-02,Tue,Daily,LE14 3NG,Asfordby,1000
2026-06-02,Tue,Daily,L18 6JD,Liverpool,1000
2026-06-02,Tue,Daily,KT17 2HD,Worcester Park and Stoneleigh,1000
2026-06-02,Tue,Daily,EN6 2AD,Potters Bar,1000
2026-06-02,Tue,Daily,CV31 2HR,Whitnash,1000
2026-06-02,Tue,Daily,CM2 8TB,Chelmsford,1000
2026-06-02,Tue,Daily,CM14 5AH,Brentwood,1000
2026-06-02,Tue,Daily,BN41 2GS,Brighton and Hove,1000
2026-06-02,Tue,Daily,BL3 1RF,Little Lever,1000
2026-06-02,Tue,Daily,BB7 9EP,Whalley,1000
2026-06-01,Mon,Daily,WA15 8QE,Hale (Trafford),1000
2026-06-01,Mon,Daily,SN10 5PY,Devizes,1000
2026-06-01,Mon,Daily,SK16 5BP,Dukinfield,1000
2026-06-01,Mon,Daily,S9 4GT,Sheffield,1000
2026-06-01,Mon,Daily,RH15 0HT,Burgess Hill,1000
2026-06-01,Mon,Daily,OL3 5GE,Dobcross,1000
2026-06-01,Mon,Daily,NR6 7LL,Norwich,1000
2026-06-01,Mon,Daily,NE46 3SA,Hexham,1000
2026-06-01,Mon,Daily,MK44 1PD,Sharnbrook,1000
2026-06-01,Mon,Daily,ME14 5AZ,Maidstone,1000
2026-06-01,Mon,Daily,LE5 2EU,Leicester,1000
2026-06-01,Mon,Daily,HD6 3NB,Brighouse,1000
2026-06-01,Mon,Daily,GL3 3DY,Gloucester,1000
2026-06-01,Mon,Daily,G64 3EP,Bishopbriggs,1000
2026-06-01,Mon,Daily,EX36 3EU,South Molton,1000
2026-06-01,Mon,Daily,EH12 5HQ,Edinburgh,1000
2026-06-01,Mon,Daily,DD8 1JQ,Forfar,1000
2026-06-01,Mon,Daily,CM23 0DL,Bishop's Stortford,1000
2026-06-01,Mon,Daily,BS6 6LQ,Bristol,1000
2026-06-01,Mon,Daily,BB2 4DE,Blackburn (Blackburn with Darwen),1000
2026-05-31,Sun,Daily,WV6 8NJ,Wolverhampton,1000
2026-05-31,Sun,Daily,WV12 4QP,Willenhall,1000
2026-05-31,Sun,Daily,TS14 7DY,Guisborough,1000
2026-05-31,Sun,Daily,TN12 0EJ,Staplehurst,1000
2026-05-31,Sun,Daily,SW18 2DY,Wandsworth,1000
2026-05-31,Sun,Daily,SW13 0ER,Richmond upon Thames,1000
2026-05-31,Sun,Daily,SM5 2FG,Sutton (Sutton),1000
2026-05-31,Sun,Daily,SA15 4DQ,Llanelli,1000
2026-05-31,Sun,Daily,N17 6LU,Haringey,1000
2026-05-31,Sun,Daily,LL65 3DW,Valley,1000
2026-05-31,Sun,Daily,IV40 8LH,Kyle of Lochalsh,1000
2026-05-31,Sun,Daily,HU3 6PR,Kingston upon Hull,1000
2026-05-31,Sun,Daily,G51 4NS,Glasgow,1000
2026-05-31,Sun,Daily,DT11 7HY,Blandford Forum,1000
2026-05-31,Sun,Daily,CO11 2BY,Lawford,1000
2026-05-31,Sun,Daily,CO11 1BU,Brantham,1000
2026-05-31,Sun,Daily,CM21 0BT,Sawbridgeworth,1000
2026-05-31,Sun,Daily,CM17 0PU,Harlow,1000
2026-05-31,Sun,Daily,BS32 8EA,Bradley Stoke,1000
2026-05-31,Sun,Daily,BN21 4SD,Eastbourne,1000
2026-05-30,Sat,Millionaire Street,S42 6AE,Wingerworth,333333
2026-05-30,Sat,Daily,WF4 3LT,Crigglestone and Durkar,1000
2026-05-30,Sat,Daily,SM7 2BB,Banstead,1000
2026-05-30,Sat,Daily,SE15 4EB,Southwark,1000
2026-05-30,Sat,Daily,RG7 4NX,Theale (West Berkshire),1000
2026-05-30,Sat,Daily,RG22 6BB,Basingstoke,1000
2026-05-30,Sat,Daily,PO11 0QN,South Hayling,1000
2026-05-30,Sat,Daily,NG22 8DP,Bilsthorpe,1000
2026-05-30,Sat,Daily,LS21 2HJ,Otley (Leeds),1000
2026-05-30,Sat,Daily,LS17 6DF,Leeds,1000
2026-05-30,Sat,Daily,L6 5EA,Liverpool,1000
2026-05-30,Sat,Daily,KT2 5GN,Kingston upon Thames,1000
2026-05-30,Sat,Daily,HD6 3QX,Brighouse,1000
2026-05-30,Sat,Daily,EX8 2EN,Exmouth,1000
2026-05-30,Sat,Daily,DY11 7HH,Kidderminster,1000
2026-05-30,Sat,Daily,CA15 6JG,Maryport,1000
2026-05-30,Sat,Daily,BN6 8GG,Hassocks and Hurstpierpoint,1000
2026-05-30,Sat,Daily,BN5 9AN,Henfield,1000
2026-05-30,Sat,Daily,BH11 8AR,Bournemouth,1000
2026-05-30,Sat,Daily,AL1 5RP,St Albans,1000
2026-05-30,Sat,Daily,AB32 6BN,Westhill,1000
2026-05-29,Fri,Daily,WF1 2LU,Wakefield,1000
2026-05-29,Fri,Daily,UB4 8JY,Hillingdon,1000
2026-05-29,Fri,Daily,TA1 1PZ,Taunton,1000
2026-05-29,Fri,Daily,SW19 2LE,Merton,1000
2026-05-29,Fri,Daily,SP11 6EQ,Andover,1000
2026-05-29,Fri,Daily,SL2 1JU,Slough,1000
2026-05-29,Fri,Daily,SA9 2FL,Ystalyfera,1000
2026-05-29,Fri,Daily,SA34 0PJ,Whitland,1000
2026-05-29,Fri,Daily,SA18 1ES,Gwaun-Cae-Gurwen,1000
2026-05-29,Fri,Daily,M5 5FJ,Salford,1000
2026-05-29,Fri,Daily,LN12 2BP,Sutton on Sea and Trusthorpe,1000
2026-05-29,Fri,Daily,HX1 3TX,Halifax,1000
2026-05-29,Fri,Daily,GU12 5BX,Ash and Ash Vale,1000
2026-05-29,Fri,Daily,CW8 2DE,Cuddington (Cheshire West and Chester),1000
2026-05-29,Fri,Daily,CV12 8EQ,Bedworth,1000
2026-05-29,Fri,Daily,CM9 4TA,Maldon,1000
2026-05-29,Fri,Daily,CF63 4DE,Barry (Vale of Glamorgan),1000
2026-05-29,Fri,Daily,CF36 3UE,Porthcawl,1000
2026-05-29,Fri,Daily,BA22 8FP,Yeovil,1000
2026-05-29,Fri,Daily,AB23 8PS,Aberdeen,1000
2026-05-28,Thu,Daily,YO17 8BA,Norton-on-Derwent,1000
2026-05-28,Thu,Daily,ST7 8AQ,Bignall End,1000
2026-05-28,Thu,Daily,SK6 2DZ,Bredbury and Woodley,1000
2026-05-28,Thu,Daily,SE22 8DL,Southwark,1000
2026-05-28,Thu,Daily,SA31 1NZ,Carmarthen,1000
2026-05-28,Thu,Daily,RH1 4JX,Redhill (Reigate and Banstead),1000
2026-05-28,Thu,Daily,RG6 1JL,Reading,1000
2026-05-28,Thu,Daily,OL15 0ET,Littleborough,1000
2026-05-28,Thu,Daily,NR5 0HP,Norwich,1000
2026-05-28,Thu,Daily,NP44 5TJ,Cwmbrân,1000
2026-05-28,Thu,Daily,ME5 0EA,Chatham,1000
2026-05-28,Thu,Daily,LL55 3DF,Clwt-y-bont,1000
2026-05-28,Thu,Daily,GU15 3NY,Camberley,1000
2026-05-28,Thu,Daily,E11 2DZ,Redbridge,1000
2026-05-28,Thu,Daily,DE11 0QQ,Swadlincote,1000
2026-05-28,Thu,Daily,CO5 0PL,Tiptree,1000
2026-05-28,Thu,Daily,BR5 3HW,Bromley,1000
2026-05-28,Thu,Daily,BN14 7NB,Worthing,1000
2026-05-28,Thu,Daily,B74 4NL,Royal Sutton Coldfield,1000
2026-05-28,Thu,Daily,AB51 8TA,Rothienorman,1000
2026-05-27,Wed,Daily,TN17 4JP,Benenden,1000
2026-05-27,Wed,Daily,TN13 2TZ,Sevenoaks,1000
2026-05-27,Wed,Daily,SK9 3PZ,Wythenshawe,1000
2026-05-27,Wed,Daily,SG4 8YF,Codicote,1000
2026-05-27,Wed,Daily,S74 0RP,Hoyland,1000
2026-05-27,Wed,Daily,S2 5DE,Sheffield,1000
2026-05-27,Wed,Daily,RM10 7FJ,Barking and Dagenham,1000
2026-05-27,Wed,Daily,PO5 2JZ,Portsmouth,1000
2026-05-27,Wed,Daily,NW4 3HD,Barnet,1000
2026-05-27,Wed,Daily,ME8 7EN,Gillingham (Medway),1000
2026-05-27,Wed,Daily,ME14 4PP,Bearsted,1000
2026-05-27,Wed,Daily,M1 2EZ,Manchester,1000
2026-05-27,Wed,Daily,LS17 6RL,Leeds,1000
2026-05-27,Wed,Daily,LL53 7LD,Abersoch,1000
2026-05-27,Wed,Daily,LL42 1TF,Barmouth,1000
2026-05-27,Wed,Daily,L6 7UE,Liverpool,1000
2026-05-27,Wed,Daily,IP13 8FB,Laxfield,1000
2026-05-27,Wed,Daily,CW7 3JF,Winsford,1000
2026-05-27,Wed,Daily,CF24 2DG,Cardiff,1000
2026-05-27,Wed,Daily,BL2 2HN,Bolton (Bolton),1000
2026-05-26,Tue,Daily,TS10 3LW,Redcar,1000
2026-05-26,Tue,Daily,TR11 4QE,Falmouth,1000
2026-05-26,Tue,Daily,SY5 8JX,Hanwood,1000
2026-05-26,Tue,Daily,SY13 1DE,Whitchurch (Shropshire),1000
2026-05-26,Tue,Daily,SA62 3SW,Johnston,1000
2026-05-26,Tue,Daily,PE7 8SB,Peterborough,1000
2026-05-26,Tue,Daily,NG6 0AB,Nottingham,1000
2026-05-26,Tue,Daily,NG34 0BL,Billingborough,1000
2026-05-26,Tue,Daily,ME2 3PT,Rochester,1000
2026-05-26,Tue,Daily,LL14 1UE,Rhosllannerchrugog,1000
2026-05-26,Tue,Daily,LA4 6TS,Morecambe,1000
2026-05-26,Tue,Daily,GL4 6DT,Gloucester,1000
2026-05-26,Tue,Daily,EX1 3PY,Exeter,1000
2026-05-26,Tue,Daily,EH10 6XQ,Edinburgh,1000
2026-05-26,Tue,Daily,E5 8QY,Hackney,1000
2026-05-26,Tue,Daily,DE3 0SD,Derby,1000
2026-05-26,Tue,Daily,DA1 5QY,Dartford,1000
2026-05-26,Tue,Daily,CR3 6QH,Caterham,1000
2026-05-26,Tue,Daily,BS9 4QR,Bristol,1000
2026-05-26,Tue,Daily,BH25 5JD,New Milton,1000
2026-05-25,Mon,Daily,W3 6XN,Ealing,1000
2026-05-25,Mon,Daily,TW10 7HJ,Richmond upon Thames,1000
2026-05-25,Mon,Daily,TF3 1BW,Telford,1000
2026-05-25,Mon,Daily,ST6 4DT,Stoke-on-Trent,1000
2026-05-25,Mon,Daily,SO41 3ET,Lymington,1000
2026-05-25,Mon,Daily,SA13 1TB,Port Talbot,1000
2026-05-25,Mon,Daily,S75 1ND,Barugh Green and Redbrook,1000
2026-05-25,Mon,Daily,S42 6AW,Wingerworth,1000
2026-05-25,Mon,Daily,RM3 9YJ,Havering,1000
2026-05-25,Mon,Daily,RG23 8HU,Basingstoke,1000
2026-05-25,Mon,Daily,PR2 2RH,Preston (Preston),1000
2026-05-25,Mon,Daily,NE34 0TR,South Shields,1000
2026-05-25,Mon,Daily,M50 3BP,Salford,1000
2026-05-25,Mon,Daily,LA2 9EB,Caton,1000
2026-05-25,Mon,Daily,IP2 0LB,Ipswich,1000
2026-05-25,Mon,Daily,HU17 0FD,Beverley,1000
2026-05-25,Mon,Daily,HP19 7FG,Aylesbury,1000
2026-05-25,Mon,Daily,DD1 4LU,Dundee,1000
2026-05-25,Mon,Daily,BS5 8PD,Bristol,1000
2026-05-25,Mon,Daily,B31 3UP,Birmingham,1000
2026-05-24,Sun,Daily,WS13 6BN,Lichfield,1000
2026-05-24,Sun,Daily,W9 1DB,City of Westminster,1000
2026-05-24,Sun,Daily,TQ13 9YJ,Bovey Tracey,1000
2026-05-24,Sun,Daily,TN2 4AY,Pembury,1000
2026-05-24,Sun,Daily,S5 7TR,Sheffield,1000
2026-05-24,Sun,Daily,S36 6AL,Penistone,1000
2026-05-24,Sun,Daily,OL11 5RY,Rochdale,1000
2026-05-24,Sun,Daily,MK45 3GL,Wilstead,1000
2026-05-24,Sun,Daily,MK12 5DY,Milton Keynes,1000
2026-05-24,Sun,Daily,LN4 1FT,Washingborough and Heighington,1000
2026-05-24,Sun,Daily,LL13 0BH,Wrexham,1000
2026-05-24,Sun,Daily,GL7 1LG,Cirencester,1000
2026-05-24,Sun,Daily,FY8 1DD,Lytham St Anne's,1000
2026-05-24,Sun,Daily,DT9 5RF,Milborne Port,1000
2026-05-24,Sun,Daily,DA16 1NR,Bexley,1000
2026-05-24,Sun,Daily,CW3 9SH,Madeley,1000
2026-05-24,Sun,Daily,CV37 7EJ,Stratford-upon-Avon,1000
2026-05-24,Sun,Daily,CT9 5SE,Margate,1000
2026-05-24,Sun,Daily,CH44 7HG,Wallasey,1000
2026-05-24,Sun,Daily,BS16 5UW,Kingswood and Fishponds,1000
2026-05-23,Sat,Millionaire Street,GL7 5QW,South Cerney,71428
2026-05-23,Sat,Daily,WD25 9RU,Watford (Watford),1000
2026-05-23,Sat,Daily,TN23 5WF,Ashford (Ashford),1000
2026-05-23,Sat,Daily,SW16 6JE,Lambeth,1000
2026-05-23,Sat,Daily,ST15 8HD,Stone (Stafford),1000
2026-05-23,Sat,Daily,SP5 3PQ,Downton,1000
2026-05-23,Sat,Daily,RG26 5JH,Bramley,1000
2026-05-23,Sat,Daily,PL35 0BL,Boscastle,1000
2026-05-23,Sat,Daily,OL4 2NW,Oldham,1000
2026-05-23,Sat,Daily,NN14 6EJ,Rothwell (North Northamptonshire),1000
2026-05-23,Sat,Daily,ML2 9RE,Newmains,1000
2026-05-23,Sat,Daily,LE3 6HH,Leicester,1000
2026-05-23,Sat,Daily,GU29 9LB,Midhurst,1000
2026-05-23,Sat,Daily,EX5 2LH,Whimple,1000
2026-05-23,Sat,Daily,EH12 6ET,Edinburgh,1000
2026-05-23,Sat,Daily,DG2 0QG,Dumfries,1000
2026-05-23,Sat,Daily,CV11 5DX,Nuneaton,1000
2026-05-23,Sat,Daily,CF64 1JW,Penarth,1000
2026-05-23,Sat,Daily,CF14 6JT,Cardiff,1000
2026-05-23,Sat,Daily,CB4 1AU,Cambridge (Cambridge),1000
2026-05-23,Sat,Daily,BD15 0JH,Wilsden,1000
2026-05-22,Fri,Daily,YO16 6EP,Bridlington,1000
2026-05-22,Fri,Daily,WN7 2HQ,Leigh (Wigan),1000
2026-05-22,Fri,Daily,WF9 2QD,South Elmsall,1000
2026-05-22,Fri,Daily,TN14 5FL,Sevenoaks,1000
2026-05-22,Fri,Daily,SK5 8AY,Stockport,1000
2026-05-22,Fri,Daily,SK14 2JX,Hyde (Tameside),1000
2026-05-22,Fri,Daily,SG9 9TW,Buntingford,1000
2026-05-22,Fri,Daily,SE17 2GQ,Southwark,1000
2026-05-22,Fri,Daily,PE9 2TX,Stamford,1000
2026-05-22,Fri,Daily,LN4 2LZ,Bracebridge Heath,1000
2026-05-22,Fri,Daily,LN11 7TX,Louth,1000
2026-05-22,Fri,Daily,LL48 6LY,Penrhyndeudraeth,1000
2026-05-22,Fri,Daily,HP27 0BS,Princes Risborough,1000
2026-05-22,Fri,Daily,G84 8QE,Helensburgh,1000
2026-05-22,Fri,Daily,EX10 9NX,Sidmouth,1000
2026-05-22,Fri,Daily,DY5 2BY,Brierley Hill,1000
2026-05-22,Fri,Daily,DN11 0ED,New Rossington and Rossington,1000
2026-05-22,Fri,Daily,DL5 6GP,Newton Aycliffe,1000
2026-05-22,Fri,Daily,BN1 3RA,Brighton and Hove,1000
2026-05-22,Fri,Daily,BA20 1BA,Yeovil,1000
2026-05-21,Thu,Daily,YO30 5ZD,York,1000
2026-05-21,Thu,Daily,WN7 1ET,Leigh (Wigan),1000
2026-05-21,Thu,Daily,WF4 3EX,Crigglestone and Durkar,1000
2026-05-21,Thu,Daily,WF14 9JD,Mirfield,1000
2026-05-21,Thu,Daily,TW19 7EA,Stanwell,1000
2026-05-21,Thu,Daily,TR15 1JS,Redruth,1000
2026-05-21,Thu,Daily,TD14 5TS,Eyemouth,1000
2026-05-21,Thu,Daily,ST16 1RL,Stafford,1000
2026-05-21,Thu,Daily,SA12 6HA,Port Talbot,1000
2026-05-21,Thu,Daily,RG30 2HQ,Reading,1000
2026-05-21,Thu,Daily,PR25 3BU,Leyland,1000
2026-05-21,Thu,Daily,PE28 9NL,Fenstanton,1000
2026-05-21,Thu,Daily,ME7 3JW,Gillingham (Medway),1000
2026-05-21,Thu,Daily,LN6 0YQ,Lincoln,1000
2026-05-21,Thu,Daily,HP27 0SE,Princes Risborough,1000
2026-05-21,Thu,Daily,G64 1AG,Bishopbriggs,1000
2026-05-21,Thu,Daily,CT19 5SJ,Folkestone,1000
2026-05-21,Thu,Daily,CO9 2BJ,Halstead (Braintree),1000
2026-05-21,Thu,Daily,CH43 1UB,Birkenhead,1000
2026-05-21,Thu,Daily,AB41 6FH,Newburgh (Aberdeenshire),1000
2026-05-20,Wed,Daily,TR2 5DR,St Mawes,1000
2026-05-20,Wed,Daily,SP6 1EQ,Fordingbridge,1000
2026-05-20,Wed,Daily,SE20 8BU,Bromley,1000
2026-05-20,Wed,Daily,S45 9LX,Clay Cross,1000
2026-05-20,Wed,Daily,S21 4EZ,Eckington (North East Derbyshire),1000
2026-05-20,Wed,Daily,N7 8QB,Islington,1000
2026-05-20,Wed,Daily,LS24 9JY,Tadcaster,1000
2026-05-20,Wed,Daily,LE67 4RU,Coalville,1000
2026-05-20,Wed,Daily,L40 6LP,Ormskirk,1000
2026-05-20,Wed,Daily,KY12 8SS,Dunfermline,1000
2026-05-20,Wed,Daily,IV6 7SN,Muir of Ord,1000
2026-05-20,Wed,Daily,GL8 8SS,Tetbury,1000
2026-05-20,Wed,Daily,FY8 2TA,Lytham St Anne's,1000
2026-05-20,Wed,Daily,EH51 9QP,Bo'ness,1000
2026-05-20,Wed,Daily,EH12 0DS,Ingliston,1000
2026-05-20,Wed,Daily,CH45 9LQ,Wallasey,1000
2026-05-20,Wed,Daily,CF37 5AJ,Pontypridd,1000
2026-05-20,Wed,Daily,CB4 2PS,Cambridge (Cambridge),1000
2026-05-20,Wed,Daily,BS5 7XS,Kingswood and Fishponds,1000
2026-05-20,Wed,Daily,BS48 2LG,Nailsea,1000
2026-05-19,Tue,Daily,YO15 1NR,Flamborough,1000
2026-05-19,Tue,Daily,WS11 0AG,Cannock,1000
2026-05-19,Tue,Daily,SO18 2JL,Southampton,1000
2026-05-19,Tue,Daily,SN4 9BG,Wroughton,1000
2026-05-19,Tue,Daily,SK8 5PA,Cheadle Hulme,1000
2026-05-19,Tue,Daily,RH2 8JU,Reigate,1000
2026-05-19,Tue,Daily,PL4 9HG,Plymouth,1000
2026-05-19,Tue,Daily,PL14 5QL,Pensilva,1000
2026-05-19,Tue,Daily,PL11 3EB,Downderry,1000
2026-05-19,Tue,Daily,M38 9XU,Little Hulton,1000
2026-05-19,Tue,Daily,IP14 5LT,Stowmarket,1000
2026-05-19,Tue,Daily,GU5 0SD,Bramley and Wonersh,1000
2026-05-19,Tue,Daily,G75 9EG,East Kilbride,1000
2026-05-19,Tue,Daily,EN7 5AY,Cheshunt,1000
2026-05-19,Tue,Daily,DY8 3JD,Stourbridge,1000
2026-05-19,Tue,Daily,CV37 8XS,Meon Vale,1000
2026-05-19,Tue,Daily,CV2 5EB,Coventry,1000
2026-05-19,Tue,Daily,BR7 6JU,Bromley,1000
2026-05-19,Tue,Daily,B78 1PN,Polesworth and Dordon,1000
2026-05-19,Tue,Daily,AL5 1JD,Harpenden,1000
2026-05-18,Mon,Daily,TQ12 5HY,Kingskerswell,1000
2026-05-18,Mon,Daily,TF1 3LU,Telford,1000
2026-05-18,Mon,Daily,SN1 2PX,Swindon (Swindon),1000
2026-05-18,Mon,Daily,S61 2UZ,Rotherham,1000
2026-05-18,Mon,Daily,PO9 4NH,Havant,1000
2026-05-18,Mon,Daily,OX11 0TZ,Chilton (Vale of White Horse),1000
2026-05-18,Mon,Daily,NN4 6EX,Northampton,1000
2026-05-18,Mon,Daily,ML3 7SF,Hamilton,1000
2026-05-18,Mon,Daily,LN4 3LT,Metheringham,1000
2026-05-18,Mon,Daily,GU22 9PL,Woking,1000
2026-05-18,Mon,Daily,GL3 3RF,Gloucester,1000
2026-05-18,Mon,Daily,E7 8DR,Newham,1000
2026-05-18,Mon,Daily,DT4 9RJ,Weymouth,1000
2026-05-18,Mon,Daily,DN15 9PW,Winterton,1000
2026-05-18,Mon,Daily,CV2 5HH,Coventry,1000
2026-05-18,Mon,Daily,CF37 1JD,Pontypridd,1000
2026-05-18,Mon,Daily,CF14 9UD,Cardiff,1000
2026-05-18,Mon,Daily,BN23 7EU,Eastbourne,1000
2026-05-18,Mon,Daily,BH17 9LW,Poole,1000
2026-05-18,Mon,Daily,B67 7BQ,Smethwick,1000
2026-05-17,Sun,Daily,TS19 8LD,Stockton-on-Tees,1000
2026-05-17,Sun,Daily,TF1 5NE,Telford,1000
2026-05-17,Sun,Daily,SN15 5DR,Kington Langley,1000
2026-05-17,Sun,Daily,PR8 3FF,Southport,1000
2026-05-17,Sun,Daily,OX29 9TF,Hailey,1000
2026-05-17,Sun,Daily,OL15 9DR,Littleborough,1000
2026-05-17,Sun,Daily,NN5 6NU,Northampton,1000
2026-05-17,Sun,Daily,NE24 4PS,Blyth (Northumberland),1000
2026-05-17,Sun,Daily,N13 6DF,Enfield,1000
2026-05-17,Sun,Daily,MK4 2HN,Milton Keynes,1000
2026-05-17,Sun,Daily,LS27 7EJ,Gildersome,1000
2026-05-17,Sun,Daily,KY6 1EW,Glenrothes,1000
2026-05-17,Sun,Daily,HR2 7RU,Hereford,1000
2026-05-17,Sun,Daily,HP1 2BE,Hemel Hempstead,1000
2026-05-17,Sun,Daily,GU51 3NE,Fleet,1000
2026-05-17,Sun,Daily,GU28 9BJ,Petworth,1000
2026-05-17,Sun,Daily,CW9 8ND,Davenham,1000
2026-05-17,Sun,Daily,BS39 5TB,Clutton,1000
2026-05-17,Sun,Daily,BN3 6PL,Brighton and Hove,1000
2026-05-17,Sun,Daily,B65 8HF,Rowley Regis,1000
2026-05-16,Sat,Millionaire Street,HP1 3SE,Hemel Hempstead,76923
2026-05-16,Sat,Daily,WV2 3JR,Wolverhampton,1000
2026-05-16,Sat,Daily,WN5 7NP,Billinge,1000
2026-05-16,Sat,Daily,WC1X 9AP,Camden,1000
2026-05-16,Sat,Daily,WA3 3XS,Golborne,1000
2026-05-16,Sat,Daily,UB8 3UE,Hillingdon,1000
2026-05-16,Sat,Daily,TR4 8PP,Chacewater,1000
2026-05-16,Sat,Daily,TN24 9SH,Ashford (Ashford),1000
2026-05-16,Sat,Daily,RH10 2AA,Crawley (Crawley),1000
2026-05-16,Sat,Daily,PE28 3QJ,Somersham (Huntingdonshire),1000
2026-05-16,Sat,Daily,LS17 5DB,Leeds,1000
2026-05-16,Sat,Daily,LS14 3JL,Scarcroft,1000
2026-05-16,Sat,Daily,HR9 6QJ,Ross-on-Wye,1000
2026-05-16,Sat,Daily,G3 8HA,Glasgow,1000
2026-05-16,Sat,Daily,DT2 0JF,Maiden Newton,1000
2026-05-16,Sat,Daily,DL3 0AF,Darlington,1000
2026-05-16,Sat,Daily,CM6 4GW,Great Dunmow,1000
2026-05-16,Sat,Daily,CF82 8AZ,Pen-pedair-heol,1000
2026-05-16,Sat,Daily,BS34 7NN,Filton,1000
2026-05-16,Sat,Daily,BL1 4NG,Bolton (Bolton),1000
2026-05-16,Sat,Daily,BB9 8ND,Nelson (Pendle),1000
2026-05-15,Fri,Daily,TS6 7EZ,Eston,1000
2026-05-15,Fri,Daily,TS10 2QU,Redcar,1000
2026-05-15,Fri,Daily,TN27 9BL,Headcorn,1000
2026-05-15,Fri,Daily,TF1 2JS,Telford,1000
2026-05-15,Fri,Daily,ST12 9FQ,Barlaston,1000
2026-05-15,Fri,Daily,S81 8GZ,Worksop,1000
2026-05-15,Fri,Daily,NP18 1GT,Caerleon,1000
2026-05-15,Fri,Daily,NN4 0QZ,Northampton,1000
2026-05-15,Fri,Daily,NN18 0BT,Corby,1000
2026-05-15,Fri,Daily,NE23 8FG,Cramlington,1000
2026-05-15,Fri,Daily,NE22 5QD,Bedlington,1000
2026-05-15,Fri,Daily,N16 9HP,Hackney,1000
2026-05-15,Fri,Daily,MK45 3WW,Wilstead,1000
2026-05-15,Fri,Daily,FK12 5JU,Alva,1000
2026-05-15,Fri,Daily,EX39 3RN,Bideford,1000
2026-05-15,Fri,Daily,DN9 1AH,Epworth,1000
2026-05-15,Fri,Daily,CV11 4BH,Nuneaton,1000
2026-05-15,Fri,Daily,CH46 6BE,Wallasey,1000
2026-05-15,Fri,Daily,BN27 3PE,Hailsham,1000
2026-05-15,Fri,Daily,AB21 0YT,Aberdeen,1000
2026-05-14,Thu,Daily,SR5 5RZ,Sunderland,1000
2026-05-14,Thu,Daily,SG13 8JW,Hertford,1000
2026-05-14,Thu,Daily,RG26 4EU,Tadley,1000
2026-05-14,Thu,Daily,PO5 4HU,Portsmouth,1000
2026-05-14,Thu,Daily,OL10 2WP,Heywood,1000
2026-05-14,Thu,Daily,NP44 1JT,Cwmbrân,1000
2026-05-14,Thu,Daily,NP13 3HE,Blaina,1000
2026-05-14,Thu,Daily,ME12 2SS,Minster (Swale),1000
2026-05-14,Thu,Daily,LE17 4AE,Lutterworth,1000
2026-05-14,Thu,Daily,KY7 5HP,Glenrothes,1000
2026-05-14,Thu,Daily,G73 1HF,Glasgow,1000
2026-05-14,Thu,Daily,G52 1QB,Glasgow,1000
2026-05-14,Thu,Daily,DN17 2JQ,Scunthorpe,1000
2026-05-14,Thu,Daily,DE13 0FR,Burton upon Trent,1000
2026-05-14,Thu,Daily,CV37 8FL,Meon Vale,1000
2026-05-14,Thu,Daily,CR2 0AL,Croydon,1000
2026-05-14,Thu,Daily,CO15 6HT,Clacton-on-Sea,1000
2026-05-14,Thu,Daily,CF14 5JZ,Cardiff,1000
2026-05-14,Thu,Daily,BR2 9ES,Bromley,1000
2026-05-14,Thu,Daily,BA1 5DX,Bath,1000
2026-05-13,Wed,Daily,WN6 0FL,Standish,1000
2026-05-13,Wed,Daily,TW20 8EA,Egham,1000
2026-05-13,Wed,Daily,TA7 0NJ,Westonzoyland,1000
2026-05-13,Wed,Daily,SR6 7RB,Whitburn (South Tyneside),1000
2026-05-13,Wed,Daily,SK8 7JP,Cheadle Hulme,1000
2026-05-13,Wed,Daily,RH16 3EF,Haywards Heath,1000
2026-05-13,Wed,Daily,PR8 3NG,Southport,1000
2026-05-13,Wed,Daily,PO15 7LP,Whiteley,1000
2026-05-13,Wed,Daily,LS15 8LP,Leeds,1000
2026-05-13,Wed,Daily,LA8 9PA,Staveley (South Lakeland),1000
2026-05-13,Wed,Daily,IP14 6BQ,Debenham,1000
2026-05-13,Wed,Daily,HU17 8PW,Beverley,1000
2026-05-13,Wed,Daily,GL15 6NG,Bream,1000
2026-05-13,Wed,Daily,EH23 4EX,Gorebridge and Mayfield,1000
2026-05-13,Wed,Daily,CV34 7BZ,Warwick,1000
2026-05-13,Wed,Daily,BS21 7SB,Clevedon,1000
2026-05-13,Wed,Daily,B62 8PJ,Halesowen,1000
2026-05-13,Wed,Daily,B44 8UL,Birmingham,1000
2026-05-13,Wed,Daily,B25 8SL,Birmingham,1000
2026-05-13,Wed,Daily,AB55 6NL,Keith,1000
2026-05-12,Tue,Daily,WF12 9BP,Dewsbury,1000
2026-05-12,Tue,Daily,WA7 5XL,Runcorn,1000
2026-05-12,Tue,Daily,WA10 3PA,St Helens (St. Helens),1000
2026-05-12,Tue,Daily,TN2 3BA,Royal Tunbridge Wells,1000
2026-05-12,Tue,Daily,ST18 9PA,Haughton,1000
2026-05-12,Tue,Daily,SG8 5PT,Royston (North Hertfordshire),1000
2026-05-12,Tue,Daily,S4 7EE,Sheffield,1000
2026-05-12,Tue,Daily,PL25 5DF,St Austell,1000
2026-05-12,Tue,Daily,OX16 3LF,Banbury,1000
2026-05-12,Tue,Daily,NP20 3BH,Newport (Newport),1000
2026-05-12,Tue,Daily,NE5 4LT,Newcastle upon Tyne,1000
2026-05-12,Tue,Daily,M32 9FG,Stretford,1000
2026-05-12,Tue,Daily,IV7 8BU,Conon Bridge,1000
2026-05-12,Tue,Daily,GU14 6AL,Farnborough,1000
2026-05-12,Tue,Daily,G82 5JH,Cardross,1000
2026-05-12,Tue,Daily,FY1 5FE,Blackpool,1000
2026-05-12,Tue,Daily,EH41 4NA,Haddington,1000
2026-05-12,Tue,Daily,EH11 4RQ,Edinburgh,1000
2026-05-12,Tue,Daily,CT2 0LT,Sturry,1000
2026-05-12,Tue,Daily,BN17 7JE,Wick (Arun),1000
2026-05-11,Mon,Daily,YO43 4RY,Holme upon Spalding Moor,1000
2026-05-11,Mon,Daily,YO14 0QJ,Filey,1000
2026-05-11,Mon,Daily,WA14 2LU,Altrincham,1000
2026-05-11,Mon,Daily,ST7 2HF,Alsager,1000
2026-05-11,Mon,Daily,SA13 2SU,Port Talbot,1000
2026-05-11,Mon,Daily,PO37 7PN,Shanklin,1000
2026-05-11,Mon,Daily,PL19 9FE,Tavistock,1000
2026-05-11,Mon,Daily,PL10 1AJ,Millbrook,1000
2026-05-11,Mon,Daily,OL3 7BX,Uppermill,1000
2026-05-11,Mon,Daily,NG23 5QG,Long Bennington,1000
2026-05-11,Mon,Daily,N7 8LH,Islington,1000
2026-05-11,Mon,Daily,LN12 2AJ,Sutton on Sea and Trusthorpe,1000
2026-05-11,Mon,Daily,LL62 5AG,Llangristiolus,1000
2026-05-11,Mon,Daily,LE9 7BQ,Earl Shilton,1000
2026-05-11,Mon,Daily,KT22 8RA,Leatherhead,1000
2026-05-11,Mon,Daily,IG1 3QH,Redbridge,1000
2026-05-11,Mon,Daily,HA4 9RB,Hillingdon,1000
2026-05-11,Mon,Daily,E16 3TD,Newham,1000
2026-05-11,Mon,Daily,CW8 4PG,Northwich,1000
2026-05-11,Mon,Daily,CR4 1AW,Merton,1000
2026-05-10,Sun,Daily,WS10 9TH,Wednesbury,1000
2026-05-10,Sun,Daily,WA6 6EA,Frodsham,1000
2026-05-10,Sun,Daily,TN12 0AN,Staplehurst,1000
2026-05-10,Sun,Daily,SL5 7LE,Ascot,1000
2026-05-10,Sun,Daily,RH16 3TZ,Haywards Heath,1000
2026-05-10,Sun,Daily,RH13 8AT,Partridge Green,1000
2026-05-10,Sun,Daily,PO7 5FT,Waterlooville,1000
2026-05-10,Sun,Daily,PA5 0LT,Johnstone,1000
2026-05-10,Sun,Daily,NG23 5QA,Long Bennington,1000
2026-05-10,Sun,Daily,NE61 1SH,Morpeth,1000
2026-05-10,Sun,Daily,MK42 0LL,Bedford,1000
2026-05-10,Sun,Daily,ME12 4HU,Leysdown-on-Sea,1000
2026-05-10,Sun,Daily,LE18 1LB,Wigston,1000
2026-05-10,Sun,Daily,KY4 8LX,Cowdenbeath,1000
2026-05-10,Sun,Daily,HP10 0AT,Flackwell Heath and Wooburn Green,1000
2026-05-10,Sun,Daily,GL3 4GY,Brockworth,1000
2026-05-10,Sun,Daily,EX13 7JF,Kilmington,1000
2026-05-10,Sun,Daily,DY4 8AD,Tipton,1000
2026-05-10,Sun,Daily,CM9 8UF,Tollesbury,1000
2026-05-10,Sun,Daily,AB35 5XX,Ballater,1000
2026-05-09,Sat,Millionaire Street,CW1 6HN,Crewe,333333
2026-05-09,Sat,Daily,TR18 2RE,Penzance,1000
2026-05-09,Sat,Daily,SW19 8DB,Merton,1000
2026-05-09,Sat,Daily,ST4 8NL,Stoke-on-Trent,1000
2026-05-09,Sat,Daily,SN5 4FT,Purton,1000
2026-05-09,Sat,Daily,SK10 1QZ,Macclesfield,1000
2026-05-09,Sat,Daily,S10 1NW,Sheffield,1000
2026-05-09,Sat,Daily,NP18 1RY,Caerleon,1000
2026-05-09,Sat,Daily,LN2 3LY,Welton (West Lindsey),1000
2026-05-09,Sat,Daily,LA14 4AT,Barrow-in-Furness,1000
2026-05-09,Sat,Daily,LA13 0LS,Barrow-in-Furness,1000
2026-05-09,Sat,Daily,KT23 4NW,Great Bookham and Fetcham,1000
2026-05-09,Sat,Daily,IP2 0TT,Ipswich,1000
2026-05-09,Sat,Daily,HD3 3QD,Huddersfield,1000
2026-05-09,Sat,Daily,EH47 0PX,Whitburn (West Lothian),1000
2026-05-09,Sat,Daily,CR2 9LY,Croydon,1000
2026-05-09,Sat,Daily,CO15 2HE,Jaywick,1000
2026-05-09,Sat,Daily,CO10 0DW,Sudbury,1000
2026-05-09,Sat,Daily,CA4 8HD,Wetheral,1000
2026-05-09,Sat,Daily,BD22 9LA,Oxenhope,1000
2026-05-09,Sat,Daily,BB12 7LF,Padiham,1000
2026-05-08,Fri,Daily,UB9 4BX,New Denham,1000
2026-05-08,Fri,Daily,RH3 7JW,Brockham,1000
2026-05-08,Fri,Daily,RG7 3FQ,Burghfield Common,1000
2026-05-08,Fri,Daily,PR4 5LA,Longton,1000
2026-05-08,Fri,Daily,PO11 0FR,South Hayling,1000
2026-05-08,Fri,Daily,PA3 3JD,Linwood,1000
2026-05-08,Fri,Daily,NP12 0HW,Oakdale,1000
2026-05-08,Fri,Daily,N17 6YG,Haringey,1000
2026-05-08,Fri,Daily,M24 2QD,Middleton (Rochdale),1000
2026-05-08,Fri,Daily,KY8 4RU,Leven (Fife),1000
2026-05-08,Fri,Daily,HP3 0GF,Bovingdon,1000
2026-05-08,Fri,Daily,HA3 0SW,Brent,1000
2026-05-08,Fri,Daily,FK3 9DY,Grangemouth,1000
2026-05-08,Fri,Daily,EH8 9RF,Edinburgh,1000
2026-05-08,Fri,Daily,EH54 6BN,Livingston,1000
2026-05-08,Fri,Daily,CF32 8LB,Pontycymer,1000
2026-05-08,Fri,Daily,CF32 0DN,Cefn Cribwr,1000
2026-05-08,Fri,Daily,BN16 1LW,Rustington,1000
2026-05-08,Fri,Daily,BD21 4TX,Keighley,1000
2026-05-08,Fri,Daily,B34 7QZ,Birmingham,1000
2026-05-07,Thu,Daily,YO17 6SP,Malton,1000
2026-05-07,Thu,Daily,WS3 2RD,Bloxwich,1000
2026-05-07,Thu,Daily,TA9 3LA,Highbridge,1000
2026-05-07,Thu,Daily,SN10 5DR,Devizes,1000
2026-05-07,Thu,Daily,RH19 2AE,East Grinstead,1000
2026-05-07,Thu,Daily,PO33 3TF,Ryde,1000
2026-05-07,Thu,Daily,PO16 9NX,Portsmouth,1000
2026-05-07,Thu,Daily,NR13 6EH,Rackheath,1000
2026-05-07,Thu,Daily,MK7 7FJ,Milton Keynes,1000
2026-05-07,Thu,Daily,ME17 1UW,Lenham and Harrietsham,1000
2026-05-07,Thu,Daily,M12 5TJ,Manchester,1000
2026-05-07,Thu,Daily,LL12 7RD,Wrexham,1000
2026-05-07,Thu,Daily,LA17 7XZ,Kirkby-in-Furness,1000
2026-05-07,Thu,Daily,LA17 7TL,Kirkby-in-Furness,1000
2026-05-07,Thu,Daily,L31 0BS,Maghull,1000
2026-05-07,Thu,Daily,CV37 8JZ,Meon Vale,1000
2026-05-07,Thu,Daily,CT2 8DZ,Canterbury,1000
2026-05-07,Thu,Daily,BS3 2DR,Bristol,1000
2026-05-07,Thu,Daily,B80 7JA,Studley,1000
2026-05-07,Thu,Daily,B76 2PN,Royal Sutton Coldfield,1000
2026-05-06,Wed,Daily,WF8 3RG,Pontefract,1000
2026-05-06,Wed,Daily,WA10 4JJ,St Helens (St. Helens),1000
2026-05-06,Wed,Daily,TQ14 8UD,Teignmouth,1000
2026-05-06,Wed,Daily,SO51 5QY,Romsey,1000
2026-05-06,Wed,Daily,SE8 3PW,Greenwich,1000
2026-05-06,Wed,Daily,RG10 0PH,Twyford (Wokingham),1000
2026-05-06,Wed,Daily,PR4 6TL,Tarleton and Hesketh Bank,1000
2026-05-06,Wed,Daily,NR32 3PR,Lowestoft,1000
2026-05-06,Wed,Daily,NN4 8AF,Northampton,1000
2026-05-06,Wed,Daily,LL65 1ER,Holyhead,1000
2026-05-06,Wed,Daily,LA5 9XT,Carnforth,1000
2026-05-06,Wed,Daily,L7 3LP,Liverpool,1000
2026-05-06,Wed,Daily,HA9 8SE,Brent,1000
2026-05-06,Wed,Daily,HA7 1NQ,Harrow,1000
2026-05-06,Wed,Daily,GL19 3EJ,Huntley,1000
2026-05-06,Wed,Daily,EX34 0JF,Combe Martin,1000
2026-05-06,Wed,Daily,DG3 5PL,Thornhill (Dumfries and Galloway),1000
2026-05-06,Wed,Daily,CH65 9BN,Ellesmere Port,1000
2026-05-06,Wed,Daily,CH3 5HF,Chester,1000
2026-05-06,Wed,Daily,BA14 9JP,Trowbridge,1000
2026-05-05,Tue,Daily,SP5 2DL,Redlynch and Woodfalls,1000
2026-05-05,Tue,Daily,PO16 7AS,Fareham,1000
2026-05-05,Tue,Daily,PO14 3BU,Lee-on-the-Solent,1000
2026-05-05,Tue,Daily,PL17 8FD,Kelly Bray,1000
2026-05-05,Tue,Daily,PL12 6HW,Saltash,1000
2026-05-05,Tue,Daily,PA5 9RT,Elderslie,1000
2026-05-05,Tue,Daily,OL12 9DS,Rochdale,1000
2026-05-05,Tue,Daily,M45 6AT,Whitefield,1000
2026-05-05,Tue,Daily,LE4 2WH,Leicester,1000
2026-05-05,Tue,Daily,KY12 8UR,Dunfermline,1000
2026-05-05,Tue,Daily,KY12 0AR,Dunfermline,1000
2026-05-05,Tue,Daily,KA10 6PG,Troon (South Ayrshire),1000
2026-05-05,Tue,Daily,HR6 0BB,Leominster,1000
2026-05-05,Tue,Daily,HA1 2LD,Harrow,1000
2026-05-05,Tue,Daily,GU21 2JR,Woking,1000
2026-05-05,Tue,Daily,GL11 6DR,Cam,1000
2026-05-05,Tue,Daily,G43 2EF,Glasgow,1000
2026-05-05,Tue,Daily,CV36 4DJ,Shipston-on-Stour,1000
2026-05-05,Tue,Daily,CV31 1AG,Royal Leamington Spa,1000
2026-05-05,Tue,Daily,BN3 1SA,Brighton and Hove,1000
2026-05-04,Mon,Daily,TD3 6NL,Gordon,1000
2026-05-04,Mon,Daily,SY4 3EU,Bomere Heath,1000
2026-05-04,Mon,Daily,SW4 7DU,Lambeth,1000
2026-05-04,Mon,Daily,SN11 0QL,Calne,1000
2026-05-04,Mon,Daily,RG20 6QN,Compton (West Berkshire),1000
2026-05-04,Mon,Daily,PE6 8JD,Market Deeping,1000
2026-05-04,Mon,Daily,PA23 7UJ,Dùn Obhainn,1000
2026-05-04,Mon,Daily,NN10 0NG,Rushden,1000
2026-05-04,Mon,Daily,LS28 6BQ,Pudsey,1000
2026-05-04,Mon,Daily,LN8 3EH,Market Rasen,1000
2026-05-04,Mon,Daily,KT15 2PE,Addlestone,1000
2026-05-04,Mon,Daily,IP31 2FD,Great Barton,1000
2026-05-04,Mon,Daily,IG4 5LS,Redbridge,1000
2026-05-04,Mon,Daily,HD2 2PZ,Huddersfield,1000
2026-05-04,Mon,Daily,DL5 5JU,Newton Aycliffe,1000
2026-05-04,Mon,Daily,DA11 8DH,Northfleet,1000
2026-05-04,Mon,Daily,DA1 2LQ,Dartford,1000
2026-05-04,Mon,Daily,CT4 5LB,Bridge,1000
2026-05-04,Mon,Daily,CR0 8DH,Croydon,1000
2026-05-04,Mon,Daily,BN1 6LN,Brighton and Hove,1000
2026-05-03,Sun,Daily,SS9 1SW,Southend-on-Sea,1000
2026-05-03,Sun,Daily,SK1 4BD,Stockport,1000
2026-05-03,Sun,Daily,SE1 0TL,Southwark,1000
2026-05-03,Sun,Daily,PA34 4TL,Oban,1000
2026-05-03,Sun,Daily,NE63 8DR,Ashington (Northumberland),1000
2026-05-03,Sun,Daily,LL55 2AQ,Caernarfon,1000
2026-05-03,Sun,Daily,LE6 0BQ,Groby,1000
2026-05-03,Sun,Daily,KY1 1HD,Kirkcaldy,1000
2026-05-03,Sun,Daily,IV55 8WL,Glen Dale,1000
2026-05-03,Sun,Daily,GU7 1XT,Godalming,1000
2026-05-03,Sun,Daily,GL5 2AS,Brimscombe and Thrupp,1000
2026-05-03,Sun,Daily,FY3 7NS,Blackpool,1000
2026-05-03,Sun,Daily,EX4 5DS,Exeter,1000
2026-05-03,Sun,Daily,E13 0RD,Newham,1000
2026-05-03,Sun,Daily,DY3 3TL,Sedgley,1000
2026-05-03,Sun,Daily,DA12 2BB,Gravesend,1000
2026-05-03,Sun,Daily,CA3 0FE,Carlisle,1000
2026-05-03,Sun,Daily,BL2 4DX,Bolton (Bolton),1000
2026-05-03,Sun,Daily,B32 2UB,Birmingham,1000
2026-05-03,Sun,Daily,AL8 7RD,Welwyn Garden City,1000
2026-05-02,Sat,Millionaire Street,SP1 3RD,Salisbury,125000
2026-05-02,Sat,Daily,SY5 6QR,Shrewsbury,1000
2026-05-02,Sat,Daily,ST1 4LH,Stoke-on-Trent,1000
2026-05-02,Sat,Daily,SO41 0JG,Milford on Sea,1000
2026-05-02,Sat,Daily,SM4 4DH,Merton,1000
2026-05-02,Sat,Daily,SK17 8QS,Tideswell,1000
2026-05-02,Sat,Daily,SA11 3XD,Neath,1000
2026-05-02,Sat,Daily,PO9 3SG,Havant,1000
2026-05-02,Sat,Daily,NG8 3EF,Nottingham,1000
2026-05-02,Sat,Daily,ME7 4LY,Gillingham (Medway),1000
2026-05-02,Sat,Daily,ME17 4QJ,Coxheath,1000
2026-05-02,Sat,Daily,M40 3PT,Manchester,1000
2026-05-02,Sat,Daily,HP22 0AA,Aston Clinton,1000
2026-05-02,Sat,Daily,GU9 8UY,Farnham,1000
2026-05-02,Sat,Daily,EN6 4QP,Cuffley,1000
2026-05-02,Sat,Daily,EH7 4DR,Edinburgh,1000
2026-05-02,Sat,Daily,CT11 8HL,Ramsgate,1000
2026-05-02,Sat,Daily,BS16 3DR,Kingswood and Fishponds,1000
2026-05-02,Sat,Daily,BN21 2NY,Eastbourne,1000
2026-05-02,Sat,Daily,AB51 0EA,Kintore,1000
2026-05-02,Sat,Daily,AB14 0QT,Peterculter,1000
2026-05-01,Fri,Daily,TS4 3SE,Middlesbrough,1000
2026-05-01,Fri,Daily,TQ4 5LY,Paignton,1000
2026-05-01,Fri,Daily,SY5 6AZ,Shrewsbury,1000
2026-05-01,Fri,Daily,SY23 4AR,Aberystwyth,1000
2026-05-01,Fri,Daily,ST13 5NH,Leek,1000
2026-05-01,Fri,Daily,SR2 9HA,Sunderland,1000
2026-05-01,Fri,Daily,SL1 1PQ,Slough,1000
2026-05-01,Fri,Daily,SA4 0UE,Hendy and Fforest,1000
2026-05-01,Fri,Daily,RG9 1AR,Henley-on-Thames,1000
2026-05-01,Fri,Daily,PR7 3QG,Chorley,1000
2026-05-01,Fri,Daily,M23 2XA,Wythenshawe,1000
2026-05-01,Fri,Daily,L19 1QB,Liverpool,1000
2026-05-01,Fri,Daily,KT24 6DA,East Horsley,1000
2026-05-01,Fri,Daily,HX3 8XD,Brighouse,1000
2026-05-01,Fri,Daily,HP22 4LP,Wingrave,1000
2026-05-01,Fri,Daily,HA2 8NG,Harrow,1000
2026-05-01,Fri,Daily,EX2 7DU,Exeter,1000
2026-05-01,Fri,Daily,CW9 8BN,Davenham,1000
2026-05-01,Fri,Daily,CO8 5DH,Bures,1000
2026-05-01,Fri,Daily,B29 7JQ,Birmingham,1000
2026-04-30,Thu,Daily,W13 9XW,Ealing,1000
2026-04-30,Thu,Daily,TS7 0PX,Middlesbrough,1000
2026-04-30,Thu,Daily,SE9 3PT,Greenwich,1000
2026-04-30,Thu,Daily,NR31 7HA,Gorleston-on-Sea,1000
2026-04-30,Thu,Daily,NG4 3EB,Carlton (Gedling),1000
2026-04-30,Thu,Daily,NG31 9PQ,Grantham,1000
2026-04-30,Thu,Daily,NE3 5TH,Newcastle upon Tyne,1000
2026-04-30,Thu,Daily,NE28 9YP,Wallsend,1000
2026-04-30,Thu,Daily,NE23 6TH,Cramlington,1000
2026-04-30,Thu,Daily,MK18 3ET,Winslow,1000
2026-04-30,Thu,Daily,M45 7GZ,Whitefield,1000
2026-04-30,Thu,Daily,HU19 2BT,Withernsea,1000
2026-04-30,Thu,Daily,HA2 9AT,Harrow,1000
2026-04-30,Thu,Daily,FK6 5JH,Denny,1000
2026-04-30,Thu,Daily,EH54 5AL,Livingston,1000
2026-04-30,Thu,Daily,E5 9JG,Hackney,1000
2026-04-30,Thu,Daily,BS21 6PB,Clevedon,1000
2026-04-30,Thu,Daily,BR7 6AG,Bromley,1000
2026-04-30,Thu,Daily,B68 0QU,Oldbury (Sandwell),1000
2026-04-30,Thu,Daily,B64 5BY,Cradley Heath,1000
2026-04-29,Wed,Daily,TR5 0QS,St Agnes,1000
2026-04-29,Wed,Daily,TN11 0QD,Hadlow,1000
2026-04-29,Wed,Daily,SS9 4AF,Southend-on-Sea,1000
2026-04-29,Wed,Daily,SN2 7SU,Stratton St Margaret,1000
2026-04-29,Wed,Daily,SA15 2JW,Llanelli,1000
2026-04-29,Wed,Daily,RH13 0BH,Southwater,1000
2026-04-29,Wed,Daily,RG22 4TB,Basingstoke,1000
2026-04-29,Wed,Daily,PE2 5TL,Peterborough,1000
2026-04-29,Wed,Daily,NN9 5LP,Irthlingborough,1000
2026-04-29,Wed,Daily,NG21 9JZ,Edwinstowe,1000
2026-04-29,Wed,Daily,MK42 6BN,Wixams,1000
2026-04-29,Wed,Daily,ME5 0DQ,Chatham,1000
2026-04-29,Wed,Daily,ME16 8QL,Maidstone,1000
2026-04-29,Wed,Daily,LL71 8EB,Llanerchymedd,1000
2026-04-29,Wed,Daily,IP2 0LU,Ipswich,1000
2026-04-29,Wed,Daily,G33 2EZ,Glasgow,1000
2026-04-29,Wed,Daily,EX33 2BA,Braunton,1000
2026-04-29,Wed,Daily,DN4 9NP,Doncaster,1000
2026-04-29,Wed,Daily,DH2 2SA,Chester-le-Street,1000
2026-04-29,Wed,Daily,BA11 4JL,Frome,1000
2026-04-28,Tue,Daily,TQ7 4NL,Loddiswell,1000
2026-04-28,Tue,Daily,SY3 7RF,Shrewsbury,1000
2026-04-28,Tue,Daily,SW19 3RE,Merton,1000
2026-04-28,Tue,Daily,SO24 9NR,New Alresford,1000
2026-04-28,Tue,Daily,SA62 3BJ,Johnston,1000
2026-04-28,Tue,Daily,S42 6AY,Wingerworth,1000
2026-04-28,Tue,Daily,S12 2GU,Sheffield,1000
2026-04-28,Tue,Daily,NN4 6RE,Northampton,1000
2026-04-28,Tue,Daily,NE30 3NA,Tynemouth,1000
2026-04-28,Tue,Daily,M6 8PQ,Salford,1000
2026-04-28,Tue,Daily,LD8 2EY,Presteigne,1000
2026-04-28,Tue,Daily,IV30 4EA,Elgin,1000
2026-04-28,Tue,Daily,HP5 2BU,Chesham,1000
2026-04-28,Tue,Daily,G44 5TF,Glasgow,1000
2026-04-28,Tue,Daily,CV2 5EF,Coventry,1000
2026-04-28,Tue,Daily,CO3 3AF,Colchester,1000
2026-04-28,Tue,Daily,CH63 0HT,Bebington,1000
2026-04-28,Tue,Daily,BB2 7BQ,Blackburn (Blackburn with Darwen),1000
2026-04-28,Tue,Daily,B60 4EJ,Stoke Prior (Bromsgrove),1000
2026-04-28,Tue,Daily,AB31 4RL,Torphins,1000
2026-04-27,Mon,Daily,TS29 6HQ,Trimdon,1000
2026-04-27,Mon,Daily,TA3 5PY,Creech St Michael,1000
2026-04-27,Mon,Daily,SR4 8DX,Sunderland,1000
2026-04-27,Mon,Daily,SA4 3XE,Gowerton,1000
2026-04-27,Mon,Daily,RM9 4JR,Barking and Dagenham,1000
2026-04-27,Mon,Daily,RG21 3BA,Basingstoke,1000
2026-04-27,Mon,Daily,NG7 2EH,Nottingham,1000
2026-04-27,Mon,Daily,NG12 4LR,Edwalton,1000
2026-04-27,Mon,Daily,LN7 6PN,Caistor,1000
2026-04-27,Mon,Daily,LE13 0PF,Melton Mowbray,1000
2026-04-27,Mon,Daily,KY16 9RG,St Andrews,1000
2026-04-27,Mon,Daily,IV63 6TH,Drumnadrochit,1000
2026-04-27,Mon,Daily,HP21 9RQ,Aylesbury,1000
2026-04-27,Mon,Daily,EH5 1LQ,Edinburgh,1000
2026-04-27,Mon,Daily,DA12 5QH,Gravesend,1000
2026-04-27,Mon,Daily,CV23 1AU,Rugby,1000
2026-04-27,Mon,Daily,CO16 9NZ,Little Clacton,1000
2026-04-27,Mon,Daily,BL3 3HU,Bolton (Bolton),1000
2026-04-27,Mon,Daily,BL1 7AR,Bolton (Bolton),1000
2026-04-27,Mon,Daily,AL1 5PS,St Albans,1000
2026-04-26,Sun,Daily,WA12 8DE,Newton-le-Willows,1000
2026-04-26,Sun,Daily,TQ9 6PS,Stoke Gabriel,1000
2026-04-26,Sun,Daily,ST14 7PF,Uttoxeter,1000
2026-04-26,Sun,Daily,SR4 7DT,Sunderland,1000
2026-04-26,Sun,Daily,SK7 3AF,Bramhall,1000
2026-04-26,Sun,Daily,SK23 0NE,Chapel-en-le-Frith,1000
2026-04-26,Sun,Daily,S45 9PZ,Clay Cross,1000
2026-04-26,Sun,Daily,RH13 5AP,Horsham,1000
2026-04-26,Sun,Daily,OX29 4EE,Eynsham,1000
2026-04-26,Sun,Daily,NW4 4UA,Barnet,1000
2026-04-26,Sun,Daily,NG10 4HY,Long Eaton,1000
2026-04-26,Sun,Daily,N12 7LF,Barnet,1000
2026-04-26,Sun,Daily,ME19 4LW,Kings Hill,1000
2026-04-26,Sun,Daily,GU21 4QN,Woking,1000
2026-04-26,Sun,Daily,G64 1GU,Bishopbriggs,1000
2026-04-26,Sun,Daily,CW2 8RB,Crewe,1000
2026-04-26,Sun,Daily,CT9 3EJ,Margate,1000
2026-04-26,Sun,Daily,CH49 8HY,Birkenhead,1000
2026-04-26,Sun,Daily,CA10 3XH,Shap,1000
2026-04-26,Sun,Daily,BB2 4PB,Blackburn (Blackburn with Darwen),1000
2026-04-25,Sat,Millionaire Street,BL4 7EF,Farnworth,83333
2026-04-25,Sat,Daily,WS11 0EG,Cannock,1000
2026-04-25,Sat,Daily,ST16 3WP,Stafford,1000
2026-04-25,Sat,Daily,SL8 5RF,Bourne End,1000
2026-04-25,Sat,Daily,S8 8HH,Sheffield,1000
2026-04-25,Sat,Daily,RG42 2PP,Bracknell,1000
2026-04-25,Sat,Daily,NR32 4BY,Lowestoft,1000
2026-04-25,Sat,Daily,NN3 2SP,Northampton,1000
2026-04-25,Sat,Daily,NE43 7PF,Stocksfield,1000
2026-04-25,Sat,Daily,M44 5YU,Irlam,1000
2026-04-25,Sat,Daily,LU7 9JE,Pitstone,1000
2026-04-25,Sat,Daily,GU20 6DD,Windlesham,1000
2026-04-25,Sat,Daily,E17 8EG,Waltham Forest,1000
2026-04-25,Sat,Daily,DH7 0QA,Lanchester,1000
2026-04-25,Sat,Daily,DE72 3LP,Borrowash,1000
2026-04-25,Sat,Daily,DA1 5AG,Dartford,1000
2026-04-25,Sat,Daily,CT9 5AE,Margate,1000
2026-04-25,Sat,Daily,BR7 5DF,Bromley,1000
2026-04-25,Sat,Daily,BN23 7AG,Eastbourne,1000
2026-04-25,Sat,Daily,B71 2SH,West Bromwich,1000
2026-04-25,Sat,Daily,B13 0DJ,Birmingham,1000
2026-04-24,Fri,Daily,WF8 2FL,Pontefract,1000
2026-04-24,Fri,Daily,SW9 8RA,Lambeth,1000
2026-04-24,Fri,Daily,SK2 7NB,Stockport,1000
2026-04-24,Fri,Daily,SE6 1LW,Lewisham,1000
2026-04-24,Fri,Daily,SA6 8EX,Swansea,1000
2026-04-24,Fri,Daily,NR10 3HB,Horsford,1000
2026-04-24,Fri,Daily,NP12 3LL,Blackwood,1000
2026-04-24,Fri,Daily,MK4 3EN,Milton Keynes,1000
2026-04-24,Fri,Daily,M6 8EH,Salford,1000
2026-04-24,Fri,Daily,M33 4RE,Sale,1000
2026-04-24,Fri,Daily,LN6 9DZ,North Hykeham,1000
2026-04-24,Fri,Daily,L25 7UU,Liverpool,1000
2026-04-24,Fri,Daily,HP19 9BS,Aylesbury,1000
2026-04-24,Fri,Daily,FY2 0RY,Blackpool,1000
2026-04-24,Fri,Daily,DE7 8SU,Ilkeston,1000
2026-04-24,Fri,Daily,CH44 3AA,Wallasey,1000
2026-04-24,Fri,Daily,CA28 6QF,Whitehaven,1000
2026-04-24,Fri,Daily,CA1 3HB,Carlisle,1000
2026-04-24,Fri,Daily,BH21 1SG,Wimborne Minster,1000
2026-04-24,Fri,Daily,AB24 5RL,Aberdeen,1000
2026-04-23,Thu,Daily,YO7 2NU,Thirsk,1000
2026-04-23,Thu,Daily,YO19 5SJ,Dunnington,1000
2026-04-23,Thu,Daily,WF4 5JR,Horbury,1000
2026-04-23,Thu,Daily,UB1 2BW,Ealing,1000
2026-04-23,Thu,Daily,SP2 9HZ,Salisbury,1000
2026-04-23,Thu,Daily,SE1 0RH,Southwark,1000
2026-04-23,Thu,Daily,SA61 2QF,Haverfordwest,1000
2026-04-23,Thu,Daily,RG12 9JY,Bracknell,1000
2026-04-23,Thu,Daily,NR31 6ED,Gorleston-on-Sea,1000
2026-04-23,Thu,Daily,NP23 4SD,Brynmawr,1000
2026-04-23,Thu,Daily,L37 6FN,Formby,1000
2026-04-23,Thu,Daily,L23 4UH,Crosby (Sefton),1000
2026-04-23,Thu,Daily,KY4 9BP,Cowdenbeath,1000
2026-04-23,Thu,Daily,HR5 3GH,Kington,1000
2026-04-23,Thu,Daily,HD7 4NF,Huddersfield,1000
2026-04-23,Thu,Daily,G72 8RQ,Cambuslang,1000
2026-04-23,Thu,Daily,DL15 9QA,Crook,1000
2026-04-23,Thu,Daily,BS22 8DB,Weston-super-Mare,1000
2026-04-23,Thu,Daily,B8 2TN,Birmingham,1000
2026-04-23,Thu,Daily,B14 6NJ,Birmingham,1000
2026-04-22,Wed,Daily,WR8 9DL,Worcester,1000
2026-04-22,Wed,Daily,WF10 4ED,Castleford,1000
2026-04-22,Wed,Daily,WF1 2UR,Wakefield,1000
2026-04-22,Wed,Daily,RH5 6HS,Dorking,1000
2026-04-22,Wed,Daily,PO1 2TD,Portsmouth,1000
2026-04-22,Wed,Daily,MK3 6FN,Bletchley,1000
2026-04-22,Wed,Daily,ME3 9QD,Hoo St Werburgh,1000
2026-04-22,Wed,Daily,LL37 2UZ,Llwyngwril,1000
2026-04-22,Wed,Daily,LE18 4YA,Wigston,1000
2026-04-22,Wed,Daily,L24 1US,Liverpool,1000
2026-04-22,Wed,Daily,KT19 8GX,Epsom,1000
2026-04-22,Wed,Daily,IP10 0QT,Trimley St Mary,1000
2026-04-22,Wed,Daily,IG8 0PT,Redbridge,1000
2026-04-22,Wed,Daily,HR5 3FH,Kington,1000
2026-04-22,Wed,Daily,E11 1DT,Waltham Forest,1000
2026-04-22,Wed,Daily,DH3 3UJ,Chester-le-Street,1000
2026-04-22,Wed,Daily,CH42 6QQ,Birkenhead,1000
2026-04-22,Wed,Daily,BS15 9UJ,Kingswood and Fishponds,1000
2026-04-22,Wed,Daily,BH2 5NJ,Bournemouth,1000
2026-04-22,Wed,Daily,BH14 9BE,Poole,1000
2026-04-21,Tue,Daily,YO10 3TB,York,1000
2026-04-21,Tue,Daily,WS2 0JB,Willenhall,1000
2026-04-21,Tue,Daily,WF9 5JP,Fitzwilliam and Kinsley,1000
2026-04-21,Tue,Daily,WF2 9HH,Wakefield,1000
2026-04-21,Tue,Daily,WD7 8PJ,Radlett,1000
2026-04-21,Tue,Daily,WD19 5EG,Watford (Watford),1000
2026-04-21,Tue,Daily,TA8 2TA,Burnham-on-Sea,1000
2026-04-21,Tue,Daily,SM2 5NL,Sutton (Sutton),1000
2026-04-21,Tue,Daily,SA15 1TX,Llanelli,1000
2026-04-21,Tue,Daily,NR34 7EP,Worlingham,1000
2026-04-21,Tue,Daily,NR16 1RJ,Tacolneston,1000
2026-04-21,Tue,Daily,NN14 2GP,Desborough,1000
2026-04-21,Tue,Daily,NG15 6TW,Hucknall,1000
2026-04-21,Tue,Daily,NE11 9DT,Gateshead,1000
2026-04-21,Tue,Daily,LA15 8BW,Dalton-in-Furness,1000
2026-04-21,Tue,Daily,L3 0AQ,Liverpool,1000
2026-04-21,Tue,Daily,DH3 1FE,Birtley,1000
2026-04-21,Tue,Daily,CF5 6NB,Cardiff,1000
2026-04-21,Tue,Daily,B91 3SZ,Solihull,1000
2026-04-21,Tue,Daily,B78 1BS,Polesworth and Dordon,1000
2026-04-20,Mon,Daily,TR15 1DR,Redruth,1000
2026-04-20,Mon,Daily,SA4 8PW,Pontarddulais,1000
2026-04-20,Mon,Daily,RM10 9PJ,Barking and Dagenham,1000
2026-04-20,Mon,Daily,NG1 4ET,Nottingham,1000
2026-04-20,Mon,Daily,M40 3PW,Manchester,1000
2026-04-20,Mon,Daily,LE9 7LT,Earl Shilton,1000
2026-04-20,Mon,Daily,LE5 4UG,Leicester,1000
2026-04-20,Mon,Daily,KY1 2AZ,Kirkcaldy,1000
2026-04-20,Mon,Daily,HD9 3UL,Honley,1000
2026-04-20,Mon,Daily,EN1 4SX,Enfield,1000
2026-04-20,Mon,Daily,EH32 9GW,Prestonpans,1000
2026-04-20,Mon,Daily,EH16 5ST,Edinburgh,1000
2026-04-20,Mon,Daily,DE22 2AB,Derby,1000
2026-04-20,Mon,Daily,DD5 3HU,Broughty Ferry,1000
2026-04-20,Mon,Daily,CW7 3HG,Winsford,1000
2026-04-20,Mon,Daily,CT3 4BL,Hersden,1000
2026-04-20,Mon,Daily,BB3 3RP,Darwen,1000
2026-04-20,Mon,Daily,B49 6FF,Alcester,1000
2026-04-20,Mon,Daily,B43 7AX,Pheasey,1000
2026-04-20,Mon,Daily,AL2 3JY,Bricket Wood,1000
2026-04-19,Sun,Daily,YO42 2LY,Pocklington,1000
2026-04-19,Sun,Daily,WV11 1LF,Wolverhampton,1000
2026-04-19,Sun,Daily,TQ12 3EL,Kingsteignton,1000
2026-04-19,Sun,Daily,TD12 4AG,Coldstream,1000
2026-04-19,Sun,Daily,SW18 3EH,Wandsworth,1000
2026-04-19,Sun,Daily,SS17 0PX,Stanford-le-Hope,1000
2026-04-19,Sun,Daily,SN12 6DW,Melksham,1000
2026-04-19,Sun,Daily,SK14 6LB,Hadfield,1000
2026-04-19,Sun,Daily,SA16 0US,Burry Port,1000
2026-04-19,Sun,Daily,S80 2LR,Worksop,1000
2026-04-19,Sun,Daily,RH18 5PA,Forest Row,1000
2026-04-19,Sun,Daily,PL32 9SU,Camelford,1000
2026-04-19,Sun,Daily,NE39 2BY,Rowlands Gill,1000
2026-04-19,Sun,Daily,LE9 9GE,Desford,1000
2026-04-19,Sun,Daily,HU12 9AP,Thorngumbald,1000
2026-04-19,Sun,Daily,DN12 4HJ,Denaby Main,1000
2026-04-19,Sun,Daily,CO15 1XE,Clacton-on-Sea,1000
2026-04-19,Sun,Daily,CH63 5QD,Bebington,1000
2026-04-19,Sun,Daily,BB1 9AL,Blackburn (Blackburn with Darwen),1000
2026-04-19,Sun,Daily,BB1 2LW,Blackburn (Blackburn with Darwen),1000
2026-04-18,Sat,Millionaire Street,SN12 7HB,Melksham,142857
2026-04-18,Sat,Daily,WR9 8WZ,Droitwich Spa,1000
2026-04-18,Sat,Daily,WF6 1LQ,Normanton (Wakefield),1000
2026-04-18,Sat,Daily,WA16 8DG,Knutsford,1000
2026-04-18,Sat,Daily,TW7 7AQ,Hounslow,1000
2026-04-18,Sat,Daily,SO50 4NX,Eastleigh,1000
2026-04-18,Sat,Daily,SN14 8NP,Colerne,1000
2026-04-18,Sat,Daily,SL4 3RD,Windsor,1000
2026-04-18,Sat,Daily,OX4 4TY,Oxford,1000
2026-04-18,Sat,Daily,IG11 7GH,Barking and Dagenham,1000
2026-04-18,Sat,Daily,GU3 3NS,Guildford,1000
2026-04-18,Sat,Daily,FY2 9LT,Blackpool,1000
2026-04-18,Sat,Daily,EX8 2FX,Exmouth,1000
2026-04-18,Sat,Daily,DN3 2PL,Kirk Sandall and Edenthorpe,1000
2026-04-18,Sat,Daily,DE45 1LS,Bakewell,1000
2026-04-18,Sat,Daily,CV1 2AH,Coventry,1000
2026-04-18,Sat,Daily,CB11 4QX,Saffron Walden,1000
2026-04-18,Sat,Daily,BH12 4DG,Poole,1000
2026-04-18,Sat,Daily,BB12 7FG,Padiham,1000
2026-04-18,Sat,Daily,BA3 3LL,Radstock,1000
2026-04-18,Sat,Daily,AL10 0RD,Hatfield,1000
2026-04-17,Fri,Daily,WV10 7TY,Featherstone (South Staffordshire),1000
2026-04-17,Fri,Daily,TS6 0AY,Eston,1000
2026-04-17,Fri,Daily,TN27 0AU,Charing,1000
2026-04-17,Fri,Daily,TN22 2EB,Uckfield,1000
2026-04-17,Fri,Daily,SY4 4BQ,Shawbury,1000
2026-04-17,Fri,Daily,SO17 2HF,Southampton,1000
2026-04-17,Fri,Daily,PE23 4HQ,Old Bolingbroke,1000
2026-04-17,Fri,Daily,PE11 2PU,Spalding,1000
2026-04-17,Fri,Daily,OX49 5NL,Watlington (South Oxfordshire),1000
2026-04-17,Fri,Daily,NN3 9HA,Northampton,1000
2026-04-17,Fri,Daily,NE65 8UH,Longframlington,1000
2026-04-17,Fri,Daily,HA0 4BY,Brent,1000
2026-04-17,Fri,Daily,GU7 1HE,Godalming,1000
2026-04-17,Fri,Daily,GL14 2TU,Cinderford,1000
2026-04-17,Fri,Daily,DT2 9QN,Charminster,1000
2026-04-17,Fri,Daily,DG8 8QG,Whithorn,1000
2026-04-17,Fri,Daily,CV12 9LX,Bulkington,1000
2026-04-17,Fri,Daily,CT11 7TE,Ramsgate,1000
2026-04-17,Fri,Daily,BH24 1DP,Ringwood,1000
2026-04-17,Fri,Daily,B90 4BU,Solihull,1000
2026-04-16,Thu,Daily,YO12 5DN,Scarborough,1000
2026-04-16,Thu,Daily,TW16 6SB,Sunbury-on-Thames,1000
2026-04-16,Thu,Daily,TN34 1QD,Hastings,1000
2026-04-16,Thu,Daily,TF1 2LW,Telford,1000
2026-04-16,Thu,Daily,SP6 2PP,Fordingbridge,1000
2026-04-16,Thu,Daily,S63 8EL,Bolton upon Dearne,1000
2026-04-16,Thu,Daily,RM6 4LB,Redbridge,1000
2026-04-16,Thu,Daily,NR4 7QL,Norwich,1000
2026-04-16,Thu,Daily,LL57 1AN,Bangor,1000
2026-04-16,Thu,Daily,LE3 1GQ,Leicester,1000
2026-04-16,Thu,Daily,LA14 3BH,Barrow-in-Furness,1000
2026-04-16,Thu,Daily,IP24 3BY,Thetford,1000
2026-04-16,Thu,Daily,G15 6QN,Glasgow,1000
2026-04-16,Thu,Daily,FK6 5EW,Denny,1000
2026-04-16,Thu,Daily,EX8 4JY,Exmouth,1000
2026-04-16,Thu,Daily,CT6 7SP,Herne,1000
2026-04-16,Thu,Daily,CM6 4FA,Great Dunmow,1000
2026-04-16,Thu,Daily,BN20 8TD,Eastbourne,1000
2026-04-16,Thu,Daily,BH10 7EU,Bournemouth,1000
2026-04-16,Thu,Daily,B25 8LT,Birmingham,1000
2026-04-15,Wed,Daily,YO43 4BD,Holme upon Spalding Moor,1000
2026-04-15,Wed,Daily,TW16 6LP,Sunbury-on-Thames,1000
2026-04-15,Wed,Daily,TS9 6AZ,Great Ayton,1000
2026-04-15,Wed,Daily,TR27 5HA,Hayle,1000
2026-04-15,Wed,Daily,TN24 8PP,Ashford (Ashford),1000
2026-04-15,Wed,Daily,SN14 6XZ,Chippenham (Wiltshire),1000
2026-04-15,Wed,Daily,SA18 1ST,Gwaun-Cae-Gurwen,1000
2026-04-15,Wed,Daily,PR4 3YF,Wesham,1000
2026-04-15,Wed,Daily,NR35 2SX,Ditchingham,1000
2026-04-15,Wed,Daily,NE6 2DD,Newcastle upon Tyne,1000
2026-04-15,Wed,Daily,NE31 2JS,Hebburn,1000
2026-04-15,Wed,Daily,N1 3JH,Islington,1000
2026-04-15,Wed,Daily,M9 4PZ,Manchester,1000
2026-04-15,Wed,Daily,M43 7PP,Droylsden,1000
2026-04-15,Wed,Daily,L33 1WZ,Kirkby,1000
2026-04-15,Wed,Daily,KY7 5GD,Glenrothes,1000
2026-04-15,Wed,Daily,IG5 0SD,Redbridge,1000
2026-04-15,Wed,Daily,IG10 4RB,Loughton,1000
2026-04-15,Wed,Daily,GL4 0QD,Gloucester,1000
2026-04-15,Wed,Daily,FK6 6LP,Denny,1000
2026-04-14,Tue,Daily,WV14 8HQ,Bilston (Wolverhampton),1000
2026-04-14,Tue,Daily,WN4 0LD,Ashton-in-Makerfield,1000
2026-04-14,Tue,Daily,W12 8BT,Hammersmith and Fulham,1000
2026-04-14,Tue,Daily,TS21 1DG,Stillington (Stockton-on-Tees),1000
2026-04-14,Tue,Daily,TF8 7BX,Telford,1000
2026-04-14,Tue,Daily,SE1 5XF,Southwark,1000
2026-04-14,Tue,Daily,RG2 9NS,Shinfield,1000
2026-04-14,Tue,Daily,NW5 4ND,Camden,1000
2026-04-14,Tue,Daily,N5 2XD,Islington,1000
2026-04-14,Tue,Daily,N15 6NR,Haringey,1000
2026-04-14,Tue,Daily,M7 2AH,Salford,1000
2026-04-14,Tue,Daily,M26 2UZ,Radcliffe,1000
2026-04-14,Tue,Daily,LU5 5RL,Houghton Regis,1000
2026-04-14,Tue,Daily,GL20 8TJ,Tewkesbury,1000
2026-04-14,Tue,Daily,GL16 8AX,Coleford (Forest of Dean),1000
2026-04-14,Tue,Daily,EX23 0AR,Bude,1000
2026-04-14,Tue,Daily,DN12 3AT,Conisbrough,1000
2026-04-14,Tue,Daily,CM3 5SG,South Woodham Ferrers,1000
2026-04-14,Tue,Daily,BN5 9DP,Henfield,1000
2026-04-14,Tue,Daily,B60 4HA,Stoke Prior (Bromsgrove),1000
2026-04-13,Mon,Daily,WV3 9NW,Wolverhampton,1000
2026-04-13,Mon,Daily,WR2 5XL,Worcester,1000
2026-04-13,Mon,Daily,WN8 8DH,Skelmersdale,1000
2026-04-13,Mon,Daily,SO21 1TU,Colden Common,1000
2026-04-13,Mon,Daily,SG6 2PU,Letchworth,1000
2026-04-13,Mon,Daily,SG12 9LB,Ware,1000
2026-04-13,Mon,Daily,S2 1DZ,Sheffield,1000
2026-04-13,Mon,Daily,PO7 5XT,Waterlooville,1000
2026-04-13,Mon,Daily,PE2 8FX,Peterborough,1000
2026-04-13,Mon,Daily,NG17 7LU,Kirkby-in-Ashfield,1000
2026-04-13,Mon,Daily,NE15 7LQ,Newcastle upon Tyne,1000
2026-04-13,Mon,Daily,MK6 3LQ,Milton Keynes,1000
2026-04-13,Mon,Daily,MK45 1PE,Flitwick,1000
2026-04-13,Mon,Daily,LN1 3PU,Lincoln,1000
2026-04-13,Mon,Daily,LA2 6HJ,Bolton-le-Sands,1000
2026-04-13,Mon,Daily,IP4 5RP,Ipswich,1000
2026-04-13,Mon,Daily,HA1 2NZ,Harrow,1000
2026-04-13,Mon,Daily,EN5 2EF,Barnet,1000
2026-04-13,Mon,Daily,BH16 5DS,Upton (Dorset),1000
2026-04-13,Mon,Daily,BB12 9EZ,Fence,1000
2026-04-12,Sun,Daily,ST21 6AY,Eccleshall,1000
2026-04-12,Sun,Daily,PO3 5UZ,Portsmouth,1000
2026-04-12,Sun,Daily,PE2 9BX,Peterborough,1000
2026-04-12,Sun,Daily,PA32 8XH,Ceann Loch Gilb,1000
2026-04-12,Sun,Daily,OX44 7PT,Chalgrove,1000
2026-04-12,Sun,Daily,OL15 9DL,Littleborough,1000
2026-04-12,Sun,Daily,OL10 3EU,Heywood,1000
2026-04-12,Sun,Daily,LE13 0SG,Melton Mowbray,1000
2026-04-12,Sun,Daily,L27 4AB,Liverpool,1000
2026-04-12,Sun,Daily,L23 9TH,Crosby (Sefton),1000
2026-04-12,Sun,Daily,L20 0DG,Bootle (Sefton),1000
2026-04-12,Sun,Daily,KT8 1QZ,West Molesey,1000
2026-04-12,Sun,Daily,G11 7QG,Glasgow,1000
2026-04-12,Sun,Daily,EX4 8EZ,Exeter,1000
2026-04-12,Sun,Daily,EN8 9HF,Cheshunt,1000
2026-04-12,Sun,Daily,E1 0LE,Tower Hamlets,1000
2026-04-12,Sun,Daily,DE11 0QU,Swadlincote,1000
2026-04-12,Sun,Daily,BB2 7PJ,Blackburn (Blackburn with Darwen),1000
2026-04-12,Sun,Daily,B70 7SB,West Bromwich,1000
2026-04-12,Sun,Daily,B68 8AG,Oldbury (Sandwell),1000
2026-04-11,Sat,Millionaire Street,SY23 5LE,Llanon,125000
2026-04-11,Sat,Daily,WA1 3AY,Warrington,1000
2026-04-11,Sat,Daily,SY4 4HU,Shawbury,1000
2026-04-11,Sat,Daily,SP11 0AX,Hurstbourne Tarrant,1000
2026-04-11,Sat,Daily,SO41 8GQ,Lymington,1000
2026-04-11,Sat,Daily,SA19 8EL,Rhosmaen,1000
2026-04-11,Sat,Daily,S8 9HB,Sheffield,1000
2026-04-11,Sat,Daily,PO12 4SW,Gosport,1000
2026-04-11,Sat,Daily,OX26 6XU,Bicester,1000
2026-04-11,Sat,Daily,OL10 1QJ,Heywood,1000
2026-04-11,Sat,Daily,NW4 1BT,Barnet,1000
2026-04-11,Sat,Daily,NR30 5PQ,Caister-on-Sea,1000
2026-04-11,Sat,Daily,NE10 9RJ,Gateshead,1000
2026-04-11,Sat,Daily,M34 6ES,Denton (Tameside),1000
2026-04-11,Sat,Daily,BR6 8JQ,Bromley,1000
2026-04-11,Sat,Daily,BN7 3BP,Kingston near Lewes,1000
2026-04-11,Sat,Daily,BB18 5AH,Barnoldswick,1000
2026-04-11,Sat,Daily,BA6 9PJ,Glastonbury,1000
2026-04-11,Sat,Daily,BA15 1EN,Bradford-on-Avon,1000
2026-04-11,Sat,Daily,B66 4BX,Smethwick,1000
2026-04-11,Sat,Daily,AB51 0PB,Kintore,1000
2026-04-10,Fri,Daily,YO11 3ES,Scarborough,1000
2026-04-10,Fri,Daily,WS7 4QE,Burntwood,1000
2026-04-10,Fri,Daily,WF8 2HA,Pontefract,1000
2026-04-10,Fri,Daily,WD19 4BA,Watford (Watford),1000
2026-04-10,Fri,Daily,TS10 2HT,Redcar,1000
2026-04-10,Fri,Daily,SA62 5RY,Letterston,1000
2026-04-10,Fri,Daily,RM18 7PD,Tilbury,1000
2026-04-10,Fri,Daily,PR7 7AW,Euxton,1000
2026-04-10,Fri,Daily,NN5 6GH,Northampton,1000
2026-04-10,Fri,Daily,NG8 5RB,Nottingham,1000
2026-04-10,Fri,Daily,NE10 8HS,Gateshead,1000
2026-04-10,Fri,Daily,ML9 1ED,Larkhall,1000
2026-04-10,Fri,Daily,MK40 4NQ,Bedford,1000
2026-04-10,Fri,Daily,HD3 3ZJ,Huddersfield,1000
2026-04-10,Fri,Daily,GL4 5FE,Gloucester,1000
2026-04-10,Fri,Daily,CB23 8SD,Bar Hill,1000
2026-04-10,Fri,Daily,BH3 7LB,Bournemouth,1000
2026-04-10,Fri,Daily,B77 2TG,Tamworth,1000
2026-04-10,Fri,Daily,AL7 3NR,Welwyn Garden City,1000
2026-04-10,Fri,Daily,AL3 5RB,St Albans,1000
2026-04-09,Thu,Daily,WV6 7TX,Perton,1000
2026-04-09,Thu,Daily,WD6 1AY,Borehamwood,1000
2026-04-09,Thu,Daily,WD5 0PG,Abbots Langley and Kings Langley,1000
2026-04-09,Thu,Daily,TF10 7LX,Newport (Telford and Wrekin),1000
2026-04-09,Thu,Daily,ST17 4LL,Stafford,1000
2026-04-09,Thu,Daily,SS7 4LG,Thundersley and South Benfleet,1000
2026-04-09,Thu,Daily,SN26 7EL,Broad Blunsdon,1000
2026-04-09,Thu,Daily,S73 0JP,Wombwell,1000
2026-04-09,Thu,Daily,RH16 4DW,Haywards Heath,1000
2026-04-09,Thu,Daily,RG31 7AL,Reading,1000
2026-04-09,Thu,Daily,NG8 6NB,Nottingham,1000
2026-04-09,Thu,Daily,NG4 2LU,Carlton (Gedling),1000
2026-04-09,Thu,Daily,NG31 7EB,Grantham,1000
2026-04-09,Thu,Daily,G44 5JH,Glasgow,1000
2026-04-09,Thu,Daily,E5 8RZ,Hackney,1000
2026-04-09,Thu,Daily,DG1 1EL,Dumfries,1000
2026-04-09,Thu,Daily,DD10 8PU,Montrose,1000
2026-04-09,Thu,Daily,CT3 1UE,Wingham,1000
2026-04-09,Thu,Daily,CT15 5AH,Guston,1000
2026-04-09,Thu,Daily,BS36 2UB,Frampton Cotterell and Winterbourne,1000
2026-04-08,Wed,Daily,WA10 4LG,St Helens (St. Helens),1000
2026-04-08,Wed,Daily,SA1 3TU,Swansea,1000
2026-04-08,Wed,Daily,RM14 3AP,Havering,1000
2026-04-08,Wed,Daily,PO21 1RT,Bognor Regis,1000
2026-04-08,Wed,Daily,OX4 4GQ,Oxford,1000
2026-04-08,Wed,Daily,NP26 3SX,Undy and Magor,1000
2026-04-08,Wed,Daily,N21 2HJ,Enfield,1000
2026-04-08,Wed,Daily,LE6 0GR,Groby,1000
2026-04-08,Wed,Daily,HA0 3BS,Brent,1000
2026-04-08,Wed,Daily,GU26 6EP,Hindhead,1000
2026-04-08,Wed,Daily,EH5 1JJ,Edinburgh,1000
2026-04-08,Wed,Daily,DN33 3LW,Grimsby,1000
2026-04-08,Wed,Daily,CW9 8ES,Davenham,1000
2026-04-08,Wed,Daily,CV5 8FH,Coventry,1000
2026-04-08,Wed,Daily,CT2 8QE,Canterbury,1000
2026-04-08,Wed,Daily,CA10 2RQ,Clifton (Eden),1000
2026-04-08,Wed,Daily,B60 2AU,Bromsgrove,1000
2026-04-08,Wed,Daily,B30 1ET,Birmingham,1000
2026-04-08,Wed,Daily,AL6 0PP,Oaklands,1000
2026-04-08,Wed,Daily,AB42 1NG,Peterhead,1000
2026-04-07,Tue,Daily,WF4 1QT,Crofton,1000
2026-04-07,Tue,Daily,W3 9NQ,Ealing,1000
2026-04-07,Tue,Daily,TS11 6DG,Marske-by-the-Sea,1000
2026-04-07,Tue,Daily,TR9 6DG,Indian Queens and Fraddon and St Columb Road,1000
2026-04-07,Tue,Daily,OL2 8EJ,Shaw (Oldham),1000
2026-04-07,Tue,Daily,M4 1AE,Manchester,1000
2026-04-07,Tue,Daily,M23 0EP,Wythenshawe,1000
2026-04-07,Tue,Daily,LN6 9LH,North Hykeham,1000
2026-04-07,Tue,Daily,KT15 1RN,Addlestone,1000
2026-04-07,Tue,Daily,HP9 1AD,Beaconsfield,1000
2026-04-07,Tue,Daily,G66 5HH,Kirkintilloch,1000
2026-04-07,Tue,Daily,EX15 3XB,Uffculme,1000
2026-04-07,Tue,Daily,EH6 4JW,Edinburgh,1000
2026-04-07,Tue,Daily,DN11 9RX,Tickhill,1000
2026-04-07,Tue,Daily,BR6 9NA,Bromley,1000
2026-04-07,Tue,Daily,BN41 2HY,Brighton and Hove,1000
2026-04-07,Tue,Daily,BH13 7PP,Poole,1000
2026-04-07,Tue,Daily,BH1 3HT,Bournemouth,1000
2026-04-07,Tue,Daily,B76 2PD,Royal Sutton Coldfield,1000
2026-04-07,Tue,Daily,B24 0JN,Birmingham,1000
2026-04-06,Mon,Daily,WF9 1LQ,Upton (Wakefield),1000
2026-04-06,Mon,Daily,TA24 8DR,Minehead,1000
2026-04-06,Mon,Daily,PL27 7NZ,Wadebridge,1000
2026-04-06,Mon,Daily,PE34 4BJ,Terrington St Clement,1000
2026-04-06,Mon,Daily,NG19 7HE,Mansfield,1000
2026-04-06,Mon,Daily,NE32 5JL,Jarrow,1000
2026-04-06,Mon,Daily,ME15 7LQ,Maidstone,1000
2026-04-06,Mon,Daily,LU7 4RX,Leighton Buzzard,1000
2026-04-06,Mon,Daily,L26 9SA,Liverpool,1000
2026-04-06,Mon,Daily,HP2 5JX,Hemel Hempstead,1000
2026-04-06,Mon,Daily,G75 7DB,East Kilbride,1000
2026-04-06,Mon,Daily,G51 4QZ,Glasgow,1000
2026-04-06,Mon,Daily,EX32 0QW,Landkey,1000
2026-04-06,Mon,Daily,EH6 4PH,Edinburgh,1000
2026-04-06,Mon,Daily,DD8 5ET,Kirriemuir,1000
2026-04-06,Mon,Daily,DD5 4DY,Monifieth,1000
2026-04-06,Mon,Daily,CV37 8HZ,Meon Vale,1000
2026-04-06,Mon,Daily,CR0 7ED,Croydon,1000
2026-04-06,Mon,Daily,CO10 9HT,Long Melford,1000
2026-04-06,Mon,Daily,CH1 5BN,Chester,1000
2026-04-05,Sun,Daily,SY4 5YT,Wem,1000
2026-04-05,Sun,Daily,SY4 2DY,Baschurch,1000
2026-04-05,Sun,Daily,ST15 0BN,Stone (Stafford),1000
2026-04-05,Sun,Daily,SR2 0DA,Sunderland,1000
2026-04-05,Sun,Daily,S42 6NU,Wingerworth,1000
2026-04-05,Sun,Daily,ME3 9TL,Hoo St Werburgh,1000
2026-04-05,Sun,Daily,ME12 1XL,Sheerness,1000
2026-04-05,Sun,Daily,LN8 2AL,Glentham,1000
2026-04-05,Sun,Daily,KY16 8QS,St Andrews,1000
2026-04-05,Sun,Daily,IV12 5ED,Nairn,1000
2026-04-05,Sun,Daily,EN9 1JJ,Waltham Abbey,1000
2026-04-05,Sun,Daily,DE21 6DW,Derby,1000
2026-04-05,Sun,Daily,CV47 2AS,Bishop's Itchington,1000
2026-04-05,Sun,Daily,CV3 6BT,Coventry,1000
2026-04-05,Sun,Daily,BR2 8NL,Bromley,1000
2026-04-05,Sun,Daily,BL9 0UD,Bury (Bury),1000
2026-04-05,Sun,Daily,BL1 2LB,Bolton (Bolton),1000
2026-04-05,Sun,Daily,BH21 7HE,Ferndown,1000
2026-04-05,Sun,Daily,B37 6JN,Birmingham,1000
2026-04-05,Sun,Daily,AB21 9GY,Aberdeen,1000
2026-04-04,Sat,Millionaire Street,ST3 6AL,Stoke-on-Trent,333333
2026-04-04,Sat,Daily,WF1 3LD,Wakefield,1000
2026-04-04,Sat,Daily,UB10 0HT,Hillingdon,1000
2026-04-04,Sat,Daily,SS6 8NU,Rayleigh,1000
2026-04-04,Sat,Daily,SG6 1AR,Letchworth,1000
2026-04-04,Sat,Daily,PE19 5TG,Buckden,1000
2026-04-04,Sat,Daily,KA3 7UB,Kilmarnock,1000
2026-04-04,Sat,Daily,HX3 5SU,Halifax,1000
2026-04-04,Sat,Daily,FY3 8NF,Blackpool,1000
2026-04-04,Sat,Daily,EH48 3DN,Armadale,1000
2026-04-04,Sat,Daily,EH47 9BP,Fauldhouse,1000
2026-04-04,Sat,Daily,DN22 7BQ,Retford,1000
2026-04-04,Sat,Daily,DA7 5JL,Bexley,1000
2026-04-04,Sat,Daily,DA17 5JE,Bexley,1000
2026-04-04,Sat,Daily,CV22 7AY,Rugby,1000
2026-04-04,Sat,Daily,CO15 3EX,Clacton-on-Sea,1000
2026-04-04,Sat,Daily,CB6 2GR,Sutton (East Cambridgeshire),1000
2026-04-04,Sat,Daily,CA23 3BA,Cleator Moor,1000
2026-04-04,Sat,Daily,BS2 0FB,Bristol,1000
2026-04-04,Sat,Daily,BR1 2WG,Bromley,1000
2026-04-04,Sat,Daily,BB10 4JE,Burnley,1000
2026-04-03,Fri,Daily,WR5 3LT,Worcester,1000
2026-04-03,Fri,Daily,UB7 9JF,Hillingdon,1000
2026-04-03,Fri,Daily,UB2 5PD,Ealing,1000
2026-04-03,Fri,Daily,TS5 4RE,Middlesbrough,1000
2026-04-03,Fri,Daily,PH10 7PJ,Blairgowrie and Rattray,1000
2026-04-03,Fri,Daily,IV4 7HG,Beauly,1000
2026-04-03,Fri,Daily,HX2 8RT,Halifax,1000
2026-04-03,Fri,Daily,HA4 7TB,Hillingdon,1000
2026-04-03,Fri,Daily,G44 4EW,Glasgow,1000
2026-04-03,Fri,Daily,FK2 9DZ,Saint Columb,1000
2026-04-03,Fri,Daily,E7 9LT,Newham,1000
2026-04-03,Fri,Daily,DT4 9HG,Weymouth,1000
2026-04-03,Fri,Daily,CM23 5RB,Bishop's Stortford,1000
2026-04-03,Fri,Daily,CF71 7DW,Cowbridge,1000
2026-04-03,Fri,Daily,CF33 6EG,Pyle,1000
2026-04-03,Fri,Daily,BS3 5ND,Bristol,1000
2026-04-03,Fri,Daily,BR1 4TQ,Bromley,1000
2026-04-03,Fri,Daily,B78 1LZ,Polesworth and Dordon,1000
2026-04-03,Fri,Daily,B60 3QU,Bromsgrove,1000
2026-04-03,Fri,Daily,B23 7HU,Birmingham,1000
2026-04-02,Thu,Daily,WR8 0BS,Upton upon Severn,1000
2026-04-02,Thu,Daily,TA5 1QD,Nether Stowey,1000
2026-04-02,Thu,Daily,S62 7QZ,Rawmarsh,1000
2026-04-02,Thu,Daily,RH10 1NY,Crawley (Crawley),1000
2026-04-02,Thu,Daily,PO8 9HH,Horndean,1000
2026-04-02,Thu,Daily,PE6 8JA,Market Deeping,1000
2026-04-02,Thu,Daily,OX10 8JE,Wallingford,1000
2026-04-02,Thu,Daily,NR14 7JJ,Poringland,1000
2026-04-02,Thu,Daily,NG16 2SS,Eastwood,1000
2026-04-02,Thu,Daily,ME7 3LB,Gillingham (Medway),1000
2026-04-02,Thu,Daily,M45 7PS,Whitefield,1000
2026-04-02,Thu,Daily,HP22 3AB,Aylesbury,1000
2026-04-02,Thu,Daily,G82 1SG,Dumbarton,1000
2026-04-02,Thu,Daily,EH41 4PX,Haddington,1000
2026-04-02,Thu,Daily,DE23 3WA,Derby,1000
2026-04-02,Thu,Daily,CM7 1AB,Braintree,1000
2026-04-02,Thu,Daily,CF11 7EN,Cardiff,1000
2026-04-02,Thu,Daily,BR3 4LQ,Bromley,1000
2026-04-02,Thu,Daily,BH7 7HG,Bournemouth,1000
2026-04-02,Thu,Daily,BD10 9EW,Bradford,1000
2026-04-01,Wed,Daily,TF6 5AU,Telford,1000
2026-04-01,Wed,Daily,TF3 2EA,Telford,1000
2026-04-01,Wed,Daily,SS17 0HZ,Stanford-le-Hope,1000
2026-04-01,Wed,Daily,S81 0JB,Worksop,1000
2026-04-01,Wed,Daily,RG1 5EN,Reading,1000
2026-04-01,Wed,Daily,PH2 9RH,Bridge of Earn,1000
2026-04-01,Wed,Daily,PE27 6ST,St Ives (Huntingdonshire),1000
2026-04-01,Wed,Daily,NR29 3HZ,Ormesby St Margaret,1000
2026-04-01,Wed,Daily,NR14 8FY,Mulbarton,1000
2026-04-01,Wed,Daily,NR12 8QT,Hoveton and Wroxham,1000
2026-04-01,Wed,Daily,NG31 7RR,Grantham,1000
2026-04-01,Wed,Daily,LL65 3TW,Valley,1000
2026-04-01,Wed,Daily,KY13 8DZ,Kinross,1000
2026-04-01,Wed,Daily,HU11 4JP,Bilton,1000
2026-04-01,Wed,Daily,DE24 8FS,Derby,1000
2026-04-01,Wed,Daily,CW2 5DW,Shavington,1000
2026-04-01,Wed,Daily,CH48 9US,West Kirby,1000
2026-04-01,Wed,Daily,BR3 6RJ,Bromley,1000
2026-04-01,Wed,Daily,BL9 7QP,Bury (Bury),1000
2026-04-01,Wed,Daily,BA4 4TP,Shepton Mallet,1000
2026-03-31,Tue,Daily,WV6 8LZ,Wolverhampton,1000
2026-03-31,Tue,Daily,WS12 2FT,Cannock,1000
2026-03-31,Tue,Daily,UB5 6ER,Ealing,1000
2026-03-31,Tue,Daily,TR3 6JL,Carnon Downs and Devoran,1000
2026-03-31,Tue,Daily,TA2 6RP,Taunton,1000
2026-03-31,Tue,Daily,SN5 5QR,Swindon (Swindon),1000
2026-03-31,Tue,Daily,SE19 3SZ,Croydon,1000
2026-03-31,Tue,Daily,OL9 8AH,Chadderton,1000
2026-03-31,Tue,Daily,ME10 2TA,Sittingbourne,1000
2026-03-31,Tue,Daily,M9 8WR,Manchester,1000
2026-03-31,Tue,Daily,LU7 1FW,Leighton Buzzard,1000
2026-03-31,Tue,Daily,KY2 6YT,Kirkcaldy,1000
2026-03-31,Tue,Daily,GU31 4QL,Petersfield,1000
2026-03-31,Tue,Daily,GL51 3ES,Cheltenham,1000
2026-03-31,Tue,Daily,GL14 1AP,Newnham (Forest of Dean),1000
2026-03-31,Tue,Daily,EX37 9EB,High Bickington,1000
2026-03-31,Tue,Daily,DT5 1JY,Fortuneswell,1000
2026-03-31,Tue,Daily,DH9 6XN,Stanley (County Durham),1000
2026-03-31,Tue,Daily,DH5 8ET,Houghton-le-Spring,1000
2026-03-31,Tue,Daily,CM9 4DG,Maldon,1000
2026-03-30,Mon,Daily,WS9 8BD,Aldridge,1000
2026-03-30,Mon,Daily,TR8 5DJ,St Newlyn East,1000
2026-03-30,Mon,Daily,TR14 7NX,Camborne,1000
2026-03-30,Mon,Daily,TQ12 5SE,Kingskerswell,1000
2026-03-30,Mon,Daily,SE9 3EL,Greenwich,1000
2026-03-30,Mon,Daily,RG27 9HH,Hook (Hart),1000
2026-03-30,Mon,Daily,OL16 3RN,Milnrow,1000
2026-03-30,Mon,Daily,NP20 6JY,Newport (Newport),1000
2026-03-30,Mon,Daily,LE2 5GE,Oadby,1000
2026-03-30,Mon,Daily,LE18 2BX,Wigston,1000
2026-03-30,Mon,Daily,IP17 3PU,Yoxford,1000
2026-03-30,Mon,Daily,IP11 9DP,Felixstowe,1000
2026-03-30,Mon,Daily,G62 6NP,Milngavie,1000
2026-03-30,Mon,Daily,DN20 9PS,Hibaldstow,1000
2026-03-30,Mon,Daily,CM12 0XH,Billericay,1000
2026-03-30,Mon,Daily,CH1 5QX,Chester,1000
2026-03-30,Mon,Daily,CF31 2DE,Bridgend,1000
2026-03-30,Mon,Daily,CB4 1LZ,Cambridge (Cambridge),1000
2026-03-30,Mon,Daily,CB21 4SS,Linton (South Cambridgeshire),1000
2026-03-30,Mon,Daily,B32 3HY,Birmingham,1000
2026-03-29,Sun,Daily,YO10 3DA,York,1000
2026-03-29,Sun,Daily,W12 9BB,Hammersmith and Fulham,1000
2026-03-29,Sun,Daily,SR3 1NL,Sunderland,1000
2026-03-29,Sun,Daily,S66 2BW,Wickersley and Bramley,1000
2026-03-29,Sun,Daily,ME8 0EN,Gillingham (Medway),1000
2026-03-29,Sun,Daily,LN8 5RY,Wragby,1000
2026-03-29,Sun,Daily,LN11 8LU,Louth,1000
2026-03-29,Sun,Daily,LL29 7ES,Colwyn Bay,1000
2026-03-29,Sun,Daily,LE3 1NJ,Leicester,1000
2026-03-29,Sun,Daily,L8 9SH,Liverpool,1000
2026-03-29,Sun,Daily,KT19 9QA,Ewell,1000
2026-03-29,Sun,Daily,KA30 8BH,Largs,1000
2026-03-29,Sun,Daily,KA1 3AW,Kilmarnock,1000
2026-03-29,Sun,Daily,HD4 5HG,Huddersfield,1000
2026-03-29,Sun,Daily,G73 4AR,Cambuslang,1000
2026-03-29,Sun,Daily,G69 7JP,Glasgow,1000
2026-03-29,Sun,Daily,DA1 5FG,Dartford,1000
2026-03-29,Sun,Daily,CR5 2DT,Croydon,1000
2026-03-29,Sun,Daily,CM3 1FH,Great Leighs,1000
2026-03-29,Sun,Daily,BS11 0TN,Bristol,1000
2026-03-28,Sat,Millionaire Street,BB5 5LZ,Clayton-le-Moors,200000
2026-03-28,Sat,Daily,UB5 6BD,Ealing,1000
2026-03-28,Sat,Daily,ST10 4JY,Upper Tean,1000
2026-03-28,Sat,Daily,SS17 0RS,Stanford-le-Hope,1000
2026-03-28,Sat,Daily,SO50 7LX,Eastleigh,1000
2026-03-28,Sat,Daily,S36 1AW,Stocksbridge,1000
2026-03-28,Sat,Daily,OL12 6AW,Rochdale,1000
2026-03-28,Sat,Daily,NE11 9BE,Gateshead,1000
2026-03-28,Sat,Daily,ML6 0LN,Airdrie,1000
2026-03-28,Sat,Daily,MK10 9JE,Milton Keynes,1000
2026-03-28,Sat,Daily,KT21 2NG,Ashtead,1000
2026-03-28,Sat,Daily,GU12 5JR,Ash and Ash Vale,1000
2026-03-28,Sat,Daily,EX39 1BQ,Northam,1000
2026-03-28,Sat,Daily,EH7 5LA,Edinburgh,1000
2026-03-28,Sat,Daily,CW9 6EZ,Northwich,1000
2026-03-28,Sat,Daily,CV31 2RG,Whitnash,1000
2026-03-28,Sat,Daily,CM21 0AE,Sawbridgeworth,1000
2026-03-28,Sat,Daily,BA16 0DY,Street,1000
2026-03-28,Sat,Daily,B76 9QW,Birmingham,1000
2026-03-28,Sat,Daily,B38 8RX,Birmingham,1000
2026-03-28,Sat,Daily,AL2 3TD,Bricket Wood,1000
2026-03-27,Fri,Daily,WA12 8RD,Newton-le-Willows,1000
2026-03-27,Fri,Daily,ST7 4QF,Kidsgrove,1000
2026-03-27,Fri,Daily,SE9 4JU,Bromley,1000
2026-03-27,Fri,Daily,RH10 3LB,Crawley (Crawley),1000
2026-03-27,Fri,Daily,PR9 8GT,Southport,1000
2026-03-27,Fri,Daily,PE31 8UN,Docking,1000
2026-03-27,Fri,Daily,PE2 8SE,Peterborough,1000
2026-03-27,Fri,Daily,OL12 0AL,Rochdale,1000
2026-03-27,Fri,Daily,NR6 6LR,Norwich,1000
2026-03-27,Fri,Daily,NG19 7RT,Mansfield,1000
2026-03-27,Fri,Daily,LE2 7DF,Leicester,1000
2026-03-27,Fri,Daily,LE12 8NF,Barrow upon Soar,1000
2026-03-27,Fri,Daily,IV3 8ER,Inbhir Nis,1000
2026-03-27,Fri,Daily,GU2 9RD,Guildford,1000
2026-03-27,Fri,Daily,EH47 8LS,Whitburn (West Lothian),1000
2026-03-27,Fri,Daily,CV3 6HF,Coventry,1000
2026-03-27,Fri,Daily,BS16 1XB,Kingswood and Fishponds,1000
2026-03-27,Fri,Daily,BN22 9EZ,Eastbourne,1000
2026-03-27,Fri,Daily,BH23 4PU,Christchurch,1000
2026-03-27,Fri,Daily,BA10 0BR,Bruton,1000
2026-03-26,Thu,Daily,YO22 4JE,Whitby,1000
2026-03-26,Thu,Daily,YO10 3TE,York,1000
2026-03-26,Thu,Daily,WV15 6AG,Bridgnorth,1000
2026-03-26,Thu,Daily,TA20 3SW,Combe St Nicholas,1000
2026-03-26,Thu,Daily,SY11 1DQ,Oswestry,1000
2026-03-26,Thu,Daily,ST10 1LJ,Cheadle (Staffordshire Moorlands),1000
2026-03-26,Thu,Daily,S8 0SR,Sheffield,1000
2026-03-26,Thu,Daily,PE24 5EF,Chapel St Leonards,1000
2026-03-26,Thu,Daily,OX26 4HP,Bicester,1000
2026-03-26,Thu,Daily,NG16 2SB,Eastwood,1000
2026-03-26,Thu,Daily,N20 0AP,Barnet,1000
2026-03-26,Thu,Daily,MK18 5HD,Akeley,1000
2026-03-26,Thu,Daily,LA6 3JW,Ingleton,1000
2026-03-26,Thu,Daily,HX2 6JT,Luddenden Foot,1000
2026-03-26,Thu,Daily,HP6 6YH,Amersham,1000
2026-03-26,Thu,Daily,G40 4PU,Glasgow,1000
2026-03-26,Thu,Daily,EH7 5UF,Edinburgh,1000
2026-03-26,Thu,Daily,EH30 9RY,Queensferry,1000
2026-03-26,Thu,Daily,CV2 2BB,Coventry,1000
2026-03-26,Thu,Daily,BR5 1JP,Bromley,1000
2026-03-25,Wed,Daily,SY25 6JZ,Tregaron,1000
2026-03-25,Wed,Daily,ST20 0QR,Gnosall,1000
2026-03-25,Wed,Daily,SS7 2FS,Thundersley and South Benfleet,1000
2026-03-25,Wed,Daily,PE32 1QB,Gayton (King's Lynn and West Norfolk),1000
2026-03-25,Wed,Daily,PA4 8BP,Renfrew,1000
2026-03-25,Wed,Daily,NR32 3NN,Lowestoft,1000
2026-03-25,Wed,Daily,MK14 5JP,Milton Keynes,1000
2026-03-25,Wed,Daily,LL13 0RU,Wrexham,1000
2026-03-25,Wed,Daily,KW14 8NH,Thurso,1000
2026-03-25,Wed,Daily,KA30 8FA,Largs,1000
2026-03-25,Wed,Daily,IG8 8RZ,Redbridge,1000
2026-03-25,Wed,Daily,GU2 9NQ,Guildford,1000
2026-03-25,Wed,Daily,DY4 0DB,Tipton,1000
2026-03-25,Wed,Daily,CW11 1EN,Sandbach,1000
2026-03-25,Wed,Daily,CV36 5JJ,Long Compton,1000
2026-03-25,Wed,Daily,CR0 9LD,Croydon,1000
2026-03-25,Wed,Daily,CO2 9LZ,Colchester,1000
2026-03-25,Wed,Daily,CH62 6BZ,Bebington,1000
2026-03-25,Wed,Daily,B32 3NQ,Birmingham,1000
2026-03-25,Wed,Daily,AB25 2RS,Aberdeen,1000
2026-03-24,Tue,Daily,TS24 8NH,Hartlepool,1000
2026-03-24,Tue,Daily,TQ6 9PD,Dartmouth,1000
2026-03-24,Tue,Daily,SW5 9JZ,Kensington and Chelsea,1000
2026-03-24,Tue,Daily,SS8 7LW,Canvey Island,1000
2026-03-24,Tue,Daily,SS6 7TR,Rayleigh,1000
2026-03-24,Tue,Daily,SA61 2SE,Haverfordwest,1000
2026-03-24,Tue,Daily,RM8 2NW,Barking and Dagenham,1000
2026-03-24,Tue,Daily,RH8 0JP,Oxted,1000
2026-03-24,Tue,Daily,RH12 4NN,Horsham,1000
2026-03-24,Tue,Daily,NP10 9HF,Newport (Newport),1000
2026-03-24,Tue,Daily,NG21 9NP,Edwinstowe,1000
2026-03-24,Tue,Daily,ML2 7DR,Wishaw,1000
2026-03-24,Tue,Daily,MK40 2SF,Bedford,1000
2026-03-24,Tue,Daily,L34 2TB,Prescot,1000
2026-03-24,Tue,Daily,L12 8QY,Liverpool,1000
2026-03-24,Tue,Daily,KY15 5QP,Cupar,1000
2026-03-24,Tue,Daily,GU3 2EJ,Normandy,1000
2026-03-24,Tue,Daily,E7 8HD,Newham,1000
2026-03-24,Tue,Daily,CO4 5JX,Colchester,1000
2026-03-24,Tue,Daily,AL2 2QS,Chiswell Green,1000
2026-03-23,Mon,Daily,YO8 9YB,Brayton,1000
2026-03-23,Mon,Daily,TS15 9EN,Yarm,1000
2026-03-23,Mon,Daily,SR3 1AZ,Sunderland,1000
2026-03-23,Mon,Daily,S8 9ND,Sheffield,1000
2026-03-23,Mon,Daily,S62 7AB,Rawmarsh,1000
2026-03-23,Mon,Daily,PR7 5ST,Eccleston,1000
2026-03-23,Mon,Daily,PO22 6AQ,Bognor Regis,1000
2026-03-23,Mon,Daily,PO17 5NW,Wickham,1000
2026-03-23,Mon,Daily,PL4 7NW,Plymouth,1000
2026-03-23,Mon,Daily,NE6 5UJ,Newcastle upon Tyne,1000
2026-03-23,Mon,Daily,N1 5LL,Hackney,1000
2026-03-23,Mon,Daily,KY7 6BG,Glenrothes,1000
2026-03-23,Mon,Daily,EH48 1LS,Bathgate,1000
2026-03-23,Mon,Daily,E5 8RZ,Hackney,1000
2026-03-23,Mon,Daily,DN5 0LH,Bentley (Doncaster),1000
2026-03-23,Mon,Daily,DH6 4SG,Coxhoe,1000
2026-03-23,Mon,Daily,CH63 2JH,Bebington,1000
2026-03-23,Mon,Daily,CA11 0NS,Stainton (Eden),1000
2026-03-23,Mon,Daily,BH23 8DF,Bransgore,1000
2026-03-23,Mon,Daily,BD16 1PA,Bingley,1000
2026-03-22,Sun,Daily,WR13 5JR,Great Malvern,1000
2026-03-22,Sun,Daily,SE3 7PX,Greenwich,1000
2026-03-22,Sun,Daily,SE18 1EQ,Greenwich,1000
2026-03-22,Sun,Daily,S63 6SA,Wath upon Dearne,1000
2026-03-22,Sun,Daily,RM17 6WD,Grays,1000
2026-03-22,Sun,Daily,RG42 5JL,Binfield,1000
2026-03-22,Sun,Daily,RG17 9QB,Kintbury,1000
2026-03-22,Sun,Daily,PO22 7QR,Bognor Regis,1000
2026-03-22,Sun,Daily,PE23 5DU,Spilsby,1000
2026-03-22,Sun,Daily,LE9 6RJ,Broughton Astley,1000
2026-03-22,Sun,Daily,LE14 2EE,Melton Mowbray,1000
2026-03-22,Sun,Daily,HX7 5PD,Mytholmroyd,1000
2026-03-22,Sun,Daily,HU9 5RE,Kingston upon Hull,1000
2026-03-22,Sun,Daily,EN10 7TF,Hoddesdon,1000
2026-03-22,Sun,Daily,EH12 7BL,Edinburgh,1000
2026-03-22,Sun,Daily,DA12 5PL,Gravesend,1000
2026-03-22,Sun,Daily,DA1 3EG,Dartford,1000
2026-03-22,Sun,Daily,CH1 5BG,Chester,1000
2026-03-22,Sun,Daily,BN9 0BU,Newhaven,1000
2026-03-22,Sun,Daily,AB16 7SS,Aberdeen,1000
2026-03-21,Sat,Millionaire Street,KY11 8GW,Dunfermline,52631
2026-03-21,Sat,Daily,WS1 3LH,Walsall,1000
2026-03-21,Sat,Daily,TN21 8NP,Heathfield (Wealden),1000
2026-03-21,Sat,Daily,SY1 4PW,Shrewsbury,1000
2026-03-21,Sat,Daily,SW19 3SD,Merton,1000
2026-03-21,Sat,Daily,ST5 8AU,Newcastle-under-Lyme,1000
2026-03-21,Sat,Daily,S80 1HG,Worksop,1000
2026-03-21,Sat,Daily,RH4 2DP,Dorking,1000
2026-03-21,Sat,Daily,PL9 8DU,Plymouth,1000
2026-03-21,Sat,Daily,NW9 8JL,Brent,1000
2026-03-21,Sat,Daily,ME16 0HJ,Maidstone,1000
2026-03-21,Sat,Daily,M20 2RH,Manchester,1000
2026-03-21,Sat,Daily,HU16 5DH,Cottingham,1000
2026-03-21,Sat,Daily,HP9 1AF,Beaconsfield,1000
2026-03-21,Sat,Daily,FY5 5JN,Thornton (Wyre),1000
2026-03-21,Sat,Daily,FK8 1RD,Stirling,1000
2026-03-21,Sat,Daily,DN7 5BG,Stainforth,1000
2026-03-21,Sat,Daily,DE7 4LF,Ilkeston,1000
2026-03-21,Sat,Daily,CF11 6QR,Cardiff,1000
2026-03-21,Sat,Daily,BN22 9QY,Eastbourne,1000
2026-03-21,Sat,Daily,BB5 5UR,Clayton-le-Moors,1000
2026-03-20,Fri,Daily,YO17 7JX,Malton,1000
2026-03-20,Fri,Daily,WS15 4TU,Handsacre and Armitage,1000
2026-03-20,Fri,Daily,WA8 3XN,Widnes,1000
2026-03-20,Fri,Daily,TD8 6LS,Jedburgh,1000
2026-03-20,Fri,Daily,SY5 7DW,Dorrington (Shropshire),1000
2026-03-20,Fri,Daily,SA17 4SD,Kidwelly,1000
2026-03-20,Fri,Daily,PR2 2LE,Preston (Preston),1000
2026-03-20,Fri,Daily,PE31 6QS,Dersingham,1000
2026-03-20,Fri,Daily,PE22 0AT,Sibsey,1000
2026-03-20,Fri,Daily,NR13 6PD,Rackheath,1000
2026-03-20,Fri,Daily,MK12 5FR,Milton Keynes,1000
2026-03-20,Fri,Daily,M46 9JF,Atherton,1000
2026-03-20,Fri,Daily,LL55 4SA,Llanberis,1000
2026-03-20,Fri,Daily,LL16 5YN,Denbigh,1000
2026-03-20,Fri,Daily,KY7 6DP,Glenrothes,1000
2026-03-20,Fri,Daily,IP1 6JH,Ipswich,1000
2026-03-20,Fri,Daily,HR4 0RY,Hereford,1000
2026-03-20,Fri,Daily,HG4 2EF,Ripon,1000
2026-03-20,Fri,Daily,DE21 4RD,Derby,1000
2026-03-20,Fri,Daily,CT9 5JZ,Margate,1000
2026-03-19,Thu,Daily,WF2 6HJ,Wakefield,1000
2026-03-19,Thu,Daily,TS14 8JP,Guisborough,1000
2026-03-19,Thu,Daily,TN22 1AT,Uckfield,1000
2026-03-19,Thu,Daily,SN7 8DT,Stanford in the Vale,1000
2026-03-19,Thu,Daily,SL0 9DQ,Iver,1000
2026-03-19,Thu,Daily,SK7 4LA,Hazel Grove,1000
2026-03-19,Thu,Daily,RG40 2AY,Wokingham,1000
2026-03-19,Thu,Daily,RG31 7EL,Reading,1000
2026-03-19,Thu,Daily,PA14 5NA,Port Glasgow,1000
2026-03-19,Thu,Daily,NE39 2AF,Rowlands Gill,1000
2026-03-19,Thu,Daily,LL14 6LE,Ruabon,1000
2026-03-19,Thu,Daily,L39 8SA,Ormskirk,1000
2026-03-19,Thu,Daily,KY15 4HU,Cupar,1000
2026-03-19,Thu,Daily,HP14 4JQ,Walter's Ash and Naphill,1000
2026-03-19,Thu,Daily,GL51 6JZ,Cheltenham,1000
2026-03-19,Thu,Daily,DY5 2JY,Brierley Hill,1000
2026-03-19,Thu,Daily,DG11 1TY,Lochmaben,1000
2026-03-19,Thu,Daily,CT21 5SR,Hythe,1000
2026-03-19,Thu,Daily,CA13 9FB,Cockermouth,1000
2026-03-19,Thu,Daily,BN25 1AW,Seaford,1000
2026-03-18,Wed,Daily,SO16 7HX,Southampton,1000
2026-03-18,Wed,Daily,SK8 2AD,Cheadle (Stockport),1000
2026-03-18,Wed,Daily,SE6 3AG,Lewisham,1000
2026-03-18,Wed,Daily,SA5 5BY,Swansea,1000
2026-03-18,Wed,Daily,RG22 5RW,Basingstoke,1000
2026-03-18,Wed,Daily,RG14 3BJ,Newbury,1000
2026-03-18,Wed,Daily,PL11 2LL,Torpoint,1000
2026-03-18,Wed,Daily,PE28 9ND,Fenstanton,1000
2026-03-18,Wed,Daily,PE11 3DG,Spalding,1000
2026-03-18,Wed,Daily,NR31 9PL,Belton (Great Yarmouth),1000
2026-03-18,Wed,Daily,NE13 6AQ,Wideopen,1000
2026-03-18,Wed,Daily,ME14 2NL,Maidstone,1000
2026-03-18,Wed,Daily,L33 2ED,Kirkby,1000
2026-03-18,Wed,Daily,HX2 8PF,Halifax,1000
2026-03-18,Wed,Daily,EH7 6HE,Edinburgh,1000
2026-03-18,Wed,Daily,DN2 4EG,Doncaster,1000
2026-03-18,Wed,Daily,DL14 6XL,Bishop Auckland,1000
2026-03-18,Wed,Daily,BN3 2RR,Brighton and Hove,1000
2026-03-18,Wed,Daily,BB10 3DJ,Burnley,1000
2026-03-18,Wed,Daily,BA4 6RL,Evercreech,1000
2026-03-17,Tue,Daily,UB9 5GH,Hillingdon,1000
2026-03-17,Tue,Daily,TW7 6QP,Hounslow,1000
2026-03-17,Tue,Daily,TR16 4DG,Pool and Illogan,1000
2026-03-17,Tue,Daily,SN14 0HT,Chippenham (Wiltshire),1000
2026-03-17,Tue,Daily,SL9 9TX,Chalfont St Peter,1000
2026-03-17,Tue,Daily,SK13 1AS,Hadfield,1000
2026-03-17,Tue,Daily,RM15 6HZ,South Ockendon,1000
2026-03-17,Tue,Daily,NG16 6AR,Selston,1000
2026-03-17,Tue,Daily,MK41 0GD,Bedford,1000
2026-03-17,Tue,Daily,LU4 8RA,Luton,1000
2026-03-17,Tue,Daily,LS15 7BE,Leeds,1000
2026-03-17,Tue,Daily,LA4 6JY,Morecambe,1000
2026-03-17,Tue,Daily,LA11 6LQ,Grange-over-Sands,1000
2026-03-17,Tue,Daily,L6 2DY,Liverpool,1000
2026-03-17,Tue,Daily,KA6 7DB,Drongan,1000
2026-03-17,Tue,Daily,KA24 5DE,Dalry,1000
2026-03-17,Tue,Daily,CO6 4HN,Great Horkesley,1000
2026-03-17,Tue,Daily,CO6 1JS,Coggeshall,1000
2026-03-17,Tue,Daily,CO15 2HZ,Jaywick,1000
2026-03-17,Tue,Daily,BN26 5LA,Polegate,1000
2026-03-16,Mon,Daily,WS7 1NE,Burntwood,1000
2026-03-16,Mon,Daily,WF12 7QG,Dewsbury,1000
2026-03-16,Mon,Daily,SS5 6HW,Hullbridge,1000
2026-03-16,Mon,Daily,SE22 8SA,Southwark,1000
2026-03-16,Mon,Daily,RH6 8PD,Horley (Reigate and Banstead),1000
2026-03-16,Mon,Daily,RG40 3QF,Wokingham,1000
2026-03-16,Mon,Daily,PO30 5UH,Newport (Isle of Wight),1000
2026-03-16,Mon,Daily,OX16 1AB,Banbury,1000
2026-03-16,Mon,Daily,NN8 1PY,Wellingborough,1000
2026-03-16,Mon,Daily,NG16 2QA,Eastwood,1000
2026-03-16,Mon,Daily,NE9 6SD,Gateshead,1000
2026-03-16,Mon,Daily,NE22 5ED,Bedlington,1000
2026-03-16,Mon,Daily,ME15 8YH,Maidstone,1000
2026-03-16,Mon,Daily,IV36 3GU,Kinloss,1000
2026-03-16,Mon,Daily,EH14 1SJ,Edinburgh,1000
2026-03-16,Mon,Daily,DD8 3NA,Forfar,1000
2026-03-16,Mon,Daily,DD10 9AW,Montrose,1000
2026-03-16,Mon,Daily,CA11 9HQ,Penrith,1000
2026-03-16,Mon,Daily,BS23 3ER,Weston-super-Mare,1000
2026-03-16,Mon,Daily,BD5 9PA,Bradford,1000
2026-03-15,Sun,Daily,YO17 6PQ,Malton,1000
2026-03-15,Sun,Daily,WD18 0HN,Watford (Watford),1000
2026-03-15,Sun,Daily,WA8 6PU,Widnes,1000
2026-03-15,Sun,Daily,W2 5QL,City of Westminster,1000
2026-03-15,Sun,Daily,TQ11 0AF,Buckfastleigh,1000
2026-03-15,Sun,Daily,SY17 5AP,Caersws,1000
2026-03-15,Sun,Daily,ST3 4JU,Stoke-on-Trent,1000
2026-03-15,Sun,Daily,SN4 0LN,Chiseldon,1000
2026-03-15,Sun,Daily,SE7 8AJ,Greenwich,1000
2026-03-15,Sun,Daily,RM6 6YD,Barking and Dagenham,1000
2026-03-15,Sun,Daily,LS12 3SR,Leeds,1000
2026-03-15,Sun,Daily,IV36 1HA,Forres,1000
2026-03-15,Sun,Daily,G73 2DJ,Rutherglen,1000
2026-03-15,Sun,Daily,E7 9BL,Newham,1000
2026-03-15,Sun,Daily,DE73 5WW,Derby,1000
2026-03-15,Sun,Daily,CF32 8HU,Pontycymer,1000
2026-03-15,Sun,Daily,CB8 8SP,Newmarket,1000
2026-03-15,Sun,Daily,BH12 3JL,Poole,1000
2026-03-15,Sun,Daily,B17 8HJ,Birmingham,1000
2026-03-15,Sun,Daily,AB13 0HF,Milltimber,1000
2026-03-14,Sat,Millionaire Street,EX39 1EZ,Northam,142857
2026-03-14,Sat,Daily,W1U 1NB,City of Westminster,1000
2026-03-14,Sat,Daily,TQ2 7SP,Torquay,1000
2026-03-14,Sat,Daily,TN23 7TG,Ashford (Ashford),1000
2026-03-14,Sat,Daily,TN19 7PL,Etchingham,1000
2026-03-14,Sat,Daily,SP4 8JT,Durrington,1000
2026-03-14,Sat,Daily,SO20 6RD,King's Somborne,1000
2026-03-14,Sat,Daily,SN15 3NL,Chippenham (Wiltshire),1000
2026-03-14,Sat,Daily,S42 7LZ,Chesterfield,1000
2026-03-14,Sat,Daily,S20 6SJ,Sheffield,1000
2026-03-14,Sat,Daily,PO7 8RE,Waterlooville,1000
2026-03-14,Sat,Daily,NN16 0RL,Kettering,1000
2026-03-14,Sat,Daily,NE61 1UX,Morpeth,1000
2026-03-14,Sat,Daily,ME2 2DS,Rochester,1000
2026-03-14,Sat,Daily,LS17 8UQ,Leeds,1000
2026-03-14,Sat,Daily,LN2 2SE,Lincoln,1000
2026-03-14,Sat,Daily,EX39 6EQ,Hartland,1000
2026-03-14,Sat,Daily,DN34 5NE,Grimsby,1000
2026-03-14,Sat,Daily,DE4 3QU,Matlock,1000
2026-03-14,Sat,Daily,BL1 8RG,Bolton (Bolton),1000
2026-03-14,Sat,Daily,BH25 6PX,New Milton,1000
2026-03-13,Fri,Daily,WN6 0RX,Standish,1000
2026-03-13,Fri,Daily,TW14 9AL,Hounslow,1000
2026-03-13,Fri,Daily,TN23 7SF,Ashford (Ashford),1000
2026-03-13,Fri,Daily,SS1 3EH,Southend-on-Sea,1000
2026-03-13,Fri,Daily,SN15 3FA,Chippenham (Wiltshire),1000
2026-03-13,Fri,Daily,RM16 6UT,Chafford Hundred and West Thurrock,1000
2026-03-13,Fri,Daily,RG6 1PS,Reading,1000
2026-03-13,Fri,Daily,NR25 7TG,Blakeney (North Norfolk),1000
2026-03-13,Fri,Daily,N14 4BW,Enfield,1000
2026-03-13,Fri,Daily,HA5 5RS,Harrow,1000
2026-03-13,Fri,Daily,G69 7EH,Glasgow,1000
2026-03-13,Fri,Daily,DN2 6NY,Doncaster,1000
2026-03-13,Fri,Daily,DE55 3AY,South Normanton and Pinxton,1000
2026-03-13,Fri,Daily,DA11 0PT,Gravesend,1000
2026-03-13,Fri,Daily,CH66 6AL,Childer Thornton,1000
2026-03-13,Fri,Daily,CA7 2ES,Bothel,1000
2026-03-13,Fri,Daily,BN21 2JR,Eastbourne,1000
2026-03-13,Fri,Daily,BH20 4SH,Wareham,1000
2026-03-13,Fri,Daily,BD17 7AW,Baildon,1000
2026-03-13,Fri,Daily,BD12 8HY,Bradford,1000
2026-03-12,Thu,Daily,WD19 4NX,Watford (Watford),1000
2026-03-12,Thu,Daily,TN27 0DR,Charing,1000
2026-03-12,Thu,Daily,SO30 3FZ,West End (Eastleigh),1000
2026-03-12,Thu,Daily,SL1 3JB,Slough,1000
2026-03-12,Thu,Daily,SE21 8EQ,Southwark,1000
2026-03-12,Thu,Daily,RH17 5LW,Cuckfield,1000
2026-03-12,Thu,Daily,RG6 4JU,Reading,1000
2026-03-12,Thu,Daily,PE28 2FZ,Warboys,1000
2026-03-12,Thu,Daily,ML3 8UE,Hamilton,1000
2026-03-12,Thu,Daily,LL11 5TT,Brynteg (Wrexham),1000
2026-03-12,Thu,Daily,HX6 4NU,Ripponden,1000
2026-03-12,Thu,Daily,HD9 1SR,Scholes (near Hade Edge),1000
2026-03-12,Thu,Daily,FK5 4PF,Larbert and Stenhousemuir,1000
2026-03-12,Thu,Daily,EN1 4JG,Enfield,1000
2026-03-12,Thu,Daily,CT2 0EL,Sturry,1000
2026-03-12,Thu,Daily,CM15 9QL,Brentwood,1000
2026-03-12,Thu,Daily,CA7 3HR,Aspatria,1000
2026-03-12,Thu,Daily,BR6 7AB,Bromley,1000
2026-03-12,Thu,Daily,BR6 0QT,Bromley,1000
2026-03-12,Thu,Daily,AL6 0PY,Oaklands,1000
2026-03-11,Wed,Daily,UB1 3HJ,Ealing,1000
2026-03-11,Wed,Daily,SY6 7EF,Church Stretton,1000
2026-03-11,Wed,Daily,SK6 7AA,Marple,1000
2026-03-11,Wed,Daily,S65 1RD,Rotherham,1000
2026-03-11,Wed,Daily,OL2 6YY,Royton,1000
2026-03-11,Wed,Daily,NR16 2GG,East Harling,1000
2026-03-11,Wed,Daily,M38 0LE,Little Hulton,1000
2026-03-11,Wed,Daily,LE18 4TR,Wigston,1000
2026-03-11,Wed,Daily,HU11 4GD,Bilton,1000
2026-03-11,Wed,Daily,G73 3JB,Rutherglen,1000
2026-03-11,Wed,Daily,G12 0NU,Glasgow,1000
2026-03-11,Wed,Daily,G11 7PN,Glasgow,1000
2026-03-11,Wed,Daily,FK8 2BN,Stirling,1000
2026-03-11,Wed,Daily,E3 2UP,Tower Hamlets,1000
2026-03-11,Wed,Daily,DT1 2QA,Dorchester (Dorset),1000
2026-03-11,Wed,Daily,CV34 6EP,Warwick,1000
2026-03-11,Wed,Daily,CM4 9RL,Ingatestone,1000
2026-03-11,Wed,Daily,CM15 9QP,Brentwood,1000
2026-03-11,Wed,Daily,BN21 3EF,Eastbourne,1000
2026-03-11,Wed,Daily,BL4 8QN,Kearsley,1000
2026-03-10,Tue,Daily,YO11 2XP,Scarborough,1000
2026-03-10,Tue,Daily,WA10 4FW,St Helens (St. Helens),1000
2026-03-10,Tue,Daily,TS20 1TN,Stockton-on-Tees,1000
2026-03-10,Tue,Daily,SG7 6PU,Baldock,1000
2026-03-10,Tue,Daily,SG5 4RX,Stotfold,1000
2026-03-10,Tue,Daily,SA11 1TX,Neath,1000
2026-03-10,Tue,Daily,PL14 3QH,Liskeard,1000
2026-03-10,Tue,Daily,PE2 5QB,Peterborough,1000
2026-03-10,Tue,Daily,OL12 6LG,Rochdale,1000
2026-03-10,Tue,Daily,NN11 3YQ,Woodford Halse,1000
2026-03-10,Tue,Daily,NG9 5AS,Beeston (Broxtowe),1000
2026-03-10,Tue,Daily,ML7 5SH,Shotts,1000
2026-03-10,Tue,Daily,M45 7FL,Whitefield,1000
2026-03-10,Tue,Daily,L39 1NJ,Ormskirk,1000
2026-03-10,Tue,Daily,IP3 9DB,Ipswich,1000
2026-03-10,Tue,Daily,DD7 7PJ,Carnoustie,1000
2026-03-10,Tue,Daily,CT4 6RA,Elham,1000
2026-03-10,Tue,Daily,CM1 7HA,Chelmsford,1000
2026-03-10,Tue,Daily,CF63 2NN,Barry (Vale of Glamorgan),1000
2026-03-10,Tue,Daily,B25 8UG,Birmingham,1000
2026-03-09,Mon,Daily,TW5 9TT,Hounslow,1000
2026-03-09,Mon,Daily,SY8 1DW,Ludlow,1000
2026-03-09,Mon,Daily,SN3 1BA,Swindon (Swindon),1000
2026-03-09,Mon,Daily,RH11 9GZ,Crawley (Crawley),1000
2026-03-09,Mon,Daily,PH10 6ED,Blairgowrie and Rattray,1000
2026-03-09,Mon,Daily,NE64 6BN,Newbiggin-by-the-Sea,1000
2026-03-09,Mon,Daily,ML9 1LF,Larkhall,1000
2026-03-09,Mon,Daily,LS18 4RN,Leeds,1000
2026-03-09,Mon,Daily,LA5 8BT,Bolton-le-Sands,1000
2026-03-09,Mon,Daily,HU6 9QU,Kingston upon Hull,1000
2026-03-09,Mon,Daily,GU8 5DE,Milford and Witley,1000
2026-03-09,Mon,Daily,GU16 9RD,Camberley,1000
2026-03-09,Mon,Daily,E16 3EG,Newham,1000
2026-03-09,Mon,Daily,DE4 3PY,Matlock,1000
2026-03-09,Mon,Daily,CO7 9BJ,Wivenhoe,1000
2026-03-09,Mon,Daily,CM20 1NS,Harlow,1000
2026-03-09,Mon,Daily,CM13 2BT,Brentwood,1000
2026-03-09,Mon,Daily,BS4 2UW,Bristol,1000
2026-03-09,Mon,Daily,BL4 9JZ,Farnworth,1000
2026-03-09,Mon,Daily,BL4 0LE,Farnworth,1000
2026-03-08,Sun,Daily,SN10 3DZ,Devizes,1000
2026-03-08,Sun,Daily,SL3 7PY,Slough,1000
2026-03-08,Sun,Daily,SA18 3AJ,Ammanford,1000
2026-03-08,Sun,Daily,S9 4BL,Sheffield,1000
2026-03-08,Sun,Daily,RM12 4XP,Havering,1000
2026-03-08,Sun,Daily,RG1 3HP,Reading,1000
2026-03-08,Sun,Daily,PO6 2RS,Portsmouth,1000
2026-03-08,Sun,Daily,PO20 2WA,Tangmere,1000
2026-03-08,Sun,Daily,PL1 4NG,Plymouth,1000
2026-03-08,Sun,Daily,MK10 9FQ,Milton Keynes,1000
2026-03-08,Sun,Daily,M45 6TA,Whitefield,1000
2026-03-08,Sun,Daily,LN3 4AH,Cherry Willingham,1000
2026-03-08,Sun,Daily,LE3 5HL,Leicester,1000
2026-03-08,Sun,Daily,G74 1HL,East Kilbride,1000
2026-03-08,Sun,Daily,EH54 6BD,Livingston,1000
2026-03-08,Sun,Daily,CV22 7EE,Rugby,1000
2026-03-08,Sun,Daily,CM2 6XP,Chelmsford,1000
2026-03-08,Sun,Daily,BS3 1HD,Bristol,1000
2026-03-08,Sun,Daily,B28 0RW,Birmingham,1000
2026-03-08,Sun,Daily,AB53 4UB,Turriff,1000
2026-03-07,Sat,Millionaire Street,PO12 1GB,Gosport,200000
2026-03-07,Sat,Daily,TW12 3YL,Richmond upon Thames,1000
2026-03-07,Sat,Daily,ST7 4NG,Kidsgrove,1000
2026-03-07,Sat,Daily,SM6 8PH,Sutton (Sutton),1000
2026-03-07,Sat,Daily,SE26 4JD,Lewisham,1000
2026-03-07,Sat,Daily,S40 2HJ,Chesterfield,1000
2026-03-07,Sat,Daily,RG8 7NG,Pangbourne,1000
2026-03-07,Sat,Daily,RG1 4QN,Reading,1000
2026-03-07,Sat,Daily,PL4 7EH,Plymouth,1000
2026-03-07,Sat,Daily,PL1 2BE,Plymouth,1000
2026-03-07,Sat,Daily,PE7 8QH,Peterborough,1000
2026-03-07,Sat,Daily,OL7 0JS,Ashton-under-Lyne,1000
2026-03-07,Sat,Daily,N14 7HH,Enfield,1000
2026-03-07,Sat,Daily,M27 4UL,Swinton (Salford),1000
2026-03-07,Sat,Daily,IP22 1BF,Rickinghall and Botesdale,1000
2026-03-07,Sat,Daily,HX1 2BX,Halifax,1000
2026-03-07,Sat,Daily,GL51 0AF,Cheltenham,1000
2026-03-07,Sat,Daily,EH33 2LT,Tranent,1000
2026-03-07,Sat,Daily,DY8 5LY,Kingswinford,1000
2026-03-07,Sat,Daily,CM8 2DT,Witham,1000
2026-03-07,Sat,Daily,BR3 6RR,Bromley,1000
2026-03-06,Fri,Daily,WR8 0QG,Upton upon Severn,1000
2026-03-06,Fri,Daily,TS17 8DA,Thornaby-on-Tees,1000
2026-03-06,Fri,Daily,SY10 7UE,Weston Rhyn,1000
2026-03-06,Fri,Daily,SS6 7QA,Rayleigh,1000
2026-03-06,Fri,Daily,SA15 2UH,Llanelli,1000
2026-03-06,Fri,Daily,PR5 5JE,Bamber Bridge,1000
2026-03-06,Fri,Daily,PL6 7LU,Plymouth,1000
2026-03-06,Fri,Daily,PE29 3QE,Huntingdon,1000
2026-03-06,Fri,Daily,OX16 9TS,Banbury,1000
2026-03-06,Fri,Daily,OL5 9DT,Mossley,1000
2026-03-06,Fri,Daily,OL11 1BH,Rochdale,1000
2026-03-06,Fri,Daily,LU1 2PA,Luton,1000
2026-03-06,Fri,Daily,LE13 1UL,Melton Mowbray,1000
2026-03-06,Fri,Daily,EH15 2EZ,Edinburgh,1000
2026-03-06,Fri,Daily,DE22 4DJ,Derby,1000
2026-03-06,Fri,Daily,CV9 2EZ,Atherstone,1000
2026-03-06,Fri,Daily,CV3 5JL,Coventry,1000
2026-03-06,Fri,Daily,CM11 2UZ,Billericay,1000
2026-03-06,Fri,Daily,BL3 1QP,Little Lever,1000
2026-03-06,Fri,Daily,BL1 7NN,Bolton (Bolton),1000
2026-03-05,Thu,Daily,WA5 0DY,Warrington,1000
2026-03-05,Thu,Daily,W13 9JF,Ealing,1000
2026-03-05,Thu,Daily,RG31 6FB,Reading,1000
2026-03-05,Thu,Daily,PH2 7NP,Perth,1000
2026-03-05,Thu,Daily,NP44 1SF,Cwmbrân,1000
2026-03-05,Thu,Daily,LS14 6RP,Leeds,1000
2026-03-05,Thu,Daily,LN11 9XH,Louth,1000
2026-03-05,Thu,Daily,L34 5PF,Prescot,1000
2026-03-05,Thu,Daily,KT11 1PQ,Cobham (Elmbridge),1000
2026-03-05,Thu,Daily,HR1 4FF,Bartestree,1000
2026-03-05,Thu,Daily,HA6 3ND,Moor Park,1000
2026-03-05,Thu,Daily,GL15 6HX,Bream,1000
2026-03-05,Thu,Daily,FY6 0EL,Preesall and Knott End-on-Sea,1000
2026-03-05,Thu,Daily,FK2 0QS,Polmont,1000
2026-03-05,Thu,Daily,EX12 3EX,Beer,1000
2026-03-05,Thu,Daily,E8 4RT,Hackney,1000
2026-03-05,Thu,Daily,DN11 9QB,Tickhill,1000
2026-03-05,Thu,Daily,DA8 1RX,Bexley,1000
2026-03-05,Thu,Daily,CH7 5JS,Caerwys,1000
2026-03-05,Thu,Daily,BN17 7GS,Wick (Arun),1000
2026-03-04,Wed,Daily,WN6 0EN,Standish,1000
2026-03-04,Wed,Daily,TS23 4DG,Billingham,1000
2026-03-04,Wed,Daily,TN23 5DL,Ashford (Ashford),1000
2026-03-04,Wed,Daily,ST13 7LG,Cheddleton,1000
2026-03-04,Wed,Daily,S11 9BS,Sheffield,1000
2026-03-04,Wed,Daily,PO16 7BQ,Fareham,1000
2026-03-04,Wed,Daily,PL6 7NR,Plymouth,1000
2026-03-04,Wed,Daily,PA31 8JN,Ceann Loch Gilb,1000
2026-03-04,Wed,Daily,OX11 7FF,Didcot,1000
2026-03-04,Wed,Daily,NR9 5PN,Easton (Broadland),1000
2026-03-04,Wed,Daily,NN10 9YQ,Rushden,1000
2026-03-04,Wed,Daily,NE10 0YH,Gateshead,1000
2026-03-04,Wed,Daily,L25 6HA,Liverpool,1000
2026-03-04,Wed,Daily,HP2 6AL,Hemel Hempstead,1000
2026-03-04,Wed,Daily,GU5 9EJ,Gomshall,1000
2026-03-04,Wed,Daily,GL11 5NW,Cam,1000
2026-03-04,Wed,Daily,EX4 5AT,Exeter,1000
2026-03-04,Wed,Daily,E7 9QE,Newham,1000
2026-03-04,Wed,Daily,DT4 0ND,Weymouth,1000
2026-03-04,Wed,Daily,CR0 7LD,Croydon,1000
2026-03-03,Tue,Daily,WF17 8FW,Batley,1000
2026-03-03,Tue,Daily,WA9 4FT,St Helens (St. Helens),1000
2026-03-03,Tue,Daily,SO40 9DE,Totton,1000
2026-03-03,Tue,Daily,SL3 0QE,Poyle,1000
2026-03-03,Tue,Daily,SE14 6BD,Lewisham,1000
2026-03-03,Tue,Daily,S26 4TY,Swallownest and Aston,1000
2026-03-03,Tue,Daily,PO16 8BF,Fareham,1000
2026-03-03,Tue,Daily,PO14 1AX,Fareham,1000
2026-03-03,Tue,Daily,NG34 8XD,Sleaford,1000
2026-03-03,Tue,Daily,LS12 3UQ,Leeds,1000
2026-03-03,Tue,Daily,LL18 4PP,Rhyl,1000
2026-03-03,Tue,Daily,LL15 2DX,Ruthin,1000
2026-03-03,Tue,Daily,HU16 4LJ,Cottingham,1000
2026-03-03,Tue,Daily,G78 2PN,Barrhead,1000
2026-03-03,Tue,Daily,DH6 2QE,Shotton Colliery,1000
2026-03-03,Tue,Daily,CW9 6JN,Northwich,1000
2026-03-03,Tue,Daily,CH3 5LT,Chester,1000
2026-03-03,Tue,Daily,CF45 3HG,Mountain Ash,1000
2026-03-03,Tue,Daily,CB8 0ST,Newmarket,1000
2026-03-03,Tue,Daily,B78 3AE,Fazeley,1000
2026-03-02,Mon,Daily,TN5 7EJ,Ticehurst,1000
2026-03-02,Mon,Daily,TN2 5AP,Royal Tunbridge Wells,1000
2026-03-02,Mon,Daily,SY4 3SD,Bomere Heath,1000
2026-03-02,Mon,Daily,ST1 5RA,Stoke-on-Trent,1000
2026-03-02,Mon,Daily,SP2 0LN,Wilton,1000
2026-03-02,Mon,Daily,SO40 7BL,Ashurst,1000
2026-03-02,Mon,Daily,SK14 3HN,Hattersley,1000
2026-03-02,Mon,Daily,RG7 1DU,Spencers Wood and Three Mile Cross,1000
2026-03-02,Mon,Daily,PL12 4PA,Saltash,1000
2026-03-02,Mon,Daily,NE10 0XL,Gateshead,1000
2026-03-02,Mon,Daily,N11 1JF,Enfield,1000
2026-03-02,Mon,Daily,MK43 7DP,Oakley (Bedford),1000
2026-03-02,Mon,Daily,M22 8LL,Wythenshawe,1000
2026-03-02,Mon,Daily,M21 7WQ,Manchester,1000
2026-03-02,Mon,Daily,IV2 6BT,Inbhir Nis,1000
2026-03-02,Mon,Daily,IP2 8TJ,Ipswich,1000
2026-03-02,Mon,Daily,CW8 4SP,Northwich,1000
2026-03-02,Mon,Daily,CR6 9LU,Warlingham,1000
2026-03-02,Mon,Daily,BA2 3RJ,Bath,1000
2026-03-02,Mon,Daily,AB10 7AA,Aberdeen,1000
2026-03-01,Sun,Daily,WV5 0BX,Wombourne,1000
2026-03-01,Sun,Daily,TS7 9EB,Middlesbrough,1000
2026-03-01,Sun,Daily,SM1 2LB,Sutton (Sutton),1000
2026-03-01,Sun,Daily,SG10 6AL,Hadham Cross,1000
2026-03-01,Sun,Daily,RH6 7JG,Horley (Reigate and Banstead),1000
2026-03-01,Sun,Daily,RH20 3NE,Storrington,1000
2026-03-01,Sun,Daily,RH15 8AE,Burgess Hill,1000
2026-03-01,Sun,Daily,PO13 9BW,Lee-on-the-Solent,1000
2026-03-01,Sun,Daily,PE11 1ND,Spalding,1000
2026-03-01,Sun,Daily,NR31 6TQ,Gorleston-on-Sea,1000
2026-03-01,Sun,Daily,ML1 4JY,Motherwell,1000
2026-03-01,Sun,Daily,LE4 7GR,Leicester,1000
2026-03-01,Sun,Daily,FY7 6QH,Fleetwood,1000
2026-03-01,Sun,Daily,EH39 4DP,North Berwick,1000
2026-03-01,Sun,Daily,DT2 8TH,Crossways,1000
2026-03-01,Sun,Daily,DE12 8DL,Coton in the Elms,1000
2026-03-01,Sun,Daily,CO1 2JD,Colchester,1000
2026-03-01,Sun,Daily,BS36 2AY,Frampton Cotterell and Winterbourne,1000
2026-03-01,Sun,Daily,BB3 3QG,Darwen,1000
2026-03-01,Sun,Daily,B77 2QB,Tamworth,1000
2026-02-28,Sat,Millionaire Street,PL6 5UQ,Plymouth,90909
2026-02-28,Sat,Daily,WR2 6EN,Worcester,1000
2026-02-28,Sat,Daily,TN13 3NY,Sevenoaks,1000
2026-02-28,Sat,Daily,SW19 8RW,Merton,1000
2026-02-28,Sat,Daily,ST5 8DA,Newcastle-under-Lyme,1000
2026-02-28,Sat,Daily,SL1 3SE,Slough,1000
2026-02-28,Sat,Daily,SA69 9HA,Saundersfoot,1000
2026-02-28,Sat,Daily,RG17 0SJ,Hungerford,1000
2026-02-28,Sat,Daily,PR4 5EQ,Longton,1000
2026-02-28,Sat,Daily,PH33 6LT,An Gearasdan,1000
2026-02-28,Sat,Daily,PE26 1AS,Ramsey,1000
2026-02-28,Sat,Daily,NP25 3PN,Monmouth,1000
2026-02-28,Sat,Daily,LL18 3AP,Rhyl,1000
2026-02-28,Sat,Daily,IV7 8DB,Conon Bridge,1000
2026-02-28,Sat,Daily,IG6 3HJ,Redbridge,1000
2026-02-28,Sat,Daily,HU10 7JP,Willerby and Anlaby,1000
2026-02-28,Sat,Daily,HA4 6PD,Hillingdon,1000
2026-02-28,Sat,Daily,GU34 1SQ,Alton (East Hampshire),1000
2026-02-28,Sat,Daily,GL18 1LW,Newent,1000
2026-02-28,Sat,Daily,CH6 5LG,Flint,1000
2026-02-28,Sat,Daily,BS5 9NH,Bristol,1000
2026-02-27,Fri,Daily,TN33 0EG,Battle,1000
2026-02-27,Fri,Daily,SW10 9HD,Kensington and Chelsea,1000
2026-02-27,Fri,Daily,SO31 7DZ,Locks Heath,1000
2026-02-27,Fri,Daily,S36 9RG,Thurlstone,1000
2026-02-27,Fri,Daily,PH10 6HZ,Blairgowrie and Rattray,1000
2026-02-27,Fri,Daily,PE25 1TE,Skegness,1000
2026-02-27,Fri,Daily,PE16 6DN,Chatteris,1000
2026-02-27,Fri,Daily,NR8 6UW,Taverham and Drayton,1000
2026-02-27,Fri,Daily,NP23 6WE,Ebbw Vale,1000
2026-02-27,Fri,Daily,LS13 3SF,Leeds,1000
2026-02-27,Fri,Daily,HA8 7SG,Barnet,1000
2026-02-27,Fri,Daily,HA5 4QJ,Harrow,1000
2026-02-27,Fri,Daily,GU14 8AY,Farnborough,1000
2026-02-27,Fri,Daily,FY5 1NU,Blackpool,1000
2026-02-27,Fri,Daily,EH3 6HL,Edinburgh,1000
2026-02-27,Fri,Daily,DL1 3QR,Darlington,1000
2026-02-27,Fri,Daily,CO16 8AF,Clacton-on-Sea,1000
2026-02-27,Fri,Daily,BS21 7DF,Clevedon,1000
2026-02-27,Fri,Daily,BS16 6UN,Kingswood and Fishponds,1000
2026-02-27,Fri,Daily,BA21 4AS,Yeovil,1000
2026-02-26,Thu,Daily,YO30 6EX,York,1000
2026-02-26,Thu,Daily,WS5 4DE,West Bromwich,1000
2026-02-26,Thu,Daily,TD9 7BX,Hawick,1000
2026-02-26,Thu,Daily,TA18 8LU,Crewkerne,1000
2026-02-26,Thu,Daily,SN25 2JT,Swindon (Swindon),1000
2026-02-26,Thu,Daily,RG7 1ZE,Spencers Wood and Three Mile Cross,1000
2026-02-26,Thu,Daily,NP25 4TY,Monmouth,1000
2026-02-26,Thu,Daily,NN7 4RN,Weedon Bec,1000
2026-02-26,Thu,Daily,NG22 8ER,Bilsthorpe,1000
2026-02-26,Thu,Daily,LL12 9YD,Hope (Flintshire),1000
2026-02-26,Thu,Daily,KA12 0BL,Irvine,1000
2026-02-26,Thu,Daily,IP13 7ND,Earl Soham,1000
2026-02-26,Thu,Daily,HX7 8HW,Hebden Bridge,1000
2026-02-26,Thu,Daily,HD8 0GW,Lepton,1000
2026-02-26,Thu,Daily,GL7 1EP,Cirencester,1000
2026-02-26,Thu,Daily,CT15 4BB,Eythorne,1000
2026-02-26,Thu,Daily,CT1 1RZ,Canterbury,1000
2026-02-26,Thu,Daily,B31 5SW,Birmingham,1000
2026-02-26,Thu,Daily,AL7 2FE,Welwyn Garden City,1000
2026-02-26,Thu,Daily,AB11 6TX,Aberdeen,1000
2026-02-25,Wed,Daily,WF4 4FD,Middlestown and Overton,1000
2026-02-25,Wed,Daily,TA11 6RT,Somerton,1000
2026-02-25,Wed,Daily,ST13 6HD,Leek,1000
2026-02-25,Wed,Daily,SG12 0SJ,Ware,1000
2026-02-25,Wed,Daily,PO11 0RN,South Hayling,1000
2026-02-25,Wed,Daily,PH7 3JS,Crieff,1000
2026-02-25,Wed,Daily,PE28 4BQ,Brampton (Huntingdonshire),1000
2026-02-25,Wed,Daily,PE15 8LR,March,1000
2026-02-25,Wed,Daily,NW2 2NB,Barnet,1000
2026-02-25,Wed,Daily,N10 2AL,Haringey,1000
2026-02-25,Wed,Daily,ME13 7DN,Faversham,1000
2026-02-25,Wed,Daily,LS27 8GB,Morley (Leeds),1000
2026-02-25,Wed,Daily,LE16 8XW,Market Harborough,1000
2026-02-25,Wed,Daily,LA23 2BG,Windermere,1000
2026-02-25,Wed,Daily,KY11 2AQ,Rosyth,1000
2026-02-25,Wed,Daily,FK7 7LU,Stirling,1000
2026-02-25,Wed,Daily,EH54 5PZ,Livingston,1000
2026-02-25,Wed,Daily,DH1 4FB,Durham,1000
2026-02-25,Wed,Daily,CV6 4GX,Coventry,1000
2026-02-25,Wed,Daily,BS16 7ED,Kingswood and Fishponds,1000
2026-02-24,Tue,Daily,YO14 0LZ,Filey,1000
2026-02-24,Tue,Daily,W5 3UH,Ealing,1000
2026-02-24,Tue,Daily,TS10 4GX,Redcar,1000
2026-02-24,Tue,Daily,TR26 3DW,Lelant,1000
2026-02-24,Tue,Daily,PE6 7JU,Eye (Peterborough),1000
2026-02-24,Tue,Daily,OL6 7RL,Ashton-under-Lyne,1000
2026-02-24,Tue,Daily,NN5 6JR,Northampton,1000
2026-02-24,Tue,Daily,M29 7SA,Tyldesley,1000
2026-02-24,Tue,Daily,L33 4ES,Kirkby,1000
2026-02-24,Tue,Daily,KA10 6RX,Troon (South Ayrshire),1000
2026-02-24,Tue,Daily,IP31 3FZ,Thurston,1000
2026-02-24,Tue,Daily,IG6 2NJ,Redbridge,1000
2026-02-24,Tue,Daily,GU16 8JT,Frimley,1000
2026-02-24,Tue,Daily,CT18 8HS,Lyminge,1000
2026-02-24,Tue,Daily,CT10 3HR,Broadstairs,1000
2026-02-24,Tue,Daily,CF64 5SJ,Barry (Vale of Glamorgan),1000
2026-02-24,Tue,Daily,CA10 1HR,Lazonby,1000
2026-02-24,Tue,Daily,BL1 4AP,Bolton (Bolton),1000
2026-02-24,Tue,Daily,BH23 6AT,Merritown,1000
2026-02-24,Tue,Daily,AB51 7HH,Sauchen,1000
2026-02-23,Mon,Daily,WF9 4HS,Hemsworth,1000
2026-02-23,Mon,Daily,WA5 3JG,Warrington,1000
2026-02-23,Mon,Daily,TR27 5LF,Hayle,1000
2026-02-23,Mon,Daily,TQ3 2RE,Paignton,1000
2026-02-23,Mon,Daily,SM4 6AJ,Merton,1000
2026-02-23,Mon,Daily,PR25 1JE,Leyland,1000
2026-02-23,Mon,Daily,OL12 8DT,Whitworth,1000
2026-02-23,Mon,Daily,NN11 4RP,Daventry,1000
2026-02-23,Mon,Daily,NE23 3FX,Cramlington,1000
2026-02-23,Mon,Daily,ME4 6LE,Chatham,1000
2026-02-23,Mon,Daily,LL21 9LY,Clawdd Poncen,1000
2026-02-23,Mon,Daily,L20 4QD,Bootle (Sefton),1000
2026-02-23,Mon,Daily,DT3 5SB,Weymouth,1000
2026-02-23,Mon,Daily,DN6 8SJ,Adwick le Street,1000
2026-02-23,Mon,Daily,DL6 1PZ,Northallerton,1000
2026-02-23,Mon,Daily,DA9 9LE,Swanscombe,1000
2026-02-23,Mon,Daily,CV22 7FH,Rugby,1000
2026-02-23,Mon,Daily,CT16 1BY,Dover,1000
2026-02-23,Mon,Daily,BN3 6QE,Brighton and Hove,1000
2026-02-23,Mon,Daily,AB55 4AY,Dufftown,1000
2026-02-22,Sun,Daily,YO17 7FR,Malton,1000
2026-02-22,Sun,Daily,WV14 6NR,Bilston (Wolverhampton),1000
2026-02-22,Sun,Daily,WF10 2DE,Castleford,1000
2026-02-22,Sun,Daily,WA9 5QE,St Helens (St. Helens),1000
2026-02-22,Sun,Daily,TS19 8QQ,Stockton-on-Tees,1000
2026-02-22,Sun,Daily,TN37 7QN,Hastings,1000
2026-02-22,Sun,Daily,NR15 2TZ,Long Stratton,1000
2026-02-22,Sun,Daily,ML10 6XG,Strathaven,1000
2026-02-22,Sun,Daily,MK45 1NG,Flitwick,1000
2026-02-22,Sun,Daily,LS10 2PD,Leeds,1000
2026-02-22,Sun,Daily,LN11 0QQ,Louth,1000
2026-02-22,Sun,Daily,HU12 0RE,Patrington,1000
2026-02-22,Sun,Daily,HS1 2NQ,Steòrnabhagh,1000
2026-02-22,Sun,Daily,G53 6QF,Glasgow,1000
2026-02-22,Sun,Daily,G33 5PY,Glasgow,1000
2026-02-22,Sun,Daily,EH5 1BQ,Edinburgh,1000
2026-02-22,Sun,Daily,E5 8EE,Hackney,1000
2026-02-22,Sun,Daily,DL17 8AP,Ferryhill,1000
2026-02-22,Sun,Daily,CV22 5BJ,Rugby,1000
2026-02-22,Sun,Daily,CM7 2AF,Braintree,1000
2026-02-21,Sat,Millionaire Street,CB6 2GL,Sutton (East Cambridgeshire),125000
2026-02-21,Sat,Daily,YO8 6QP,Hemingbrough,1000
2026-02-21,Sat,Daily,TW8 0HD,Hounslow,1000
2026-02-21,Sat,Daily,TW20 0DW,Egham,1000
2026-02-21,Sat,Daily,RG5 4TW,Woodley,1000
2026-02-21,Sat,Daily,OX16 1UF,Banbury,1000
2026-02-21,Sat,Daily,NP22 4HS,Tredegar,1000
2026-02-21,Sat,Daily,ME16 0YG,Maidstone,1000
2026-02-21,Sat,Daily,LE67 2QE,Hugglescote,1000
2026-02-21,Sat,Daily,IP2 0JT,Ipswich,1000
2026-02-21,Sat,Daily,G71 6HJ,Uddingston,1000
2026-02-21,Sat,Daily,G53 7WX,Glasgow,1000
2026-02-21,Sat,Daily,EH43 6AA,Walkerburn,1000
2026-02-21,Sat,Daily,DL2 2NG,Hurworth-on-Tees,1000
2026-02-21,Sat,Daily,CH43 7SR,Birkenhead,1000
2026-02-21,Sat,Daily,CF44 8TB,Aberdare,1000
2026-02-21,Sat,Daily,BH25 6HA,New Milton,1000
2026-02-21,Sat,Daily,BB9 5HD,Brierfield,1000
2026-02-21,Sat,Daily,BB18 6ST,Earby,1000
2026-02-21,Sat,Daily,BA16 0QP,Street,1000
2026-02-21,Sat,Daily,AB51 3XQ,Inverurie,1000
2026-02-20,Fri,Daily,WF3 2HW,East Ardsley,1000
2026-02-20,Fri,Daily,WD3 9ST,Maple Cross,1000
2026-02-20,Fri,Daily,TS10 3RU,Redcar,1000
2026-02-20,Fri,Daily,SR8 3RZ,Easington (County Durham),1000
2026-02-20,Fri,Daily,SE26 5JB,Lewisham,1000
2026-02-20,Fri,Daily,S36 1LJ,Stocksbridge,1000
2026-02-20,Fri,Daily,PO2 0SA,Portsmouth,1000
2026-02-20,Fri,Daily,PE21 9DH,Boston,1000
2026-02-20,Fri,Daily,NW10 0LT,Brent,1000
2026-02-20,Fri,Daily,LS27 7QS,Gildersome,1000
2026-02-20,Fri,Daily,LE3 8GB,Leicester,1000
2026-02-20,Fri,Daily,LA9 7AD,Kendal,1000
2026-02-20,Fri,Daily,LA4 6AA,Morecambe,1000
2026-02-20,Fri,Daily,L23 9XP,Crosby (Sefton),1000
2026-02-20,Fri,Daily,KY11 4NB,Dunfermline,1000
2026-02-20,Fri,Daily,GU30 7GE,Liphook,1000
2026-02-20,Fri,Daily,GL5 2JW,Brimscombe and Thrupp,1000
2026-02-20,Fri,Daily,G44 3EN,Glasgow,1000
2026-02-20,Fri,Daily,DE3 0TS,Derby,1000
2026-02-20,Fri,Daily,AB16 6RZ,Aberdeen,1000
2026-02-19,Thu,Daily,YO14 9HE,Filey,1000
2026-02-19,Thu,Daily,TR3 7HN,Perranarworthal,1000
2026-02-19,Thu,Daily,SS15 6RD,Basildon,1000
2026-02-19,Thu,Daily,SS14 2QQ,Basildon,1000
2026-02-19,Thu,Daily,RG12 9AQ,Bracknell,1000
2026-02-19,Thu,Daily,PL14 4FG,Liskeard,1000
2026-02-19,Thu,Daily,NE4 8TH,Newcastle upon Tyne,1000
2026-02-19,Thu,Daily,MK40 4NW,Bedford,1000
2026-02-19,Thu,Daily,M31 4PQ,Partington,1000
2026-02-19,Thu,Daily,LA9 5QU,Kendal,1000
2026-02-19,Thu,Daily,KW14 7DN,Thurso,1000
2026-02-19,Thu,Daily,G78 1EF,Barrhead,1000
2026-02-19,Thu,Daily,G66 5DY,Kirkintilloch,1000
2026-02-19,Thu,Daily,DL4 2JA,Shildon,1000
2026-02-19,Thu,Daily,DL15 8PR,Crook,1000
2026-02-19,Thu,Daily,DH9 6YX,Stanley (County Durham),1000
2026-02-19,Thu,Daily,DE11 7NY,Woodville,1000
2026-02-19,Thu,Daily,BS25 1EG,Winscombe and Sandford,1000
2026-02-19,Thu,Daily,BD7 3LA,Bradford,1000
2026-02-19,Thu,Daily,AL1 5HA,St Albans,1000
2026-02-18,Wed,Daily,YO31 0QW,York,1000
2026-02-18,Wed,Daily,WR2 6DF,Worcester,1000
2026-02-18,Wed,Daily,W10 6RH,Kensington and Chelsea,1000
2026-02-18,Wed,Daily,TR3 6FH,Carnon Downs and Devoran,1000
2026-02-18,Wed,Daily,TN33 9JT,Ninfield,1000
2026-02-18,Wed,Daily,ST8 6LY,Biddulph,1000
2026-02-18,Wed,Daily,SR3 2TX,Sunderland,1000
2026-02-18,Wed,Daily,SO15 8RG,Southampton,1000
2026-02-18,Wed,Daily,SN25 1TB,Swindon (Swindon),1000
2026-02-18,Wed,Daily,S81 8QH,Worksop,1000
2026-02-18,Wed,Daily,RM18 8FF,Tilbury,1000
2026-02-18,Wed,Daily,PR4 1DH,Warton (Fylde),1000
2026-02-18,Wed,Daily,PO13 8JE,Gosport,1000
2026-02-18,Wed,Daily,NG16 6QS,Selston,1000
2026-02-18,Wed,Daily,NE22 6LN,Bedlington,1000
2026-02-18,Wed,Daily,E17 6EF,Waltham Forest,1000
2026-02-18,Wed,Daily,DY10 3FJ,Kidderminster,1000
2026-02-18,Wed,Daily,DL16 6HG,Spennymoor,1000
2026-02-18,Wed,Daily,BN20 8AE,Eastbourne,1000
2026-02-18,Wed,Daily,BD19 3EQ,Cleckheaton,1000
2026-02-17,Tue,Daily,WF12 8PS,Dewsbury,1000
2026-02-17,Tue,Daily,TQ1 4QR,Torquay,1000
2026-02-17,Tue,Daily,SP5 2QL,Redlynch and Woodfalls,1000
2026-02-17,Tue,Daily,SP10 3PA,Andover,1000
2026-02-17,Tue,Daily,SE4 2ED,Lewisham,1000
2026-02-17,Tue,Daily,SE1 5EN,Southwark,1000
2026-02-17,Tue,Daily,PO6 2LY,Portsmouth,1000
2026-02-17,Tue,Daily,OL12 7RG,Rochdale,1000
2026-02-17,Tue,Daily,NE37 2DS,Washington,1000
2026-02-17,Tue,Daily,MK14 6DE,Milton Keynes,1000
2026-02-17,Tue,Daily,LA1 4EN,Lancaster,1000
2026-02-17,Tue,Daily,IP30 9EH,Elmswell,1000
2026-02-17,Tue,Daily,G44 5RQ,Glasgow,1000
2026-02-17,Tue,Daily,DL3 0LL,Darlington,1000
2026-02-17,Tue,Daily,DL14 8PX,Coundon and Leeholme,1000
2026-02-17,Tue,Daily,CR4 2LS,Merton,1000
2026-02-17,Tue,Daily,CM14 4YH,Brentwood,1000
2026-02-17,Tue,Daily,CF14 9FD,Cardiff,1000
2026-02-17,Tue,Daily,BL2 3FT,Bolton (Bolton),1000
2026-02-17,Tue,Daily,AB53 8EB,Turriff,1000
2026-02-16,Mon,Daily,W12 8BY,Hammersmith and Fulham,1000
2026-02-16,Mon,Daily,SY5 6RB,Shrewsbury,1000
2026-02-16,Mon,Daily,S72 7DL,Grimethorpe,1000
2026-02-16,Mon,Daily,S45 8DG,Pilsley and Lower Pilsley,1000
2026-02-16,Mon,Daily,S12 4YJ,Sheffield,1000
2026-02-16,Mon,Daily,RG30 4NS,Reading,1000
2026-02-16,Mon,Daily,PR4 6LH,Tarleton and Hesketh Bank,1000
2026-02-16,Mon,Daily,PO5 3NL,Portsmouth,1000
2026-02-16,Mon,Daily,OX4 4PU,Oxford,1000
2026-02-16,Mon,Daily,NR4 6TA,Norwich,1000
2026-02-16,Mon,Daily,NP44 5UP,Cwmbrân,1000
2026-02-16,Mon,Daily,NE8 2LT,Gateshead,1000
2026-02-16,Mon,Daily,M27 5GG,Swinton (Salford),1000
2026-02-16,Mon,Daily,LL12 9ER,Hope (Flintshire),1000
2026-02-16,Mon,Daily,LE17 5SG,Gilmorton,1000
2026-02-16,Mon,Daily,LA16 7JA,Askam in Furness,1000
2026-02-16,Mon,Daily,EX33 2DF,Braunton,1000
2026-02-16,Mon,Daily,CT14 0BT,Worth,1000
2026-02-16,Mon,Daily,BS22 9EP,Weston-super-Mare,1000
2026-02-16,Mon,Daily,BL0 9BR,Ramsbottom,1000
2026-02-15,Sun,Daily,WV16 6QA,Highley,1000
2026-02-15,Sun,Daily,TW9 3PP,Richmond upon Thames,1000
2026-02-15,Sun,Daily,TN33 9EU,Ninfield,1000
2026-02-15,Sun,Daily,ST10 4DD,Upper Tean,1000
2026-02-15,Sun,Daily,SO19 8LP,Southampton,1000
2026-02-15,Sun,Daily,M32 9HP,Stretford,1000
2026-02-15,Sun,Daily,LE3 0FB,Leicester,1000
2026-02-15,Sun,Daily,HP14 3HB,Stokenchurch,1000
2026-02-15,Sun,Daily,GU31 4HQ,Petersfield,1000
2026-02-15,Sun,Daily,GU11 3NB,Aldershot,1000
2026-02-15,Sun,Daily,EX13 7LF,Kilmington,1000
2026-02-15,Sun,Daily,EN2 0NL,Enfield,1000
2026-02-15,Sun,Daily,E6 6ZF,Newham,1000
2026-02-15,Sun,Daily,DL13 3NP,Wolsingham,1000
2026-02-15,Sun,Daily,CT5 1DJ,Whitstable,1000
2026-02-15,Sun,Daily,CT14 6QX,Deal,1000
2026-02-15,Sun,Daily,CA2 5HS,Carlisle,1000
2026-02-15,Sun,Daily,CA2 4HB,Carlisle,1000
2026-02-15,Sun,Daily,BB10 1BF,Burnley,1000
2026-02-15,Sun,Daily,BA7 7BZ,Castle Cary,1000
2026-02-14,Sat,Millionaire Street,S65 3BT,Rotherham,76923
2026-02-14,Sat,Daily,WS3 2HE,Bloxwich,1000
2026-02-14,Sat,Daily,WN3 4TN,Ince-in-Makerfield,1000
2026-02-14,Sat,Daily,WA10 1LD,St Helens (St. Helens),1000
2026-02-14,Sat,Daily,SA8 3HY,Alltwen,1000
2026-02-14,Sat,Daily,PR8 1JZ,Southport,1000
2026-02-14,Sat,Daily,PR6 9QD,Adlington (Chorley),1000
2026-02-14,Sat,Daily,PO12 4GD,Gosport,1000
2026-02-14,Sat,Daily,NG24 4LU,Newark-on-Trent,1000
2026-02-14,Sat,Daily,NE20 9LB,Ponteland,1000
2026-02-14,Sat,Daily,LE11 1QG,Loughborough,1000
2026-02-14,Sat,Daily,GL11 4JX,Dursley,1000
2026-02-14,Sat,Daily,G67 4DW,Cumbernauld,1000
2026-02-14,Sat,Daily,EN8 0JB,Cheshunt,1000
2026-02-14,Sat,Daily,EH26 8NA,Penicuik,1000
2026-02-14,Sat,Daily,CV5 6DN,Coventry,1000
2026-02-14,Sat,Daily,CT12 6PW,Ramsgate,1000
2026-02-14,Sat,Daily,CM23 2WL,Bishop's Stortford,1000
2026-02-14,Sat,Daily,CM18 6UN,Harlow,1000
2026-02-14,Sat,Daily,BH9 3AF,Bournemouth,1000
2026-02-14,Sat,Daily,B32 2LX,Birmingham,1000
2026-02-13,Fri,Daily,WR8 0HZ,Upton upon Severn,1000
2026-02-13,Fri,Daily,TF1 5NP,Telford,1000
2026-02-13,Fri,Daily,SS7 5JG,Thundersley and South Benfleet,1000
2026-02-13,Fri,Daily,S65 2NS,Rotherham,1000
2026-02-13,Fri,Daily,PO21 2HD,Bognor Regis,1000
2026-02-13,Fri,Daily,PE30 3HH,King's Lynn,1000
2026-02-13,Fri,Daily,NP19 0JJ,Newport (Newport),1000
2026-02-13,Fri,Daily,NE24 3UH,Blyth (Northumberland),1000
2026-02-13,Fri,Daily,ML3 9TN,Hamilton,1000
2026-02-13,Fri,Daily,LE11 3HS,Loughborough,1000
2026-02-13,Fri,Daily,L1 9AS,Liverpool,1000
2026-02-13,Fri,Daily,EH23 4SA,Gorebridge and Mayfield,1000
2026-02-13,Fri,Daily,CV11 6XD,Nuneaton,1000
2026-02-13,Fri,Daily,CH4 8LB,Chester,1000
2026-02-13,Fri,Daily,BS35 2AE,Thornbury,1000
2026-02-13,Fri,Daily,BR3 1HR,Bromley,1000
2026-02-13,Fri,Daily,BN14 8EL,Worthing,1000
2026-02-13,Fri,Daily,BD2 3NH,Bradford,1000
2026-02-13,Fri,Daily,B69 1LX,Rowley Regis,1000
2026-02-13,Fri,Daily,B44 8QH,Birmingham,1000
2026-02-12,Thu,Daily,WA2 0JD,Warrington,1000
2026-02-12,Thu,Daily,WA11 0TB,Haydock,1000
2026-02-12,Thu,Daily,UB9 5AP,Hillingdon,1000
2026-02-12,Thu,Daily,TA19 9SJ,Ilminster,1000
2026-02-12,Thu,Daily,S41 8QT,Chesterfield,1000
2026-02-12,Thu,Daily,PR5 6GE,Bamber Bridge,1000
2026-02-12,Thu,Daily,PO11 9BB,South Hayling,1000
2026-02-12,Thu,Daily,OX14 3AL,Abingdon-on-Thames,1000
2026-02-12,Thu,Daily,OL16 2PE,Rochdale,1000
2026-02-12,Thu,Daily,NG2 1LD,Nottingham,1000
2026-02-12,Thu,Daily,NE35 9LS,Boldon Colliery,1000
2026-02-12,Thu,Daily,HP20 1NU,Aylesbury,1000
2026-02-12,Thu,Daily,GL5 4NN,Stroud,1000
2026-02-12,Thu,Daily,G81 5BX,Clydebank,1000
2026-02-12,Thu,Daily,G32 7LR,Glasgow,1000
2026-02-12,Thu,Daily,EX15 1LR,Cullompton,1000
2026-02-12,Thu,Daily,EH15 2JF,Edinburgh,1000
2026-02-12,Thu,Daily,DE45 1JF,Bakewell,1000
2026-02-12,Thu,Daily,B97 5PJ,Redditch,1000
2026-02-12,Thu,Daily,AB42 1PZ,Peterhead,1000
2026-02-11,Wed,Daily,WR15 8AW,Tenbury Wells,1000
2026-02-11,Wed,Daily,WF5 0LP,Ossett,1000
2026-02-11,Wed,Daily,TN23 5SR,Ashford (Ashford),1000
2026-02-11,Wed,Daily,SY20 8DP,Machynlleth,1000
2026-02-11,Wed,Daily,SL6 8EH,Maidenhead,1000
2026-02-11,Wed,Daily,PO6 4QU,Portsmouth,1000
2026-02-11,Wed,Daily,NE33 4NN,South Shields,1000
2026-02-11,Wed,Daily,M28 3FS,Walkden,1000
2026-02-11,Wed,Daily,KT4 7AN,Worcester Park and Stoneleigh,1000
2026-02-11,Wed,Daily,IV15 9JA,Dingwall,1000
2026-02-11,Wed,Daily,HU6 7XE,Kingston upon Hull,1000
2026-02-11,Wed,Daily,G32 6GB,Glasgow,1000
2026-02-11,Wed,Daily,FK21 8TY,Killin,1000
2026-02-11,Wed,Daily,DL2 2XL,Hurworth-on-Tees,1000
2026-02-11,Wed,Daily,CH44 2AY,Wallasey,1000
2026-02-11,Wed,Daily,CA17 4DB,Kirkby Stephen,1000
2026-02-11,Wed,Daily,BN6 9LB,Hassocks and Hurstpierpoint,1000
2026-02-11,Wed,Daily,BN21 3XH,Eastbourne,1000
2026-02-11,Wed,Daily,BL0 9SZ,Ramsbottom,1000
2026-02-11,Wed,Daily,BB8 9AZ,Colne,1000
2026-02-10,Tue,Daily,WV8 2AF,Codsall,1000
2026-02-10,Tue,Daily,TN16 3AU,Bromley,1000
2026-02-10,Tue,Daily,ST15 8GD,Stone (Stafford),1000
2026-02-10,Tue,Daily,SS6 7TB,Rayleigh,1000
2026-02-10,Tue,Daily,NP11 7QL,Risca,1000
2026-02-10,Tue,Daily,M24 5RY,Middleton (Rochdale),1000
2026-02-10,Tue,Daily,M13 0YF,Manchester,1000
2026-02-10,Tue,Daily,LS18 4LY,Leeds,1000
2026-02-10,Tue,Daily,LN12 2BD,Sutton on Sea and Trusthorpe,1000
2026-02-10,Tue,Daily,LA12 7DU,Ulverston,1000
2026-02-10,Tue,Daily,IP7 5JE,Hadleigh,1000
2026-02-10,Tue,Daily,HU5 5PA,Kingston upon Hull,1000
2026-02-10,Tue,Daily,HU14 3JW,North Ferriby,1000
2026-02-10,Tue,Daily,GL51 3JZ,Cheltenham,1000
2026-02-10,Tue,Daily,G69 6AY,Glasgow,1000
2026-02-10,Tue,Daily,DG6 4AT,Kirkcudbright,1000
2026-02-10,Tue,Daily,CF44 8NS,Aberdare,1000
2026-02-10,Tue,Daily,BN13 1BN,Worthing,1000
2026-02-10,Tue,Daily,BH22 8EZ,Ferndown,1000
2026-02-10,Tue,Daily,B70 9EX,West Bromwich,1000
2026-02-09,Mon,Daily,WA7 2PB,Runcorn,1000
2026-02-09,Mon,Daily,SS2 6XD,Southend-on-Sea,1000
2026-02-09,Mon,Daily,S45 0DW,Ashover,1000
2026-02-09,Mon,Daily,S20 5JU,Sheffield,1000
2026-02-09,Mon,Daily,RG29 1PA,Odiham,1000
2026-02-09,Mon,Daily,PO36 9DD,Sandown,1000
2026-02-09,Mon,Daily,NG9 7HH,Stapleford,1000
2026-02-09,Mon,Daily,N15 4FS,Haringey,1000
2026-02-09,Mon,Daily,ML9 3DF,Stonehouse (South Lanarkshire),1000
2026-02-09,Mon,Daily,LU7 2TD,Leighton Buzzard,1000
2026-02-09,Mon,Daily,G73 3AH,Rutherglen,1000
2026-02-09,Mon,Daily,E1 3HZ,Tower Hamlets,1000
2026-02-09,Mon,Daily,DA11 8LD,Northfleet,1000
2026-02-09,Mon,Daily,CM7 3QN,Braintree,1000
2026-02-09,Mon,Daily,CA22 2JE,Egremont,1000
2026-02-09,Mon,Daily,BL7 9RF,Bolton (Bolton),1000
2026-02-09,Mon,Daily,BH24 1SW,Ringwood,1000
2026-02-09,Mon,Daily,BH17 9JP,Poole,1000
2026-02-09,Mon,Daily,BA22 8SQ,Yeovil,1000
2026-02-09,Mon,Daily,B60 3HR,Bromsgrove,1000
2026-02-08,Sun,Daily,TD9 0DP,Hawick,1000
2026-02-08,Sun,Daily,TD15 2LH,Berwick-upon-Tweed,1000
2026-02-08,Sun,Daily,SP7 8HA,Shaftesbury,1000
2026-02-08,Sun,Daily,SO50 6GH,Eastleigh,1000
2026-02-08,Sun,Daily,SA43 1NQ,Cardigan,1000
2026-02-08,Sun,Daily,S10 2FD,Sheffield,1000
2026-02-08,Sun,Daily,PO17 5FR,Wickham,1000
2026-02-08,Sun,Daily,PE7 1RS,Whittlesey,1000
2026-02-08,Sun,Daily,OX33 1NS,Wheatley,1000
2026-02-08,Sun,Daily,NW9 8ED,Brent,1000
2026-02-08,Sun,Daily,M33 6RP,Sale,1000
2026-02-08,Sun,Daily,M30 8PX,Eccles (Salford),1000
2026-02-08,Sun,Daily,LE2 9BZ,Leicester,1000
2026-02-08,Sun,Daily,L4 4PJ,Liverpool,1000
2026-02-08,Sun,Daily,IV30 5XP,Burghead,1000
2026-02-08,Sun,Daily,G14 9NH,Glasgow,1000
2026-02-08,Sun,Daily,EX16 4NT,Tiverton,1000
2026-02-08,Sun,Daily,DT11 7LX,Blandford Forum,1000
2026-02-08,Sun,Daily,CO6 4FJ,Great Horkesley,1000
2026-02-08,Sun,Daily,BS11 0UD,Bristol,1000
2026-02-07,Sat,Millionaire Street,TN33 9DN,Ninfield,83333
2026-02-07,Sat,Daily,SA66 7QL,Llandissilio,1000
2026-02-07,Sat,Daily,RH2 0DX,Reigate,1000
2026-02-07,Sat,Daily,PO2 8LF,Portsmouth,1000
2026-02-07,Sat,Daily,PE19 2RU,St Neots,1000
2026-02-07,Sat,Daily,NR11 8LE,Mundesley,1000
2026-02-07,Sat,Daily,NN7 2AZ,Roade,1000
2026-02-07,Sat,Daily,NG31 9AD,Grantham,1000
2026-02-07,Sat,Daily,NG18 3NX,Mansfield,1000
2026-02-07,Sat,Daily,NG12 2AN,Radcliffe on Trent,1000
2026-02-07,Sat,Daily,N9 9EY,Enfield,1000
2026-02-07,Sat,Daily,LS11 8AH,Leeds,1000
2026-02-07,Sat,Daily,EH6 4AT,Edinburgh,1000
2026-02-07,Sat,Daily,DT4 0AR,Weymouth,1000
2026-02-07,Sat,Daily,CT5 2RB,Whitstable,1000
2026-02-07,Sat,Daily,CR4 3JZ,Merton,1000
2026-02-07,Sat,Daily,CM18 6LB,Harlow,1000
2026-02-07,Sat,Daily,CH46 6FB,Wallasey,1000
2026-02-07,Sat,Daily,CF64 5FT,Barry (Vale of Glamorgan),1000
2026-02-07,Sat,Daily,BH20 4JR,Wareham,1000
2026-02-07,Sat,Daily,BA2 7RR,Bath,1000
2026-02-06,Fri,Daily,TR14 0EY,Camborne,1000
2026-02-06,Fri,Daily,SL5 0FB,Ascot,1000
2026-02-06,Fri,Daily,SK17 6JG,Buxton (High Peak),1000
2026-02-06,Fri,Daily,RM6 5HR,Barking and Dagenham,1000
2026-02-06,Fri,Daily,RG28 7EZ,Whitchurch (Basingstoke and Deane),1000
2026-02-06,Fri,Daily,PO32 6PU,East Cowes,1000
2026-02-06,Fri,Daily,NR28 0QE,North Walsham,1000
2026-02-06,Fri,Daily,NE3 1DU,Newcastle upon Tyne,1000
2026-02-06,Fri,Daily,M30 9QS,Eccles (Salford),1000
2026-02-06,Fri,Daily,GU5 0LG,Bramley and Wonersh,1000
2026-02-06,Fri,Daily,GL15 6BH,Bream,1000
2026-02-06,Fri,Daily,G84 8NR,Helensburgh,1000
2026-02-06,Fri,Daily,FY2 0JE,Blackpool,1000
2026-02-06,Fri,Daily,EN6 1DH,Potters Bar,1000
2026-02-06,Fri,Daily,CM17 9PD,Harlow,1000
2026-02-06,Fri,Daily,CH7 2QL,Buckley,1000
2026-02-06,Fri,Daily,CF34 0LY,Maesteg,1000
2026-02-06,Fri,Daily,BN13 2EN,Worthing,1000
2026-02-06,Fri,Daily,B30 2AE,Birmingham,1000
2026-02-06,Fri,Daily,AL7 4DN,Welwyn Garden City,1000
2026-02-05,Thu,Daily,W1K 2HN,City of Westminster,1000
2026-02-05,Thu,Daily,UB8 2NW,Hillingdon,1000
2026-02-05,Thu,Daily,TS10 4ND,Redcar,1000
2026-02-05,Thu,Daily,SW15 6JF,Wandsworth,1000
2026-02-05,Thu,Daily,ST13 5PG,Leek,1000
2026-02-05,Thu,Daily,NR12 8GH,Hoveton and Wroxham,1000
2026-02-05,Thu,Daily,NG32 1AY,Barrowby,1000
2026-02-05,Thu,Daily,NE6 2RN,Newcastle upon Tyne,1000
2026-02-05,Thu,Daily,N8 7DE,Haringey,1000
2026-02-05,Thu,Daily,ML5 2AW,Coatbridge,1000
2026-02-05,Thu,Daily,ME5 9JP,Chatham,1000
2026-02-05,Thu,Daily,LS11 5QY,Leeds,1000
2026-02-05,Thu,Daily,KA12 9EB,Irvine,1000
2026-02-05,Thu,Daily,HA3 9BU,Harrow,1000
2026-02-05,Thu,Daily,EH4 2PJ,Edinburgh,1000
2026-02-05,Thu,Daily,DL6 3AZ,Swainby,1000
2026-02-05,Thu,Daily,DH8 8HT,Consett,1000
2026-02-05,Thu,Daily,DE7 6DY,West Hallam,1000
2026-02-05,Thu,Daily,BN13 1JE,Worthing,1000
2026-02-05,Thu,Daily,BA15 2AJ,Winsley,1000
2026-02-04,Wed,Daily,ST13 8EQ,Leek,1000
2026-02-04,Wed,Daily,SN8 3DP,Marlborough,1000
2026-02-04,Wed,Daily,SG18 8AZ,Biggleswade,1000
2026-02-04,Wed,Daily,SE27 0SQ,Lambeth,1000
2026-02-04,Wed,Daily,S41 0HA,Chesterfield,1000
2026-02-04,Wed,Daily,RG31 6RB,Reading,1000
2026-02-04,Wed,Daily,OL14 8RU,Todmorden,1000
2026-02-04,Wed,Daily,OL10 4SN,Heywood,1000
2026-02-04,Wed,Daily,ME17 3JU,Maidstone,1000
2026-02-04,Wed,Daily,LS20 8AX,Guiseley,1000
2026-02-04,Wed,Daily,L32 4UE,Kirkby,1000
2026-02-04,Wed,Daily,GU9 0EJ,Weybourne (Waverley),1000
2026-02-04,Wed,Daily,GU21 5EL,Woking,1000
2026-02-04,Wed,Daily,GL2 4PL,Quedgeley and Hardwicke,1000
2026-02-04,Wed,Daily,FK1 2BH,Hallglen,1000
2026-02-04,Wed,Daily,EX31 2HS,Barnstaple,1000
2026-02-04,Wed,Daily,EH14 1XB,Edinburgh,1000
2026-02-04,Wed,Daily,DN33 3AJ,Grimsby,1000
2026-02-04,Wed,Daily,CV6 1GJ,Coventry,1000
2026-02-04,Wed,Daily,BB11 3RF,Burnley,1000
2026-02-03,Tue,Daily,WR2 4RR,Worcester,1000
2026-02-03,Tue,Daily,WA4 3AJ,Warrington,1000
2026-02-03,Tue,Daily,TS25 5LB,Hartlepool,1000
2026-02-03,Tue,Daily,TR6 0JB,Perranporth,1000
2026-02-03,Tue,Daily,S40 2SY,Chesterfield,1000
2026-02-03,Tue,Daily,PO4 8NS,Portsmouth,1000
2026-02-03,Tue,Daily,NN8 6DE,Wellingborough,1000
2026-02-03,Tue,Daily,LN11 9JZ,Louth,1000
2026-02-03,Tue,Daily,LE18 3UJ,Wigston,1000
2026-02-03,Tue,Daily,LA11 7PD,Grange-over-Sands,1000
2026-02-03,Tue,Daily,KT9 1PF,Kingston upon Thames,1000
2026-02-03,Tue,Daily,HD2 1GJ,Huddersfield,1000
2026-02-03,Tue,Daily,HA3 7LD,Harrow,1000
2026-02-03,Tue,Daily,HA3 0RQ,Brent,1000
2026-02-03,Tue,Daily,G41 2PX,Glasgow,1000
2026-02-03,Tue,Daily,FY5 3DU,Blackpool,1000
2026-02-03,Tue,Daily,DD8 1LR,Forfar,1000
2026-02-03,Tue,Daily,BD21 1RG,Keighley,1000
2026-02-03,Tue,Daily,BB5 6BP,Accrington,1000
2026-02-03,Tue,Daily,B21 9DF,Birmingham,1000
2026-02-02,Mon,Daily,WS15 3DP,Abbots Bromley,1000
2026-02-02,Mon,Daily,SS3 0HJ,Great Wakering,1000
2026-02-02,Mon,Daily,SA73 1EZ,Neyland,1000
2026-02-02,Mon,Daily,S66 1EX,Wickersley and Bramley,1000
2026-02-02,Mon,Daily,S26 5LX,Kiveton Park,1000
2026-02-02,Mon,Daily,PR6 7HS,Whittle-le-Woods,1000
2026-02-02,Mon,Daily,OX4 1YB,Oxford,1000
2026-02-02,Mon,Daily,NE30 2DD,Tynemouth,1000
2026-02-02,Mon,Daily,NE12 8RP,Longbenton,1000
2026-02-02,Mon,Daily,M24 2PJ,Middleton (Rochdale),1000
2026-02-02,Mon,Daily,M20 2LP,Manchester,1000
2026-02-02,Mon,Daily,LL31 9HP,Conwy,1000
2026-02-02,Mon,Daily,G78 1AF,Barrhead,1000
2026-02-02,Mon,Daily,E13 0HY,Newham,1000
2026-02-02,Mon,Daily,DY3 2FB,Sedgley,1000
2026-02-02,Mon,Daily,DN18 5SN,Barton-upon-Humber,1000
2026-02-02,Mon,Daily,DG8 9RL,Wigtown,1000
2026-02-02,Mon,Daily,CO4 3PN,Colchester,1000
2026-02-02,Mon,Daily,BD19 4LY,Gomersal and Birkenshaw,1000
2026-02-02,Mon,Daily,B20 1DT,Birmingham,1000
2026-02-01,Sun,Daily,YO7 1QT,Thirsk,1000
2026-02-01,Sun,Daily,TS21 2EG,Sedgefield,1000
2026-02-01,Sun,Daily,TR15 1RQ,Redruth,1000
2026-02-01,Sun,Daily,SK22 3DF,New Mills,1000
2026-02-01,Sun,Daily,S44 5JU,Brimington,1000
2026-02-01,Sun,Daily,RH20 1LF,Pulborough,1000
2026-02-01,Sun,Daily,PO9 4PP,Havant,1000
2026-02-01,Sun,Daily,PA7 5RA,Bishopton,1000
2026-02-01,Sun,Daily,OL2 5LP,Royton,1000
2026-02-01,Sun,Daily,NP20 2BA,Newport (Newport),1000
2026-02-01,Sun,Daily,NG5 1NJ,Nottingham,1000
2026-02-01,Sun,Daily,M24 2YS,Middleton (Rochdale),1000
2026-02-01,Sun,Daily,HD4 5HS,Huddersfield,1000
2026-02-01,Sun,Daily,CM2 6EP,Chelmsford,1000
2026-02-01,Sun,Daily,CH61 5UN,Heswall,1000
2026-02-01,Sun,Daily,CF48 4JE,Troedyrhiw and Pentrebach,1000
2026-02-01,Sun,Daily,CF45 4DY,Abercynon,1000
2026-02-01,Sun,Daily,CF14 5PR,Cardiff,1000
2026-02-01,Sun,Daily,BS5 9DA,Bristol,1000
2026-02-01,Sun,Daily,BN42 4BB,Southwick (Adur),1000
2026-01-31,Sat,Millionaire Street,CV23 1AT,Rugby,250000
2026-01-31,Sat,Daily,WF17 9QH,Batley,1000
2026-01-31,Sat,Daily,TS23 3TZ,Billingham,1000
2026-01-31,Sat,Daily,TN27 9FT,Headcorn,1000
2026-01-31,Sat,Daily,TN16 2DB,Tatsfield,1000
2026-01-31,Sat,Daily,S61 2AU,Rotherham,1000
2026-01-31,Sat,Daily,PO30 2HS,Newport (Isle of Wight),1000
2026-01-31,Sat,Daily,PH34 4AD,Spean Bridge,1000
2026-01-31,Sat,Daily,PE13 2EP,Wisbech,1000
2026-01-31,Sat,Daily,MK43 8PP,Bromham (Bedford),1000
2026-01-31,Sat,Daily,ME14 4HB,Bearsted,1000
2026-01-31,Sat,Daily,L15 6TX,Liverpool,1000
2026-01-31,Sat,Daily,IV19 1NQ,Tain,1000
2026-01-31,Sat,Daily,DY13 0HA,Stourport-on-Severn,1000
2026-01-31,Sat,Daily,DL3 8QJ,Darlington,1000
2026-01-31,Sat,Daily,DE23 4RT,Derby,1000
2026-01-31,Sat,Daily,CF14 0EW,Cardiff,1000
2026-01-31,Sat,Daily,BS22 8BE,Weston-super-Mare,1000
2026-01-31,Sat,Daily,BR2 7EH,Bromley,1000
2026-01-31,Sat,Daily,BH20 4RD,Wareham,1000
2026-01-31,Sat,Daily,B77 1HL,Tamworth,1000
2026-01-30,Fri,Daily,WV6 7NR,Perton,1000
2026-01-30,Fri,Daily,WD23 4EL,Bushey,1000
2026-01-30,Fri,Daily,ST5 0RE,Newcastle-under-Lyme,1000
2026-01-30,Fri,Daily,PR8 4ST,Southport,1000
2026-01-30,Fri,Daily,PE14 8PR,Upwell and Outwell,1000
2026-01-30,Fri,Daily,NR14 6ER,Loddon,1000
2026-01-30,Fri,Daily,NP23 7SJ,Cwm,1000
2026-01-30,Fri,Daily,NE25 8RS,Whitley Bay,1000
2026-01-30,Fri,Daily,LD7 1RD,Knighton,1000
2026-01-30,Fri,Daily,KT10 0ED,West Molesey,1000
2026-01-30,Fri,Daily,KA7 3UD,Ayr,1000
2026-01-30,Fri,Daily,HP4 2EB,Berkhamsted,1000
2026-01-30,Fri,Daily,FY8 3LR,Lytham St Anne's,1000
2026-01-30,Fri,Daily,DT2 9LH,Charminster,1000
2026-01-30,Fri,Daily,DA16 1HD,Bexley,1000
2026-01-30,Fri,Daily,CV5 6BE,Coventry,1000
2026-01-30,Fri,Daily,CV31 1SN,Royal Leamington Spa,1000
2026-01-30,Fri,Daily,CF5 3LL,Cardiff,1000
2026-01-30,Fri,Daily,B64 7PU,Cradley Heath,1000
2026-01-30,Fri,Daily,AL4 0DY,St Albans,1000
2026-01-29,Thu,Daily,WS7 3XE,Burntwood,1000
2026-01-29,Thu,Daily,WD24 6BP,Watford (Watford),1000
2026-01-29,Thu,Daily,TN40 1PH,Bexhill-on-Sea,1000
2026-01-29,Thu,Daily,SY13 1JU,Whitchurch (Shropshire),1000
2026-01-29,Thu,Daily,S7 1DN,Sheffield,1000
2026-01-29,Thu,Daily,RM11 1PF,Havering,1000
2026-01-29,Thu,Daily,PR3 1DE,Garstang,1000
2026-01-29,Thu,Daily,PO8 0RU,Horndean,1000
2026-01-29,Thu,Daily,NR12 9AT,Stalham,1000
2026-01-29,Thu,Daily,NG6 8RU,Nottingham,1000
2026-01-29,Thu,Daily,NE64 6AZ,Newbiggin-by-the-Sea,1000
2026-01-29,Thu,Daily,MK8 8JP,Milton Keynes,1000
2026-01-29,Thu,Daily,LS14 1JF,Leeds,1000
2026-01-29,Thu,Daily,L25 7UN,Liverpool,1000
2026-01-29,Thu,Daily,HP3 8AA,Hemel Hempstead,1000
2026-01-29,Thu,Daily,HA4 9DR,Hillingdon,1000
2026-01-29,Thu,Daily,DY2 0PN,Dudley (Dudley),1000
2026-01-29,Thu,Daily,DT6 5AZ,Bridport,1000
2026-01-29,Thu,Daily,CF46 6PP,Nelson (Caerphilly),1000
2026-01-29,Thu,Daily,B61 9JH,Fairfield,1000
2026-01-28,Wed,Daily,WR11 4JX,Evesham,1000
2026-01-28,Wed,Daily,TN12 8BY,Horsmonden,1000
2026-01-28,Wed,Daily,SK10 1LY,Macclesfield,1000
2026-01-28,Wed,Daily,OX11 7RA,Didcot,1000
2026-01-28,Wed,Daily,ML3 0NP,Hamilton,1000
2026-01-28,Wed,Daily,LE67 2PF,Hugglescote,1000
2026-01-28,Wed,Daily,L4 6TN,Liverpool,1000
2026-01-28,Wed,Daily,L19 5NG,Liverpool,1000
2026-01-28,Wed,Daily,L12 0SE,Liverpool,1000
2026-01-28,Wed,Daily,FY5 3JB,Blackpool,1000
2026-01-28,Wed,Daily,EH12 8BN,Edinburgh,1000
2026-01-28,Wed,Daily,DN34 5JD,Grimsby,1000
2026-01-28,Wed,Daily,DH9 0QL,Stanley (County Durham),1000
2026-01-28,Wed,Daily,DG9 7TW,Stranraer,1000
2026-01-28,Wed,Daily,DD8 4JY,Kirriemuir,1000
2026-01-28,Wed,Daily,CT15 5HD,Guston,1000
2026-01-28,Wed,Daily,CF42 5PG,Treherbert,1000
2026-01-28,Wed,Daily,CF14 4JQ,Cardiff,1000
2026-01-28,Wed,Daily,BS39 7ND,Paulton,1000
2026-01-28,Wed,Daily,BS34 7LQ,Filton,1000
2026-01-27,Tue,Daily,WD25 9TD,Watford (Watford),1000
2026-01-27,Tue,Daily,TD6 0HJ,St Boswells,1000
2026-01-27,Tue,Daily,SW8 5HA,Wandsworth,1000
2026-01-27,Tue,Daily,SK5 7LQ,Reddish,1000
2026-01-27,Tue,Daily,S41 9JQ,Chesterfield,1000
2026-01-27,Tue,Daily,S35 4HL,Chapeltown and High Green,1000
2026-01-27,Tue,Daily,PO11 9AB,South Hayling,1000
2026-01-27,Tue,Daily,PE10 0BB,Bourne,1000
2026-01-27,Tue,Daily,NN12 6EZ,Towcester,1000
2026-01-27,Tue,Daily,MK8 1FB,Milton Keynes,1000
2026-01-27,Tue,Daily,MK18 5HS,Akeley,1000
2026-01-27,Tue,Daily,M34 3QB,Denton (Tameside),1000
2026-01-27,Tue,Daily,HP22 5SN,Aston Clinton,1000
2026-01-27,Tue,Daily,FY2 9DJ,Blackpool,1000
2026-01-27,Tue,Daily,FK5 3LX,Larbert and Stenhousemuir,1000
2026-01-27,Tue,Daily,EN4 0HT,Enfield,1000
2026-01-27,Tue,Daily,CV23 0SY,Rugby,1000
2026-01-27,Tue,Daily,AL4 0XH,St Albans,1000
2026-01-27,Tue,Daily,AL2 3BH,Bricket Wood,1000
2026-01-27,Tue,Daily,AB10 6RP,Aberdeen,1000
2026-01-26,Mon,Daily,WS15 1QD,Rugeley,1000
2026-01-26,Mon,Daily,ST4 3LQ,Stoke-on-Trent,1000
2026-01-26,Mon,Daily,SG5 4GG,Stotfold,1000
2026-01-26,Mon,Daily,PE8 5LW,Oundle,1000
2026-01-26,Mon,Daily,NE30 3QS,Tynemouth,1000
2026-01-26,Mon,Daily,ME16 8PD,Maidstone,1000
2026-01-26,Mon,Daily,ME10 2SP,Sittingbourne,1000
2026-01-26,Mon,Daily,LN4 4GP,Coningsby and Tattershall,1000
2026-01-26,Mon,Daily,KW14 7JT,Thurso,1000
2026-01-26,Mon,Daily,KT24 6BX,East Horsley,1000
2026-01-26,Mon,Daily,HX1 3YN,Halifax,1000
2026-01-26,Mon,Daily,HU4 6UP,Kingston upon Hull,1000
2026-01-26,Mon,Daily,HP13 7RT,High Wycombe,1000
2026-01-26,Mon,Daily,GL52 5JJ,Cheltenham,1000
2026-01-26,Mon,Daily,GL50 3PL,Cheltenham,1000
2026-01-26,Mon,Daily,G46 7JN,Glasgow,1000
2026-01-26,Mon,Daily,EX5 7JP,Cranbrook (East Devon),1000
2026-01-26,Mon,Daily,CT3 1JB,Wingham,1000
2026-01-26,Mon,Daily,BH25 5LD,New Milton,1000
2026-01-26,Mon,Daily,B24 9EW,Birmingham,1000
2026-01-25,Sun,Daily,WS2 7HH,Bloxwich,1000
2026-01-25,Sun,Daily,TN38 8AT,Hastings,1000
2026-01-25,Sun,Daily,TA8 2JN,Burnham-on-Sea,1000
2026-01-25,Sun,Daily,SP4 6BA,Old Sarum,1000
2026-01-25,Sun,Daily,SG13 8JH,Hertford,1000
2026-01-25,Sun,Daily,OX10 7DH,Berinsfield,1000
2026-01-25,Sun,Daily,NP20 6NJ,Newport (Newport),1000
2026-01-25,Sun,Daily,NG18 2QB,Mansfield,1000
2026-01-25,Sun,Daily,LE65 2PG,Ashby-de-la-Zouch,1000
2026-01-25,Sun,Daily,LA18 4NT,Millom,1000
2026-01-25,Sun,Daily,KA26 0BN,Girvan,1000
2026-01-25,Sun,Daily,HA1 4TH,Harrow,1000
2026-01-25,Sun,Daily,EN2 9JU,Enfield,1000
2026-01-25,Sun,Daily,DN5 7LY,Sprotbrough,1000
2026-01-25,Sun,Daily,DD10 9RS,Montrose,1000
2026-01-25,Sun,Daily,DA2 7NZ,Dartford,1000
2026-01-25,Sun,Daily,BN27 3GZ,Hailsham,1000
2026-01-25,Sun,Daily,BH8 0HD,Bournemouth,1000
2026-01-25,Sun,Daily,BA3 2AZ,Midsomer Norton,1000
2026-01-25,Sun,Daily,B42 1NQ,Birmingham,1000
2026-01-24,Sat,Millionaire Street,HP5 2JL,Chesham,415606
2026-01-24,Sat,Daily,YO25 4NR,Nafferton,1000
2026-01-24,Sat,Daily,WR4 0HZ,Worcester,1000
2026-01-24,Sat,Daily,SS3 8BN,Southend-on-Sea,1000
2026-01-24,Sat,Daily,SL3 8BD,Slough,1000
2026-01-24,Sat,Daily,SE14 5DP,Lewisham,1000
2026-01-24,Sat,Daily,SA73 1DA,Neyland,1000
2026-01-24,Sat,Daily,OL6 6TA,Ashton-under-Lyne,1000
2026-01-24,Sat,Daily,NE9 6UP,Gateshead,1000
2026-01-24,Sat,Daily,NE43 7UN,Stocksfield,1000
2026-01-24,Sat,Daily,LL12 0HE,Llay,1000
2026-01-24,Sat,Daily,LA15 8EX,Dalton-in-Furness,1000
2026-01-24,Sat,Daily,GU16 8DP,Frimley,1000
2026-01-24,Sat,Daily,GL7 1NG,Cirencester,1000
2026-01-24,Sat,Daily,EX4 1DY,Exeter,1000
2026-01-24,Sat,Daily,EX39 4QR,Bideford,1000
2026-01-24,Sat,Daily,DN7 5RH,Stainforth,1000
2026-01-24,Sat,Daily,DL7 8QS,Northallerton,1000
2026-01-24,Sat,Daily,DL15 0XE,Willington (County Durham),1000
2026-01-24,Sat,Daily,DH2 3TN,Chester-le-Street,1000
2026-01-24,Sat,Daily,CB9 9PS,Haverhill,1000
2026-01-23,Fri,Daily,WR9 7EJ,Droitwich Spa,1000
2026-01-23,Fri,Daily,WA7 4YA,Runcorn,1000
2026-01-23,Fri,Daily,W10 4SN,City of Westminster,1000
2026-01-23,Fri,Daily,TW2 6DN,Richmond upon Thames,1000
2026-01-23,Fri,Daily,SK8 7HX,Cheadle Hulme,1000
2026-01-23,Fri,Daily,SK23 6DF,Chinley,1000
2026-01-23,Fri,Daily,SE7 7GE,Greenwich,1000
2026-01-23,Fri,Daily,S60 8WF,Waverley and Catcliffe,1000
2026-01-23,Fri,Daily,RG18 9PS,Cold Ash,1000
2026-01-23,Fri,Daily,PA7 5BB,Bishopton,1000
2026-01-23,Fri,Daily,NP25 3EN,Monmouth,1000
2026-01-23,Fri,Daily,L39 4SL,Ormskirk,1000
2026-01-23,Fri,Daily,KY4 8BY,Cowdenbeath,1000
2026-01-23,Fri,Daily,KT19 0NZ,Worcester Park and Stoneleigh,1000
2026-01-23,Fri,Daily,HD3 4RD,Huddersfield,1000
2026-01-23,Fri,Daily,GL5 2RP,Brimscombe and Thrupp,1000
2026-01-23,Fri,Daily,FK2 9SL,Saint Columb,1000
2026-01-23,Fri,Daily,EH52 5TG,Broxburn (West Lothian),1000
2026-01-23,Fri,Daily,DG11 2EJ,Lockerbie,1000
2026-01-23,Fri,Daily,CO16 8AH,Clacton-on-Sea,1000
2026-01-22,Thu,Daily,SO51 7JZ,Romsey,1000
2026-01-22,Thu,Daily,SE5 7SW,Southwark,1000
2026-01-22,Thu,Daily,PO18 8XA,Bosham,1000
2026-01-22,Thu,Daily,PL5 1SA,Plymouth,1000
2026-01-22,Thu,Daily,PE9 1HB,Stamford,1000
2026-01-22,Thu,Daily,ME6 5FQ,Snodland,1000
2026-01-22,Thu,Daily,ME3 8QN,Rochester,1000
2026-01-22,Thu,Daily,M40 1BF,Manchester,1000
2026-01-22,Thu,Daily,M33 6JA,Sale,1000
2026-01-22,Thu,Daily,M25 2QJ,Prestwich,1000
2026-01-22,Thu,Daily,L9 2BG,Liverpool,1000
2026-01-22,Thu,Daily,EX2 0BB,Exeter,1000
2026-01-22,Thu,Daily,DN8 4PB,Thorne,1000
2026-01-22,Thu,Daily,DL13 2YF,Stanhope,1000
2026-01-22,Thu,Daily,CT4 7PB,Chartham,1000
2026-01-22,Thu,Daily,CT10 1QU,Broadstairs,1000
2026-01-22,Thu,Daily,CF35 5DW,Bridgend,1000
2026-01-22,Thu,Daily,BN41 2JD,Brighton and Hove,1000
2026-01-22,Thu,Daily,BL3 4NY,Bolton (Bolton),1000
2026-01-22,Thu,Daily,B95 6HW,Wootton Wawen,1000
2026-01-21,Wed,Daily,WA15 6XG,Altrincham,1000
2026-01-21,Wed,Daily,TW19 7SG,Stanwell,1000
2026-01-21,Wed,Daily,TR16 5UF,St Day,1000
2026-01-21,Wed,Daily,SW11 3DD,Wandsworth,1000
2026-01-21,Wed,Daily,SP5 4DG,Coombe Bissett,1000
2026-01-21,Wed,Daily,SG2 8SA,Stevenage,1000
2026-01-21,Wed,Daily,NR28 9XJ,North Walsham,1000
2026-01-21,Wed,Daily,NE34 8TG,South Shields,1000
2026-01-21,Wed,Daily,ML6 8WL,Airdrie,1000
2026-01-21,Wed,Daily,IP19 8EB,Halesworth,1000
2026-01-21,Wed,Daily,IP17 2HJ,Kelsale,1000
2026-01-21,Wed,Daily,HG3 2SS,Harrogate,1000
2026-01-21,Wed,Daily,FY6 0FA,Preesall and Knott End-on-Sea,1000
2026-01-21,Wed,Daily,DY10 3AR,Kidderminster,1000
2026-01-21,Wed,Daily,DN14 8PL,Rawcliffe,1000
2026-01-21,Wed,Daily,DE55 1DX,Somercotes and Swanwick,1000
2026-01-21,Wed,Daily,DE24 0HG,Derby,1000
2026-01-21,Wed,Daily,CA4 0EL,Carlisle,1000
2026-01-21,Wed,Daily,BB8 9PJ,Colne,1000
2026-01-21,Wed,Daily,B60 3BE,Bromsgrove,1000
2026-01-20,Tue,Daily,WV9 5FD,Wolverhampton,1000
2026-01-20,Tue,Daily,TS15 9LR,Yarm,1000
2026-01-20,Tue,Daily,TF5 0JA,Telford,1000
2026-01-20,Tue,Daily,SS8 9EJ,Canvey Island,1000
2026-01-20,Tue,Daily,SN12 6UG,Melksham,1000
2026-01-20,Tue,Daily,SL9 7EL,Gerrards Cross,1000
2026-01-20,Tue,Daily,SK6 4HG,Romiley,1000
2026-01-20,Tue,Daily,PO22 7RE,Bognor Regis,1000
2026-01-20,Tue,Daily,PE33 0SQ,West Winch,1000
2026-01-20,Tue,Daily,PE22 8SF,Stickney,1000
2026-01-20,Tue,Daily,PA23 8TG,Dùn Obhainn,1000
2026-01-20,Tue,Daily,NE13 6AG,Wideopen,1000
2026-01-20,Tue,Daily,LE14 4LB,Melton Mowbray,1000
2026-01-20,Tue,Daily,KA7 2TJ,Ayr,1000
2026-01-20,Tue,Daily,DN22 0HB,North Leverton with Habblesthorpe,1000
2026-01-20,Tue,Daily,CH48 2HL,Caldy,1000
2026-01-20,Tue,Daily,BH18 9DL,Poole,1000
2026-01-20,Tue,Daily,BD11 1JU,Drighlington,1000
2026-01-20,Tue,Daily,BA2 1RF,Bath,1000
2026-01-20,Tue,Daily,AB51 6DA,Inverurie,1000
2026-01-19,Mon,Daily,YO30 6EX,York,1000
2026-01-19,Mon,Daily,TS24 9NT,Hartlepool,1000
2026-01-19,Mon,Daily,SK9 7WD,Alderley Edge,1000
2026-01-19,Mon,Daily,RG6 7HX,Reading,1000
2026-01-19,Mon,Daily,NW9 8JH,Brent,1000
2026-01-19,Mon,Daily,NR32 1RP,Lowestoft,1000
2026-01-19,Mon,Daily,NN10 8BY,Higham Ferrers,1000
2026-01-19,Mon,Daily,M27 0NB,Swinton (Salford),1000
2026-01-19,Mon,Daily,LN5 9QG,Waddington (North Kesteven),1000
2026-01-19,Mon,Daily,IP1 4AR,Ipswich,1000
2026-01-19,Mon,Daily,IG1 3BA,Redbridge,1000
2026-01-19,Mon,Daily,HP16 9JH,Prestwood and Great Missenden,1000
2026-01-19,Mon,Daily,FK14 7LB,Dollar,1000
2026-01-19,Mon,Daily,DN33 1PZ,Grimsby,1000
2026-01-19,Mon,Daily,DD3 8BY,Dundee,1000
2026-01-19,Mon,Daily,CV22 7FE,Rugby,1000
2026-01-19,Mon,Daily,CO5 8ED,West Mersea,1000
2026-01-19,Mon,Daily,CH7 2PN,Buckley,1000
2026-01-19,Mon,Daily,CB8 7LJ,Newmarket,1000
2026-01-19,Mon,Daily,BR5 1EW,Bromley,1000
2026-01-18,Sun,Daily,TW18 1DS,Staines-upon-Thames,1000
2026-01-18,Sun,Daily,TS5 6DU,Middlesbrough,1000
2026-01-18,Sun,Daily,SM3 9JS,Sutton (Sutton),1000
2026-01-18,Sun,Daily,SG18 0QG,Biggleswade,1000
2026-01-18,Sun,Daily,PL12 6BS,Saltash,1000
2026-01-18,Sun,Daily,NE37 2BF,Washington,1000
2026-01-18,Sun,Daily,NE34 6AE,South Shields,1000
2026-01-18,Sun,Daily,LE10 2AG,Hinckley,1000
2026-01-18,Sun,Daily,LA22 9EA,Ambleside,1000
2026-01-18,Sun,Daily,HR8 2HT,Ledbury,1000
2026-01-18,Sun,Daily,GU3 3LZ,Guildford,1000
2026-01-18,Sun,Daily,GL2 7LH,Frampton on Severn,1000
2026-01-18,Sun,Daily,DE24 0GF,Derby,1000
2026-01-18,Sun,Daily,DE23 6LZ,Derby,1000
2026-01-18,Sun,Daily,CW7 3EF,Winsford,1000
2026-01-18,Sun,Daily,CW1 3ST,Crewe,1000
2026-01-18,Sun,Daily,CV47 2AS,Bishop's Itchington,1000
2026-01-18,Sun,Daily,CT17 0PX,Dover,1000
2026-01-18,Sun,Daily,CA15 7EW,Maryport,1000
2026-01-18,Sun,Daily,B10 0QH,Birmingham,1000
2026-01-17,Sat,Millionaire Street,CM18 6ES,Harlow,333333
2026-01-17,Sat,Daily,WA5 0AE,Warrington,1000
2026-01-17,Sat,Daily,TS18 2LH,Stockton-on-Tees,1000
2026-01-17,Sat,Daily,TR14 0NB,Camborne,1000
2026-01-17,Sat,Daily,SY4 3NF,Bomere Heath,1000
2026-01-17,Sat,Daily,SK17 9RG,Buxton (High Peak),1000
2026-01-17,Sat,Daily,NR16 1HD,Tacolneston,1000
2026-01-17,Sat,Daily,ME2 1AG,Halling,1000
2026-01-17,Sat,Daily,LS29 9TH,Ilkley,1000
2026-01-17,Sat,Daily,L16 2LB,Huyton with Roby,1000
2026-01-17,Sat,Daily,KY12 7UJ,Dunfermline,1000
2026-01-17,Sat,Daily,HU5 3NN,Kingston upon Hull,1000
2026-01-17,Sat,Daily,HA5 3LY,Harrow,1000
2026-01-17,Sat,Daily,G66 3US,Kirkintilloch,1000
2026-01-17,Sat,Daily,DH9 6DP,Stanley (County Durham),1000
2026-01-17,Sat,Daily,DH8 9JP,Castleside,1000
2026-01-17,Sat,Daily,CT6 8QH,Herne Bay,1000
2026-01-17,Sat,Daily,BS9 4EU,Bristol,1000
2026-01-17,Sat,Daily,BS24 7AW,Weston-super-Mare,1000
2026-01-17,Sat,Daily,BH10 4AE,Bournemouth,1000
2026-01-17,Sat,Daily,BA12 6RL,Mere (Wiltshire),1000
2026-01-16,Fri,Daily,WS3 1PW,Bloxwich,1000
2026-01-16,Fri,Daily,TR27 4JE,Hayle,1000
2026-01-16,Fri,Daily,TA5 2PJ,Bridgwater,1000
2026-01-16,Fri,Daily,SL6 3LS,Maidenhead,1000
2026-01-16,Fri,Daily,SK7 4RN,Hazel Grove,1000
2026-01-16,Fri,Daily,SE1 3TN,Southwark,1000
2026-01-16,Fri,Daily,S70 5RR,Worsbrough,1000
2026-01-16,Fri,Daily,S14 1SS,Sheffield,1000
2026-01-16,Fri,Daily,NP7 9NR,Llanfoist,1000
2026-01-16,Fri,Daily,LU1 3TL,Luton,1000
2026-01-16,Fri,Daily,LL54 7AS,Groeslon,1000
2026-01-16,Fri,Daily,KY1 1JF,Kirkcaldy,1000
2026-01-16,Fri,Daily,EX14 3NL,Feniton,1000
2026-01-16,Fri,Daily,E2 7RA,Tower Hamlets,1000
2026-01-16,Fri,Daily,DE73 8LY,Melbourne (South Derbyshire),1000
2026-01-16,Fri,Daily,CV3 5NJ,Coventry,1000
2026-01-16,Fri,Daily,CH65 0AU,Ellesmere Port,1000
2026-01-16,Fri,Daily,BS11 0PX,Bristol,1000
2026-01-16,Fri,Daily,BN13 2TZ,Worthing,1000
2026-01-16,Fri,Daily,BB6 7LE,Great Harwood,1000
2026-01-15,Thu,Daily,TS15 0AT,Hutton Rudby,1000
2026-01-15,Thu,Daily,SS1 3DG,Southend-on-Sea,1000
2026-01-15,Thu,Daily,S61 3BE,Rotherham,1000
2026-01-15,Thu,Daily,RG12 8GW,Bracknell,1000
2026-01-15,Thu,Daily,N16 5UR,Hackney,1000
2026-01-15,Thu,Daily,MK18 4EY,Tingewick,1000
2026-01-15,Thu,Daily,MK16 8PX,Newport Pagnell,1000
2026-01-15,Thu,Daily,LE2 9ND,Leicester,1000
2026-01-15,Thu,Daily,LE13 1HZ,Melton Mowbray,1000
2026-01-15,Thu,Daily,LE11 5DU,Loughborough,1000
2026-01-15,Thu,Daily,IG10 2NG,Loughton,1000
2026-01-15,Thu,Daily,HP5 3JH,Chesham,1000
2026-01-15,Thu,Daily,G69 8EF,Gartcosh,1000
2026-01-15,Thu,Daily,FY8 2HB,Lytham St Anne's,1000
2026-01-15,Thu,Daily,CH43 0RP,Birkenhead,1000
2026-01-15,Thu,Daily,CA1 2JA,Carlisle,1000
2026-01-15,Thu,Daily,BS37 8QH,Yate,1000
2026-01-15,Thu,Daily,BD17 7BW,Baildon,1000
2026-01-15,Thu,Daily,BB7 1BJ,Clitheroe,1000
2026-01-15,Thu,Daily,BB1 4LQ,Rishton,1000
2026-01-14,Wed,Daily,YO22 4PX,Whitby,1000
2026-01-14,Wed,Daily,TW10 7YD,Richmond upon Thames,1000
2026-01-14,Wed,Daily,TF1 3PJ,Telford,1000
2026-01-14,Wed,Daily,SK23 9TU,Chapel-en-le-Frith,1000
2026-01-14,Wed,Daily,S2 2RY,Sheffield,1000
2026-01-14,Wed,Daily,PE30 4AQ,King's Lynn,1000
2026-01-14,Wed,Daily,NP44 8UA,Cwmbrân,1000
2026-01-14,Wed,Daily,NG9 1JL,Beeston (Broxtowe),1000
2026-01-14,Wed,Daily,IP26 4RJ,Feltwell,1000
2026-01-14,Wed,Daily,IP13 6PE,Grundisburgh,1000
2026-01-14,Wed,Daily,G76 0LU,Eaglesham,1000
2026-01-14,Wed,Daily,G52 4EG,Renfrew,1000
2026-01-14,Wed,Daily,EX12 2PD,Seaton (East Devon),1000
2026-01-14,Wed,Daily,DN22 7GX,Retford,1000
2026-01-14,Wed,Daily,DN22 7GW,Retford,1000
2026-01-14,Wed,Daily,DH9 7AB,Stanley (County Durham),1000
2026-01-14,Wed,Daily,DD3 6NS,Dundee,1000
2026-01-14,Wed,Daily,CO4 5LD,Colchester,1000
2026-01-14,Wed,Daily,CO2 7UY,Colchester,1000
2026-01-14,Wed,Daily,BN8 4BG,Newick,1000
2026-01-13,Tue,Daily,WR3 7PA,Worcester,1000
2026-01-13,Tue,Daily,WF2 7LR,Wakefield,1000
2026-01-13,Tue,Daily,ST1 3GF,Stoke-on-Trent,1000
2026-01-13,Tue,Daily,SO41 9LA,Lymington,1000
2026-01-13,Tue,Daily,SN11 8YE,Calne,1000
2026-01-13,Tue,Daily,PL15 7QG,Launceston,1000
2026-01-13,Tue,Daily,PE30 5BJ,King's Lynn,1000
2026-01-13,Tue,Daily,OX26 2HD,Bicester,1000
2026-01-13,Tue,Daily,OX25 2LL,Ambrosden,1000
2026-01-13,Tue,Daily,NR1 4BD,Norwich,1000
2026-01-13,Tue,Daily,LS16 9BL,Bramhope,1000
2026-01-13,Tue,Daily,LS12 3HZ,Leeds,1000
2026-01-13,Tue,Daily,LN4 4GJ,Coningsby and Tattershall,1000
2026-01-13,Tue,Daily,GU33 7RY,Liss,1000
2026-01-13,Tue,Daily,GL2 7PE,Frampton on Severn,1000
2026-01-13,Tue,Daily,G71 8QE,Bothwell,1000
2026-01-13,Tue,Daily,DL8 5QW,Leyburn,1000
2026-01-13,Tue,Daily,CR0 5AQ,Croydon,1000
2026-01-13,Tue,Daily,CA25 5BG,Cleator Moor,1000
2026-01-13,Tue,Daily,BS37 7EB,Yate,1000
2026-01-12,Mon,Unforgettable Year,TS25 1EB,Seaton Carew,144000
2026-01-12,Mon,Daily,WA16 7HL,Mobberley,1000
2026-01-12,Mon,Daily,TN20 6RE,Mayfield (Wealden),1000
2026-01-12,Mon,Daily,SP2 9AU,Salisbury,1000
2026-01-12,Mon,Daily,SO40 7EL,Ashurst,1000
2026-01-12,Mon,Daily,S36 6JB,Penistone,1000
2026-01-12,Mon,Daily,S18 1YP,Dronfield,1000
2026-01-12,Mon,Daily,RM9 5ER,Barking and Dagenham,1000
2026-01-12,Mon,Daily,RG22 6EA,Basingstoke,1000
2026-01-12,Mon,Daily,PL30 4QU,St Breward,1000
2026-01-12,Mon,Daily,NR10 4HQ,Reepham (Broadland),1000
2026-01-12,Mon,Daily,M25 2ST,Prestwich,1000
2026-01-12,Mon,Daily,M21 7UH,Manchester,1000
2026-01-12,Mon,Daily,LN2 3SG,Welton (West Lindsey),1000
2026-01-12,Mon,Daily,FY8 4AN,Lytham St Anne's,1000
2026-01-12,Mon,Daily,DN34 5LW,Grimsby,1000
2026-01-12,Mon,Daily,DN22 7YU,Retford,1000
2026-01-12,Mon,Daily,DL2 1SD,Middleton St George,1000
2026-01-12,Mon,Daily,CT4 6FJ,Elham,1000
2026-01-12,Mon,Daily,CB10 2GT,Saffron Walden,1000
2026-01-12,Mon,Daily,BH10 5NB,Bournemouth,1000
2026-01-11,Sun,Daily,YO31 7LD,York,1000
2026-01-11,Sun,Daily,W7 1NT,Ealing,1000
2026-01-11,Sun,Daily,SY3 5AZ,Shrewsbury,1000
2026-01-11,Sun,Daily,S5 6SF,Sheffield,1000
2026-01-11,Sun,Daily,OL7 0DQ,Ashton-under-Lyne,1000
2026-01-11,Sun,Daily,NG18 5NY,Mansfield,1000
2026-01-11,Sun,Daily,M18 7LL,Manchester,1000
2026-01-11,Sun,Daily,IP13 9LL,Framlingham,1000
2026-01-11,Sun,Daily,GU16 6LX,Deepcut,1000
2026-01-11,Sun,Daily,E15 4HJ,Newham,1000
2026-01-11,Sun,Daily,DL2 1RR,Middleton St George,1000
2026-01-11,Sun,Daily,DA12 5HP,Gravesend,1000
2026-01-11,Sun,Daily,DA1 3PB,Dartford,1000
2026-01-11,Sun,Daily,CO9 1AN,Halstead (Braintree),1000
2026-01-11,Sun,Daily,CF32 0DA,Cefn Cribwr,1000
2026-01-11,Sun,Daily,CA6 4PH,Carlisle,1000
2026-01-11,Sun,Daily,BS36 2JS,Frampton Cotterell and Winterbourne,1000
2026-01-11,Sun,Daily,BN15 9EZ,Lancing and Sompting,1000
2026-01-11,Sun,Daily,BL2 5QR,Bolton (Bolton),1000
2026-01-11,Sun,Daily,B14 5JJ,Birmingham,1000
2026-01-10,Sat,Millionaire Street,GU23 7AZ,Send,166666
2026-01-10,Sat,Daily,YO25 5DR,Driffield,1000
2026-01-10,Sat,Daily,WV11 1BH,Wolverhampton,1000
2026-01-10,Sat,Daily,SW16 3JL,Lambeth,1000
2026-01-10,Sat,Daily,SE18 2HZ,Greenwich,1000
2026-01-10,Sat,Daily,S81 8JA,Worksop,1000
2026-01-10,Sat,Daily,PO10 8RU,Southbourne,1000
2026-01-10,Sat,Daily,NN13 6FA,Brackley,1000
2026-01-10,Sat,Daily,NE2 1NY,Newcastle upon Tyne,1000
2026-01-10,Sat,Daily,ML3 6LS,Hamilton,1000
2026-01-10,Sat,Daily,ME15 7LY,Maidstone,1000
2026-01-10,Sat,Daily,LU1 4LH,Caddington,1000
2026-01-10,Sat,Daily,LE2 3HJ,Leicester,1000
2026-01-10,Sat,Daily,LA9 7HS,Kendal,1000
2026-01-10,Sat,Daily,KY1 2YJ,Kirkcaldy,1000
2026-01-10,Sat,Daily,GL15 6HG,Bream,1000
2026-01-10,Sat,Daily,FK8 3RR,Kippen,1000
2026-01-10,Sat,Daily,FK5 3AH,Larbert and Stenhousemuir,1000
2026-01-10,Sat,Daily,DH7 9TH,Langley Park,1000
2026-01-10,Sat,Daily,CT20 2NW,Folkestone,1000
2026-01-10,Sat,Daily,B68 9JN,Oldbury (Sandwell),1000
2026-01-09,Fri,Daily,WS3 3RB,Bloxwich,1000
2026-01-09,Fri,Daily,WF2 9BL,Wakefield,1000
2026-01-09,Fri,Daily,TN38 8BW,Hastings,1000
2026-01-09,Fri,Daily,PL21 9UP,Ivybridge,1000
2026-01-09,Fri,Daily,PL20 6AF,Yelverton,1000
2026-01-09,Fri,Daily,PE23 4ED,Old Bolingbroke,1000
2026-01-09,Fri,Daily,OX12 8RX,Wantage,1000
2026-01-09,Fri,Daily,NG10 1DT,Long Eaton,1000
2026-01-09,Fri,Daily,ME5 8PD,Chatham,1000
2026-01-09,Fri,Daily,LE2 9AW,Leicester,1000
2026-01-09,Fri,Daily,LE15 9NE,Uppingham,1000
2026-01-09,Fri,Daily,LA2 6EE,Bolton-le-Sands,1000
2026-01-09,Fri,Daily,KY4 9RQ,Cowdenbeath,1000
2026-01-09,Fri,Daily,G61 3AP,Bearsden,1000
2026-01-09,Fri,Daily,EH54 5PS,Livingston,1000
2026-01-09,Fri,Daily,DY7 6LA,Kinver,1000
2026-01-09,Fri,Daily,DL10 4EU,Richmond,1000
2026-01-09,Fri,Daily,CH45 5AW,Wallasey,1000
2026-01-09,Fri,Daily,CF37 5RT,Pontypridd,1000
2026-01-09,Fri,Daily,BS22 9SZ,Weston-super-Mare,1000
2026-01-08,Thu,Daily,YO13 0HX,Scalby,1000
2026-01-08,Thu,Daily,TS20 1BD,Stockton-on-Tees,1000
2026-01-08,Thu,Daily,SP6 1EX,Fordingbridge,1000
2026-01-08,Thu,Daily,NG34 0LP,Billingborough,1000
2026-01-08,Thu,Daily,NG16 1FL,Nuthall and Watnall,1000
2026-01-08,Thu,Daily,LU7 3FN,Leighton Buzzard,1000
2026-01-08,Thu,Daily,L23 1AS,Crosby (Sefton),1000
2026-01-08,Thu,Daily,KT22 7JY,Leatherhead,1000
2026-01-08,Thu,Daily,G75 9LH,East Kilbride,1000
2026-01-08,Thu,Daily,EX20 1NT,Okehampton,1000
2026-01-08,Thu,Daily,EX16 9GA,Bampton (Mid Devon),1000
2026-01-08,Thu,Daily,DN15 8PZ,Scunthorpe,1000
2026-01-08,Thu,Daily,CV35 8TS,Hampton Magna,1000
2026-01-08,Thu,Daily,CH60 6TN,Heswall,1000
2026-01-08,Thu,Daily,CF81 8QD,Bargod,1000
2026-01-08,Thu,Daily,BS22 9AX,Weston-super-Mare,1000
2026-01-08,Thu,Daily,BD2 3HW,Bradford,1000
2026-01-08,Thu,Daily,BB1 4JT,Rishton,1000
2026-01-08,Thu,Daily,B44 0JW,Birmingham,1000
2026-01-08,Thu,Daily,AB42 3LJ,Peterhead,1000
2026-01-07,Wed,Daily,WS3 3NT,Bloxwich,1000
2026-01-07,Wed,Daily,TS17 9PH,Thornaby-on-Tees,1000
2026-01-07,Wed,Daily,SO50 4RF,Eastleigh,1000
2026-01-07,Wed,Daily,SO15 5PY,Southampton,1000
2026-01-07,Wed,Daily,SN3 1QB,Swindon (Swindon),1000
2026-01-07,Wed,Daily,SG7 5HP,Ashwell,1000
2026-01-07,Wed,Daily,SA73 1TQ,Neyland,1000
2026-01-07,Wed,Daily,RH1 5DR,Redhill (Reigate and Banstead),1000
2026-01-07,Wed,Daily,PL17 7TP,Callington,1000
2026-01-07,Wed,Daily,OX10 6LP,Benson,1000
2026-01-07,Wed,Daily,NE5 3BW,Newcastle upon Tyne,1000
2026-01-07,Wed,Daily,N22 8PY,Haringey,1000
2026-01-07,Wed,Daily,IP24 2LS,Thetford,1000
2026-01-07,Wed,Daily,HP14 3JU,Stokenchurch,1000
2026-01-07,Wed,Daily,FY6 0LT,Preesall and Knott End-on-Sea,1000
2026-01-07,Wed,Daily,EH9 1NS,Edinburgh,1000
2026-01-07,Wed,Daily,CO13 9JX,Frinton-on-Sea,1000
2026-01-07,Wed,Daily,CF45 3LJ,Mountain Ash,1000
2026-01-07,Wed,Daily,BN3 6DQ,Brighton and Hove,1000
2026-01-07,Wed,Daily,BD23 6FL,Embsay,1000
2026-01-06,Tue,Daily,YO16 6TN,Bridlington,1000
2026-01-06,Tue,Daily,WF2 0UW,Wakefield,1000
2026-01-06,Tue,Daily,TS5 8TW,Middlesbrough,1000
2026-01-06,Tue,Daily,TN4 0JG,Southborough,1000
2026-01-06,Tue,Daily,SS14 1SA,Basildon,1000
2026-01-06,Tue,Daily,SP10 3AF,Andover,1000
2026-01-06,Tue,Daily,SE18 1HS,Greenwich,1000
2026-01-06,Tue,Daily,RH10 7BX,Crawley (Crawley),1000
2026-01-06,Tue,Daily,PE10 0BT,Bourne,1000
2026-01-06,Tue,Daily,M45 8PB,Whitefield,1000
2026-01-06,Tue,Daily,M41 9LN,Urmston,1000
2026-01-06,Tue,Daily,M23 1WF,Wythenshawe,1000
2026-01-06,Tue,Daily,KT3 4EZ,Kingston upon Thames,1000
2026-01-06,Tue,Daily,G60 5HL,Clydebank,1000
2026-01-06,Tue,Daily,EX8 3HZ,Exmouth,1000
2026-01-06,Tue,Daily,EX17 4EB,Sandford (Mid Devon),1000
2026-01-06,Tue,Daily,DN7 5DF,Stainforth,1000
2026-01-06,Tue,Daily,DA1 3RN,Dartford,1000
2026-01-06,Tue,Daily,CM8 1HG,Witham,1000
2026-01-06,Tue,Daily,B73 6QN,Royal Sutton Coldfield,1000
2026-01-05,Mon,Daily,WV10 8DD,Wolverhampton,1000
2026-01-05,Mon,Daily,UB3 2PX,Hillingdon,1000
2026-01-05,Mon,Daily,TS23 3AN,Billingham,1000
2026-01-05,Mon,Daily,SO45 2JL,Holbury,1000
2026-01-05,Mon,Daily,SE17 2ED,Southwark,1000
2026-01-05,Mon,Daily,RG28 7LG,Whitchurch (Basingstoke and Deane),1000
2026-01-05,Mon,Daily,PA2 8LE,Paisley,1000
2026-01-05,Mon,Daily,LA5 9JE,Carnforth,1000
2026-01-05,Mon,Daily,KW16 3NZ,Stromness,1000
2026-01-05,Mon,Daily,HR8 1NX,Ledbury,1000
2026-01-05,Mon,Daily,HD9 2NU,Holmfirth,1000
2026-01-05,Mon,Daily,HA0 1XT,Brent,1000
2026-01-05,Mon,Daily,GU29 9ET,Midhurst,1000
2026-01-05,Mon,Daily,CO5 7QD,Rowhedge,1000
2026-01-05,Mon,Daily,CO1 1RU,Colchester,1000
2026-01-05,Mon,Daily,BS31 3DY,Saltford,1000
2026-01-05,Mon,Daily,BS30 8EU,Kingswood and Fishponds,1000
2026-01-05,Mon,Daily,BN7 1SU,Lewes,1000
2026-01-05,Mon,Daily,BN16 3JU,Rustington,1000
2026-01-05,Mon,Daily,B60 3EY,Bromsgrove,1000
2026-01-04,Sun,Daily,WF4 5LA,Horbury,1000
2026-01-04,Sun,Daily,WA15 8BS,Hale (Trafford),1000
2026-01-04,Sun,Daily,TS3 8NP,Middlesbrough,1000
2026-01-04,Sun,Daily,SN16 0JG,Malmesbury,1000
2026-01-04,Sun,Daily,SN14 0FD,Chippenham (Wiltshire),1000
2026-01-04,Sun,Daily,S80 4HJ,Creswell,1000
2026-01-04,Sun,Daily,RG40 3HT,Wokingham,1000
2026-01-04,Sun,Daily,PL5 1PY,Plymouth,1000
2026-01-04,Sun,Daily,PH11 8AS,Alyth,1000
2026-01-04,Sun,Daily,PE19 5TP,Buckden,1000
2026-01-04,Sun,Daily,PA31 8HY,Ceann Loch Gilb,1000
2026-01-04,Sun,Daily,ML11 0AR,Lesmahagow,1000
2026-01-04,Sun,Daily,HD9 1RJ,Scholes (near Hade Edge),1000
2026-01-04,Sun,Daily,EH5 2JW,Edinburgh,1000
2026-01-04,Sun,Daily,DE7 4BW,Ilkeston,1000
2026-01-04,Sun,Daily,DE23 3EX,Derby,1000
2026-01-04,Sun,Daily,CM20 3DL,Harlow,1000
2026-01-04,Sun,Daily,BB7 4DJ,Chatburn,1000
2026-01-04,Sun,Daily,B98 8JH,Redditch,1000
2026-01-04,Sun,Daily,AL10 0JG,Hatfield,1000
2026-01-03,Sat,Millionaire Street,TN28 8NZ,New Romney,38461
2026-01-03,Sat,Daily,SA2 0UP,Swansea,1000
2026-01-03,Sat,Daily,RM12 6SN,Havering,1000
2026-01-03,Sat,Daily,PL2 2RW,Plymouth,1000
2026-01-03,Sat,Daily,NG5 5GN,Nottingham,1000
2026-01-03,Sat,Daily,ML2 8HN,Wishaw,1000
2026-01-03,Sat,Daily,MK15 9JH,Milton Keynes,1000
2026-01-03,Sat,Daily,ME20 7ER,Larkfield,1000
2026-01-03,Sat,Daily,M23 0FS,Wythenshawe,1000
2026-01-03,Sat,Daily,KA7 3RS,Ayr,1000
2026-01-03,Sat,Daily,EH6 6TR,Edinburgh,1000
2026-01-03,Sat,Daily,DH8 8JS,Consett,1000
2026-01-03,Sat,Daily,DE55 6HA,Shirland and Stonebroom,1000
2026-01-03,Sat,Daily,DD6 8EP,Newport-on-Tay,1000
2026-01-03,Sat,Daily,CV23 9PY,Long Lawford,1000
2026-01-03,Sat,Daily,CM20 3EB,Harlow,1000
2026-01-03,Sat,Daily,CF44 9SB,Aberdare,1000
2026-01-03,Sat,Daily,CB25 0LJ,Burwell,1000
2026-01-03,Sat,Daily,BH23 8BD,Bransgore,1000
2026-01-03,Sat,Daily,BA3 5NF,Coleford (Mendip),1000
2026-01-03,Sat,Daily,BA11 1FH,Frome,1000
2026-01-02,Fri,Daily,YO12 5DW,Scarborough,1000
2026-01-02,Fri,Daily,WA7 5PR,Runcorn,1000
2026-01-02,Fri,Daily,TW12 3YA,Richmond upon Thames,1000
2026-01-02,Fri,Daily,ST18 9TB,Haughton,1000
2026-01-02,Fri,Daily,SE15 2ST,Southwark,1000
2026-01-02,Fri,Daily,S74 9DZ,Hoyland,1000
2026-01-02,Fri,Daily,PH10 6DG,Blairgowrie and Rattray,1000
2026-01-02,Fri,Daily,PE12 9XF,Long Sutton (South Holland),1000
2026-01-02,Fri,Daily,NP26 3QB,Undy and Magor,1000
2026-01-02,Fri,Daily,NE13 7DP,Wideopen,1000
2026-01-02,Fri,Daily,N17 8AY,Haringey,1000
2026-01-02,Fri,Daily,N1 3LJ,Islington,1000
2026-01-02,Fri,Daily,ME18 5PS,Wateringbury,1000
2026-01-02,Fri,Daily,LS12 3TB,Leeds,1000
2026-01-02,Fri,Daily,LL16 5AN,Denbigh,1000
2026-01-02,Fri,Daily,KT5 8JH,Kingston upon Thames,1000
2026-01-02,Fri,Daily,GL2 0ND,Gloucester,1000
2026-01-02,Fri,Daily,E17 5BL,Waltham Forest,1000
2026-01-02,Fri,Daily,DH9 7XD,Stanley (County Durham),1000
2026-01-02,Fri,Daily,CF3 5PA,Cardiff,1000
2026-01-01,Thu,Daily,ZE1 0AR,Lerwick,1000
2026-01-01,Thu,Daily,TQ5 8QR,Brixham,1000
2026-01-01,Thu,Daily,SY23 3ET,Aberystwyth,1000
2026-01-01,Thu,Daily,SW19 3NP,Merton,1000
2026-01-01,Thu,Daily,RG4 7BB,Caversham,1000
2026-01-01,Thu,Daily,OX14 2AB,Abingdon-on-Thames,1000
2026-01-01,Thu,Daily,IV27 4NG,Luirg,1000
2026-01-01,Thu,Daily,IG6 2JQ,Redbridge,1000
2026-01-01,Thu,Daily,HU9 2TY,Kingston upon Hull,1000
2026-01-01,Thu,Daily,HU16 5UH,Cottingham,1000
2026-01-01,Thu,Daily,HD6 4HF,Brighouse,1000
2026-01-01,Thu,Daily,FY8 2JS,Lytham St Anne's,1000
2026-01-01,Thu,Daily,EH3 8DB,Edinburgh,1000
2026-01-01,Thu,Daily,DN41 8HN,Keelby,1000
2026-01-01,Thu,Daily,DN14 9QG,Snaith,1000
2026-01-01,Thu,Daily,CV2 1HS,Coventry,1000
2026-01-01,Thu,Daily,CT10 3RE,Broadstairs,1000
2026-01-01,Thu,Daily,BH15 2NE,Poole,1000
2026-01-01,Thu,Daily,BD10 8PE,Bradford,1000
2026-01-01,Thu,Daily,BA14 8QP,Trowbridge,1000
2025-12-31,Wed,Daily,TW10 7UU,Richmond upon Thames,1000
2025-12-31,Wed,Daily,TN18 4HT,Hawkhurst,1000
2025-12-31,Wed,Daily,SW16 1PH,Lambeth,1000
2025-12-31,Wed,Daily,SO15 5DG,Southampton,1000
2025-12-31,Wed,Daily,SE6 4AA,Lewisham,1000
2025-12-31,Wed,Daily,RG20 7BB,East Ilsley,1000
2025-12-31,Wed,Daily,PO40 9PJ,Freshwater and Totland,1000
2025-12-31,Wed,Daily,PE27 3YW,St Ives (Huntingdonshire),1000
2025-12-31,Wed,Daily,LS29 8EP,Ilkley,1000
2025-12-31,Wed,Daily,LN8 3YY,Market Rasen,1000
2025-12-31,Wed,Daily,L26 9XG,Liverpool,1000
2025-12-31,Wed,Daily,CT6 5XA,Herne Bay,1000
2025-12-31,Wed,Daily,CR0 0SF,Croydon,1000
2025-12-31,Wed,Daily,CF10 4ET,Cardiff,1000
2025-12-31,Wed,Daily,CA10 2RL,Clifton (Eden),1000
2025-12-31,Wed,Daily,BN25 2SX,Seaford,1000
2025-12-31,Wed,Daily,BN22 0UB,Eastbourne,1000
2025-12-31,Wed,Daily,BH25 5RE,New Milton,1000
2025-12-31,Wed,Daily,BH18 9DF,Poole,1000
2025-12-31,Wed,Daily,B44 0TG,Birmingham,1000
2025-12-30,Tue,Daily,YO25 6RQ,Driffield,1000
2025-12-30,Tue,Daily,SN3 3RW,Swindon (Swindon),1000
2025-12-30,Tue,Daily,SK12 1TH,Poynton,1000
2025-12-30,Tue,Daily,PO19 3JE,Chichester,1000
2025-12-30,Tue,Daily,OL11 2QD,Rochdale,1000
2025-12-30,Tue,Daily,NR30 5BN,Caister-on-Sea,1000
2025-12-30,Tue,Daily,NR2 3UT,Norwich,1000
2025-12-30,Tue,Daily,NP4 6HR,Pontypool,1000
2025-12-30,Tue,Daily,NE68 7UJ,Seahouses and North Sunderland,1000
2025-12-30,Tue,Daily,N11 1DZ,Enfield,1000
2025-12-30,Tue,Daily,LS27 8NL,Morley (Leeds),1000
2025-12-30,Tue,Daily,G77 5NZ,Newton Mearns,1000
2025-12-30,Tue,Daily,DL5 7AB,Newton Aycliffe,1000
2025-12-30,Tue,Daily,CW8 4WA,Northwich,1000
2025-12-30,Tue,Daily,CO4 3UH,Colchester,1000
2025-12-30,Tue,Daily,CH65 2ED,Ellesmere Port,1000
2025-12-30,Tue,Daily,CH3 6LY,Chester,1000
2025-12-30,Tue,Daily,CF48 2ER,Merthyr Tydfil,1000
2025-12-30,Tue,Daily,BS14 8DZ,Bristol,1000
2025-12-30,Tue,Daily,BL8 2RB,Bury (Bury),1000
2025-12-29,Mon,Daily,WA9 3LQ,St Helens (St. Helens),1000
2025-12-29,Mon,Daily,WA10 3DT,St Helens (St. Helens),1000
2025-12-29,Mon,Daily,TS18 5PE,Stockton-on-Tees,1000
2025-12-29,Mon,Daily,SG8 5EW,Royston (North Hertfordshire),1000
2025-12-29,Mon,Daily,PR8 5EL,Southport,1000
2025-12-29,Mon,Daily,PA34 4SA,Oban,1000
2025-12-29,Mon,Daily,NN4 5DW,Northampton,1000
2025-12-29,Mon,Daily,MK4 1BY,Milton Keynes,1000
2025-12-29,Mon,Daily,LN1 2SQ,Saxilby,1000
2025-12-29,Mon,Daily,L4 0RH,Liverpool,1000
2025-12-29,Mon,Daily,HU15 1UD,Brough (East Riding of Yorkshire),1000
2025-12-29,Mon,Daily,HP17 8LN,Haddenham (Buckinghamshire),1000
2025-12-29,Mon,Daily,GU12 6AF,Ash and Ash Vale,1000
2025-12-29,Mon,Daily,G51 2TL,Glasgow,1000
2025-12-29,Mon,Daily,EX4 4DA,Exeter,1000
2025-12-29,Mon,Daily,E18 2DG,Redbridge,1000
2025-12-29,Mon,Daily,BS49 5DJ,Congresbury,1000
2025-12-29,Mon,Daily,BS10 6FL,Bristol,1000
2025-12-29,Mon,Daily,BB4 4JP,Haslingden,1000
2025-12-29,Mon,Daily,AB21 0XF,Aberdeen,1000
2025-12-28,Sun,Daily,WR11 1JD,Evesham,1000
2025-12-28,Sun,Daily,WD4 8FY,Abbots Langley and Kings Langley,1000
2025-12-28,Sun,Daily,SK5 6LP,Reddish,1000
2025-12-28,Sun,Daily,S5 8AD,Sheffield,1000
2025-12-28,Sun,Daily,OX4 4NN,Oxford,1000
2025-12-28,Sun,Daily,OL1 3JH,Oldham,1000
2025-12-28,Sun,Daily,NR20 3JL,Dereham,1000
2025-12-28,Sun,Daily,LL12 7DJ,Wrexham,1000
2025-12-28,Sun,Daily,LE5 3FX,Leicester,1000
2025-12-28,Sun,Daily,LE3 2ET,Leicester,1000
2025-12-28,Sun,Daily,HG3 2TB,Harrogate,1000
2025-12-28,Sun,Daily,HA4 9RA,Hillingdon,1000
2025-12-28,Sun,Daily,GL4 6SQ,Gloucester,1000
2025-12-28,Sun,Daily,G78 2NL,Barrhead,1000
2025-12-28,Sun,Daily,DE3 0RA,Derby,1000
2025-12-28,Sun,Daily,CF44 9XJ,Aberdare,1000
2025-12-28,Sun,Daily,CB4 1PG,Cambridge (Cambridge),1000
2025-12-28,Sun,Daily,CA6 4PJ,Carlisle,1000
2025-12-28,Sun,Daily,BN1 5FB,Brighton and Hove,1000
2025-12-28,Sun,Daily,B43 6PG,West Bromwich,1000
2025-12-27,Sat,Millionaire Street,SN15 1FD,Chippenham (Wiltshire),333333
2025-12-27,Sat,Daily,WV11 1DQ,Wolverhampton,1000
2025-12-27,Sat,Daily,WA15 8AT,Hale (Trafford),1000
2025-12-27,Sat,Daily,TW4 6ES,Hounslow,1000
2025-12-27,Sat,Daily,TQ5 9BD,Brixham,1000
2025-12-27,Sat,Daily,TN6 1JP,Crowborough,1000
2025-12-27,Sat,Daily,TN27 8DB,Biddenden,1000
2025-12-27,Sat,Daily,TF2 6NZ,Telford,1000
2025-12-27,Sat,Daily,N16 6ES,Hackney,1000
2025-12-27,Sat,Daily,ML5 4DW,Coatbridge,1000
2025-12-27,Sat,Daily,LN1 2BP,Saxilby,1000
2025-12-27,Sat,Daily,LE4 5AP,Leicester,1000
2025-12-27,Sat,Daily,L13 4BP,Liverpool,1000
2025-12-27,Sat,Daily,HR4 7LG,Credenhill,1000
2025-12-27,Sat,Daily,EX4 4QY,Exeter,1000
2025-12-27,Sat,Daily,DY1 3TD,Dudley (Dudley),1000
2025-12-27,Sat,Daily,DT11 8PX,Pimperne,1000
2025-12-27,Sat,Daily,DE4 3FD,Matlock,1000
2025-12-27,Sat,Daily,BH21 1NU,Wimborne Minster,1000
2025-12-27,Sat,Daily,BB5 4JD,Church,1000
2025-12-27,Sat,Daily,AB45 3PX,Gardenstown,1000
2025-12-26,Fri,Daily,YO25 5FS,Driffield,1000
2025-12-26,Fri,Daily,TA9 4DG,Brent Knoll,1000
2025-12-26,Fri,Daily,SY4 5DS,Wem,1000
2025-12-26,Fri,Daily,ST5 4DE,Newcastle-under-Lyme,1000
2025-12-26,Fri,Daily,SM7 1JS,Tadworth and Epsom Downs,1000
2025-12-26,Fri,Daily,SK17 7RB,Buxton (High Peak),1000
2025-12-26,Fri,Daily,SE6 1NE,Lewisham,1000
2025-12-26,Fri,Daily,PO13 8HN,Gosport,1000
2025-12-26,Fri,Daily,NG17 7QG,Kirkby-in-Ashfield,1000
2025-12-26,Fri,Daily,NE5 1JR,Newcastle upon Tyne,1000
2025-12-26,Fri,Daily,LE4 4ED,Birstall,1000
2025-12-26,Fri,Daily,DL14 6BQ,Bishop Auckland,1000
2025-12-26,Fri,Daily,DE14 2RG,Burton upon Trent,1000
2025-12-26,Fri,Daily,CV22 7HL,Rugby,1000
2025-12-26,Fri,Daily,CT5 3DW,Whitstable,1000
2025-12-26,Fri,Daily,CT20 3BJ,Folkestone,1000
2025-12-26,Fri,Daily,CR3 5JU,Caterham,1000
2025-12-26,Fri,Daily,CM8 1NH,Witham,1000
2025-12-26,Fri,Daily,CA28 8JL,Whitehaven,1000
2025-12-26,Fri,Daily,BN23 6DE,Eastbourne,1000
2025-12-25,Thu,Daily,WV6 9EX,Wolverhampton,1000
2025-12-25,Thu,Daily,ST5 3RL,Newcastle-under-Lyme,1000
2025-12-25,Thu,Daily,ST3 3DX,Stoke-on-Trent,1000
2025-12-25,Thu,Daily,SO17 2LX,Southampton,1000
2025-12-25,Thu,Daily,SM4 4AR,Merton,1000
2025-12-25,Thu,Daily,S35 8QZ,Ecclesfield and Grenoside,1000
2025-12-25,Thu,Daily,RM16 4LU,Chadwell St Mary,1000
2025-12-25,Thu,Daily,RG30 4TH,Reading,1000
2025-12-25,Thu,Daily,NG16 4AB,Heanor,1000
2025-12-25,Thu,Daily,NE4 9BD,Newcastle upon Tyne,1000
2025-12-25,Thu,Daily,N13 5EX,Enfield,1000
2025-12-25,Thu,Daily,LN5 7UL,Lincoln,1000
2025-12-25,Thu,Daily,LE3 8AL,Leicester,1000
2025-12-25,Thu,Daily,GL6 8AJ,Chalford,1000
2025-12-25,Thu,Daily,G13 1QF,Glasgow,1000
2025-12-25,Thu,Daily,EN7 6UQ,Cheshunt,1000
2025-12-25,Thu,Daily,CF14 5JN,Cardiff,1000
2025-12-25,Thu,Daily,BS48 4RA,Nailsea,1000
2025-12-25,Thu,Daily,BN21 1PY,Eastbourne,1000
2025-12-25,Thu,Daily,BH20 6HY,Wool,1000
2025-12-24,Wed,Daily,WA4 5DY,Warrington,1000
2025-12-24,Wed,Daily,SS3 9RU,Southend-on-Sea,1000
2025-12-24,Wed,Daily,SO40 9GH,Totton,1000
2025-12-24,Wed,Daily,SO23 9NS,Winchester,1000
2025-12-24,Wed,Daily,SL7 1XT,Marlow,1000
2025-12-24,Wed,Daily,SE6 1AD,Lewisham,1000
2025-12-24,Wed,Daily,PE12 7RJ,Holbeach,1000
2025-12-24,Wed,Daily,OX14 5JQ,Abingdon-on-Thames,1000
2025-12-24,Wed,Daily,NG18 4GU,Mansfield,1000
2025-12-24,Wed,Daily,N7 6BS,Islington,1000
2025-12-24,Wed,Daily,N16 9HB,Hackney,1000
2025-12-24,Wed,Daily,ME7 2TB,Gillingham (Medway),1000
2025-12-24,Wed,Daily,LL22 9YJ,Kinmel Bay,1000
2025-12-24,Wed,Daily,L18 7HS,Liverpool,1000
2025-12-24,Wed,Daily,IG1 2BQ,Redbridge,1000
2025-12-24,Wed,Daily,CV1 4DQ,Coventry,1000
2025-12-24,Wed,Daily,CO7 7LT,Elmstead Market,1000
2025-12-24,Wed,Daily,BS37 5XT,Yate,1000
2025-12-24,Wed,Daily,BS27 3DL,Cheddar,1000
2025-12-24,Wed,Daily,BN9 0FG,Newhaven,1000
2025-12-23,Tue,Daily,WS1 2DF,Walsall,1000
2025-12-23,Tue,Daily,WA16 0GQ,Knutsford,1000
2025-12-23,Tue,Daily,TW7 7AR,Hounslow,1000
2025-12-23,Tue,Daily,TS10 3RY,Redcar,1000
2025-12-23,Tue,Daily,ST4 5DP,Stoke-on-Trent,1000
2025-12-23,Tue,Daily,SP2 9EB,Salisbury,1000
2025-12-23,Tue,Daily,SM3 8NX,Sutton (Sutton),1000
2025-12-23,Tue,Daily,PH12 8TN,Newtyle,1000
2025-12-23,Tue,Daily,PE2 6DT,Peterborough,1000
2025-12-23,Tue,Daily,ME15 8HQ,Maidstone,1000
2025-12-23,Tue,Daily,M20 4AS,Manchester,1000
2025-12-23,Tue,Daily,LL29 8HD,Colwyn Bay,1000
2025-12-23,Tue,Daily,LE16 7DW,Market Harborough,1000
2025-12-23,Tue,Daily,LD3 7TY,Brecon,1000
2025-12-23,Tue,Daily,L6 9JH,Liverpool,1000
2025-12-23,Tue,Daily,HR2 0LF,Ewyas Harold,1000
2025-12-23,Tue,Daily,GU22 0LL,Woking,1000
2025-12-23,Tue,Daily,DE1 1DR,Derby,1000
2025-12-23,Tue,Daily,CF63 1QN,Barry (Vale of Glamorgan),1000
2025-12-23,Tue,Daily,BN7 2TS,Lewes,1000
2025-12-22,Mon,Daily,UB3 1RH,Hillingdon,1000
2025-12-22,Mon,Daily,TF9 4FN,Loggerheads,1000
2025-12-22,Mon,Daily,SW17 8UB,Wandsworth,1000
2025-12-22,Mon,Daily,SO50 9FT,Eastleigh,1000
2025-12-22,Mon,Daily,SE28 8QA,Greenwich,1000
2025-12-22,Mon,Daily,RM17 5YF,Grays,1000
2025-12-22,Mon,Daily,RM11 2HR,Havering,1000
2025-12-22,Mon,Daily,RG5 3HT,Woodley,1000
2025-12-22,Mon,Daily,PE31 7LH,Heacham,1000
2025-12-22,Mon,Daily,NE34 9SD,Jarrow,1000
2025-12-22,Mon,Daily,M19 2GH,Manchester,1000
2025-12-22,Mon,Daily,LU6 2NJ,Eaton Bray and Edlesborough,1000
2025-12-22,Mon,Daily,LA22 9QP,Ambleside,1000
2025-12-22,Mon,Daily,IV63 6XR,Drumnadrochit,1000
2025-12-22,Mon,Daily,GU21 5HP,Woking,1000
2025-12-22,Mon,Daily,DN11 8AD,Harworth and Bircotes,1000
2025-12-22,Mon,Daily,CR8 5EL,Croydon,1000
2025-12-22,Mon,Daily,CR0 3TE,Croydon,1000
2025-12-22,Mon,Daily,BD16 2AE,Bingley,1000
2025-12-22,Mon,Daily,B98 9BJ,Redditch,1000
2025-12-21,Sun,Daily,TQ13 0FX,Chudleigh,1000
2025-12-21,Sun,Daily,TQ12 3EN,Kingsteignton,1000
2025-12-21,Sun,Daily,SA38 9PH,Newcastle Emlyn,1000
2025-12-21,Sun,Daily,NR34 0BT,Gillingham (South Norfolk),1000
2025-12-21,Sun,Daily,NR14 6TW,Loddon,1000
2025-12-21,Sun,Daily,NG2 6QJ,West Bridgford,1000
2025-12-21,Sun,Daily,ME4 5HS,Chatham,1000
2025-12-21,Sun,Daily,M34 2ER,Denton (Tameside),1000
2025-12-21,Sun,Daily,LE2 3LF,Leicester,1000
2025-12-21,Sun,Daily,L35 9LS,Prescot,1000
2025-12-21,Sun,Daily,KT5 8EN,Kingston upon Thames,1000
2025-12-21,Sun,Daily,IG10 2LJ,Loughton,1000
2025-12-21,Sun,Daily,HP2 4QS,Hemel Hempstead,1000
2025-12-21,Sun,Daily,GU20 6JA,Windlesham,1000
2025-12-21,Sun,Daily,G78 1QT,Barrhead,1000
2025-12-21,Sun,Daily,G31 3BU,Glasgow,1000
2025-12-21,Sun,Daily,FY8 1AG,Lytham St Anne's,1000
2025-12-21,Sun,Daily,DY10 1NH,Kidderminster,1000
2025-12-21,Sun,Daily,CT17 0SA,Dover,1000
2025-12-21,Sun,Daily,BD16 1NN,Bingley,1000
2025-12-20,Sat,Millionaire Street,LE3 0SE,Leicester,416949
2025-12-20,Sat,Daily,TW1 4EZ,Richmond upon Thames,1000
2025-12-20,Sat,Daily,SY16 3FB,Newtown (Powys),1000
2025-12-20,Sat,Daily,ST4 8TA,Stoke-on-Trent,1000
2025-12-20,Sat,Daily,SE9 4ED,Bromley,1000
2025-12-20,Sat,Daily,S43 2NR,Chesterfield,1000
2025-12-20,Sat,Daily,S41 8BL,Chesterfield,1000
2025-12-20,Sat,Daily,RG21 3DS,Basingstoke,1000
2025-12-20,Sat,Daily,PO7 7QQ,Waterlooville,1000
2025-12-20,Sat,Daily,PO20 8DF,East Wittering,1000
2025-12-20,Sat,Daily,PH13 9DG,Coupar Angus,1000
2025-12-20,Sat,Daily,OX3 8QX,Oxford,1000
2025-12-20,Sat,Daily,NR11 8EE,Mundesley,1000
2025-12-20,Sat,Daily,NG17 4LW,Sutton in Ashfield,1000
2025-12-20,Sat,Daily,ME3 0EJ,Grain,1000
2025-12-20,Sat,Daily,LS25 3BP,Aberford,1000
2025-12-20,Sat,Daily,LA14 5XS,Barrow-in-Furness,1000
2025-12-20,Sat,Daily,DG7 1TA,Castle Douglas,1000
2025-12-20,Sat,Daily,BA2 1ST,Bath,1000
2025-12-20,Sat,Daily,B13 0NL,Birmingham,1000
2025-12-20,Sat,Daily,AB55 5DT,Keith,1000
2025-12-19,Fri,Daily,WS5 3AR,Walsall,1000
2025-12-19,Fri,Daily,WF3 2HL,East Ardsley,1000
2025-12-19,Fri,Daily,ST16 1AQ,Stafford,1000
2025-12-19,Fri,Daily,SS3 8TL,Southend-on-Sea,1000
2025-12-19,Fri,Daily,SP5 3QY,Downton,1000
2025-12-19,Fri,Daily,M14 5XH,Manchester,1000
2025-12-19,Fri,Daily,KT15 2AW,Addlestone,1000
2025-12-19,Fri,Daily,IG1 1PU,Redbridge,1000
2025-12-19,Fri,Daily,HU7 4NG,Kingston upon Hull,1000
2025-12-19,Fri,Daily,HD2 2DZ,Huddersfield,1000
2025-12-19,Fri,Daily,G61 4HG,Bearsden,1000
2025-12-19,Fri,Daily,FY3 9HT,Blackpool,1000
2025-12-19,Fri,Daily,E14 3NW,Tower Hamlets,1000
2025-12-19,Fri,Daily,CW7 1TL,Winsford,1000
2025-12-19,Fri,Daily,CV8 1HZ,Kenilworth,1000
2025-12-19,Fri,Daily,CA12 5BB,Keswick,1000
2025-12-19,Fri,Daily,BS30 8AZ,Kingswood and Fishponds,1000
2025-12-19,Fri,Daily,BR3 3UN,Bromley,1000
2025-12-19,Fri,Daily,BN2 5GW,Brighton and Hove,1000
2025-12-19,Fri,Daily,AB53 8DS,Turriff,1000
2025-12-18,Thu,Daily,TQ6 0PR,Kingswear,1000
2025-12-18,Thu,Daily,SY12 0DP,Ellesmere,1000
2025-12-18,Thu,Daily,SL2 5TJ,Slough,1000
2025-12-18,Thu,Daily,SK8 3TJ,Wythenshawe,1000
2025-12-18,Thu,Daily,SK10 4RT,Prestbury (Cheshire East),1000
2025-12-18,Thu,Daily,SE1 0LR,Southwark,1000
2025-12-18,Thu,Daily,RH11 0AL,Crawley (Crawley),1000
2025-12-18,Thu,Daily,RG41 5JH,Winnersh,1000
2025-12-18,Thu,Daily,OX10 9LG,Wallingford,1000
2025-12-18,Thu,Daily,MK43 0YB,Cranfield,1000
2025-12-18,Thu,Daily,ME2 3DX,Rochester,1000
2025-12-18,Thu,Daily,M28 7FX,Walkden,1000
2025-12-18,Thu,Daily,LS25 7DY,Kippax,1000
2025-12-18,Thu,Daily,LA14 3EW,Barrow-in-Furness,1000
2025-12-18,Thu,Daily,G52 2EF,Glasgow,1000
2025-12-18,Thu,Daily,DY11 6NG,Kidderminster,1000
2025-12-18,Thu,Daily,DL7 8GU,Northallerton,1000
2025-12-18,Thu,Daily,DE4 2NN,Darley Dale,1000
2025-12-18,Thu,Daily,CF71 7FP,Cowbridge,1000
2025-12-18,Thu,Daily,BB1 9ET,Blackburn (Blackburn with Darwen),1000
2025-12-17,Wed,Daily,YO8 3TL,Selby,1000
2025-12-17,Wed,Daily,TS14 7BQ,Guisborough,1000
2025-12-17,Wed,Daily,TN9 2PE,Tonbridge,1000
2025-12-17,Wed,Daily,TN37 7EH,Hastings,1000
2025-12-17,Wed,Daily,SY22 5AU,Llanfyllin,1000
2025-12-17,Wed,Daily,NR11 8TL,Mundesley,1000
2025-12-17,Wed,Daily,NG18 3LL,Mansfield,1000
2025-12-17,Wed,Daily,NG15 6NR,Hucknall,1000
2025-12-17,Wed,Daily,NE47 9NP,Allendale Town,1000
2025-12-17,Wed,Daily,N14 5JE,Barnet,1000
2025-12-17,Wed,Daily,ME8 8PA,Gillingham (Medway),1000
2025-12-17,Wed,Daily,LL58 8LT,Beaumaris,1000
2025-12-17,Wed,Daily,DT2 7RN,Cerne Abbas,1000
2025-12-17,Wed,Daily,DG9 0HY,Stranraer,1000
2025-12-17,Wed,Daily,DD10 0EZ,Inverbervie,1000
2025-12-17,Wed,Daily,CH46 9PP,Wallasey,1000
2025-12-17,Wed,Daily,CF81 9AE,Aberbargoed,1000
2025-12-17,Wed,Daily,BS4 2RL,Bristol,1000
2025-12-17,Wed,Daily,BD2 1DH,Bradford,1000
2025-12-17,Wed,Daily,B23 7QL,Birmingham,1000
2025-12-16,Tue,Daily,WR8 9AZ,Worcester,1000
2025-12-16,Tue,Daily,TR2 5QQ,St Mawes,1000
2025-12-16,Tue,Daily,SR4 0LZ,Sunderland,1000
2025-12-16,Tue,Daily,SO18 5RE,Southampton,1000
2025-12-16,Tue,Daily,SA62 4LD,Hook (Pembrokeshire),1000
2025-12-16,Tue,Daily,S80 1XG,Worksop,1000
2025-12-16,Tue,Daily,NR30 2DP,Great Yarmouth,1000
2025-12-16,Tue,Daily,NN3 3AJ,Northampton,1000
2025-12-16,Tue,Daily,NG7 5JH,Nottingham,1000
2025-12-16,Tue,Daily,N2 9HA,Barnet,1000
2025-12-16,Tue,Daily,LN1 3EJ,Lincoln,1000
2025-12-16,Tue,Daily,LA12 8HG,Backbarrow,1000
2025-12-16,Tue,Daily,HP11 1NW,High Wycombe,1000
2025-12-16,Tue,Daily,HA1 4ND,Harrow,1000
2025-12-16,Tue,Daily,G77 5PF,Newton Mearns,1000
2025-12-16,Tue,Daily,G69 0ND,Moodiesburn,1000
2025-12-16,Tue,Daily,DN35 7RR,Cleethorpes,1000
2025-12-16,Tue,Daily,CV33 9GZ,Harbury,1000
2025-12-16,Tue,Daily,BN44 3LH,Steyning,1000
2025-12-16,Tue,Daily,BD19 4TH,Gomersal and Birkenshaw,1000
2025-12-15,Mon,Daily,WV10 6TE,Wolverhampton,1000
2025-12-15,Mon,Daily,WN3 5AQ,Wigan,1000
2025-12-15,Mon,Daily,TF4 2AZ,Telford,1000
2025-12-15,Mon,Daily,TA6 3SJ,Bridgwater,1000
2025-12-15,Mon,Daily,SY3 6BZ,Shrewsbury,1000
2025-12-15,Mon,Daily,SS13 3ER,Basildon,1000
2025-12-15,Mon,Daily,SE15 5GR,Southwark,1000
2025-12-15,Mon,Daily,SA15 5TY,Pontyberem,1000
2025-12-15,Mon,Daily,RG22 4UX,Basingstoke,1000
2025-12-15,Mon,Daily,NN6 7BD,Long Buckby,1000
2025-12-15,Mon,Daily,NE16 5YR,Whickham,1000
2025-12-15,Mon,Daily,M33 3RH,Sale,1000
2025-12-15,Mon,Daily,M27 5NB,Swinton (Salford),1000
2025-12-15,Mon,Daily,IP2 0RG,Ipswich,1000
2025-12-15,Mon,Daily,GU23 6NR,Ripley (Guildford),1000
2025-12-15,Mon,Daily,EH42 1GN,Dunbar,1000
2025-12-15,Mon,Daily,DN4 6JS,Doncaster,1000
2025-12-15,Mon,Daily,DA11 8JG,Northfleet,1000
2025-12-15,Mon,Daily,CO12 4LW,Harwich,1000
2025-12-15,Mon,Daily,AL1 5BL,St Albans,1000
2025-12-14,Sun,Daily,YO13 9HR,East Ayton and West Ayton,1000
2025-12-14,Sun,Daily,ST18 9RY,Haughton,1000
2025-12-14,Sun,Daily,SK15 2LW,Stalybridge,1000
2025-12-14,Sun,Daily,S73 0BU,Wombwell,1000
2025-12-14,Sun,Daily,PO7 6UW,Denmead,1000
2025-12-14,Sun,Daily,NR25 6HF,Holt (North Norfolk),1000
2025-12-14,Sun,Daily,NP20 2HY,Newport (Newport),1000
2025-12-14,Sun,Daily,NN13 7EJ,Brackley,1000
2025-12-14,Sun,Daily,NE29 0HN,Tynemouth,1000
2025-12-14,Sun,Daily,MK18 2NA,Steeple Claydon,1000
2025-12-14,Sun,Daily,L23 8SS,Crosby (Sefton),1000
2025-12-14,Sun,Daily,HA6 1HT,Hillingdon,1000
2025-12-14,Sun,Daily,CV37 8JN,Meon Vale,1000
2025-12-14,Sun,Daily,CM20 3RX,Harlow,1000
2025-12-14,Sun,Daily,CF61 2UG,Llantwit Major,1000
2025-12-14,Sun,Daily,CA17 4BH,Kirkby Stephen,1000
2025-12-14,Sun,Daily,BS13 9LF,Bristol,1000
2025-12-14,Sun,Daily,BH9 1JG,Bournemouth,1000
2025-12-14,Sun,Daily,BH12 4DX,Poole,1000
2025-12-14,Sun,Daily,BB2 2NW,Blackburn (Blackburn with Darwen),1000
2025-12-13,Sat,Millionaire Street,CM77 7UT,Great Notley,166666
2025-12-13,Sat,Daily,YO25 8BL,Brandesburton,1000
2025-12-13,Sat,Daily,TQ2 7NE,Torquay,1000
2025-12-13,Sat,Daily,TA1 5AQ,Taunton,1000
2025-12-13,Sat,Daily,SK3 9RU,Stockport,1000
2025-12-13,Sat,Daily,S6 5FB,Sheffield,1000
2025-12-13,Sat,Daily,NR9 5ST,Easton (Broadland),1000
2025-12-13,Sat,Daily,N2 0HG,Barnet,1000
2025-12-13,Sat,Daily,M6 6FL,Salford,1000
2025-12-13,Sat,Daily,LS28 9FA,Pudsey,1000
2025-12-13,Sat,Daily,HX4 0AN,Barkisland,1000
2025-12-13,Sat,Daily,GL12 8FB,Charfield,1000
2025-12-13,Sat,Daily,EH44 6JT,Innerleithen,1000
2025-12-13,Sat,Daily,DG11 1NY,Lochmaben,1000
2025-12-13,Sat,Daily,DE12 7NH,Measham,1000
2025-12-13,Sat,Daily,CH5 2QQ,Hawarden,1000
2025-12-13,Sat,Daily,BS5 8LJ,Bristol,1000
2025-12-13,Sat,Daily,BR1 3JZ,Bromley,1000
2025-12-13,Sat,Daily,BN3 5BT,Brighton and Hove,1000
2025-12-13,Sat,Daily,BN1 5LN,Brighton and Hove,1000
2025-12-13,Sat,Daily,BD2 2JE,Bradford,1000
2025-12-12,Fri,Daily,YO22 4TR,Whitby,1000
2025-12-12,Fri,Daily,TR1 2FJ,Truro,1000
2025-12-12,Fri,Daily,SP1 3PB,Salisbury,1000
2025-12-12,Fri,Daily,SE19 1XA,Lambeth,1000
2025-12-12,Fri,Daily,PA16 0AD,Greenock,1000
2025-12-12,Fri,Daily,PA11 3ER,Bridge of Weir,1000
2025-12-12,Fri,Daily,NR7 8HQ,Norwich,1000
2025-12-12,Fri,Daily,NR33 9LF,Lowestoft,1000
2025-12-12,Fri,Daily,LE14 4NP,Melton Mowbray,1000
2025-12-12,Fri,Daily,L9 6DH,Liverpool,1000
2025-12-12,Fri,Daily,HR9 7JP,Ross-on-Wye,1000
2025-12-12,Fri,Daily,GL52 5FT,Cheltenham,1000
2025-12-12,Fri,Daily,E13 8AZ,Newham,1000
2025-12-12,Fri,Daily,DY5 3HP,Brierley Hill,1000
2025-12-12,Fri,Daily,CV6 4LJ,Coventry,1000
2025-12-12,Fri,Daily,CO9 4JD,Great Yeldham,1000
2025-12-12,Fri,Daily,CM3 1FS,Great Leighs,1000
2025-12-12,Fri,Daily,BN23 5PX,Crumbles,1000
2025-12-12,Fri,Daily,BD20 7SW,Sutton-in-Craven,1000
2025-12-12,Fri,Daily,B8 3QS,Birmingham,1000
2025-12-11,Thu,Daily,WA16 9RR,Knutsford,1000
2025-12-11,Thu,Daily,TW13 7PE,Hounslow,1000
2025-12-11,Thu,Daily,SO22 5TP,Winchester,1000
2025-12-11,Thu,Daily,S35 2WF,Chapeltown and High Green,1000
2025-12-11,Thu,Daily,RM14 2XU,Havering,1000
2025-12-11,Thu,Daily,RG9 1NX,Henley-on-Thames,1000
2025-12-11,Thu,Daily,PL26 8LY,Bugle,1000
2025-12-11,Thu,Daily,PA6 7JQ,Houston,1000
2025-12-11,Thu,Daily,MK11 1EB,Milton Keynes,1000
2025-12-11,Thu,Daily,M33 5FD,Sale,1000
2025-12-11,Thu,Daily,M28 3LJ,Walkden,1000
2025-12-11,Thu,Daily,KW15 1UZ,Kirkwall,1000
2025-12-11,Thu,Daily,HR2 7RL,Hereford,1000
2025-12-11,Thu,Daily,G83 8RH,Balloch,1000
2025-12-11,Thu,Daily,G44 4SX,Glasgow,1000
2025-12-11,Thu,Daily,DT3 6QE,Weymouth,1000
2025-12-11,Thu,Daily,DN10 5JA,Everton (Bassetlaw),1000
2025-12-11,Thu,Daily,CV3 5BP,Coventry,1000
2025-12-11,Thu,Daily,BR4 0BL,Bromley,1000
2025-12-11,Thu,Daily,B26 1DB,Birmingham,1000
2025-12-10,Wed,Daily,TN19 7ND,Etchingham,1000
2025-12-10,Wed,Daily,TA1 5HR,Taunton,1000
2025-12-10,Wed,Daily,SP11 8DJ,Andover,1000
2025-12-10,Wed,Daily,SO24 9LA,New Alresford,1000
2025-12-10,Wed,Daily,SN14 8LL,Colerne,1000
2025-12-10,Wed,Daily,SK17 0AH,Hartington,1000
2025-12-10,Wed,Daily,RH4 3QW,Dorking,1000
2025-12-10,Wed,Daily,PE11 3SG,Spalding,1000
2025-12-10,Wed,Daily,PA8 7DH,Erskine,1000
2025-12-10,Wed,Daily,NG3 4JD,Nottingham,1000
2025-12-10,Wed,Daily,N20 0XS,Barnet,1000
2025-12-10,Wed,Daily,ML2 9QA,Newmains,1000
2025-12-10,Wed,Daily,LS15 4JE,Barwick in Elmet,1000
2025-12-10,Wed,Daily,LL78 8JQ,Brynteg (Isle of Anglesey),1000
2025-12-10,Wed,Daily,HP13 6QS,High Wycombe,1000
2025-12-10,Wed,Daily,G78 2SP,Barrhead,1000
2025-12-10,Wed,Daily,FK6 5EA,Denny,1000
2025-12-10,Wed,Daily,BS34 5FS,Patchway,1000
2025-12-10,Wed,Daily,BN3 7GG,Brighton and Hove,1000
2025-12-10,Wed,Daily,B43 7AE,Pheasey,1000
2025-12-09,Tue,Daily,TW5 0HL,Hounslow,1000
2025-12-09,Tue,Daily,SW8 1HR,Lambeth,1000
2025-12-09,Tue,Daily,RH12 4JL,Horsham,1000
2025-12-09,Tue,Daily,NN5 6XT,Northampton,1000
2025-12-09,Tue,Daily,NE29 6YE,Tynemouth,1000
2025-12-09,Tue,Daily,MK45 3QU,Wilstead,1000
2025-12-09,Tue,Daily,M20 2XB,Manchester,1000
2025-12-09,Tue,Daily,LA22 0EF,Ambleside,1000
2025-12-09,Tue,Daily,IP14 3RL,Haughley,1000
2025-12-09,Tue,Daily,HG3 1SU,Harrogate,1000
2025-12-09,Tue,Daily,GL15 5AQ,Lydney,1000
2025-12-09,Tue,Daily,GL14 1LW,Newnham (Forest of Dean),1000
2025-12-09,Tue,Daily,GL10 3LJ,Leonard Stanley and King's Stanley,1000
2025-12-09,Tue,Daily,EN2 0JT,Enfield,1000
2025-12-09,Tue,Daily,EN11 0FE,Hoddesdon,1000
2025-12-09,Tue,Daily,EH53 0BG,East Calder,1000
2025-12-09,Tue,Daily,E9 6QF,Hackney,1000
2025-12-09,Tue,Daily,CT6 7AX,Herne,1000
2025-12-09,Tue,Daily,BN17 6HN,Littlehampton,1000
2025-12-09,Tue,Daily,BN12 6QA,Worthing,1000
2025-12-08,Mon,Daily,YO61 3QS,Easingwold,1000
2025-12-08,Mon,Daily,YO25 9LA,Hutton Cranswick,1000
2025-12-08,Mon,Daily,WA11 9LP,St Helens (St. Helens),1000
2025-12-08,Mon,Daily,UB3 1JH,Hillingdon,1000
2025-12-08,Mon,Daily,SP1 3LF,Salisbury,1000
2025-12-08,Mon,Daily,SN14 8BL,Colerne,1000
2025-12-08,Mon,Daily,PE15 0DY,Doddington and Wimblington,1000
2025-12-08,Mon,Daily,NE16 5HL,Whickham,1000
2025-12-08,Mon,Daily,KY11 4HE,Dunfermline,1000
2025-12-08,Mon,Daily,DN10 4JH,Misterton (Bassetlaw),1000
2025-12-08,Mon,Daily,DE11 0EG,Swadlincote,1000
2025-12-08,Mon,Daily,CV9 1HJ,Atherstone,1000
2025-12-08,Mon,Daily,CM17 0BD,Harlow,1000
2025-12-08,Mon,Daily,CF33 4DH,Pyle,1000
2025-12-08,Mon,Daily,BS37 8YD,Yate,1000
2025-12-08,Mon,Daily,BS3 2AP,Bristol,1000
2025-12-08,Mon,Daily,BA10 0NQ,Bruton,1000
2025-12-08,Mon,Daily,BA1 6NX,Bath,1000
2025-12-08,Mon,Daily,B30 1PJ,Birmingham,1000
2025-12-08,Mon,Daily,B13 0NX,Birmingham,1000
2025-12-07,Sun,Daily,WV15 6NY,Bridgnorth,1000
2025-12-07,Sun,Daily,WR3 7EJ,Worcester,1000
2025-12-07,Sun,Daily,WN3 5QU,Wigan,1000
2025-12-07,Sun,Daily,ST13 5NA,Leek,1000
2025-12-07,Sun,Daily,PE26 1EU,Ramsey,1000
2025-12-07,Sun,Daily,OL7 9QX,Ashton-under-Lyne,1000
2025-12-07,Sun,Daily,NW10 1HF,Brent,1000
2025-12-07,Sun,Daily,NG8 5PT,Nottingham,1000
2025-12-07,Sun,Daily,LS16 9DX,Bramhope,1000
2025-12-07,Sun,Daily,LN6 8TN,North Hykeham,1000
2025-12-07,Sun,Daily,LL62 5EF,Llangristiolus,1000
2025-12-07,Sun,Daily,FY7 7FA,Fleetwood,1000
2025-12-07,Sun,Daily,EX20 3RH,Hatherleigh,1000
2025-12-07,Sun,Daily,DT4 7DS,Weymouth,1000
2025-12-07,Sun,Daily,DL13 2PE,Stanhope,1000
2025-12-07,Sun,Daily,DE7 4ER,Ilkeston,1000
2025-12-07,Sun,Daily,CW5 7LS,Nantwich,1000
2025-12-07,Sun,Daily,CH65 5DP,Ellesmere Port,1000
2025-12-07,Sun,Daily,BB10 4DH,Burnley,1000
2025-12-07,Sun,Daily,B96 6BW,Astwood Bank,1000
2025-12-06,Sat,Millionaire Street,CM20 3QT,Harlow,333333
2025-12-06,Sat,Daily,TS20 2FR,Stockton-on-Tees,1000
2025-12-06,Sat,Daily,TN22 5DJ,Uckfield,1000
2025-12-06,Sat,Daily,SW2 1NH,Lambeth,1000
2025-12-06,Sat,Daily,SS5 4DG,Hockley and Hawkwell,1000
2025-12-06,Sat,Daily,SR7 8SF,Seaham,1000
2025-12-06,Sat,Daily,SN6 7HU,Highworth,1000
2025-12-06,Sat,Daily,SK13 1LJ,Hadfield,1000
2025-12-06,Sat,Daily,PR9 7DA,Southport,1000
2025-12-06,Sat,Daily,OX39 4BP,Chinnor,1000
2025-12-06,Sat,Daily,NG11 0AA,Gotham,1000
2025-12-06,Sat,Daily,ML11 9XH,Lanark,1000
2025-12-06,Sat,Daily,MK10 9BE,Milton Keynes,1000
2025-12-06,Sat,Daily,GL17 0DP,Mitcheldean,1000
2025-12-06,Sat,Daily,EX16 4AD,Tiverton,1000
2025-12-06,Sat,Daily,EN5 4DP,Barnet,1000
2025-12-06,Sat,Daily,EH53 0PT,East Calder,1000
2025-12-06,Sat,Daily,EH3 5AY,Edinburgh,1000
2025-12-06,Sat,Daily,DH7 8TQ,Brandon (County Durham),1000
2025-12-06,Sat,Daily,BR6 0HT,Bromley,1000
2025-12-06,Sat,Daily,BD18 4NT,Shipley (Bradford),1000
2025-12-05,Fri,Daily,WV4 4QL,Wolverhampton,1000
2025-12-05,Fri,Daily,WS13 7BP,Lichfield,1000
2025-12-05,Fri,Daily,WF11 0PU,Knottingley,1000
2025-12-05,Fri,Daily,TR18 3EU,Penzance,1000
2025-12-05,Fri,Daily,TQ9 5DP,Totnes,1000
2025-12-05,Fri,Daily,SL4 2PN,Old Windsor and Wraysbury,1000
2025-12-05,Fri,Daily,S43 2JG,Chesterfield,1000
2025-12-05,Fri,Daily,PL19 9NH,Tavistock,1000
2025-12-05,Fri,Daily,OL10 2LP,Heywood,1000
2025-12-05,Fri,Daily,NE38 8ES,Washington,1000
2025-12-05,Fri,Daily,M9 0NQ,Manchester,1000
2025-12-05,Fri,Daily,HX6 2ES,Halifax,1000
2025-12-05,Fri,Daily,HA2 9LE,Harrow,1000
2025-12-05,Fri,Daily,GU14 6PL,Farnborough,1000
2025-12-05,Fri,Daily,E5 0DR,Hackney,1000
2025-12-05,Fri,Daily,DT4 7LE,Weymouth,1000
2025-12-05,Fri,Daily,DA12 4BG,Gravesend,1000
2025-12-05,Fri,Daily,CT3 1RN,Wingham,1000
2025-12-05,Fri,Daily,CB22 3EL,Sawston,1000
2025-12-05,Fri,Daily,BH25 5AD,New Milton,1000
2025-12-04,Thu,Daily,UB10 9DE,Hillingdon,1000
2025-12-04,Thu,Daily,SO40 2BE,Totton,1000
2025-12-04,Thu,Daily,S75 4HF,Silkstone,1000
2025-12-04,Thu,Daily,PL14 4HP,Liskeard,1000
2025-12-04,Thu,Daily,OL11 2RD,Rochdale,1000
2025-12-04,Thu,Daily,NE5 2BL,Newcastle upon Tyne,1000
2025-12-04,Thu,Daily,LN11 0YY,Louth,1000
2025-12-04,Thu,Daily,LE13 1HH,Melton Mowbray,1000
2025-12-04,Thu,Daily,LE11 2LN,Loughborough,1000
2025-12-04,Thu,Daily,LA18 5AF,Millom,1000
2025-12-04,Thu,Daily,IP11 9EB,Felixstowe,1000
2025-12-04,Thu,Daily,HR4 0NE,Hereford,1000
2025-12-04,Thu,Daily,GU52 0YJ,Fleet,1000
2025-12-04,Thu,Daily,GL51 3NU,Cheltenham,1000
2025-12-04,Thu,Daily,EX1 3UD,Exeter,1000
2025-12-04,Thu,Daily,EH54 7BS,Livingston,1000
2025-12-04,Thu,Daily,DY3 3QL,Sedgley,1000
2025-12-04,Thu,Daily,CR5 3SG,Croydon,1000
2025-12-04,Thu,Daily,CF14 2PY,Cardiff,1000
2025-12-04,Thu,Daily,BN21 1HD,Eastbourne,1000
2025-12-03,Wed,Daily,WN3 5ER,Wigan,1000
2025-12-03,Wed,Daily,WF2 9BE,Wakefield,1000
2025-12-03,Wed,Daily,WA7 5AG,Runcorn,1000
2025-12-03,Wed,Daily,WA4 2NB,Warrington,1000
2025-12-03,Wed,Daily,TS18 5PE,Stockton-on-Tees,1000
2025-12-03,Wed,Daily,TR2 4LH,Probus,1000
2025-12-03,Wed,Daily,SK3 8JJ,Stockport,1000
2025-12-03,Wed,Daily,SA70 8NF,Tenby,1000
2025-12-03,Wed,Daily,S60 5RG,Brinsworth,1000
2025-12-03,Wed,Daily,OL3 7AS,Uppermill,1000
2025-12-03,Wed,Daily,NR20 3PN,Dereham,1000
2025-12-03,Wed,Daily,HP23 5FE,Tring,1000
2025-12-03,Wed,Daily,HA0 2LG,Brent,1000
2025-12-03,Wed,Daily,EX17 6PP,Bow,1000
2025-12-03,Wed,Daily,EH22 1RX,Dalkeith,1000
2025-12-03,Wed,Daily,CV11 5DA,Nuneaton,1000
2025-12-03,Wed,Daily,CA1 3RX,Carlisle,1000
2025-12-03,Wed,Daily,BN16 1BB,Rustington,1000
2025-12-03,Wed,Daily,BN13 3NW,Worthing,1000
2025-12-03,Wed,Daily,AL3 7NL,Redbourn,1000
2025-12-02,Tue,Daily,WA8 3RH,Widnes,1000
2025-12-02,Tue,Daily,TS7 8DN,Middlesbrough,1000
2025-12-02,Tue,Daily,SN3 5EW,Swindon (Swindon),1000
2025-12-02,Tue,Daily,S64 9RB,Mexborough,1000
2025-12-02,Tue,Daily,PO22 6JU,Bognor Regis,1000
2025-12-02,Tue,Daily,PL26 8LF,Bugle,1000
2025-12-02,Tue,Daily,NN9 6SR,Raunds,1000
2025-12-02,Tue,Daily,LS14 1BJ,Leeds,1000
2025-12-02,Tue,Daily,LA11 7QG,Grange-over-Sands,1000
2025-12-02,Tue,Daily,GU16 7EQ,Frimley,1000
2025-12-02,Tue,Daily,GU1 1PW,Guildford,1000
2025-12-02,Tue,Daily,EH55 8QS,West Calder,1000
2025-12-02,Tue,Daily,DN32 7NN,Grimsby,1000
2025-12-02,Tue,Daily,DD10 9BX,Montrose,1000
2025-12-02,Tue,Daily,CM1 7QA,Chelmsford,1000
2025-12-02,Tue,Daily,CF45 4PU,Abercynon,1000
2025-12-02,Tue,Daily,CF3 5LT,Cardiff,1000
2025-12-02,Tue,Daily,CB11 4DP,Saffron Walden,1000
2025-12-02,Tue,Daily,BR7 6SH,Bromley,1000
2025-12-02,Tue,Daily,BB9 6AX,Barrowford,1000
2025-12-01,Mon,Daily,WF1 5NA,Wakefield,1000
2025-12-01,Mon,Daily,SW15 5EW,Wandsworth,1000
2025-12-01,Mon,Daily,S8 8JX,Sheffield,1000
2025-12-01,Mon,Daily,S18 8RR,Dronfield,1000
2025-12-01,Mon,Daily,RH6 9BL,Horley (Reigate and Banstead),1000
2025-12-01,Mon,Daily,RG24 8TG,Basingstoke,1000
2025-12-01,Mon,Daily,PL19 8DQ,Tavistock,1000
2025-12-01,Mon,Daily,PA2 0UD,Paisley,1000
2025-12-01,Mon,Daily,OL2 5BQ,Royton,1000
2025-12-01,Mon,Daily,N16 8DL,Hackney,1000
2025-12-01,Mon,Daily,L36 8HP,Huyton with Roby,1000
2025-12-01,Mon,Daily,HP1 2HF,Hemel Hempstead,1000
2025-12-01,Mon,Daily,GU11 3DY,Aldershot,1000
2025-12-01,Mon,Daily,EX5 4EY,Bradninch,1000
2025-12-01,Mon,Daily,DY5 3DN,Brierley Hill,1000
2025-12-01,Mon,Daily,DN6 7EW,Adwick le Street,1000
2025-12-01,Mon,Daily,CH5 3BH,Hawarden,1000
2025-12-01,Mon,Daily,CF63 1RY,Barry (Vale of Glamorgan),1000
2025-12-01,Mon,Daily,BB9 6PX,Barrowford,1000
2025-12-01,Mon,Daily,BB2 2RB,Blackburn (Blackburn with Darwen),1000
2025-11-30,Sun,Daily,WF6 1LG,Normanton (Wakefield),1000
2025-11-30,Sun,Daily,UB10 9ES,Hillingdon,1000
2025-11-30,Sun,Daily,RH15 8GH,Burgess Hill,1000
2025-11-30,Sun,Daily,PE30 2RD,King's Lynn,1000
2025-11-30,Sun,Daily,PE28 3LZ,Somersham (Huntingdonshire),1000
2025-11-30,Sun,Daily,PE20 3RG,Swineshead,1000
2025-11-30,Sun,Daily,NR2 3LQ,Norwich,1000
2025-11-30,Sun,Daily,N18 1JJ,Enfield,1000
2025-11-30,Sun,Daily,ML7 4AX,Shotts,1000
2025-11-30,Sun,Daily,HD4 6YD,Huddersfield,1000
2025-11-30,Sun,Daily,GL20 8PX,Tewkesbury,1000
2025-11-30,Sun,Daily,FK2 8SH,Larbert and Stenhousemuir,1000
2025-11-30,Sun,Daily,CW2 6NA,Crewe,1000
2025-11-30,Sun,Daily,CR7 8HR,Croydon,1000
2025-11-30,Sun,Daily,CM77 8LW,Tye Green (Braintree),1000
2025-11-30,Sun,Daily,CM23 2JR,Bishop's Stortford,1000
2025-11-30,Sun,Daily,BS31 1GJ,Keynsham,1000
2025-11-30,Sun,Daily,BN10 7LW,Peacehaven,1000
2025-11-30,Sun,Daily,BL2 3JA,Bolton (Bolton),1000
2025-11-30,Sun,Daily,BH19 2RF,Swanage,1000
2025-11-29,Sat,Millionaire Street,PA37 1AU,Dunbeg,166666
2025-11-29,Sat,Daily,UB5 4JD,Ealing,1000
2025-11-29,Sat,Daily,SE9 6BL,Greenwich,1000
2025-11-29,Sat,Daily,SE1 1QF,Southwark,1000
2025-11-29,Sat,Daily,S81 0EE,Worksop,1000
2025-11-29,Sat,Daily,PO12 1FX,Gosport,1000
2025-11-29,Sat,Daily,PL12 4XA,Saltash,1000
2025-11-29,Sat,Daily,NE23 1AG,Cramlington,1000
2025-11-29,Sat,Daily,MK43 7LP,Oakley (Bedford),1000
2025-11-29,Sat,Daily,LS10 4FZ,Leeds,1000
2025-11-29,Sat,Daily,LL28 4EL,Colwyn Bay,1000
2025-11-29,Sat,Daily,GU21 7RG,Woking,1000
2025-11-29,Sat,Daily,FY4 4PJ,Blackpool,1000
2025-11-29,Sat,Daily,EN3 5QN,Enfield,1000
2025-11-29,Sat,Daily,EN2 6JS,Enfield,1000
2025-11-29,Sat,Daily,DN39 6RY,Ulceby,1000
2025-11-29,Sat,Daily,DL1 5JA,Darlington,1000
2025-11-29,Sat,Daily,CH7 3DP,Buckley,1000
2025-11-29,Sat,Daily,BS48 1AU,Nailsea,1000
2025-11-29,Sat,Daily,BS24 0HG,Bleadon,1000
2025-11-29,Sat,Daily,B90 1BN,Solihull,1000
2025-11-28,Fri,Daily,TS10 4PA,Redcar,1000
2025-11-28,Fri,Daily,TN29 9NX,Lydd,1000
2025-11-28,Fri,Daily,SY13 2AP,Prees,1000
2025-11-28,Fri,Daily,SY11 1JY,Oswestry,1000
2025-11-28,Fri,Daily,SR4 7AZ,Sunderland,1000
2025-11-28,Fri,Daily,SP7 0DN,Shaftesbury,1000
2025-11-28,Fri,Daily,SO15 5EP,Southampton,1000
2025-11-28,Fri,Daily,SN25 4EA,Swindon (Swindon),1000
2025-11-28,Fri,Daily,S75 5BQ,Darton,1000
2025-11-28,Fri,Daily,RH9 8AD,Godstone,1000
2025-11-28,Fri,Daily,PO7 6EP,Denmead,1000
2025-11-28,Fri,Daily,NN17 2JU,Corby,1000
2025-11-28,Fri,Daily,ME7 2YH,Gillingham (Medway),1000
2025-11-28,Fri,Daily,ME2 2PX,Rochester,1000
2025-11-28,Fri,Daily,L4 5SR,Liverpool,1000
2025-11-28,Fri,Daily,FY5 3HN,Blackpool,1000
2025-11-28,Fri,Daily,EX10 8LB,Sidmouth,1000
2025-11-28,Fri,Daily,DA12 5RX,Gravesend,1000
2025-11-28,Fri,Daily,CO7 7GH,Elmstead Market,1000
2025-11-28,Fri,Daily,B68 8DS,Oldbury (Sandwell),1000
2025-11-27,Thu,Daily,TN6 3RN,Crowborough,1000
2025-11-27,Thu,Daily,SO16 8GN,Southampton,1000
2025-11-27,Thu,Daily,SO16 5PA,Southampton,1000
2025-11-27,Thu,Daily,SE15 3DD,Southwark,1000
2025-11-27,Thu,Daily,SA12 6DT,Port Talbot,1000
2025-11-27,Thu,Daily,OL4 5HH,Lees,1000
2025-11-27,Thu,Daily,ME19 6QB,Larkfield,1000
2025-11-27,Thu,Daily,M32 9DJ,Stretford,1000
2025-11-27,Thu,Daily,IG1 1FU,Redbridge,1000
2025-11-27,Thu,Daily,HU17 8WA,Beverley,1000
2025-11-27,Thu,Daily,GL10 2JW,Stonehouse (Stroud),1000
2025-11-27,Thu,Daily,G83 8DL,Balloch,1000
2025-11-27,Thu,Daily,G32 6PS,Glasgow,1000
2025-11-27,Thu,Daily,EH55 8AX,West Calder,1000
2025-11-27,Thu,Daily,DY3 1BL,Sedgley,1000
2025-11-27,Thu,Daily,DN41 7RJ,Healing,1000
2025-11-27,Thu,Daily,DL14 0DU,Bishop Auckland,1000
2025-11-27,Thu,Daily,CM1 3EX,Writtle,1000
2025-11-27,Thu,Daily,CB3 9NF,Cambridge (Cambridge),1000
2025-11-27,Thu,Daily,BN24 5NX,Stone Cross,1000
2025-11-26,Wed,Daily,WR15 8DH,Tenbury Wells,1000
2025-11-26,Wed,Daily,TS6 9DL,Eston,1000
2025-11-26,Wed,Daily,ST17 4XT,Stafford,1000
2025-11-26,Wed,Daily,RG7 3DZ,Burghfield Common,1000
2025-11-26,Wed,Daily,OX26 3XF,Bicester,1000
2025-11-26,Wed,Daily,NP12 2JJ,Pontllanfraith,1000
2025-11-26,Wed,Daily,NN15 6SS,Kettering,1000
2025-11-26,Wed,Daily,ML1 4ES,Motherwell,1000
2025-11-26,Wed,Daily,M30 0DH,Eccles (Salford),1000
2025-11-26,Wed,Daily,LS12 5JR,Leeds,1000
2025-11-26,Wed,Daily,L34 5PH,Prescot,1000
2025-11-26,Wed,Daily,KT4 7DX,Worcester Park and Stoneleigh,1000
2025-11-26,Wed,Daily,FK7 8EF,Bannockburn,1000
2025-11-26,Wed,Daily,EN11 9PB,Hoddesdon,1000
2025-11-26,Wed,Daily,EH12 5QF,Edinburgh,1000
2025-11-26,Wed,Daily,E14 0HZ,Tower Hamlets,1000
2025-11-26,Wed,Daily,CW12 2DE,Congleton,1000
2025-11-26,Wed,Daily,BD19 3AW,Cleckheaton,1000
2025-11-26,Wed,Daily,BD10 0DF,Bradford,1000
2025-11-26,Wed,Daily,AB11 6DD,Aberdeen,1000
2025-11-25,Tue,Daily,WR11 8TN,Harvington,1000
2025-11-25,Tue,Daily,TS6 6JU,Eston,1000
2025-11-25,Tue,Daily,TR18 2SU,Penzance,1000
2025-11-25,Tue,Daily,TN2 5XG,Royal Tunbridge Wells,1000
2025-11-25,Tue,Daily,SM6 9GZ,Sutton (Sutton),1000
2025-11-25,Tue,Daily,SE24 9HB,Southwark,1000
2025-11-25,Tue,Daily,S40 2BP,Chesterfield,1000
2025-11-25,Tue,Daily,S25 4FH,North Anston,1000
2025-11-25,Tue,Daily,OX14 5HQ,Abingdon-on-Thames,1000
2025-11-25,Tue,Daily,M21 8TR,Manchester,1000
2025-11-25,Tue,Daily,LS11 0LB,Leeds,1000
2025-11-25,Tue,Daily,IP13 9NW,Framlingham,1000
2025-11-25,Tue,Daily,IG1 4SE,Redbridge,1000
2025-11-25,Tue,Daily,HR9 5UG,Ross-on-Wye,1000
2025-11-25,Tue,Daily,CH64 3SD,Neston (Cheshire West and Chester),1000
2025-11-25,Tue,Daily,CA13 9JH,Cockermouth,1000
2025-11-25,Tue,Daily,BS40 8DJ,Chew Magna,1000
2025-11-25,Tue,Daily,BD8 9PT,Bradford,1000
2025-11-25,Tue,Daily,BB12 8PD,Padiham,1000
2025-11-25,Tue,Daily,BB11 3RU,Burnley,1000
2025-11-24,Mon,Daily,TR14 8JQ,Camborne,1000
2025-11-24,Mon,Daily,SW18 2AE,Wandsworth,1000
2025-11-24,Mon,Daily,ST7 8HD,Bignall End,1000
2025-11-24,Mon,Daily,SM1 2RQ,Sutton (Sutton),1000
2025-11-24,Mon,Daily,SG5 1UG,Hitchin,1000
2025-11-24,Mon,Daily,SG14 1PJ,Hertford,1000
2025-11-24,Mon,Daily,S43 3EA,Staveley (Chesterfield),1000
2025-11-24,Mon,Daily,S35 0FF,Oughtibridge,1000
2025-11-24,Mon,Daily,PO21 3DY,Bognor Regis,1000
2025-11-24,Mon,Daily,PL15 8SA,Launceston,1000
2025-11-24,Mon,Daily,OL13 9UX,Bacup,1000
2025-11-24,Mon,Daily,ME5 0EX,Chatham,1000
2025-11-24,Mon,Daily,HD9 6LL,Honley,1000
2025-11-24,Mon,Daily,G34 0AA,Glasgow,1000
2025-11-24,Mon,Daily,CT1 3UH,Canterbury,1000
2025-11-24,Mon,Daily,CM6 2QR,Thaxted,1000
2025-11-24,Mon,Daily,CA22 2JA,Egremont,1000
2025-11-24,Mon,Daily,BR7 5RU,Bromley,1000
2025-11-24,Mon,Daily,BR3 3AN,Bromley,1000
2025-11-24,Mon,Daily,AB39 3TB,Newtonhill,1000
2025-11-23,Sun,Daily,WF6 1LR,Normanton (Wakefield),1000
2025-11-23,Sun,Daily,TW10 5BW,Richmond upon Thames,1000
2025-11-23,Sun,Daily,TS29 6JT,Trimdon,1000
2025-11-23,Sun,Daily,TN37 6QJ,Hastings,1000
2025-11-23,Sun,Daily,SS9 1NQ,Southend-on-Sea,1000
2025-11-23,Sun,Daily,SO30 2NS,Hedge End,1000
2025-11-23,Sun,Daily,SL6 1SF,Maidenhead,1000
2025-11-23,Sun,Daily,S63 9BD,Goldthorpe,1000
2025-11-23,Sun,Daily,RH20 4JL,Storrington,1000
2025-11-23,Sun,Daily,PE8 6PR,Wittering,1000
2025-11-23,Sun,Daily,NG32 1LE,Barrowby,1000
2025-11-23,Sun,Daily,NG22 0ER,Tuxford,1000
2025-11-23,Sun,Daily,LE9 9DR,Desford,1000
2025-11-23,Sun,Daily,LE2 8UB,Leicester,1000
2025-11-23,Sun,Daily,HP23 5LQ,Tring,1000
2025-11-23,Sun,Daily,HP19 7BW,Aylesbury,1000
2025-11-23,Sun,Daily,DY6 0BJ,Kingswinford,1000
2025-11-23,Sun,Daily,DY4 7HZ,Tipton,1000
2025-11-23,Sun,Daily,CM16 6JY,North Weald Bassett,1000
2025-11-23,Sun,Daily,BN15 8PR,Lancing and Sompting,1000
2025-11-22,Sat,Millionaire Street,B36 0RX,Birmingham,50000
2025-11-22,Sat,Daily,WR10 2EN,Pershore,1000
2025-11-22,Sat,Daily,SR2 9JE,Sunderland,1000
2025-11-22,Sat,Daily,SO41 0LG,Milford on Sea,1000
2025-11-22,Sat,Daily,S35 9TW,Ecclesfield and Grenoside,1000
2025-11-22,Sat,Daily,RM3 0HH,Havering,1000
2025-11-22,Sat,Daily,RG31 5JT,Reading,1000
2025-11-22,Sat,Daily,PE27 3YB,St Ives (Huntingdonshire),1000
2025-11-22,Sat,Daily,OX9 3QG,Thame,1000
2025-11-22,Sat,Daily,NR4 7ED,Norwich,1000
2025-11-22,Sat,Daily,NE61 5QL,Ellington (Northumberland),1000
2025-11-22,Sat,Daily,LU6 3SQ,Dunstable,1000
2025-11-22,Sat,Daily,HX5 9PB,Elland,1000
2025-11-22,Sat,Daily,HU7 5DG,Kingston upon Hull,1000
2025-11-22,Sat,Daily,HD5 9NQ,Huddersfield,1000
2025-11-22,Sat,Daily,G76 7UR,Glasgow,1000
2025-11-22,Sat,Daily,E13 9JE,Newham,1000
2025-11-22,Sat,Daily,CM16 6ER,North Weald Bassett,1000
2025-11-22,Sat,Daily,CH45 3LG,Wallasey,1000
2025-11-22,Sat,Daily,BS8 4TF,Bristol,1000
2025-11-22,Sat,Daily,BS13 9BE,Bristol,1000
2025-11-21,Fri,Daily,WA8 9EF,Widnes,1000
2025-11-21,Fri,Daily,SY10 7QD,Weston Rhyn,1000
2025-11-21,Fri,Daily,SO53 5PT,Chandler's Ford,1000
2025-11-21,Fri,Daily,SG8 5BU,Royston (North Hertfordshire),1000
2025-11-21,Fri,Daily,RH11 9RU,Crawley (Crawley),1000
2025-11-21,Fri,Daily,NR15 2ZE,Long Stratton,1000
2025-11-21,Fri,Daily,NR15 1SD,Newton Flotman,1000
2025-11-21,Fri,Daily,NP12 3NB,Blackwood,1000
2025-11-21,Fri,Daily,NG19 8UG,Mansfield Woodhouse,1000
2025-11-21,Fri,Daily,NG11 7HG,Wilford,1000
2025-11-21,Fri,Daily,NE65 0SQ,Amble,1000
2025-11-21,Fri,Daily,M7 3PZ,Salford,1000
2025-11-21,Fri,Daily,M4 6FR,Manchester,1000
2025-11-21,Fri,Daily,LS14 5EA,Leeds,1000
2025-11-21,Fri,Daily,LS11 7EF,Leeds,1000
2025-11-21,Fri,Daily,LA4 5QU,Morecambe,1000
2025-11-21,Fri,Daily,HP2 7BY,Hemel Hempstead,1000
2025-11-21,Fri,Daily,CW9 5EY,Northwich,1000
2025-11-21,Fri,Daily,CT12 4AX,Minster (Thanet),1000
2025-11-21,Fri,Daily,BN23 7QY,Eastbourne,1000
2025-11-20,Thu,Daily,TN32 5HZ,Robertsbridge,1000
2025-11-20,Thu,Daily,RH17 5HE,Cuckfield,1000
2025-11-20,Thu,Daily,PL30 3JT,St Teath,1000
2025-11-20,Thu,Daily,PH10 6RX,Blairgowrie and Rattray,1000
2025-11-20,Thu,Daily,NR29 5BH,Ludham,1000
2025-11-20,Thu,Daily,NP15 1LZ,Usk,1000
2025-11-20,Thu,Daily,NG19 6TA,Mansfield,1000
2025-11-20,Thu,Daily,LS17 7HD,Leeds,1000
2025-11-20,Thu,Daily,LA4 5AN,Morecambe,1000
2025-11-20,Thu,Daily,LA1 5HU,Lancaster,1000
2025-11-20,Thu,Daily,EH54 0SB,Livingston,1000
2025-11-20,Thu,Daily,DY10 3YT,Kidderminster,1000
2025-11-20,Thu,Daily,DD4 8JQ,Dundee,1000
2025-11-20,Thu,Daily,DA14 5EZ,Bexley,1000
2025-11-20,Thu,Daily,CH62 4RD,Bebington,1000
2025-11-20,Thu,Daily,CF45 3RT,Mountain Ash,1000
2025-11-20,Thu,Daily,CF36 5HL,Porthcawl,1000
2025-11-20,Thu,Daily,BB10 2PF,Burnley,1000
2025-11-20,Thu,Daily,B72 1SA,Royal Sutton Coldfield,1000
2025-11-20,Thu,Daily,B63 4EX,Halesowen,1000
2025-11-19,Wed,Daily,WF4 2AH,Havercroft and Ryhill,1000
2025-11-19,Wed,Daily,WA8 9LN,Widnes,1000
2025-11-19,Wed,Daily,WA8 6QD,Widnes,1000
2025-11-19,Wed,Daily,TA10 0AJ,Curry Rivel,1000
2025-11-19,Wed,Daily,SP2 8JP,Salisbury,1000
2025-11-19,Wed,Daily,SN1 4NA,Swindon (Swindon),1000
2025-11-19,Wed,Daily,RM8 1LS,Barking and Dagenham,1000
2025-11-19,Wed,Daily,PO8 0YL,Horndean,1000
2025-11-19,Wed,Daily,PO2 0JD,Portsmouth,1000
2025-11-19,Wed,Daily,NN9 6JU,Raunds,1000
2025-11-19,Wed,Daily,ME8 8ND,Gillingham (Medway),1000
2025-11-19,Wed,Daily,LA18 4HT,Millom,1000
2025-11-19,Wed,Daily,KY8 5DU,Kennoway,1000
2025-11-19,Wed,Daily,EH12 7SH,Edinburgh,1000
2025-11-19,Wed,Daily,DA17 5EB,Bexley,1000
2025-11-19,Wed,Daily,CV3 5NT,Coventry,1000
2025-11-19,Wed,Daily,CH49 6JL,Birkenhead,1000
2025-11-19,Wed,Daily,BS11 0EW,Bristol,1000
2025-11-19,Wed,Daily,BN17 7AA,Wick (Arun),1000
2025-11-19,Wed,Daily,B69 1BA,Rowley Regis,1000
2025-11-18,Tue,Daily,WD6 5JN,Borehamwood,1000
2025-11-18,Tue,Daily,TQ12 6FH,Newton Abbot,1000
2025-11-18,Tue,Daily,TQ12 1NP,Newton Abbot,1000
2025-11-18,Tue,Daily,TN30 7EJ,Tenterden,1000
2025-11-18,Tue,Daily,SY2 5WN,Shrewsbury,1000
2025-11-18,Tue,Daily,SS14 1LT,Basildon,1000
2025-11-18,Tue,Daily,SG19 2QN,Potton,1000
2025-11-18,Tue,Daily,S36 4HE,Stocksbridge,1000
2025-11-18,Tue,Daily,RG10 0BD,Twyford (Wokingham),1000
2025-11-18,Tue,Daily,PO31 8DY,Cowes,1000
2025-11-18,Tue,Daily,OX2 8PT,Oxford,1000
2025-11-18,Tue,Daily,NR10 4HP,Reepham (Broadland),1000
2025-11-18,Tue,Daily,ME15 6BS,Maidstone,1000
2025-11-18,Tue,Daily,L31 2NN,Lydiate,1000
2025-11-18,Tue,Daily,L16 8NS,Liverpool,1000
2025-11-18,Tue,Daily,DE24 5BE,Derby,1000
2025-11-18,Tue,Daily,CH45 5JB,Wallasey,1000
2025-11-18,Tue,Daily,CB11 3UE,Saffron Walden,1000
2025-11-18,Tue,Daily,BN2 9XW,Brighton and Hove,1000
2025-11-18,Tue,Daily,B47 5BS,Hollywood,1000
2025-11-17,Mon,Daily,TS3 9LQ,Middlesbrough,1000
2025-11-17,Mon,Daily,TN34 2AR,Hastings,1000
2025-11-17,Mon,Daily,TN27 8ER,Biddenden,1000
2025-11-17,Mon,Daily,SY2 5XT,Shrewsbury,1000
2025-11-17,Mon,Daily,ST6 8QP,Stoke-on-Trent,1000
2025-11-17,Mon,Daily,SK11 8BE,Macclesfield,1000
2025-11-17,Mon,Daily,SG1 4GE,Stevenage,1000
2025-11-17,Mon,Daily,PA1 2FL,Paisley,1000
2025-11-17,Mon,Daily,OL10 3FG,Heywood,1000
2025-11-17,Mon,Daily,NP44 4RG,Cwmbrân,1000
2025-11-17,Mon,Daily,NG22 9FB,New Ollerton and Ollerton,1000
2025-11-17,Mon,Daily,NG14 7EZ,Lowdham,1000
2025-11-17,Mon,Daily,LA5 9JG,Carnforth,1000
2025-11-17,Mon,Daily,L37 1NB,Formby,1000
2025-11-17,Mon,Daily,CB4 3RL,Cambridge (Cambridge),1000
2025-11-17,Mon,Daily,BS16 7GS,Kingswood and Fishponds,1000
2025-11-17,Mon,Daily,BN5 9PD,Henfield,1000
2025-11-17,Mon,Daily,BD13 2QS,Queensbury,1000
2025-11-17,Mon,Daily,BA3 4FR,Chilcompton,1000
2025-11-17,Mon,Daily,B45 8SD,Birmingham,1000
2025-11-16,Sun,Daily,WF4 1HL,Crofton,1000
2025-11-16,Sun,Daily,WA8 9NH,Widnes,1000
2025-11-16,Sun,Daily,UB5 5QE,Ealing,1000
2025-11-16,Sun,Daily,TW3 4BG,Hounslow,1000
2025-11-16,Sun,Daily,SO31 7HF,Locks Heath,1000
2025-11-16,Sun,Daily,SK9 6HL,Wilmslow,1000
2025-11-16,Sun,Daily,S41 0HB,Chesterfield,1000
2025-11-16,Sun,Daily,NP22 3SB,Tredegar,1000
2025-11-16,Sun,Daily,NN13 6PD,Brackley,1000
2025-11-16,Sun,Daily,M38 9XH,Little Hulton,1000
2025-11-16,Sun,Daily,LS15 4LW,Barwick in Elmet,1000
2025-11-16,Sun,Daily,LA14 3LE,Barrow-in-Furness,1000
2025-11-16,Sun,Daily,IP26 5AU,Mundford,1000
2025-11-16,Sun,Daily,HU12 9EQ,Thorngumbald,1000
2025-11-16,Sun,Daily,HA5 1QR,Harrow,1000
2025-11-16,Sun,Daily,GL20 6HQ,Twyning,1000
2025-11-16,Sun,Daily,G33 5HE,Glasgow,1000
2025-11-16,Sun,Daily,EN8 9FZ,Cheshunt,1000
2025-11-16,Sun,Daily,DH6 1AA,Sherburn (County Durham),1000
2025-11-16,Sun,Daily,B46 3EU,Coleshill (North Warwickshire),1000
2025-11-15,Sat,Millionaire Street,GL2 4QP,Quedgeley and Hardwicke,83333
2025-11-15,Sat,Daily,SK7 2JN,Bramhall,1000
2025-11-15,Sat,Daily,SE23 2RJ,Lewisham,1000
2025-11-15,Sat,Daily,S71 1XH,Barnsley,1000
2025-11-15,Sat,Daily,S35 8NZ,Ecclesfield and Grenoside,1000
2025-11-15,Sat,Daily,PA34 4NU,Oban,1000
2025-11-15,Sat,Daily,OL6 7AH,Ashton-under-Lyne,1000
2025-11-15,Sat,Daily,ME16 8LP,Maidstone,1000
2025-11-15,Sat,Daily,LS29 6AE,Menston,1000
2025-11-15,Sat,Daily,LN4 1QG,Washingborough and Heighington,1000
2025-11-15,Sat,Daily,KA6 7DN,Drongan,1000
2025-11-15,Sat,Daily,HX6 1DJ,Sowerby Bridge,1000
2025-11-15,Sat,Daily,HR4 8RU,Weobley,1000
2025-11-15,Sat,Daily,GU1 1LQ,Guildford,1000
2025-11-15,Sat,Daily,GL3 1PD,Churchdown,1000
2025-11-15,Sat,Daily,FY8 2HY,Lytham St Anne's,1000
2025-11-15,Sat,Daily,CH41 9HA,Birkenhead,1000
2025-11-15,Sat,Daily,CF34 0BH,Maesteg,1000
2025-11-15,Sat,Daily,BS3 4EX,Bristol,1000
2025-11-15,Sat,Daily,BH24 3PR,Ringwood,1000
2025-11-15,Sat,Daily,B65 9EN,Rowley Regis,1000
2025-11-14,Fri,Daily,YO51 9JL,Boroughbridge,1000
2025-11-14,Fri,Daily,WA7 6BJ,Runcorn,1000
2025-11-14,Fri,Daily,WA11 0PY,Haydock,1000
2025-11-14,Fri,Daily,SY16 2LT,Newtown (Powys),1000
2025-11-14,Fri,Daily,SK17 0NZ,Hartington,1000
2025-11-14,Fri,Daily,SK11 7TE,Macclesfield,1000
2025-11-14,Fri,Daily,PL11 2LD,Torpoint,1000
2025-11-14,Fri,Daily,PA19 1LE,Gourock,1000
2025-11-14,Fri,Daily,NR10 5DU,Buxton (Broadland),1000
2025-11-14,Fri,Daily,NG25 0BW,Southwell (Newark and Sherwood),1000
2025-11-14,Fri,Daily,MK18 2AS,Steeple Claydon,1000
2025-11-14,Fri,Daily,KT23 4ET,Great Bookham and Fetcham,1000
2025-11-14,Fri,Daily,HA2 8QX,Harrow,1000
2025-11-14,Fri,Daily,CW4 7AT,Holmes Chapel,1000
2025-11-14,Fri,Daily,CV12 0QF,Bedworth,1000
2025-11-14,Fri,Daily,CT6 7HD,Herne,1000
2025-11-14,Fri,Daily,CH5 1HR,Shotton,1000
2025-11-14,Fri,Daily,CF45 3AP,Mountain Ash,1000
2025-11-14,Fri,Daily,CB6 2QW,Sutton (East Cambridgeshire),1000
2025-11-14,Fri,Daily,B94 6LS,Hockley Heath,1000
2025-11-13,Thu,Daily,W3 6HR,Ealing,1000
2025-11-13,Thu,Daily,TS5 8DD,Middlesbrough,1000
2025-11-13,Thu,Daily,TN33 9QH,Ninfield,1000
2025-11-13,Thu,Daily,TN16 1JB,Westerham,1000
2025-11-13,Thu,Daily,SS8 9FH,Canvey Island,1000
2025-11-13,Thu,Daily,SO32 2AA,Botley,1000
2025-11-13,Thu,Daily,SL6 2JQ,Maidenhead,1000
2025-11-13,Thu,Daily,SE1 4TT,Southwark,1000
2025-11-13,Thu,Daily,OX10 8HU,Wallingford,1000
2025-11-13,Thu,Daily,OL2 6PS,Royton,1000
2025-11-13,Thu,Daily,NG5 9JE,Nottingham,1000
2025-11-13,Thu,Daily,MK5 6JL,Milton Keynes,1000
2025-11-13,Thu,Daily,ME14 1RZ,Maidstone,1000
2025-11-13,Thu,Daily,M41 8UN,Urmston,1000
2025-11-13,Thu,Daily,IP13 9LB,Framlingham,1000
2025-11-13,Thu,Daily,IG11 7DH,Barking and Dagenham,1000
2025-11-13,Thu,Daily,G74 4BZ,East Kilbride,1000
2025-11-13,Thu,Daily,EH8 9TE,Edinburgh,1000
2025-11-13,Thu,Daily,EH7 6RF,Edinburgh,1000
2025-11-13,Thu,Daily,CH47 0ND,Meols,1000
2025-11-12,Wed,Daily,SE6 1JY,Lewisham,1000
2025-11-12,Wed,Daily,S18 2GJ,Dronfield,1000
2025-11-12,Wed,Daily,RG5 4LH,Woodley,1000
2025-11-12,Wed,Daily,PR7 1LZ,Chorley,1000
2025-11-12,Wed,Daily,PE37 7LX,Swaffham,1000
2025-11-12,Wed,Daily,NW2 4QR,Brent,1000
2025-11-12,Wed,Daily,N20 9QH,Barnet,1000
2025-11-12,Wed,Daily,M19 1XS,Manchester,1000
2025-11-12,Wed,Daily,IP22 1QP,Rickinghall and Botesdale,1000
2025-11-12,Wed,Daily,HU4 6LZ,Kingston upon Hull,1000
2025-11-12,Wed,Daily,GL13 9JL,Berkeley,1000
2025-11-12,Wed,Daily,EX15 3LW,Uffculme,1000
2025-11-12,Wed,Daily,DL10 7AU,Richmond,1000
2025-11-12,Wed,Daily,DL1 2YA,Darlington,1000
2025-11-12,Wed,Daily,DG2 0BH,Dumfries,1000
2025-11-12,Wed,Daily,CR2 8QR,Croydon,1000
2025-11-12,Wed,Daily,BS41 9FE,Long Ashton,1000
2025-11-12,Wed,Daily,B90 4JA,Solihull,1000
2025-11-12,Wed,Daily,AB56 4DJ,Cullen,1000
2025-11-12,Wed,Daily,AB54 6BD,Huntly,1000
2025-11-11,Tue,Daily,YO8 8QY,Selby,1000
2025-11-11,Tue,Daily,UB9 5NH,Hillingdon,1000
2025-11-11,Tue,Daily,SM4 5PP,Merton,1000
2025-11-11,Tue,Daily,RM15 5JW,South Ockendon,1000
2025-11-11,Tue,Daily,RG7 3RA,Burghfield Common,1000
2025-11-11,Tue,Daily,MK18 2BS,Steeple Claydon,1000
2025-11-11,Tue,Daily,LL22 7PS,Abergele,1000
2025-11-11,Tue,Daily,LL13 9BE,Wrexham,1000
2025-11-11,Tue,Daily,KA1 4TD,Kilmarnock,1000
2025-11-11,Tue,Daily,HR6 0NB,Leominster,1000
2025-11-11,Tue,Daily,GU31 5HL,South Harting,1000
2025-11-11,Tue,Daily,GL14 2AS,Cinderford,1000
2025-11-11,Tue,Daily,E17 8HA,Waltham Forest,1000
2025-11-11,Tue,Daily,DL14 0DR,Bishop Auckland,1000
2025-11-11,Tue,Daily,CO16 8XS,Clacton-on-Sea,1000
2025-11-11,Tue,Daily,BS30 9BG,Kingswood and Fishponds,1000
2025-11-11,Tue,Daily,BH1 3PJ,Bournemouth,1000
2025-11-11,Tue,Daily,BD18 4PJ,Shipley (Bradford),1000
2025-11-11,Tue,Daily,B63 4PL,Halesowen,1000
2025-11-11,Tue,Daily,B23 5GL,Birmingham,1000
2025-11-10,Mon,Daily,SA4 4WG,Gorseinon,1000
2025-11-10,Mon,Daily,SA14 6SZ,Cross Hands and Pen-y-groes,1000
2025-11-10,Mon,Daily,RG40 2AT,Wokingham,1000
2025-11-10,Mon,Daily,RG14 6BL,Newbury,1000
2025-11-10,Mon,Daily,ML6 7BZ,Airdrie,1000
2025-11-10,Mon,Daily,MK18 2BQ,Steeple Claydon,1000
2025-11-10,Mon,Daily,KT15 2XN,Addlestone,1000
2025-11-10,Mon,Daily,IP17 1ES,Saxmundham,1000
2025-11-10,Mon,Daily,IG10 1DF,Loughton,1000
2025-11-10,Mon,Daily,EX8 1DW,Exmouth,1000
2025-11-10,Mon,Daily,EX20 1SD,Okehampton,1000
2025-11-10,Mon,Daily,EH47 9EB,Fauldhouse,1000
2025-11-10,Mon,Daily,E15 1TF,Newham,1000
2025-11-10,Mon,Daily,E12 6PT,Newham,1000
2025-11-10,Mon,Daily,CT3 3NQ,Aylesham,1000
2025-11-10,Mon,Daily,CT17 9QL,Dover,1000
2025-11-10,Mon,Daily,CH42 8NX,Birkenhead,1000
2025-11-10,Mon,Daily,CH1 1RD,Chester,1000
2025-11-10,Mon,Daily,CA28 9LE,Whitehaven,1000
2025-11-10,Mon,Daily,B23 6BX,Birmingham,1000
2025-11-09,Sun,Daily,WF10 4SX,Castleford,1000
2025-11-09,Sun,Daily,ST1 6BD,Stoke-on-Trent,1000
2025-11-09,Sun,Daily,SK13 7ED,Glossop,1000
2025-11-09,Sun,Daily,SK10 3PY,Macclesfield,1000
2025-11-09,Sun,Daily,S5 7LJ,Sheffield,1000
2025-11-09,Sun,Daily,PE8 5EF,Oundle,1000
2025-11-09,Sun,Daily,NR33 0QG,Lowestoft,1000
2025-11-09,Sun,Daily,NN18 8PJ,Corby,1000
2025-11-09,Sun,Daily,NG8 4AT,Nottingham,1000
2025-11-09,Sun,Daily,NG2 4QB,Nottingham,1000
2025-11-09,Sun,Daily,M28 1NB,Worsley,1000
2025-11-09,Sun,Daily,GU52 6JA,Fleet,1000
2025-11-09,Sun,Daily,G82 4NZ,Dumbarton,1000
2025-11-09,Sun,Daily,G51 4UB,Glasgow,1000
2025-11-09,Sun,Daily,EH54 6LD,Livingston,1000
2025-11-09,Sun,Daily,DN22 6RT,Retford,1000
2025-11-09,Sun,Daily,DH3 2NW,Birtley,1000
2025-11-09,Sun,Daily,CF47 9RW,Merthyr Tydfil,1000
2025-11-09,Sun,Daily,BR7 6BZ,Bromley,1000
2025-11-09,Sun,Daily,B25 8AU,Birmingham,1000
2025-11-08,Sat,Millionaire Street,PO9 2LD,Havant,250000
2025-11-08,Sat,Daily,WV13 3ED,Wolverhampton,1000
2025-11-08,Sat,Daily,TQ14 9NL,Teignmouth,1000
2025-11-08,Sat,Daily,SY3 9NS,Shrewsbury,1000
2025-11-08,Sat,Daily,SW17 8SY,Wandsworth,1000
2025-11-08,Sat,Daily,SP6 3PJ,Alderholt,1000
2025-11-08,Sat,Daily,RM9 5ER,Barking and Dagenham,1000
2025-11-08,Sat,Daily,PE21 9AN,Boston,1000
2025-11-08,Sat,Daily,OX17 3DG,Adderbury and Twyford,1000
2025-11-08,Sat,Daily,OX14 4EL,Sutton Courtenay,1000
2025-11-08,Sat,Daily,NR19 2LH,Dereham,1000
2025-11-08,Sat,Daily,NE29 6HF,Tynemouth,1000
2025-11-08,Sat,Daily,NE28 9YY,Wallsend,1000
2025-11-08,Sat,Daily,KY12 7TG,Dunfermline,1000
2025-11-08,Sat,Daily,IV30 4ET,Elgin,1000
2025-11-08,Sat,Daily,IG9 6EL,Buckhurst Hill,1000
2025-11-08,Sat,Daily,HP16 0DR,Prestwood and Great Missenden,1000
2025-11-08,Sat,Daily,HG4 2BN,Ripon,1000
2025-11-08,Sat,Daily,G32 6HG,Glasgow,1000
2025-11-08,Sat,Daily,DL2 2NX,Hurworth-on-Tees,1000
2025-11-08,Sat,Daily,CM1 4EE,Chelmsford,1000
2025-11-07,Fri,Daily,TS6 6EB,Eston,1000
2025-11-07,Fri,Daily,SN3 6EZ,Swindon (Swindon),1000
2025-11-07,Fri,Daily,SN3 6DA,Swindon (Swindon),1000
2025-11-07,Fri,Daily,SN11 8JQ,Calne,1000
2025-11-07,Fri,Daily,PL21 0TN,Ivybridge,1000
2025-11-07,Fri,Daily,PE9 1HH,Stamford,1000
2025-11-07,Fri,Daily,NE23 7LU,Dudley (North Tyneside),1000
2025-11-07,Fri,Daily,MK18 2NN,Steeple Claydon,1000
2025-11-07,Fri,Daily,LU3 1PN,Luton,1000
2025-11-07,Fri,Daily,LN1 2HG,Saxilby,1000
2025-11-07,Fri,Daily,LL19 7NX,Prestatyn,1000
2025-11-07,Fri,Daily,L30 1SW,Bootle (Sefton),1000
2025-11-07,Fri,Daily,HU1 3SA,Kingston upon Hull,1000
2025-11-07,Fri,Daily,G46 6NE,Glasgow,1000
2025-11-07,Fri,Daily,EX21 5SJ,Halwill Junction,1000
2025-11-07,Fri,Daily,DN10 4BL,Misterton (Bassetlaw),1000
2025-11-07,Fri,Daily,CT12 4JN,Minster (Thanet),1000
2025-11-07,Fri,Daily,BS36 1NN,Frampton Cotterell and Winterbourne,1000
2025-11-07,Fri,Daily,BH9 1LE,Bournemouth,1000
2025-11-07,Fri,Daily,BA1 7BB,Batheaston,1000
2025-11-06,Thu,Daily,WS12 0QE,Rawnsley,1000
2025-11-06,Thu,Daily,WR8 9JW,Worcester,1000
2025-11-06,Thu,Daily,TS3 9RH,Middlesbrough,1000
2025-11-06,Thu,Daily,TF13 6JH,Much Wenlock,1000
2025-11-06,Thu,Daily,SA4 9RX,Penllergaer,1000
2025-11-06,Thu,Daily,RH4 1JF,Dorking,1000
2025-11-06,Thu,Daily,PH7 4DE,Crieff,1000
2025-11-06,Thu,Daily,PE19 8YE,St Neots,1000
2025-11-06,Thu,Daily,PA77 6UB,Crossapol,1000
2025-11-06,Thu,Daily,OX4 7WW,Oxford,1000
2025-11-06,Thu,Daily,NN6 8HS,Northampton,1000
2025-11-06,Thu,Daily,LS16 6NY,Leeds,1000
2025-11-06,Thu,Daily,L18 3JR,Liverpool,1000
2025-11-06,Thu,Daily,GU1 1LS,Guildford,1000
2025-11-06,Thu,Daily,DT3 6BU,Weymouth,1000
2025-11-06,Thu,Daily,CV5 9BU,Coventry,1000
2025-11-06,Thu,Daily,CM15 9HT,Brentwood,1000
2025-11-06,Thu,Daily,CF62 5AP,Barry (Vale of Glamorgan),1000
2025-11-06,Thu,Daily,BH24 4AF,Burley,1000
2025-11-06,Thu,Daily,BD21 1JJ,Keighley,1000
2025-11-05,Wed,Daily,ST8 6QF,Biddulph,1000
2025-11-05,Wed,Daily,SO53 5AB,Chandler's Ford,1000
2025-11-05,Wed,Daily,SM7 1HR,Tadworth and Epsom Downs,1000
2025-11-05,Wed,Daily,S45 9HR,Clay Cross,1000
2025-11-05,Wed,Daily,NR34 9RG,Beccles,1000
2025-11-05,Wed,Daily,NE29 9JP,Tynemouth,1000
2025-11-05,Wed,Daily,M24 1JD,Middleton (Rochdale),1000
2025-11-05,Wed,Daily,LN2 3QD,Welton (West Lindsey),1000
2025-11-05,Wed,Daily,IV12 4TU,Nairn,1000
2025-11-05,Wed,Daily,HP19 8SX,Aylesbury,1000
2025-11-05,Wed,Daily,GU9 8RJ,Farnham,1000
2025-11-05,Wed,Daily,G84 0BN,Garelochhead,1000
2025-11-05,Wed,Daily,G42 8LE,Glasgow,1000
2025-11-05,Wed,Daily,EH46 7DA,West Linton,1000
2025-11-05,Wed,Daily,E17 7QB,Waltham Forest,1000
2025-11-05,Wed,Daily,CO11 2XA,Lawford,1000
2025-11-05,Wed,Daily,CH48 3JE,West Kirby,1000
2025-11-05,Wed,Daily,CH4 8HT,Chester,1000
2025-11-05,Wed,Daily,BR8 7JB,Swanley,1000
2025-11-05,Wed,Daily,BN15 9HJ,Lancing and Sompting,1000
2025-11-04,Tue,Daily,WS13 6FJ,Lichfield,1000
2025-11-04,Tue,Daily,WD7 9AW,Shenley,1000
2025-11-04,Tue,Daily,W7 1EH,Ealing,1000
2025-11-04,Tue,Daily,UB1 2PX,Ealing,1000
2025-11-04,Tue,Daily,SP2 7HX,Salisbury,1000
2025-11-04,Tue,Daily,SL3 7AT,Slough,1000
2025-11-04,Tue,Daily,SK15 1HQ,Stalybridge,1000
2025-11-04,Tue,Daily,PO20 2EJ,Tangmere,1000
2025-11-04,Tue,Daily,NE31 1BP,Hebburn,1000
2025-11-04,Tue,Daily,N21 2QJ,Enfield,1000
2025-11-04,Tue,Daily,MK10 9GY,Milton Keynes,1000
2025-11-04,Tue,Daily,M9 4FQ,Manchester,1000
2025-11-04,Tue,Daily,M30 0NX,Eccles (Salford),1000
2025-11-04,Tue,Daily,L19 1RY,Liverpool,1000
2025-11-04,Tue,Daily,HP10 8AJ,Hazlemere,1000
2025-11-04,Tue,Daily,DN35 8DX,Cleethorpes,1000
2025-11-04,Tue,Daily,DH8 8RB,Consett,1000
2025-11-04,Tue,Daily,CV3 1QA,Coventry,1000
2025-11-04,Tue,Daily,BR6 6AS,Bromley,1000
2025-11-04,Tue,Daily,BL1 3QE,Bolton (Bolton),1000
2025-11-03,Mon,Daily,YO15 2LW,Bridlington,1000
2025-11-03,Mon,Daily,W5 4RG,Ealing,1000
2025-11-03,Mon,Daily,SP4 6JZ,Old Sarum,1000
2025-11-03,Mon,Daily,PR5 8DP,Bamber Bridge,1000
2025-11-03,Mon,Daily,PR2 8FX,Fulwood,1000
2025-11-03,Mon,Daily,PO7 8JX,Waterlooville,1000
2025-11-03,Mon,Daily,NE25 0JZ,Seaton Delaval,1000
2025-11-03,Mon,Daily,ML3 7PH,Hamilton,1000
2025-11-03,Mon,Daily,ML11 7PQ,Lanark,1000
2025-11-03,Mon,Daily,ME1 3TT,Rochester,1000
2025-11-03,Mon,Daily,M16 9LA,Old Trafford,1000
2025-11-03,Mon,Daily,LS9 8DT,Leeds,1000
2025-11-03,Mon,Daily,LS27 7PG,Gildersome,1000
2025-11-03,Mon,Daily,LE8 5TF,Countesthorpe,1000
2025-11-03,Mon,Daily,KY11 3BN,Dunfermline,1000
2025-11-03,Mon,Daily,KY1 1JL,Kirkcaldy,1000
2025-11-03,Mon,Daily,G81 3RR,Clydebank,1000
2025-11-03,Mon,Daily,CO2 8DX,Colchester,1000
2025-11-03,Mon,Daily,CO16 9BT,Little Clacton,1000
2025-11-03,Mon,Daily,BL4 8DL,Kearsley,1000
2025-11-02,Sun,Daily,TS12 2BW,Skelton (Redcar and Cleveland),1000
2025-11-02,Sun,Daily,TD11 3QJ,Duns,1000
2025-11-02,Sun,Daily,SS2 6ET,Southend-on-Sea,1000
2025-11-02,Sun,Daily,SO19 7LJ,Southampton,1000
2025-11-02,Sun,Daily,SK14 4ST,Hyde (Tameside),1000
2025-11-02,Sun,Daily,SE10 8PX,Greenwich,1000
2025-11-02,Sun,Daily,SA16 0AB,Burry Port,1000
2025-11-02,Sun,Daily,RH11 8FF,Crawley (Crawley),1000
2025-11-02,Sun,Daily,RG8 8RW,Pangbourne,1000
2025-11-02,Sun,Daily,PR6 7LP,Whittle-le-Woods,1000
2025-11-02,Sun,Daily,PO38 3BJ,Wroxall,1000
2025-11-02,Sun,Daily,NG3 4JX,Nottingham,1000
2025-11-02,Sun,Daily,LU4 8PP,Luton,1000
2025-11-02,Sun,Daily,LL16 3BY,Denbigh,1000
2025-11-02,Sun,Daily,LA4 6PH,Morecambe,1000
2025-11-02,Sun,Daily,KA6 7DY,Drongan,1000
2025-11-02,Sun,Daily,GL5 2LD,Brimscombe and Thrupp,1000
2025-11-02,Sun,Daily,EH21 8FP,Wallyford,1000
2025-11-02,Sun,Daily,CW1 3SR,Crewe,1000
2025-11-02,Sun,Daily,B90 3HP,Solihull,1000
2025-11-01,Sat,Millionaire Street,LE67 8NW,Whitwick,83333
2025-11-01,Sat,Daily,YO8 4LG,Selby,1000
2025-11-01,Sat,Daily,TW17 0LQ,Shepperton Green,1000
2025-11-01,Sat,Daily,TW13 6JR,Hounslow,1000
2025-11-01,Sat,Daily,TA20 2QU,Chard,1000
2025-11-01,Sat,Daily,SK9 4AQ,Wilmslow,1000
2025-11-01,Sat,Daily,M6 5NG,Salford,1000
2025-11-01,Sat,Daily,LE16 9FQ,Market Harborough,1000
2025-11-01,Sat,Daily,L33 1WX,Kirkby,1000
2025-11-01,Sat,Daily,IV17 0SS,Alness,1000
2025-11-01,Sat,Daily,GL7 5EX,South Cerney,1000
2025-11-01,Sat,Daily,GL53 0DS,Cheltenham,1000
2025-11-01,Sat,Daily,G34 0HT,Glasgow,1000
2025-11-01,Sat,Daily,EH19 3LZ,Bonnyrigg,1000
2025-11-01,Sat,Daily,DE11 7PY,Woodville,1000
2025-11-01,Sat,Daily,CW7 2TT,Winsford,1000
2025-11-01,Sat,Daily,CM6 1ZG,Great Dunmow,1000
2025-11-01,Sat,Daily,CH45 6TQ,Wallasey,1000
2025-11-01,Sat,Daily,CF3 3NS,Cardiff,1000
2025-11-01,Sat,Daily,CA8 1TJ,Brampton (Carlisle),1000
2025-11-01,Sat,Daily,BS14 9TL,Bristol,1000
2025-10-31,Fri,Daily,WS11 7YB,Cannock,1000
2025-10-31,Fri,Daily,SW19 7BD,Merton,1000
2025-10-31,Fri,Daily,SS17 0FW,Stanford-le-Hope,1000
2025-10-31,Fri,Daily,SR3 3JL,Sunderland,1000
2025-10-31,Fri,Daily,SK3 9QS,Stockport,1000
2025-10-31,Fri,Daily,S81 9BU,Carlton in Lindrick,1000
2025-10-31,Fri,Daily,S80 3EF,Worksop,1000
2025-10-31,Fri,Daily,S45 9RD,Clay Cross,1000
2025-10-31,Fri,Daily,PO8 9RF,Horndean,1000
2025-10-31,Fri,Daily,MK6 4HL,Milton Keynes,1000
2025-10-31,Fri,Daily,LE4 2BA,Leicester,1000
2025-10-31,Fri,Daily,G71 5LQ,Uddingston,1000
2025-10-31,Fri,Daily,FY8 1UX,Lytham St Anne's,1000
2025-10-31,Fri,Daily,DN18 5AB,Barton-upon-Humber,1000
2025-10-31,Fri,Daily,DA8 1DR,Bexley,1000
2025-10-31,Fri,Daily,CW8 2TZ,Cuddington (Cheshire West and Chester),1000
2025-10-31,Fri,Daily,CW1 4AY,Crewe,1000
2025-10-31,Fri,Daily,CT4 7BQ,Chartham,1000
2025-10-31,Fri,Daily,BA22 9DR,West Coker,1000
2025-10-31,Fri,Daily,B35 7BY,Birmingham,1000
2025-10-30,Thu,Daily,UB5 6AZ,Ealing,1000
2025-10-30,Thu,Daily,SS7 1RY,Thundersley and South Benfleet,1000
2025-10-30,Thu,Daily,PR7 2HS,Chorley,1000
2025-10-30,Thu,Daily,PO30 1SN,Newport (Isle of Wight),1000
2025-10-30,Thu,Daily,PA34 4JA,Oban,1000
2025-10-30,Thu,Daily,NR10 5PP,Buxton (Broadland),1000
2025-10-30,Thu,Daily,NN16 9QZ,Kettering,1000
2025-10-30,Thu,Daily,LS10 4UY,Leeds,1000
2025-10-30,Thu,Daily,G33 1RW,Glasgow,1000
2025-10-30,Thu,Daily,FY6 9BQ,Hambleton (Wyre),1000
2025-10-30,Thu,Daily,EX31 3FR,Barnstaple,1000
2025-10-30,Thu,Daily,E17 6JB,Waltham Forest,1000
2025-10-30,Thu,Daily,DE4 4EA,Wirksworth,1000
2025-10-30,Thu,Daily,DA15 8PZ,Bexley,1000
2025-10-30,Thu,Daily,CA11 8NH,Penrith,1000
2025-10-30,Thu,Daily,BS4 3NR,Bristol,1000
2025-10-30,Thu,Daily,BL2 5DB,Bolton (Bolton),1000
2025-10-30,Thu,Daily,BH17 9JS,Poole,1000
2025-10-30,Thu,Daily,BB3 3QE,Darwen,1000
2025-10-30,Thu,Daily,AB54 6HE,Huntly,1000
2025-10-29,Wed,Daily,WR13 5NF,Great Malvern,1000
2025-10-29,Wed,Daily,S75 4DR,Silkstone,1000
2025-10-29,Wed,Daily,RG6 5UB,Reading,1000
2025-10-29,Wed,Daily,RG22 4DJ,Basingstoke,1000
2025-10-29,Wed,Daily,PE13 5DD,Leverington,1000
2025-10-29,Wed,Daily,NE15 7RQ,Newcastle upon Tyne,1000
2025-10-29,Wed,Daily,N22 6SF,Haringey,1000
2025-10-29,Wed,Daily,LE15 7RN,Oakham,1000
2025-10-29,Wed,Daily,HP1 1JJ,Hemel Hempstead,1000
2025-10-29,Wed,Daily,FY7 6UG,Fleetwood,1000
2025-10-29,Wed,Daily,EN5 4NZ,Barnet,1000
2025-10-29,Wed,Daily,DD2 5AS,Invergowrie,1000
2025-10-29,Wed,Daily,CV10 8NH,Nuneaton,1000
2025-10-29,Wed,Daily,CT7 9NY,Margate,1000
2025-10-29,Wed,Daily,CH65 8HR,Ellesmere Port,1000
2025-10-29,Wed,Daily,CF39 9SL,Porth,1000
2025-10-29,Wed,Daily,BS7 0QA,Bristol,1000
2025-10-29,Wed,Daily,BR5 4AS,Bromley,1000
2025-10-29,Wed,Daily,BA6 9QN,Glastonbury,1000
2025-10-29,Wed,Daily,AB12 3BY,Aberdeen,1000
2025-10-28,Tue,Daily,WV4 4JE,Wolverhampton,1000
2025-10-28,Tue,Daily,WF3 1NU,East Ardsley,1000
2025-10-28,Tue,Daily,WD4 8DB,Abbots Langley and Kings Langley,1000
2025-10-28,Tue,Daily,TN15 6PR,West Kingsdown,1000
2025-10-28,Tue,Daily,SE12 0PY,Lewisham,1000
2025-10-28,Tue,Daily,S8 7LA,Sheffield,1000
2025-10-28,Tue,Daily,PO31 7SQ,Cowes,1000
2025-10-28,Tue,Daily,PE19 8BN,St Neots,1000
2025-10-28,Tue,Daily,NR8 6PY,Taverham and Drayton,1000
2025-10-28,Tue,Daily,NR32 1RR,Lowestoft,1000
2025-10-28,Tue,Daily,ME17 2DJ,Lenham and Harrietsham,1000
2025-10-28,Tue,Daily,KT9 2HL,Kingston upon Thames,1000
2025-10-28,Tue,Daily,HP2 4PB,Hemel Hempstead,1000
2025-10-28,Tue,Daily,G67 3AF,Cumbernauld,1000
2025-10-28,Tue,Daily,EH6 8HN,Edinburgh,1000
2025-10-28,Tue,Daily,DN36 4RP,Humberston and New Waltham,1000
2025-10-28,Tue,Daily,DN20 8RF,Brigg,1000
2025-10-28,Tue,Daily,CT3 4BZ,Hersden,1000
2025-10-28,Tue,Daily,BS15 9RN,Kingswood and Fishponds,1000
2025-10-28,Tue,Daily,B11 3PB,Birmingham,1000
2025-10-27,Mon,Daily,SY16 2EB,Newtown (Powys),1000
2025-10-27,Mon,Daily,ST5 7NN,Newcastle-under-Lyme,1000
2025-10-27,Mon,Daily,ST17 4AL,Stafford,1000
2025-10-27,Mon,Daily,SO41 6DH,Sway,1000
2025-10-27,Mon,Daily,SO15 5LY,Southampton,1000
2025-10-27,Mon,Daily,SM1 4PB,Sutton (Sutton),1000
2025-10-27,Mon,Daily,S66 7QA,Maltby,1000
2025-10-27,Mon,Daily,RG6 7RF,Reading,1000
2025-10-27,Mon,Daily,PO22 6LD,Bognor Regis,1000
2025-10-27,Mon,Daily,PH2 9LU,Bridge of Earn,1000
2025-10-27,Mon,Daily,ML8 5BH,Carluke,1000
2025-10-27,Mon,Daily,ML6 8SH,Airdrie,1000
2025-10-27,Mon,Daily,ME14 2DF,Maidstone,1000
2025-10-27,Mon,Daily,KT23 3HA,Great Bookham and Fetcham,1000
2025-10-27,Mon,Daily,HA8 8SN,Barnet,1000
2025-10-27,Mon,Daily,G33 2EX,Glasgow,1000
2025-10-27,Mon,Daily,CW11 4DD,Sandbach,1000
2025-10-27,Mon,Daily,CM7 9TA,Braintree,1000
2025-10-27,Mon,Daily,CM23 3QP,Bishop's Stortford,1000
2025-10-27,Mon,Daily,BN25 1SU,Seaford,1000
2025-10-26,Sun,Daily,SR5 3BP,Sunderland,1000
2025-10-26,Sun,Daily,SN3 1QJ,Swindon (Swindon),1000
2025-10-26,Sun,Daily,RH10 8FB,Crawley (Crawley),1000
2025-10-26,Sun,Daily,PR2 2BD,Preston (Preston),1000
2025-10-26,Sun,Daily,PA15 4EU,Greenock,1000
2025-10-26,Sun,Daily,NW3 2YY,Camden,1000
2025-10-26,Sun,Daily,NR28 9PX,North Walsham,1000
2025-10-26,Sun,Daily,NE10 0SJ,Gateshead,1000
2025-10-26,Sun,Daily,LU5 6JR,Toddington,1000
2025-10-26,Sun,Daily,LE7 3ZU,Queniborough,1000
2025-10-26,Sun,Daily,LE3 6RN,Leicester,1000
2025-10-26,Sun,Daily,LE17 5JR,Gilmorton,1000
2025-10-26,Sun,Daily,LA9 5NE,Kendal,1000
2025-10-26,Sun,Daily,HU3 5AZ,Kingston upon Hull,1000
2025-10-26,Sun,Daily,DD10 0PA,Inverbervie,1000
2025-10-26,Sun,Daily,CR0 4BA,Croydon,1000
2025-10-26,Sun,Daily,CO16 9FN,Little Clacton,1000
2025-10-26,Sun,Daily,CM24 8RJ,Stansted Mountfitchet,1000
2025-10-26,Sun,Daily,BN22 7JD,Eastbourne,1000
2025-10-26,Sun,Daily,BH20 4NR,Wareham,1000
2025-10-25,Sat,Millionaire Street,AL9 6PT,Essendon,83333
2025-10-25,Sat,Daily,YO10 3AF,York,1000
2025-10-25,Sat,Daily,WA5 0AY,Warrington,1000
2025-10-25,Sat,Daily,TR16 4HT,Pool and Illogan,1000
2025-10-25,Sat,Daily,TR15 2RR,Redruth,1000
2025-10-25,Sat,Daily,SN3 5AR,Swindon (Swindon),1000
2025-10-25,Sat,Daily,SE8 4DH,Lewisham,1000
2025-10-25,Sat,Daily,RG12 9QW,Bracknell,1000
2025-10-25,Sat,Daily,PL6 8JZ,Plymouth,1000
2025-10-25,Sat,Daily,KY8 2HY,Methil,1000
2025-10-25,Sat,Daily,KT4 8HU,Sutton (Sutton),1000
2025-10-25,Sat,Daily,GU34 4PZ,Alton (East Hampshire),1000
2025-10-25,Sat,Daily,G14 0XZ,Glasgow,1000
2025-10-25,Sat,Daily,EX14 9LP,Honiton,1000
2025-10-25,Sat,Daily,E13 8JN,Newham,1000
2025-10-25,Sat,Daily,DE24 9HB,Derby,1000
2025-10-25,Sat,Daily,CV6 2NL,Coventry,1000
2025-10-25,Sat,Daily,CB23 7ZT,Hardwick (South Cambridgeshire),1000
2025-10-25,Sat,Daily,BS4 4HN,Bristol,1000
2025-10-25,Sat,Daily,BR8 7XP,Swanley,1000
2025-10-25,Sat,Daily,BB5 5ES,Clayton-le-Moors,1000
2025-10-24,Fri,Daily,WR14 2DQ,Great Malvern,1000
2025-10-24,Fri,Daily,TS27 4AU,Blackhall Colliery,1000
2025-10-24,Fri,Daily,TQ1 4EB,Torquay,1000
2025-10-24,Fri,Daily,SY5 9PG,Westbury (Shropshire),1000
2025-10-24,Fri,Daily,SM3 9ES,Sutton (Sutton),1000
2025-10-24,Fri,Daily,SE25 4JZ,Croydon,1000
2025-10-24,Fri,Daily,S63 0FP,Thurnscoe,1000
2025-10-24,Fri,Daily,RM3 0FA,Havering,1000
2025-10-24,Fri,Daily,PL13 2BJ,Looe,1000
2025-10-24,Fri,Daily,PH26 3JB,Grantown-on-Spey,1000
2025-10-24,Fri,Daily,NE26 3SZ,Whitley Bay,1000
2025-10-24,Fri,Daily,M13 0RB,Manchester,1000
2025-10-24,Fri,Daily,LE13 0NY,Melton Mowbray,1000
2025-10-24,Fri,Daily,GU1 2ET,Guildford,1000
2025-10-24,Fri,Daily,DA12 4BU,Gravesend,1000
2025-10-24,Fri,Daily,CT13 0NG,Eastry,1000
2025-10-24,Fri,Daily,CH65 7BX,Ellesmere Port,1000
2025-10-24,Fri,Daily,BS15 3BH,Kingswood and Fishponds,1000
2025-10-24,Fri,Daily,BN15 9RY,Lancing and Sompting,1000
2025-10-24,Fri,Daily,AB15 6LD,Aberdeen,1000
2025-10-23,Thu,Daily,YO31 1DQ,York,1000
2025-10-23,Thu,Daily,WV16 5LF,Bridgnorth,1000
2025-10-23,Thu,Daily,WF17 0HS,Batley,1000
2025-10-23,Thu,Daily,W2 2PJ,City of Westminster,1000
2025-10-23,Thu,Daily,PL15 7QQ,Launceston,1000
2025-10-23,Thu,Daily,PE10 9WU,Bourne,1000
2025-10-23,Thu,Daily,NG9 4EW,Beeston (Broxtowe),1000
2025-10-23,Thu,Daily,NE63 0LJ,Ashington (Northumberland),1000
2025-10-23,Thu,Daily,LS28 5PT,Pudsey,1000
2025-10-23,Thu,Daily,L23 7XN,Crosby (Sefton),1000
2025-10-23,Thu,Daily,G66 2DH,Kirkintilloch,1000
2025-10-23,Thu,Daily,EX20 2TE,North Tawton,1000
2025-10-23,Thu,Daily,DN10 4AD,Misterton (Bassetlaw),1000
2025-10-23,Thu,Daily,DG5 4EP,Dalbeattie,1000
2025-10-23,Thu,Daily,CR6 9SA,Warlingham,1000
2025-10-23,Thu,Daily,CR4 1BL,Merton,1000
2025-10-23,Thu,Daily,CM2 9GD,Chelmsford,1000
2025-10-23,Thu,Daily,BL6 6JQ,Horwich,1000
2025-10-23,Thu,Daily,BD22 6AJ,Keighley,1000
2025-10-23,Thu,Daily,B77 1BW,Tamworth,1000
2025-10-22,Wed,Daily,WA5 0FE,Warrington,1000
2025-10-22,Wed,Daily,TN13 3BL,Sevenoaks,1000
2025-10-22,Wed,Daily,SM3 9RE,Sutton (Sutton),1000
2025-10-22,Wed,Daily,SL6 6AG,Maidenhead,1000
2025-10-22,Wed,Daily,RG30 3BJ,Reading,1000
2025-10-22,Wed,Daily,NR32 4GD,Lowestoft,1000
2025-10-22,Wed,Daily,NE25 0LQ,Seaton Delaval,1000
2025-10-22,Wed,Daily,ME8 6HL,Gillingham (Medway),1000
2025-10-22,Wed,Daily,LA13 0AB,Barrow-in-Furness,1000
2025-10-22,Wed,Daily,GU34 3AJ,Selborne,1000
2025-10-22,Wed,Daily,GU31 5HT,South Harting,1000
2025-10-22,Wed,Daily,EX20 3JT,Hatherleigh,1000
2025-10-22,Wed,Daily,DY2 0JE,Dudley (Dudley),1000
2025-10-22,Wed,Daily,DN6 8RA,Adwick le Street,1000
2025-10-22,Wed,Daily,CW8 2NY,Cuddington (Cheshire West and Chester),1000
2025-10-22,Wed,Daily,CR5 2QP,Croydon,1000
2025-10-22,Wed,Daily,CB22 3EA,Sawston,1000
2025-10-22,Wed,Daily,BS3 1FF,Bristol,1000
2025-10-22,Wed,Daily,BS24 9LZ,Weston-super-Mare,1000
2025-10-22,Wed,Daily,BN43 6PU,Shoreham-by-Sea,1000
2025-10-21,Tue,Daily,TN3 8DU,Lamberhurst,1000
2025-10-21,Tue,Daily,TA21 9DR,Wellington (Somerset West and Taunton),1000
2025-10-21,Tue,Daily,SN25 1BW,Swindon (Swindon),1000
2025-10-21,Tue,Daily,SN16 9QJ,Malmesbury,1000
2025-10-21,Tue,Daily,SE24 9AZ,Southwark,1000
2025-10-21,Tue,Daily,SE23 2SS,Lewisham,1000
2025-10-21,Tue,Daily,SA2 0TP,Swansea,1000
2025-10-21,Tue,Daily,S75 4ND,Silkstone,1000
2025-10-21,Tue,Daily,S70 4NT,Barnsley,1000
2025-10-21,Tue,Daily,S42 5HL,North Wingfield and Holmewood,1000
2025-10-21,Tue,Daily,MK14 6EJ,Milton Keynes,1000
2025-10-21,Tue,Daily,LE4 4HH,Birstall,1000
2025-10-21,Tue,Daily,LA14 2BP,Barrow-in-Furness,1000
2025-10-21,Tue,Daily,KY13 9AE,Milnathort,1000
2025-10-21,Tue,Daily,GU33 7HR,Liss,1000
2025-10-21,Tue,Daily,EH6 6HN,Edinburgh,1000
2025-10-21,Tue,Daily,DN39 6SJ,Ulceby,1000
2025-10-21,Tue,Daily,DA2 6RL,Dartford,1000
2025-10-21,Tue,Daily,CB22 3LA,Sawston,1000
2025-10-21,Tue,Daily,BS11 9XE,Avonmouth,1000
2025-10-20,Mon,Daily,WF4 3ND,Crigglestone and Durkar,1000
2025-10-20,Mon,Daily,WF1 2RE,Wakefield,1000
2025-10-20,Mon,Daily,TN13 3DW,Sevenoaks,1000
2025-10-20,Mon,Daily,SY5 8JA,Hanwood,1000
2025-10-20,Mon,Daily,SA44 4RX,Llandysul,1000
2025-10-20,Mon,Daily,S75 4QZ,Silkstone,1000
2025-10-20,Mon,Daily,S40 4PW,Chesterfield,1000
2025-10-20,Mon,Daily,RH13 9EY,Southwater,1000
2025-10-20,Mon,Daily,PL3 6NQ,Plymouth,1000
2025-10-20,Mon,Daily,OX4 2HY,Oxford,1000
2025-10-20,Mon,Daily,NG32 2EG,Barkston,1000
2025-10-20,Mon,Daily,NE9 7DJ,Gateshead,1000
2025-10-20,Mon,Daily,NE31 1DH,Hebburn,1000
2025-10-20,Mon,Daily,LE17 5RZ,Gilmorton,1000
2025-10-20,Mon,Daily,IP2 9RB,Ipswich,1000
2025-10-20,Mon,Daily,HD4 5EX,Huddersfield,1000
2025-10-20,Mon,Daily,EH8 9UN,Edinburgh,1000
2025-10-20,Mon,Daily,BS8 1PN,Bristol,1000
2025-10-20,Mon,Daily,B32 3QS,Birmingham,1000
2025-10-20,Mon,Daily,AB42 1NW,Peterhead,1000
2025-10-19,Sun,Daily,WF4 4LW,Middlestown and Overton,1000
2025-10-19,Sun,Daily,WA5 1JJ,Warrington,1000
2025-10-19,Sun,Daily,TW7 5XF,Hounslow,1000
2025-10-19,Sun,Daily,TF2 7LZ,Telford,1000
2025-10-19,Sun,Daily,SS17 9JJ,Stanford-le-Hope,1000
2025-10-19,Sun,Daily,RM3 0BQ,Havering,1000
2025-10-19,Sun,Daily,RH11 7TU,Crawley (Crawley),1000
2025-10-19,Sun,Daily,PO6 1HH,Portsmouth,1000
2025-10-19,Sun,Daily,NP20 3DR,Newport (Newport),1000
2025-10-19,Sun,Daily,N17 0PT,Haringey,1000
2025-10-19,Sun,Daily,LE5 2DN,Leicester,1000
2025-10-19,Sun,Daily,LE10 3PW,Hinckley,1000
2025-10-19,Sun,Daily,KY8 1BG,Buckhaven,1000
2025-10-19,Sun,Daily,HA8 5BE,Harrow,1000
2025-10-19,Sun,Daily,FK3 9LL,Grangemouth,1000
2025-10-19,Sun,Daily,EH22 5RU,Gorebridge and Mayfield,1000
2025-10-19,Sun,Daily,DT2 8AG,Crossways,1000
2025-10-19,Sun,Daily,DN3 1LN,Kirk Sandall and Edenthorpe,1000
2025-10-19,Sun,Daily,CV37 0EH,Stratford-upon-Avon,1000
2025-10-19,Sun,Daily,CH66 2QP,Ellesmere Port,1000
2025-10-18,Sat,Millionaire Street,TN40 1LY,Bexhill-on-Sea,200000
2025-10-18,Sat,Daily,YO15 1AB,Flamborough,1000
2025-10-18,Sat,Daily,TN33 9JT,Ninfield,1000
2025-10-18,Sat,Daily,ST15 0NR,Stone (Stafford),1000
2025-10-18,Sat,Daily,SK12 2RQ,Disley,1000
2025-10-18,Sat,Daily,SE15 2ST,Southwark,1000
2025-10-18,Sat,Daily,SE1 7DE,Lambeth,1000
2025-10-18,Sat,Daily,S60 5SJ,Brinsworth,1000
2025-10-18,Sat,Daily,RM9 4NH,Barking and Dagenham,1000
2025-10-18,Sat,Daily,OX26 3XE,Bicester,1000
2025-10-18,Sat,Daily,M32 9FD,Stretford,1000
2025-10-18,Sat,Daily,M13 9BY,Manchester,1000
2025-10-18,Sat,Daily,LS28 6AA,Pudsey,1000
2025-10-18,Sat,Daily,IV17 0QE,Alness,1000
2025-10-18,Sat,Daily,IP12 3NU,Sutton Common,1000
2025-10-18,Sat,Daily,GL11 5FY,Cam,1000
2025-10-18,Sat,Daily,G62 6RA,Milngavie,1000
2025-10-18,Sat,Daily,EH11 3RL,Edinburgh,1000
2025-10-18,Sat,Daily,CW2 8TX,Crewe,1000
2025-10-18,Sat,Daily,CH45 5BS,Wallasey,1000
2025-10-18,Sat,Daily,CF83 4HQ,Abertridwr and Senghenydd,1000
2025-10-17,Fri,Daily,WN6 8LT,Wigan,1000
2025-10-17,Fri,Daily,W4 2BL,Hounslow,1000
2025-10-17,Fri,Daily,SS5 4UE,Hockley and Hawkwell,1000
2025-10-17,Fri,Daily,S80 3HJ,Worksop,1000
2025-10-17,Fri,Daily,NR15 2WG,Long Stratton,1000
2025-10-17,Fri,Daily,NR1 2HB,Norwich,1000
2025-10-17,Fri,Daily,NE62 5BW,Stakeford,1000
2025-10-17,Fri,Daily,LA12 9LU,Ulverston,1000
2025-10-17,Fri,Daily,L40 1UP,Rufford (West Lancashire),1000
2025-10-17,Fri,Daily,L20 4JL,Bootle (Sefton),1000
2025-10-17,Fri,Daily,KA22 7PS,Ardrossan,1000
2025-10-17,Fri,Daily,HU12 8LQ,Hedon,1000
2025-10-17,Fri,Daily,HD3 3DG,Huddersfield,1000
2025-10-17,Fri,Daily,GL17 9UY,Drybrook,1000
2025-10-17,Fri,Daily,G45 0BB,Glasgow,1000
2025-10-17,Fri,Daily,DE56 0LP,Belper,1000
2025-10-17,Fri,Daily,CO3 8SS,Colchester,1000
2025-10-17,Fri,Daily,BN17 5JB,Littlehampton,1000
2025-10-17,Fri,Daily,B68 0SR,Oldbury (Sandwell),1000
2025-10-17,Fri,Daily,AL3 8AQ,Markyate,1000
2025-10-16,Thu,Daily,WF8 4QU,Pontefract,1000
2025-10-16,Thu,Daily,WA3 5DA,Culcheth,1000
2025-10-16,Thu,Daily,TS28 5JP,Wingate,1000
2025-10-16,Thu,Daily,TR11 2HB,Falmouth,1000
2025-10-16,Thu,Daily,SO51 0GH,Romsey,1000
2025-10-16,Thu,Daily,SL7 1QL,Marlow,1000
2025-10-16,Thu,Daily,SE6 1NP,Lewisham,1000
2025-10-16,Thu,Daily,PL17 8HZ,Kelly Bray,1000
2025-10-16,Thu,Daily,PE6 0GF,Crowland,1000
2025-10-16,Thu,Daily,NN14 1UG,Broughton (North Northamptonshire),1000
2025-10-16,Thu,Daily,NG15 8JL,Hucknall,1000
2025-10-16,Thu,Daily,NE25 8NG,Whitley Bay,1000
2025-10-16,Thu,Daily,LL43 2LQ,Tal-y-bont (Gwynedd),1000
2025-10-16,Thu,Daily,LL20 7UT,Glyn Ceiriog,1000
2025-10-16,Thu,Daily,G21 4PA,Glasgow,1000
2025-10-16,Thu,Daily,EH22 1FP,Dalkeith,1000
2025-10-16,Thu,Daily,DE55 4EW,Somercotes and Swanwick,1000
2025-10-16,Thu,Daily,CA12 4DF,Keswick,1000
2025-10-16,Thu,Daily,BB10 3PN,Burnley,1000
2025-10-16,Thu,Daily,BA5 2HQ,Wells,1000
2025-10-15,Wed,Daily,W10 6PE,Kensington and Chelsea,1000
2025-10-15,Wed,Daily,ST6 7PD,Stoke-on-Trent,1000
2025-10-15,Wed,Daily,SS16 5LU,Basildon,1000
2025-10-15,Wed,Daily,SN15 3XN,Chippenham (Wiltshire),1000
2025-10-15,Wed,Daily,SN10 3PF,Devizes,1000
2025-10-15,Wed,Daily,SG18 8LU,Biggleswade,1000
2025-10-15,Wed,Daily,PO14 2AQ,Lee-on-the-Solent,1000
2025-10-15,Wed,Daily,LE7 2HB,Syston,1000
2025-10-15,Wed,Daily,IP14 4UR,Stowupland,1000
2025-10-15,Wed,Daily,GL56 9TW,Moreton-in-Marsh,1000
2025-10-15,Wed,Daily,FY5 2NP,Cleveleys,1000
2025-10-15,Wed,Daily,EH26 8HQ,Penicuik,1000
2025-10-15,Wed,Daily,DA12 5LZ,Gravesend,1000
2025-10-15,Wed,Daily,CO6 2RJ,Earls Colne,1000
2025-10-15,Wed,Daily,CM23 3SX,Bishop's Stortford,1000
2025-10-15,Wed,Daily,CM23 3FN,Bishop's Stortford,1000
2025-10-15,Wed,Daily,CH61 6XA,Heswall,1000
2025-10-15,Wed,Daily,CH2 4ND,Elton (Cheshire West and Chester),1000
2025-10-15,Wed,Daily,BS16 2DF,Kingswood and Fishponds,1000
2025-10-15,Wed,Daily,BA14 8GP,Trowbridge,1000
2025-10-14,Tue,Daily,YO10 3ND,York,1000
2025-10-14,Tue,Daily,WN5 7FR,Billinge,1000
2025-10-14,Tue,Daily,ST5 7RL,Newcastle-under-Lyme,1000
2025-10-14,Tue,Daily,SK14 4DP,Hyde (Tameside),1000
2025-10-14,Tue,Daily,SA7 9GF,Swansea,1000
2025-10-14,Tue,Daily,PR2 1LH,Preston (Preston),1000
2025-10-14,Tue,Daily,NR33 7EF,Lowestoft,1000
2025-10-14,Tue,Daily,NR28 9EL,North Walsham,1000
2025-10-14,Tue,Daily,NG8 1DY,Nottingham,1000
2025-10-14,Tue,Daily,NE39 2JL,Rowlands Gill,1000
2025-10-14,Tue,Daily,NE22 6FT,Bedlington,1000
2025-10-14,Tue,Daily,IV14 9BY,Strathpeffer,1000
2025-10-14,Tue,Daily,IG11 9JW,Barking and Dagenham,1000
2025-10-14,Tue,Daily,FK6 5DN,Denny,1000
2025-10-14,Tue,Daily,EX38 7BA,Great Torrington,1000
2025-10-14,Tue,Daily,E16 1YR,Newham,1000
2025-10-14,Tue,Daily,DD11 5HS,Arbroath,1000
2025-10-14,Tue,Daily,BL5 2NU,Westhoughton,1000
2025-10-14,Tue,Daily,B38 9EA,Birmingham,1000
2025-10-14,Tue,Daily,B29 5NL,Birmingham,1000
2025-10-13,Mon,Daily,WS3 1DU,Bloxwich,1000
2025-10-13,Mon,Daily,SS14 1TJ,Basildon,1000
2025-10-13,Mon,Daily,SA6 6BE,Swansea,1000
2025-10-13,Mon,Daily,S7 1SF,Sheffield,1000
2025-10-13,Mon,Daily,S40 2LJ,Chesterfield,1000
2025-10-13,Mon,Daily,PR4 4AY,Longton,1000
2025-10-13,Mon,Daily,PO13 0RY,Gosport,1000
2025-10-13,Mon,Daily,NE33 3ET,South Shields,1000
2025-10-13,Mon,Daily,M34 2DL,Denton (Tameside),1000
2025-10-13,Mon,Daily,HD7 5BQ,Linthwaite and Slaithwaite,1000
2025-10-13,Mon,Daily,GU46 7TX,Yateley,1000
2025-10-13,Mon,Daily,E16 2RY,Newham,1000
2025-10-13,Mon,Daily,DN14 0HT,Eggborough,1000
2025-10-13,Mon,Daily,DL5 5DU,Newton Aycliffe,1000
2025-10-13,Mon,Daily,CO5 7LQ,Rowhedge,1000
2025-10-13,Mon,Daily,CM23 2TF,Bishop's Stortford,1000
2025-10-13,Mon,Daily,CH7 3JP,Buckley,1000
2025-10-13,Mon,Daily,BS20 7SF,Portishead,1000
2025-10-13,Mon,Daily,BB5 2RA,Accrington,1000
2025-10-13,Mon,Daily,BB18 5QU,Barnoldswick,1000
2025-10-12,Sun,Daily,YO19 6JZ,Riccall,1000
2025-10-12,Sun,Daily,YO17 9SX,Norton-on-Derwent,1000
2025-10-12,Sun,Daily,WR4 9JX,Worcester,1000
2025-10-12,Sun,Daily,W10 5NE,Kensington and Chelsea,1000
2025-10-12,Sun,Daily,SN16 9HX,Malmesbury,1000
2025-10-12,Sun,Daily,RG7 3TW,Burghfield Common,1000
2025-10-12,Sun,Daily,PL5 4DF,Plymouth,1000
2025-10-12,Sun,Daily,NG34 7RR,Sleaford,1000
2025-10-12,Sun,Daily,NG15 8LD,Hucknall,1000
2025-10-12,Sun,Daily,N12 0JD,Barnet,1000
2025-10-12,Sun,Daily,M27 9QN,Swinton (Salford),1000
2025-10-12,Sun,Daily,M20 6AL,Manchester,1000
2025-10-12,Sun,Daily,LS16 6BR,Leeds,1000
2025-10-12,Sun,Daily,LS13 2UG,Leeds,1000
2025-10-12,Sun,Daily,LL18 3UN,Rhyl,1000
2025-10-12,Sun,Daily,HA1 3EU,Harrow,1000
2025-10-12,Sun,Daily,E9 7AG,Hackney,1000
2025-10-12,Sun,Daily,CM9 5ET,Maldon,1000
2025-10-12,Sun,Daily,CA13 9AW,Cockermouth,1000
2025-10-12,Sun,Daily,BA21 3QW,Yeovil,1000
2025-10-11,Sat,Millionaire Street,EN8 7QY,Waltham Cross,142857
2025-10-11,Sat,Daily,TW1 4HW,Richmond upon Thames,1000
2025-10-11,Sat,Daily,SP11 9DX,Ludgershall (Wiltshire),1000
2025-10-11,Sat,Daily,RM16 3BX,Orsett,1000
2025-10-11,Sat,Daily,OX39 4PE,Chinnor,1000
2025-10-11,Sat,Daily,NR19 1LJ,Dereham,1000
2025-10-11,Sat,Daily,NP13 2HU,Abertillery,1000
2025-10-11,Sat,Daily,M25 1BX,Prestwich,1000
2025-10-11,Sat,Daily,M15 5YW,Manchester,1000
2025-10-11,Sat,Daily,LE12 6RT,East Leake,1000
2025-10-11,Sat,Daily,L39 5DH,Ormskirk,1000
2025-10-11,Sat,Daily,KT11 2JA,Cobham (Elmbridge),1000
2025-10-11,Sat,Daily,IP33 3GN,Bury St Edmunds,1000
2025-10-11,Sat,Daily,IP2 9JY,Ipswich,1000
2025-10-11,Sat,Daily,G67 2HA,Cumbernauld,1000
2025-10-11,Sat,Daily,EH5 2BY,Edinburgh,1000
2025-10-11,Sat,Daily,DT1 3BN,Dorchester (Dorset),1000
2025-10-11,Sat,Daily,DE65 5AR,Hilton (South Derbyshire),1000
2025-10-11,Sat,Daily,CM22 7EU,Hatfield Heath,1000
2025-10-11,Sat,Daily,B32 1LR,Birmingham,1000
2025-10-11,Sat,Daily,AB41 6SA,Newburgh (Aberdeenshire),1000
2025-10-10,Fri,Daily,TS22 5ND,Billingham,1000
2025-10-10,Fri,Daily,TR11 3JL,Falmouth,1000
2025-10-10,Fri,Daily,SG18 0PR,Biggleswade,1000
2025-10-10,Fri,Daily,S26 7YD,Harthill (Rotherham),1000
2025-10-10,Fri,Daily,ML2 7QG,Wishaw,1000
2025-10-10,Fri,Daily,M15 4EP,Manchester,1000
2025-10-10,Fri,Daily,LE18 2NF,Wigston,1000
2025-10-10,Fri,Daily,L40 5TG,Burscough,1000
2025-10-10,Fri,Daily,L36 4NU,Huyton with Roby,1000
2025-10-10,Fri,Daily,L35 2UG,Prescot,1000
2025-10-10,Fri,Daily,KA20 3NP,Stevenston,1000
2025-10-10,Fri,Daily,HP14 3ND,Stokenchurch,1000
2025-10-10,Fri,Daily,G72 9DR,Blantyre,1000
2025-10-10,Fri,Daily,FY2 0EJ,Blackpool,1000
2025-10-10,Fri,Daily,EH41 4AD,Haddington,1000
2025-10-10,Fri,Daily,CF72 8JG,Llantrisant,1000
2025-10-10,Fri,Daily,CF61 1AB,Llantwit Major,1000
2025-10-10,Fri,Daily,BS23 3EL,Weston-super-Mare,1000
2025-10-10,Fri,Daily,BH20 7HH,Sandford (Dorset),1000
2025-10-10,Fri,Daily,BB18 6RG,Earby,1000
2025-10-09,Thu,Daily,WF2 6NJ,Wakefield,1000
2025-10-09,Thu,Daily,TS24 8HH,Hartlepool,1000
2025-10-09,Thu,Daily,TA1 5EJ,Taunton,1000
2025-10-09,Thu,Daily,SL6 7LG,Maidenhead,1000
2025-10-09,Thu,Daily,SA48 7RN,Lampeter,1000
2025-10-09,Thu,Daily,PE11 1YJ,Spalding,1000
2025-10-09,Thu,Daily,NW9 5SZ,Barnet,1000
2025-10-09,Thu,Daily,NE21 5FF,Blaydon,1000
2025-10-09,Thu,Daily,ML1 4GL,Motherwell,1000
2025-10-09,Thu,Daily,LA14 3SQ,Barrow-in-Furness,1000
2025-10-09,Thu,Daily,LA12 7TQ,Ulverston,1000
2025-10-09,Thu,Daily,KA13 6JG,Kilwinning,1000
2025-10-09,Thu,Daily,HU4 7JD,Kingston upon Hull,1000
2025-10-09,Thu,Daily,EX7 0RD,Dawlish,1000
2025-10-09,Thu,Daily,DH9 7EH,Stanley (County Durham),1000
2025-10-09,Thu,Daily,CV10 7AQ,Nuneaton,1000
2025-10-09,Thu,Daily,CM15 9QL,Brentwood,1000
2025-10-09,Thu,Daily,CF72 9BY,Llanharan and Brynna,1000
2025-10-09,Thu,Daily,CB11 4HE,Saffron Walden,1000
2025-10-09,Thu,Daily,B77 5ER,Tamworth,1000
2025-10-08,Wed,Daily,TW10 6LB,Richmond upon Thames,1000
2025-10-08,Wed,Daily,SK4 2PR,Stockport,1000
2025-10-08,Wed,Daily,SE15 6QB,Southwark,1000
2025-10-08,Wed,Daily,RG24 9TY,Basingstoke,1000
2025-10-08,Wed,Daily,PA2 8BY,Paisley,1000
2025-10-08,Wed,Daily,NR15 2PW,Long Stratton,1000
2025-10-08,Wed,Daily,NN5 6JX,Northampton,1000
2025-10-08,Wed,Daily,NG24 3HJ,Balderton,1000
2025-10-08,Wed,Daily,NE28 7NQ,Wallsend,1000
2025-10-08,Wed,Daily,L13 4BG,Liverpool,1000
2025-10-08,Wed,Daily,HU9 2QL,Kingston upon Hull,1000
2025-10-08,Wed,Daily,HR7 4AW,Bromyard,1000
2025-10-08,Wed,Daily,EN1 1HW,Enfield,1000
2025-10-08,Wed,Daily,EH6 6LG,Edinburgh,1000
2025-10-08,Wed,Daily,EH4 4SE,Edinburgh,1000
2025-10-08,Wed,Daily,CW6 9RP,Tarporley,1000
2025-10-08,Wed,Daily,CH41 9HB,Birkenhead,1000
2025-10-08,Wed,Daily,BH23 3AA,Christchurch,1000
2025-10-08,Wed,Daily,BH12 5HT,Poole,1000
2025-10-08,Wed,Daily,B75 6HS,Royal Sutton Coldfield,1000
2025-10-07,Tue,Daily,WV3 7LU,Wolverhampton,1000
2025-10-07,Tue,Daily,WN2 5XF,Platt Bridge and Abram,1000
2025-10-07,Tue,Daily,SA38 9PZ,Newcastle Emlyn,1000
2025-10-07,Tue,Daily,RM7 8JH,Havering,1000
2025-10-07,Tue,Daily,PA30 8HP,Ardrishaig,1000
2025-10-07,Tue,Daily,NR9 5JH,Easton (Broadland),1000
2025-10-07,Tue,Daily,N22 8QQ,Haringey,1000
2025-10-07,Tue,Daily,LN11 8FN,Louth,1000
2025-10-07,Tue,Daily,KT7 0BQ,West Molesey,1000
2025-10-07,Tue,Daily,IV2 7QL,Cradlehall,1000
2025-10-07,Tue,Daily,IP12 1DH,Woodbridge,1000
2025-10-07,Tue,Daily,G14 0PD,Glasgow,1000
2025-10-07,Tue,Daily,FY4 2JX,Blackpool,1000
2025-10-07,Tue,Daily,DL8 4JY,Middleham,1000
2025-10-07,Tue,Daily,DE4 4HD,Wirksworth,1000
2025-10-07,Tue,Daily,CW4 8LX,Goostrey,1000
2025-10-07,Tue,Daily,CW11 4RL,Sandbach,1000
2025-10-07,Tue,Daily,CM6 3UQ,Great Dunmow,1000
2025-10-07,Tue,Daily,CH1 5LW,Chester,1000
2025-10-07,Tue,Daily,BS5 8BW,Bristol,1000
2025-10-06,Mon,Daily,TA5 2NW,Bridgwater,1000
2025-10-06,Mon,Daily,SN7 7YS,Faringdon,1000
2025-10-06,Mon,Daily,SN5 4HN,Purton,1000
2025-10-06,Mon,Daily,SG12 8JF,Stanstead Abbotts,1000
2025-10-06,Mon,Daily,RG7 6RE,Southend,1000
2025-10-06,Mon,Daily,OL8 2DH,Oldham,1000
2025-10-06,Mon,Daily,NR8 5EH,Queen's Hills,1000
2025-10-06,Mon,Daily,ML2 7DW,Wishaw,1000
2025-10-06,Mon,Daily,M27 0EJ,Swinton (Salford),1000
2025-10-06,Mon,Daily,LL61 6UB,Newborough (Isle of Anglesey),1000
2025-10-06,Mon,Daily,L12 0HT,Liverpool,1000
2025-10-06,Mon,Daily,KA10 6JR,Troon (South Ayrshire),1000
2025-10-06,Mon,Daily,GU28 9LE,Petworth,1000
2025-10-06,Mon,Daily,EX17 1GA,Crediton,1000
2025-10-06,Mon,Daily,EX15 2HZ,Willand,1000
2025-10-06,Mon,Daily,EH21 7JE,Musselburgh,1000
2025-10-06,Mon,Daily,CH42 6QQ,Birkenhead,1000
2025-10-06,Mon,Daily,CF32 8YF,Pontycymer,1000
2025-10-06,Mon,Daily,BD4 9AF,Bradford,1000
2025-10-06,Mon,Daily,BD17 6TN,Baildon,1000
2025-10-05,Sun,Daily,WF8 2FP,Pontefract,1000
2025-10-05,Sun,Daily,WF2 7SP,Wakefield,1000
2025-10-05,Sun,Daily,WA14 2EW,Altrincham,1000
2025-10-05,Sun,Daily,TQ12 3AZ,Kingsteignton,1000
2025-10-05,Sun,Daily,TA9 4NR,Brent Knoll,1000
2025-10-05,Sun,Daily,S42 6DW,Wingerworth,1000
2025-10-05,Sun,Daily,RM16 6PS,Chafford Hundred and West Thurrock,1000
2025-10-05,Sun,Daily,RG7 1AA,Spencers Wood and Three Mile Cross,1000
2025-10-05,Sun,Daily,PH1 4LY,Stanley (Perth and Kinross),1000
2025-10-05,Sun,Daily,PE29 1SS,Huntingdon,1000
2025-10-05,Sun,Daily,M28 2NE,Worsley,1000
2025-10-05,Sun,Daily,GU47 0RA,Sandhurst (Bracknell Forest),1000
2025-10-05,Sun,Daily,G45 9DL,Glasgow,1000
2025-10-05,Sun,Daily,EX14 3DH,Feniton,1000
2025-10-05,Sun,Daily,EH15 2BL,Edinburgh,1000
2025-10-05,Sun,Daily,DT2 7TQ,Cerne Abbas,1000
2025-10-05,Sun,Daily,BL3 1PQ,Little Lever,1000
2025-10-05,Sun,Daily,BA6 9SU,Glastonbury,1000
2025-10-05,Sun,Daily,B79 8LL,Tamworth,1000
2025-10-05,Sun,Daily,AL6 9JW,Welwyn,1000
2025-10-04,Sat,Millionaire Street,BS15 8AJ,Kingswood and Fishponds,125000
2025-10-04,Sat,Daily,WV1 2DN,Wolverhampton,1000
2025-10-04,Sat,Daily,TW18 3EY,Egham,1000
2025-10-04,Sat,Daily,TS26 9LP,Hartlepool,1000
2025-10-04,Sat,Daily,TQ2 6LW,Paignton,1000
2025-10-04,Sat,Daily,TN29 9EJ,Lydd,1000
2025-10-04,Sat,Daily,TA24 5TS,Minehead,1000
2025-10-04,Sat,Daily,SR6 0FE,Sunderland,1000
2025-10-04,Sat,Daily,S75 4QS,Silkstone,1000
2025-10-04,Sat,Daily,S2 2JR,Sheffield,1000
2025-10-04,Sat,Daily,PO7 8AY,Waterlooville,1000
2025-10-04,Sat,Daily,LS24 9NX,Tadcaster,1000
2025-10-04,Sat,Daily,KT1 3NR,Kingston upon Thames,1000
2025-10-04,Sat,Daily,DN5 9SU,Bentley (Doncaster),1000
2025-10-04,Sat,Daily,DH4 5FD,Houghton-le-Spring,1000
2025-10-04,Sat,Daily,DH4 4XY,Shiney Row and Penshaw,1000
2025-10-04,Sat,Daily,DE15 9QF,Burton upon Trent,1000
2025-10-04,Sat,Daily,CM13 1QX,Brentwood,1000
2025-10-04,Sat,Daily,BR2 9RQ,Bromley,1000
2025-10-04,Sat,Daily,BR1 5QJ,Lewisham,1000
2025-10-04,Sat,Daily,BL3 1EQ,Little Lever,1000
2025-10-03,Fri,Daily,W13 8RG,Ealing,1000
2025-10-03,Fri,Daily,TS25 4JZ,Hartlepool,1000
2025-10-03,Fri,Daily,TR12 7HW,Mullion,1000
2025-10-03,Fri,Daily,TA4 3PQ,Bishops Lydeard,1000
2025-10-03,Fri,Daily,SM1 4QR,Sutton (Sutton),1000
2025-10-03,Fri,Daily,SL6 0DR,Slough,1000
2025-10-03,Fri,Daily,PO33 3QZ,Ryde,1000
2025-10-03,Fri,Daily,NG3 3EQ,Nottingham,1000
2025-10-03,Fri,Daily,NG22 9LR,New Ollerton and Ollerton,1000
2025-10-03,Fri,Daily,NG19 9LE,Mansfield Woodhouse,1000
2025-10-03,Fri,Daily,ML6 6LS,Airdrie,1000
2025-10-03,Fri,Daily,LS28 8FH,Pudsey,1000
2025-10-03,Fri,Daily,LA12 8NE,Backbarrow,1000
2025-10-03,Fri,Daily,G78 2ND,Barrhead,1000
2025-10-03,Fri,Daily,DE55 2LG,South Normanton and Pinxton,1000
2025-10-03,Fri,Daily,DA5 1EP,Bexley,1000
2025-10-03,Fri,Daily,CF5 5NY,Cardiff,1000
2025-10-03,Fri,Daily,CF10 4RH,Cardiff,1000
2025-10-03,Fri,Daily,CA13 0NW,Cockermouth,1000
2025-10-03,Fri,Daily,BA14 9AT,Trowbridge,1000
2025-10-02,Thu,Daily,ST19 5HG,Penkridge,1000
2025-10-02,Thu,Daily,SM2 5UA,Sutton (Sutton),1000
2025-10-02,Thu,Daily,RM14 2UW,Havering,1000
2025-10-02,Thu,Daily,PE2 9DQ,Peterborough,1000
2025-10-02,Thu,Daily,MK6 2NP,Milton Keynes,1000
2025-10-02,Thu,Daily,LS16 5DT,Leeds,1000
2025-10-02,Thu,Daily,LE2 1TN,Leicester,1000
2025-10-02,Thu,Daily,LE18 2DG,Wigston,1000
2025-10-02,Thu,Daily,HG3 1RH,Harrogate,1000
2025-10-02,Thu,Daily,G64 1JB,Bishopbriggs,1000
2025-10-02,Thu,Daily,CO9 1FD,Halstead (Braintree),1000
2025-10-02,Thu,Daily,CM5 0PW,Shelley (Epping Forest),1000
2025-10-02,Thu,Daily,CF32 9GL,Sarn,1000
2025-10-02,Thu,Daily,CA8 1UT,Brampton (Carlisle),1000
2025-10-02,Thu,Daily,BS10 6DB,Bristol,1000
2025-10-02,Thu,Daily,BR5 2DP,Bromley,1000
2025-10-02,Thu,Daily,BR1 3BW,Bromley,1000
2025-10-02,Thu,Daily,BH21 3HD,Corfe Mullen,1000
2025-10-02,Thu,Daily,B62 9ST,Halesowen,1000
2025-10-02,Thu,Daily,AB12 4QL,Portlethen,1000
2025-10-01,Wed,Daily,WV3 9BY,Wolverhampton,1000
2025-10-01,Wed,Daily,WR11 8GR,Harvington,1000
2025-10-01,Wed,Daily,WA12 0JA,Newton-le-Willows,1000
2025-10-01,Wed,Daily,W12 9DL,Hammersmith and Fulham,1000
2025-10-01,Wed,Daily,TW11 8JJ,Richmond upon Thames,1000
2025-10-01,Wed,Daily,TN2 5NN,Royal Tunbridge Wells,1000
2025-10-01,Wed,Daily,SL7 1RF,Marlow,1000
2025-10-01,Wed,Daily,SE20 8JT,Bromley,1000
2025-10-01,Wed,Daily,S20 7HA,Sheffield,1000
2025-10-01,Wed,Daily,OX13 6FW,Wootton (Vale of White Horse),1000
2025-10-01,Wed,Daily,NP11 7GG,Risca,1000
2025-10-01,Wed,Daily,MK3 6AQ,Bletchley,1000
2025-10-01,Wed,Daily,M6 8RA,Salford,1000
2025-10-01,Wed,Daily,LS13 2DE,Leeds,1000
2025-10-01,Wed,Daily,LL22 7NB,Abergele,1000
2025-10-01,Wed,Daily,HU17 0DZ,Beverley,1000
2025-10-01,Wed,Daily,EX12 4AN,Axmouth,1000
2025-10-01,Wed,Daily,DH7 0SF,Lanchester,1000
2025-10-01,Wed,Daily,CV34 5HA,Warwick,1000
2025-10-01,Wed,Daily,CT5 2BB,Whitstable,1000
2025-09-30,Tue,Daily,WS14 9YN,Lichfield,1000
2025-09-30,Tue,Daily,TA1 3DA,Taunton,1000
2025-09-30,Tue,Daily,SY4 4HH,Shawbury,1000
2025-09-30,Tue,Daily,SY1 4TZ,Shrewsbury,1000
2025-09-30,Tue,Daily,SW13 0LT,Richmond upon Thames,1000
2025-09-30,Tue,Daily,ST10 2DH,Kingsley (Staffordshire Moorlands),1000
2025-09-30,Tue,Daily,SL7 3SD,Marlow,1000
2025-09-30,Tue,Daily,SA4 4UW,Gorseinon,1000
2025-09-30,Tue,Daily,SA10 7DA,Neath,1000
2025-09-30,Tue,Daily,OL2 5AU,Royton,1000
2025-09-30,Tue,Daily,MK18 2EN,Steeple Claydon,1000
2025-09-30,Tue,Daily,ME5 8AG,Chatham,1000
2025-09-30,Tue,Daily,M23 1AL,Wythenshawe,1000
2025-09-30,Tue,Daily,KA11 1DG,Irvine,1000
2025-09-30,Tue,Daily,HA8 9SP,Barnet,1000
2025-09-30,Tue,Daily,GU9 7QL,Farnham,1000
2025-09-30,Tue,Daily,DN15 9UZ,Winterton,1000
2025-09-30,Tue,Daily,DL5 5BA,Newton Aycliffe,1000
2025-09-30,Tue,Daily,BA5 3HS,Wells,1000
2025-09-30,Tue,Daily,B90 4UH,Solihull,1000
2025-09-29,Mon,Daily,WN6 8RZ,Wigan,1000
2025-09-29,Mon,Daily,TS12 2UT,Skelton (Redcar and Cleveland),1000
2025-09-29,Mon,Daily,SO17 2LY,Southampton,1000
2025-09-29,Mon,Daily,SE19 3JB,Croydon,1000
2025-09-29,Mon,Daily,S70 4LW,Barnsley,1000
2025-09-29,Mon,Daily,PE23 4DS,Old Bolingbroke,1000
2025-09-29,Mon,Daily,PA23 7UG,Dùn Obhainn,1000
2025-09-29,Mon,Daily,NR16 1AQ,Tacolneston,1000
2025-09-29,Mon,Daily,NE61 6FS,Pegswood,1000
2025-09-29,Mon,Daily,MK43 0HU,Cranfield,1000
2025-09-29,Mon,Daily,LS27 9SB,Morley (Leeds),1000
2025-09-29,Mon,Daily,LA22 0EW,Ambleside,1000
2025-09-29,Mon,Daily,GL54 3HS,Northleach,1000
2025-09-29,Mon,Daily,FY6 8PA,Poulton-le-Fylde,1000
2025-09-29,Mon,Daily,EX23 0LY,Bude,1000
2025-09-29,Mon,Daily,DH3 3EW,Chester-le-Street,1000
2025-09-29,Mon,Daily,DA4 9HA,South Darenth and Sutton at Hone,1000
2025-09-29,Mon,Daily,CR6 9RU,Warlingham,1000
2025-09-29,Mon,Daily,CH5 4RE,Connah's Quay,1000
2025-09-29,Mon,Daily,BH1 4RD,Bournemouth,1000
2025-09-28,Sun,Daily,WF12 7NB,Dewsbury,1000
2025-09-28,Sun,Daily,TW8 0RL,Hounslow,1000
2025-09-28,Sun,Daily,SS12 0AB,Wickford,1000
2025-09-28,Sun,Daily,SP6 3TA,Alderholt,1000
2025-09-28,Sun,Daily,SE28 0DH,Greenwich,1000
2025-09-28,Sun,Daily,S2 1PG,Sheffield,1000
2025-09-28,Sun,Daily,PL11 2NZ,Torpoint,1000
2025-09-28,Sun,Daily,ME1 3RS,Rochester,1000
2025-09-28,Sun,Daily,LS25 2JQ,Garforth,1000
2025-09-28,Sun,Daily,LL28 4PF,Colwyn Bay,1000
2025-09-28,Sun,Daily,IP3 8SN,Ipswich,1000
2025-09-28,Sun,Daily,EX9 6NL,Budleigh Salterton,1000
2025-09-28,Sun,Daily,DH4 6RB,Fence Houses,1000
2025-09-28,Sun,Daily,CO4 5FW,Colchester,1000
2025-09-28,Sun,Daily,CH3 7HW,Christleton and Waverton,1000
2025-09-28,Sun,Daily,CF14 6NA,Cardiff,1000
2025-09-28,Sun,Daily,BS37 4NN,Yate,1000
2025-09-28,Sun,Daily,BB3 2NR,Darwen,1000
2025-09-28,Sun,Daily,B92 9JB,Solihull,1000
2025-09-28,Sun,Daily,B12 9BW,Birmingham,1000
2025-09-27,Sat,Millionaire Street,L35 8PT,Prescot,83333
2025-09-27,Sat,Daily,YO18 7AH,Pickering,1000
2025-09-27,Sat,Daily,WS8 7EZ,Brownhills,1000
2025-09-27,Sat,Daily,TA6 7AW,Bridgwater,1000
2025-09-27,Sat,Daily,SW6 6JE,Hammersmith and Fulham,1000
2025-09-27,Sat,Daily,SK6 7EU,Marple,1000
2025-09-27,Sat,Daily,RM18 7AZ,Tilbury,1000
2025-09-27,Sat,Daily,RG22 5HX,Basingstoke,1000
2025-09-27,Sat,Daily,PO19 1BQ,Chichester,1000
2025-09-27,Sat,Daily,PE3 6ER,Peterborough,1000
2025-09-27,Sat,Daily,OX11 7BJ,Didcot,1000
2025-09-27,Sat,Daily,MK19 7PA,Hanslope,1000
2025-09-27,Sat,Daily,LL19 9AD,Prestatyn,1000
2025-09-27,Sat,Daily,KY12 8UY,Dunfermline,1000
2025-09-27,Sat,Daily,IP13 7JU,Earl Soham,1000
2025-09-27,Sat,Daily,GU31 5AT,South Harting,1000
2025-09-27,Sat,Daily,EX15 2BL,Willand,1000
2025-09-27,Sat,Daily,CH47 3DE,Hoylake,1000
2025-09-27,Sat,Daily,CF41 7TW,Rhondda,1000
2025-09-27,Sat,Daily,CB24 4QG,Swavesey,1000
2025-09-27,Sat,Daily,B66 1AA,Smethwick,1000
2025-09-26,Fri,Daily,YO10 3PP,York,1000
2025-09-26,Fri,Daily,WV3 9JD,Wolverhampton,1000
2025-09-26,Fri,Daily,TA7 8PH,Woolavington,1000
2025-09-26,Fri,Daily,SA5 8PW,Swansea,1000
2025-09-26,Fri,Daily,RG2 7JZ,Reading,1000
2025-09-26,Fri,Daily,PE30 4PG,King's Lynn,1000
2025-09-26,Fri,Daily,NP13 1DF,Abertillery,1000
2025-09-26,Fri,Daily,NE10 0SP,Gateshead,1000
2025-09-26,Fri,Daily,ME5 9LQ,Chatham,1000
2025-09-26,Fri,Daily,M23 9PN,Wythenshawe,1000
2025-09-26,Fri,Daily,LL32 8RW,Conwy,1000
2025-09-26,Fri,Daily,LA3 3QJ,Morecambe,1000
2025-09-26,Fri,Daily,KT8 9BH,West Molesey,1000
2025-09-26,Fri,Daily,KA21 6GE,Saltcoats,1000
2025-09-26,Fri,Daily,HP1 2BD,Hemel Hempstead,1000
2025-09-26,Fri,Daily,CW1 4TE,Crewe,1000
2025-09-26,Fri,Daily,CF3 6YX,Cardiff,1000
2025-09-26,Fri,Daily,CB4 3TB,Cambridge (Cambridge),1000
2025-09-26,Fri,Daily,BN14 8AD,Worthing,1000
2025-09-26,Fri,Daily,BB1 2PP,Blackburn (Blackburn with Darwen),1000
2025-09-25,Thu,Daily,TW7 6JH,Hounslow,1000
2025-09-25,Thu,Daily,TA20 4QL,Winsham,1000
2025-09-25,Thu,Daily,SW6 5ED,Hammersmith and Fulham,1000
2025-09-25,Thu,Daily,SO17 1TG,Southampton,1000
2025-09-25,Thu,Daily,RG20 6NL,Compton (West Berkshire),1000
2025-09-25,Thu,Daily,OL3 5QW,Dobcross,1000
2025-09-25,Thu,Daily,NG1 4EE,Nottingham,1000
2025-09-25,Thu,Daily,N22 5RD,Haringey,1000
2025-09-25,Thu,Daily,LN2 2QU,Lincoln,1000
2025-09-25,Thu,Daily,LA4 5DF,Morecambe,1000
2025-09-25,Thu,Daily,L4 3SY,Liverpool,1000
2025-09-25,Thu,Daily,KA3 4AU,Dunlop,1000
2025-09-25,Thu,Daily,IP11 9HQ,Felixstowe,1000
2025-09-25,Thu,Daily,HP15 7BZ,Hazlemere,1000
2025-09-25,Thu,Daily,GL6 0NB,Nailsworth,1000
2025-09-25,Thu,Daily,G64 3AZ,Bishopbriggs,1000
2025-09-25,Thu,Daily,DY9 9HH,Stourbridge,1000
2025-09-25,Thu,Daily,DN8 4DW,Thorne,1000
2025-09-25,Thu,Daily,CM1 4PG,Chelmsford,1000
2025-09-25,Thu,Daily,B45 0NA,Birmingham,1000
2025-09-24,Wed,Daily,SR6 7QU,Whitburn (South Tyneside),1000
2025-09-24,Wed,Daily,S2 1PR,Sheffield,1000
2025-09-24,Wed,Daily,RH10 3SP,Crawley (Crawley),1000
2025-09-24,Wed,Daily,ML9 2NG,Larkhall,1000
2025-09-24,Wed,Daily,M33 3BU,Sale,1000
2025-09-24,Wed,Daily,LS9 9EF,Leeds,1000
2025-09-24,Wed,Daily,LS21 3NW,Otley (Leeds),1000
2025-09-24,Wed,Daily,LE5 0AH,Leicester,1000
2025-09-24,Wed,Daily,LE16 9RX,Market Harborough,1000
2025-09-24,Wed,Daily,GU30 7PF,Liphook,1000
2025-09-24,Wed,Daily,GL2 4ED,Quedgeley and Hardwicke,1000
2025-09-24,Wed,Daily,GL16 8FA,Coleford (Forest of Dean),1000
2025-09-24,Wed,Daily,EN4 0BD,Enfield,1000
2025-09-24,Wed,Daily,CR0 4FE,Croydon,1000
2025-09-24,Wed,Daily,CO15 3HG,Clacton-on-Sea,1000
2025-09-24,Wed,Daily,CF15 7PW,Taff's Well,1000
2025-09-24,Wed,Daily,BS16 4LL,Kingswood and Fishponds,1000
2025-09-24,Wed,Daily,BR3 4JA,Bromley,1000
2025-09-24,Wed,Daily,BB5 1AG,Accrington,1000
2025-09-24,Wed,Daily,BB11 3RR,Burnley,1000
2025-09-23,Tue,Daily,WS3 2US,Bloxwich,1000
2025-09-23,Tue,Daily,WA16 7AW,Mobberley,1000
2025-09-23,Tue,Daily,W12 0QJ,Hammersmith and Fulham,1000
2025-09-23,Tue,Daily,TN15 7DH,Wrotham,1000
2025-09-23,Tue,Daily,SY18 6AL,Llanidloes,1000
2025-09-23,Tue,Daily,SA44 4XA,Llandysul,1000
2025-09-23,Tue,Daily,RG14 2NP,Newbury,1000
2025-09-23,Tue,Daily,PR1 9LP,Penwortham,1000
2025-09-23,Tue,Daily,PL21 9TR,Ivybridge,1000
2025-09-23,Tue,Daily,PE3 6BX,Peterborough,1000
2025-09-23,Tue,Daily,MK42 0JB,Bedford,1000
2025-09-23,Tue,Daily,MK40 4BU,Bedford,1000
2025-09-23,Tue,Daily,M25 9UJ,Prestwich,1000
2025-09-23,Tue,Daily,M16 8LX,Manchester,1000
2025-09-23,Tue,Daily,LL55 3LN,Clwt-y-bont,1000
2025-09-23,Tue,Daily,LE3 0JQ,Leicester,1000
2025-09-23,Tue,Daily,KT6 4BX,Kingston upon Thames,1000
2025-09-23,Tue,Daily,DE7 9JS,Ilkeston,1000
2025-09-23,Tue,Daily,CM0 7TP,Southminster,1000
2025-09-23,Tue,Daily,AL6 9JJ,Welwyn,1000
2025-09-22,Mon,Daily,TS3 9HS,Middlesbrough,1000
2025-09-22,Mon,Daily,TR13 8DL,Helston,1000
2025-09-22,Mon,Daily,TR12 7LQ,Mullion,1000
2025-09-22,Mon,Daily,TQ13 8NX,Chagford,1000
2025-09-22,Mon,Daily,TN4 0PB,Southborough,1000
2025-09-22,Mon,Daily,RH15 0NH,Burgess Hill,1000
2025-09-22,Mon,Daily,RG2 0PD,Reading,1000
2025-09-22,Mon,Daily,NE30 3JD,Tynemouth,1000
2025-09-22,Mon,Daily,NE10 9JR,Gateshead,1000
2025-09-22,Mon,Daily,LS20 9HL,Guiseley,1000
2025-09-22,Mon,Daily,KT18 7AQ,Epsom,1000
2025-09-22,Mon,Daily,GU6 8BW,Cranleigh,1000
2025-09-22,Mon,Daily,EN4 8DQ,Barnet,1000
2025-09-22,Mon,Daily,EH15 3QP,Edinburgh,1000
2025-09-22,Mon,Daily,DY12 2DR,Bewdley,1000
2025-09-22,Mon,Daily,DA18 4DA,Bexley,1000
2025-09-22,Mon,Daily,CT15 4BG,Eythorne,1000
2025-09-22,Mon,Daily,CR0 8HN,Croydon,1000
2025-09-22,Mon,Daily,CO10 9JU,Long Melford,1000
2025-09-22,Mon,Daily,B92 8SN,Solihull,1000
2025-09-21,Sun,Daily,WF7 5FL,Featherstone (Wakefield),1000
2025-09-21,Sun,Daily,TN29 0SG,Dymchurch,1000
2025-09-21,Sun,Daily,ST4 8TQ,Stoke-on-Trent,1000
2025-09-21,Sun,Daily,ST16 1TG,Stafford,1000
2025-09-21,Sun,Daily,SM3 9AP,Sutton (Sutton),1000
2025-09-21,Sun,Daily,SA62 5EN,Letterston,1000
2025-09-21,Sun,Daily,PO14 1BE,Fareham,1000
2025-09-21,Sun,Daily,OL12 8QA,Whitworth,1000
2025-09-21,Sun,Daily,NE10 9TN,Gateshead,1000
2025-09-21,Sun,Daily,LN1 2LF,Saxilby,1000
2025-09-21,Sun,Daily,LN1 1EA,Lincoln,1000
2025-09-21,Sun,Daily,DD5 2TB,Broughty Ferry,1000
2025-09-21,Sun,Daily,CT3 1NQ,Wingham,1000
2025-09-21,Sun,Daily,CF83 3EU,Caerphilly,1000
2025-09-21,Sun,Daily,BS4 5BN,Bristol,1000
2025-09-21,Sun,Daily,BL6 6AD,Horwich,1000
2025-09-21,Sun,Daily,BH21 3RQ,Corfe Mullen,1000
2025-09-21,Sun,Daily,BH18 8JZ,Poole,1000
2025-09-21,Sun,Daily,BB1 8JW,Blackburn (Blackburn with Darwen),1000
2025-09-21,Sun,Daily,BA22 8RG,Yeovil,1000
2025-09-20,Sat,Millionaire Street,CF10 4RH,Cardiff,1074
2025-09-20,Sat,Millionaire Street,CF10 4RG,Cardiff,1074
2025-09-20,Sat,Millionaire Street,CF10 4RF,Cardiff,1074
2025-09-20,Sat,Millionaire Street,CF10 4RE,Cardiff,1074
2025-09-20,Sat,Millionaire Street,CF10 4RD,Cardiff,1074
2025-09-20,Sat,Millionaire Street,CF10 4RB,Cardiff,1074
2025-09-20,Sat,Millionaire Street,CF10 4RA,Cardiff,1074
2025-09-20,Sat,Millionaire Street,CF10 4QL,Cardiff,1074
2025-09-20,Sat,Millionaire Street,CF10 4PE,Cardiff,1074
2025-09-20,Sat,Millionaire Street,CF10 4PD,Cardiff,1074
2025-09-20,Sat,Millionaire Street,CF10 4NS,Cardiff,1074
2025-09-20,Sat,Millionaire Street,CF10 4NR,Cardiff,1074
2025-09-20,Sat,Millionaire Street,CF10 4NQ,Cardiff,1074
2025-09-20,Sat,Millionaire Street,CF10 4NP,Cardiff,1074
2025-09-20,Sat,Millionaire Street,CF10 4NN,Cardiff,1074
2025-09-20,Sat,Millionaire Street,CF10 4NL,Cardiff,1074
2025-09-20,Sat,Millionaire Street,CF10 4NJ,Cardiff,1074
2025-09-20,Sat,Millionaire Street,CF10 4NH,Cardiff,1074
2025-09-20,Sat,Millionaire Street,CF10 4NF,Cardiff,1074
2025-09-20,Sat,Millionaire Street,CF10 4JE,Cardiff,1074
2025-09-20,Sat,Millionaire Street,CF10 4JD,Cardiff,1074
2025-09-20,Sat,Millionaire Street,CF10 4JB,Cardiff,1074
2025-09-20,Sat,Millionaire Street,CF10 4HG,Cardiff,1074
2025-09-20,Sat,Millionaire Street,CF10 4EY,Cardiff,1074
2025-09-20,Sat,Millionaire Street,CF10 4EU,Cardiff,1074
2025-09-20,Sat,Millionaire Street,CF10 4ET,Cardiff,1074
2025-09-20,Sat,Millionaire Street,CF10 4ER,Cardiff,1074
2025-09-20,Sat,Millionaire Street,CF10 4EQ,Cardiff,1074
2025-09-20,Sat,Millionaire Street,CF10 4EP,Cardiff,1074
2025-09-20,Sat,Millionaire Street,CF10 4EL,Cardiff,1074
2025-09-20,Sat,Millionaire Street,CF10 4EJ,Cardiff,1074
2025-09-20,Sat,Millionaire Street,CF10 4EF,Cardiff,1074
2025-09-20,Sat,Millionaire Street,CF10 4EB,Cardiff,1074
2025-09-20,Sat,Millionaire Street,CF10 4EA,Cardiff,1074
2025-09-20,Sat,Millionaire Street,CF10 4DX,Cardiff,1074
2025-09-20,Sat,Millionaire Street,CF10 4DU,Cardiff,1074
2025-09-20,Sat,Millionaire Street,CF10 4DT,Cardiff,1074
2025-09-20,Sat,Millionaire Street,CF10 4DS,Cardiff,1074
2025-09-20,Sat,Millionaire Street,CF10 4DR,Cardiff,1074
2025-09-20,Sat,Millionaire Street,CF10 4DL,Cardiff,1074
2025-09-20,Sat,Millionaire Street,CF10 4DH,Cardiff,1074
2025-09-20,Sat,Millionaire Street,CF10 4DD,Cardiff,1074
2025-09-20,Sat,Millionaire Street,CF10 4DB,Cardiff,1074
2025-09-20,Sat,Millionaire Street,CF10 4DA,Cardiff,1074
2025-09-20,Sat,Millionaire Street,CF10 4BX,Cardiff,1074
2025-09-20,Sat,Millionaire Street,CF10 4BW,Cardiff,1074
2025-09-20,Sat,Millionaire Street,CF10 4BU,Cardiff,1074
2025-09-20,Sat,Millionaire Street,CF10 4BT,Cardiff,1074
2025-09-20,Sat,Millionaire Street,CF10 4BS,Cardiff,1074
2025-09-20,Sat,Millionaire Street,CF10 4BR,Cardiff,1074
2025-09-20,Sat,Millionaire Street,CF10 4BN,Cardiff,1074
2025-09-20,Sat,Millionaire Street,CF10 4BL,Cardiff,1074
2025-09-20,Sat,Millionaire Street,CF10 4BJ,Cardiff,1074
2025-09-20,Sat,Millionaire Street,CF10 4BH,Cardiff,1074
2025-09-20,Sat,Millionaire Street,CF10 4BE,Cardiff,1074
2025-09-20,Sat,Millionaire Street,CF10 4BD,Cardiff,1074
2025-09-20,Sat,Millionaire Street,CF10 4BB,Cardiff,1074
2025-09-20,Sat,Millionaire Street,CF10 4AW,Cardiff,1074
2025-09-20,Sat,Millionaire Street,CF10 4AT,Cardiff,1074
2025-09-20,Sat,Millionaire Street,CF10 4AR,Cardiff,1074
2025-09-20,Sat,Millionaire Street,CF10 4AL,Cardiff,1074
2025-09-20,Sat,Millionaire Street,CF10 4AG,Cardiff,1074
2025-09-20,Sat,Millionaire Street,CF10 4AF,Cardiff,1074
2025-09-20,Sat,Millionaire Street,CF10 4AE,Cardiff,1074
2025-09-20,Sat,Daily,TW18 1RU,Staines-upon-Thames,1000
2025-09-20,Sat,Daily,TR16 5TE,St Day,1000
2025-09-20,Sat,Daily,TN23 3RH,Ashford (Ashford),1000
2025-09-20,Sat,Daily,ST7 3AL,Scholar Green,1000
2025-09-20,Sat,Daily,PO21 1QS,Bognor Regis,1000
2025-09-20,Sat,Daily,PE21 0DD,Boston,1000
2025-09-20,Sat,Daily,OX29 6XD,North Leigh,1000
2025-09-20,Sat,Daily,NW7 3HN,Barnet,1000
2025-09-20,Sat,Daily,NG2 6QG,West Bridgford,1000
2025-09-20,Sat,Daily,MK43 0XS,Cranfield,1000
2025-09-20,Sat,Daily,LU2 7HD,Luton,1000
2025-09-20,Sat,Daily,LE11 4WB,Loughborough,1000
2025-09-20,Sat,Daily,KT19 7EA,Epsom,1000
2025-09-20,Sat,Daily,GL52 6UW,Cheltenham,1000
2025-09-20,Sat,Daily,DL3 7RG,Darlington,1000
2025-09-20,Sat,Daily,BS10 6HF,Bristol,1000
2025-09-20,Sat,Daily,BN2 8HL,Brighton and Hove,1000
2025-09-20,Sat,Daily,BH2 5JP,Bournemouth,1000
2025-09-20,Sat,Daily,BD19 6AH,Scholes (near Cleckheaton),1000
2025-09-20,Sat,Daily,B11 3LU,Birmingham,1000
2025-09-19,Fri,Daily,TQ4 6JP,Paignton,1000
2025-09-19,Fri,Daily,SS8 9QQ,Canvey Island,1000
2025-09-19,Fri,Daily,SK6 6HF,Marple,1000
2025-09-19,Fri,Daily,SE13 7UN,Lewisham,1000
2025-09-19,Fri,Daily,SA2 0YA,Swansea,1000
2025-09-19,Fri,Daily,PO13 9DU,Lee-on-the-Solent,1000
2025-09-19,Fri,Daily,PL30 3BG,St Teath,1000
2025-09-19,Fri,Daily,PL18 9EA,Gunnislake and St Ann's Chapel,1000
2025-09-19,Fri,Daily,OX18 1NZ,Carterton,1000
2025-09-19,Fri,Daily,OX11 7BS,Didcot,1000
2025-09-19,Fri,Daily,NR9 5EL,Easton (Broadland),1000
2025-09-19,Fri,Daily,NP10 9FW,Newport (Newport),1000
2025-09-19,Fri,Daily,NG19 6RE,Mansfield,1000
2025-09-19,Fri,Daily,ME15 9RY,Maidstone,1000
2025-09-19,Fri,Daily,LL71 7AL,Llanerchymedd,1000
2025-09-19,Fri,Daily,LL11 3EY,Coedpoeth,1000
2025-09-19,Fri,Daily,EX32 0AW,Landkey,1000
2025-09-19,Fri,Daily,DH9 6TH,Stanley (County Durham),1000
2025-09-19,Fri,Daily,BH17 9HH,Poole,1000
2025-09-19,Fri,Daily,B23 5FU,Birmingham,1000
2025-09-18,Thu,Daily,WR2 5RQ,Worcester,1000
2025-09-18,Thu,Daily,TN20 6NH,Mayfield (Wealden),1000
2025-09-18,Thu,Daily,ST2 7PG,Stoke-on-Trent,1000
2025-09-18,Thu,Daily,SE18 6RJ,Greenwich,1000
2025-09-18,Thu,Daily,S70 4SJ,Barnsley,1000
2025-09-18,Thu,Daily,S45 8DP,Pilsley and Lower Pilsley,1000
2025-09-18,Thu,Daily,PL4 7LF,Plymouth,1000
2025-09-18,Thu,Daily,PE28 3NU,Somersham (Huntingdonshire),1000
2025-09-18,Thu,Daily,NG11 6FJ,Ruddington,1000
2025-09-18,Thu,Daily,N19 5SB,Islington,1000
2025-09-18,Thu,Daily,MK41 6ET,Clapham (Bedford),1000
2025-09-18,Thu,Daily,LE11 3PX,Loughborough,1000
2025-09-18,Thu,Daily,GU12 6GE,Ash and Ash Vale,1000
2025-09-18,Thu,Daily,GL20 7EZ,Tewkesbury,1000
2025-09-18,Thu,Daily,EX5 4EX,Bradninch,1000
2025-09-18,Thu,Daily,DN34 5PS,Grimsby,1000
2025-09-18,Thu,Daily,CV1 3AE,Coventry,1000
2025-09-18,Thu,Daily,CA14 5NH,Workington,1000
2025-09-18,Thu,Daily,BH12 4FD,Poole,1000
2025-09-18,Thu,Daily,AB51 5GJ,Kemnay,1000
2025-09-17,Wed,Daily,WS11 4PP,Cannock,1000
2025-09-17,Wed,Daily,TS18 4AU,Stockton-on-Tees,1000
2025-09-17,Wed,Daily,TS17 0NP,Ingleby Barwick,1000
2025-09-17,Wed,Daily,TF3 1NL,Telford,1000
2025-09-17,Wed,Daily,SW18 4EE,Wandsworth,1000
2025-09-17,Wed,Daily,SO19 7BL,Southampton,1000
2025-09-17,Wed,Daily,NG17 8QD,Kirkby-in-Ashfield,1000
2025-09-17,Wed,Daily,N19 3LX,Islington,1000
2025-09-17,Wed,Daily,ME13 0LP,Faversham,1000
2025-09-17,Wed,Daily,M28 7QE,Walkden,1000
2025-09-17,Wed,Daily,LU3 4EH,Luton,1000
2025-09-17,Wed,Daily,KT6 6LY,Kingston upon Thames,1000
2025-09-17,Wed,Daily,HD9 6EA,Honley,1000
2025-09-17,Wed,Daily,CV35 8JF,Hampton Magna,1000
2025-09-17,Wed,Daily,CM3 8HB,East Hanningfield,1000
2025-09-17,Wed,Daily,CH43 1UX,Birkenhead,1000
2025-09-17,Wed,Daily,BN13 1BQ,Worthing,1000
2025-09-17,Wed,Daily,BL4 0AX,Farnworth,1000
2025-09-17,Wed,Daily,BH22 9QX,Ferndown,1000
2025-09-17,Wed,Daily,B14 5LL,Birmingham,1000
2025-09-16,Tue,Daily,TQ12 1DT,Newton Abbot,1000
2025-09-16,Tue,Daily,TD8 6RF,Jedburgh,1000
2025-09-16,Tue,Daily,SS0 9HU,Southend-on-Sea,1000
2025-09-16,Tue,Daily,SG2 9BS,Stevenage,1000
2025-09-16,Tue,Daily,S80 3HG,Worksop,1000
2025-09-16,Tue,Daily,RM16 2SR,Grays,1000
2025-09-16,Tue,Daily,NR4 6XS,Norwich,1000
2025-09-16,Tue,Daily,NR2 4AY,Norwich,1000
2025-09-16,Tue,Daily,NR2 3JD,Norwich,1000
2025-09-16,Tue,Daily,KA19 7HX,Maybole,1000
2025-09-16,Tue,Daily,HG1 2SS,Harrogate,1000
2025-09-16,Tue,Daily,GL5 2TN,Brimscombe and Thrupp,1000
2025-09-16,Tue,Daily,DE7 6FX,West Hallam,1000
2025-09-16,Tue,Daily,DE13 8LB,Barton-under-Needwood,1000
2025-09-16,Tue,Daily,DE13 0QF,Burton upon Trent,1000
2025-09-16,Tue,Daily,DD2 3FN,Dundee,1000
2025-09-16,Tue,Daily,CR7 7RH,Croydon,1000
2025-09-16,Tue,Daily,BA2 1SB,Bath,1000
2025-09-16,Tue,Daily,B71 2BD,West Bromwich,1000
2025-09-16,Tue,Daily,B33 8AH,Birmingham,1000
2025-09-15,Mon,Daily,WF3 1UG,East Ardsley,1000
2025-09-15,Mon,Daily,UB3 5EX,Hillingdon,1000
2025-09-15,Mon,Daily,TR27 5JA,Hayle,1000
2025-09-15,Mon,Daily,TD1 1LS,Galashiels,1000
2025-09-15,Mon,Daily,SR2 9SB,Sunderland,1000
2025-09-15,Mon,Daily,SL9 8BD,Gerrards Cross,1000
2025-09-15,Mon,Daily,S2 1GG,Sheffield,1000
2025-09-15,Mon,Daily,PO21 4JH,Bognor Regis,1000
2025-09-15,Mon,Daily,OX12 7LS,Wantage,1000
2025-09-15,Mon,Daily,NG16 3DR,Eastwood,1000
2025-09-15,Mon,Daily,N22 6QD,Haringey,1000
2025-09-15,Mon,Daily,M9 6LR,Manchester,1000
2025-09-15,Mon,Daily,LS14 6QJ,Leeds,1000
2025-09-15,Mon,Daily,IV3 8RA,Inbhir Nis,1000
2025-09-15,Mon,Daily,GU34 2QY,Alton (East Hampshire),1000
2025-09-15,Mon,Daily,DY14 9NB,Callow Hill,1000
2025-09-15,Mon,Daily,CM2 6NU,Chelmsford,1000
2025-09-15,Mon,Daily,BR4 0TA,Bromley,1000
2025-09-15,Mon,Daily,BD22 7FP,Keighley,1000
2025-09-15,Mon,Daily,AL10 0BL,Hatfield,1000
2025-09-14,Sun,Daily,ST6 1LL,Stoke-on-Trent,1000
2025-09-14,Sun,Daily,SK4 5AG,Stockport,1000
2025-09-14,Sun,Daily,SA9 1HE,Ystradgynlais,1000
2025-09-14,Sun,Daily,S60 4NN,Whiston,1000
2025-09-14,Sun,Daily,PA2 0TX,Paisley,1000
2025-09-14,Sun,Daily,OX10 9AA,Wallingford,1000
2025-09-14,Sun,Daily,NR31 7BG,Gorleston-on-Sea,1000
2025-09-14,Sun,Daily,NN4 8LJ,Northampton,1000
2025-09-14,Sun,Daily,NG12 4AB,Edwalton,1000
2025-09-14,Sun,Daily,NE3 1UQ,Newcastle upon Tyne,1000
2025-09-14,Sun,Daily,M9 8DP,Manchester,1000
2025-09-14,Sun,Daily,LA1 5TS,Lancaster,1000
2025-09-14,Sun,Daily,IP27 0JH,Brandon (West Suffolk),1000
2025-09-14,Sun,Daily,IG11 7PD,Barking and Dagenham,1000
2025-09-14,Sun,Daily,GU12 6PD,Ash and Ash Vale,1000
2025-09-14,Sun,Daily,GU1 4JJ,Guildford,1000
2025-09-14,Sun,Daily,CM2 0NN,Chelmsford,1000
2025-09-14,Sun,Daily,CF39 0LW,Porth,1000
2025-09-14,Sun,Daily,BN3 2PB,Brighton and Hove,1000
2025-09-14,Sun,Daily,AB44 1TR,Macduff,1000
2025-09-13,Sat,Millionaire Street,SA32 8SJ,Carmarthen,250000
2025-09-13,Sat,Daily,TN27 8JN,Biddenden,1000
2025-09-13,Sat,Daily,TD15 1UT,Berwick-upon-Tweed,1000
2025-09-13,Sat,Daily,SW15 2NU,Wandsworth,1000
2025-09-13,Sat,Daily,SE9 2AS,Greenwich,1000
2025-09-13,Sat,Daily,SE22 9HG,Southwark,1000
2025-09-13,Sat,Daily,PO32 6EJ,East Cowes,1000
2025-09-13,Sat,Daily,NR35 2DD,Ditchingham,1000
2025-09-13,Sat,Daily,LU5 4NZ,Luton,1000
2025-09-13,Sat,Daily,LE2 5HH,Oadby,1000
2025-09-13,Sat,Daily,IP31 1EW,Bury St Edmunds,1000
2025-09-13,Sat,Daily,HA3 8DE,Harrow,1000
2025-09-13,Sat,Daily,EX7 0DS,Dawlish,1000
2025-09-13,Sat,Daily,EN10 6BT,Hoddesdon,1000
2025-09-13,Sat,Daily,E3 2DH,Tower Hamlets,1000
2025-09-13,Sat,Daily,DL6 3DP,Swainby,1000
2025-09-13,Sat,Daily,CT20 1SF,Folkestone,1000
2025-09-13,Sat,Daily,CO1 1YE,Colchester,1000
2025-09-13,Sat,Daily,BS39 4LH,Pensford,1000
2025-09-13,Sat,Daily,B67 6BP,Smethwick,1000
2025-09-13,Sat,Daily,AB41 8AH,Ellon,1000
2025-09-12,Fri,Daily,W10 5EQ,Kensington and Chelsea,1000
2025-09-12,Fri,Daily,TR14 7EG,Camborne,1000
2025-09-12,Fri,Daily,SY11 1TL,Oswestry,1000
2025-09-12,Fri,Daily,ST3 4BH,Stoke-on-Trent,1000
2025-09-12,Fri,Daily,SP11 0HG,Hurstbourne Tarrant,1000
2025-09-12,Fri,Daily,SK9 5JN,Wilmslow,1000
2025-09-12,Fri,Daily,SA3 5LE,Swansea,1000
2025-09-12,Fri,Daily,S64 8FB,Swinton (Rotherham),1000
2025-09-12,Fri,Daily,OL15 0AH,Littleborough,1000
2025-09-12,Fri,Daily,NR7 9XQ,Norwich,1000
2025-09-12,Fri,Daily,NP15 1BJ,Usk,1000
2025-09-12,Fri,Daily,NG17 2DW,Sutton in Ashfield,1000
2025-09-12,Fri,Daily,M16 8EL,Manchester,1000
2025-09-12,Fri,Daily,KY8 4BD,Leven (Fife),1000
2025-09-12,Fri,Daily,DY13 9BG,Stourport-on-Severn,1000
2025-09-12,Fri,Daily,CO7 6RW,East Bergholt,1000
2025-09-12,Fri,Daily,CH6 5EL,Flint,1000
2025-09-12,Fri,Daily,CF5 5TD,Cardiff,1000
2025-09-12,Fri,Daily,CA19 1UJ,Seascale,1000
2025-09-12,Fri,Daily,BN1 8SP,Brighton and Hove,1000
2025-09-11,Thu,Daily,UB8 1AR,Hillingdon,1000
2025-09-11,Thu,Daily,TW18 4RL,Staines-upon-Thames,1000
2025-09-11,Thu,Daily,TA4 4DW,Williton,1000
2025-09-11,Thu,Daily,SK9 7SE,Alderley Edge,1000
2025-09-11,Thu,Daily,SE9 5QD,Greenwich,1000
2025-09-11,Thu,Daily,S8 7DT,Sheffield,1000
2025-09-11,Thu,Daily,S7 2NH,Sheffield,1000
2025-09-11,Thu,Daily,PR4 4XR,Longton,1000
2025-09-11,Thu,Daily,PE12 9UE,Long Sutton (South Holland),1000
2025-09-11,Thu,Daily,PA5 8SZ,Johnstone,1000
2025-09-11,Thu,Daily,NG19 9HU,Mansfield Woodhouse,1000
2025-09-11,Thu,Daily,NG19 6SF,Mansfield,1000
2025-09-11,Thu,Daily,LE9 7DU,Earl Shilton,1000
2025-09-11,Thu,Daily,LE16 8HD,Market Harborough,1000
2025-09-11,Thu,Daily,L34 0JG,Knowsley,1000
2025-09-11,Thu,Daily,KY14 6DU,Newburgh (Fife),1000
2025-09-11,Thu,Daily,HP15 6SB,Hazlemere,1000
2025-09-11,Thu,Daily,DA5 1BF,Bexley,1000
2025-09-11,Thu,Daily,BN41 1GL,Brighton and Hove,1000
2025-09-11,Thu,Daily,BL0 0NX,Edenfield,1000
2025-09-10,Wed,Daily,WA6 0JW,Helsby,1000
2025-09-10,Wed,Daily,TS29 6LD,Trimdon,1000
2025-09-10,Wed,Daily,TR1 1GR,Truro,1000
2025-09-10,Wed,Daily,SW2 5AU,Lambeth,1000
2025-09-10,Wed,Daily,SP5 2LQ,Redlynch and Woodfalls,1000
2025-09-10,Wed,Daily,SO18 6NT,Southampton,1000
2025-09-10,Wed,Daily,S36 6UB,Penistone,1000
2025-09-10,Wed,Daily,PH1 1NT,Perth,1000
2025-09-10,Wed,Daily,PE3 7HS,Peterborough,1000
2025-09-10,Wed,Daily,NR24 2SL,Briston,1000
2025-09-10,Wed,Daily,NP44 1BE,Cwmbrân,1000
2025-09-10,Wed,Daily,M21 7NG,Manchester,1000
2025-09-10,Wed,Daily,LA18 4DX,Millom,1000
2025-09-10,Wed,Daily,GL5 1ER,Stroud,1000
2025-09-10,Wed,Daily,FY8 1EL,Lytham St Anne's,1000
2025-09-10,Wed,Daily,DA1 1SJ,Dartford,1000
2025-09-10,Wed,Daily,CR4 1DY,Merton,1000
2025-09-10,Wed,Daily,CM11 2XE,Billericay,1000
2025-09-10,Wed,Daily,BS8 2TY,Bristol,1000
2025-09-10,Wed,Daily,BN13 1QX,Worthing,1000
2025-09-09,Tue,Daily,WA16 8EN,Knutsford,1000
2025-09-09,Tue,Daily,TR14 8FH,Camborne,1000
2025-09-09,Tue,Daily,TQ5 0DR,Brixham,1000
2025-09-09,Tue,Daily,SS9 1SQ,Southend-on-Sea,1000
2025-09-09,Tue,Daily,SN6 6AN,Cricklade,1000
2025-09-09,Tue,Daily,PR6 8JF,Chorley,1000
2025-09-09,Tue,Daily,NG23 7JA,Collingham (Newark and Sherwood),1000
2025-09-09,Tue,Daily,NE34 9NF,Jarrow,1000
2025-09-09,Tue,Daily,LS19 7AR,Yeadon,1000
2025-09-09,Tue,Daily,LS11 8TN,Leeds,1000
2025-09-09,Tue,Daily,LE18 2BD,Wigston,1000
2025-09-09,Tue,Daily,KT23 3DD,Great Bookham and Fetcham,1000
2025-09-09,Tue,Daily,IP30 9PB,Elmswell,1000
2025-09-09,Tue,Daily,GL4 6BH,Gloucester,1000
2025-09-09,Tue,Daily,DN16 2HH,Scunthorpe,1000
2025-09-09,Tue,Daily,DL16 7SA,Spennymoor,1000
2025-09-09,Tue,Daily,CF81 8TF,Bargod,1000
2025-09-09,Tue,Daily,CF14 5AR,Cardiff,1000
2025-09-09,Tue,Daily,B62 0HG,Halesowen,1000
2025-09-09,Tue,Daily,AB38 9TA,Charlestown of Aberlour,1000
2025-09-08,Mon,Daily,WA6 0DB,Helsby,1000
2025-09-08,Mon,Daily,TS22 5JP,Billingham,1000
2025-09-08,Mon,Daily,TQ2 8NG,Torquay,1000
2025-09-08,Mon,Daily,SN4 7BW,Royal Wootton Bassett,1000
2025-09-08,Mon,Daily,SN2 2NX,Swindon (Swindon),1000
2025-09-08,Mon,Daily,SG14 2PT,Hertford,1000
2025-09-08,Mon,Daily,PE13 3DJ,Wisbech,1000
2025-09-08,Mon,Daily,NR27 0AS,Cromer,1000
2025-09-08,Mon,Daily,NR13 6RS,Rackheath,1000
2025-09-08,Mon,Daily,N13 5DP,Enfield,1000
2025-09-08,Mon,Daily,LS17 6LJ,Leeds,1000
2025-09-08,Mon,Daily,LN2 4UQ,Lincoln,1000
2025-09-08,Mon,Daily,LL72 8LP,Moelfre,1000
2025-09-08,Mon,Daily,KY12 7TQ,Dunfermline,1000
2025-09-08,Mon,Daily,FY6 8HH,Poulton-le-Fylde,1000
2025-09-08,Mon,Daily,CW3 9TL,Madeley,1000
2025-09-08,Mon,Daily,CT21 4EB,Hythe,1000
2025-09-08,Mon,Daily,BR3 4RT,Bromley,1000
2025-09-08,Mon,Daily,BL5 2SE,Westhoughton,1000
2025-09-08,Mon,Daily,B92 8HZ,Solihull,1000
2025-09-07,Sun,Daily,WN1 1SA,Wigan,1000
2025-09-07,Sun,Daily,SS17 8HR,Stanford-le-Hope,1000
2025-09-07,Sun,Daily,SA44 5TS,Waungilwen,1000
2025-09-07,Sun,Daily,SA10 6AJ,Neath,1000
2025-09-07,Sun,Daily,OL4 3RE,Lees,1000
2025-09-07,Sun,Daily,NR16 1RW,Tacolneston,1000
2025-09-07,Sun,Daily,NP10 8WU,Newport (Newport),1000
2025-09-07,Sun,Daily,M3 5DZ,Salford,1000
2025-09-07,Sun,Daily,LN2 4EP,Lincoln,1000
2025-09-07,Sun,Daily,G66 3NN,Kirkintilloch,1000
2025-09-07,Sun,Daily,EX2 9PU,Exeter,1000
2025-09-07,Sun,Daily,EH15 3DL,Edinburgh,1000
2025-09-07,Sun,Daily,DH4 4PD,Shiney Row and Penshaw,1000
2025-09-07,Sun,Daily,DE14 2GE,Burton upon Trent,1000
2025-09-07,Sun,Daily,DD10 9SU,Montrose,1000
2025-09-07,Sun,Daily,CT6 5QW,Herne Bay,1000
2025-09-07,Sun,Daily,CM11 1BA,Billericay,1000
2025-09-07,Sun,Daily,BB8 8JT,Colne,1000
2025-09-07,Sun,Daily,BB3 2SA,Darwen,1000
2025-09-07,Sun,Daily,B90 4TH,Solihull,1000
2025-09-06,Sat,Millionaire Street,DT5 1DA,Fortuneswell,66666
2025-09-06,Sat,Daily,WF15 8JT,Liversedge,1000
2025-09-06,Sat,Daily,SK9 3HD,Wythenshawe,1000
2025-09-06,Sat,Daily,PL5 2LQ,Plymouth,1000
2025-09-06,Sat,Daily,NN15 5SH,Burton Latimer,1000
2025-09-06,Sat,Daily,MK15 8HQ,Milton Keynes,1000
2025-09-06,Sat,Daily,HP10 9JH,Flackwell Heath and Wooburn Green,1000
2025-09-06,Sat,Daily,HA7 3DB,Harrow,1000
2025-09-06,Sat,Daily,GU30 7WL,Liphook,1000
2025-09-06,Sat,Daily,G74 3NE,East Kilbride,1000
2025-09-06,Sat,Daily,EH5 2FE,Edinburgh,1000
2025-09-06,Sat,Daily,E1 0NB,Tower Hamlets,1000
2025-09-06,Sat,Daily,DN21 1EA,Gainsborough,1000
2025-09-06,Sat,Daily,CW5 8DD,Wrenbury-cum-Frith,1000
2025-09-06,Sat,Daily,CV21 3BF,Rugby,1000
2025-09-06,Sat,Daily,CF5 2NR,Cardiff,1000
2025-09-06,Sat,Daily,BR5 4DU,Bromley,1000
2025-09-06,Sat,Daily,BN11 3RT,Worthing,1000
2025-09-06,Sat,Daily,BN1 7HB,Brighton and Hove,1000
2025-09-06,Sat,Daily,BB7 2RJ,Clitheroe,1000
2025-09-06,Sat,Daily,B12 9TN,Birmingham,1000
2025-09-05,Fri,Daily,YO32 5UJ,Strensall,1000
2025-09-05,Fri,Daily,WD24 5JS,Watford (Watford),1000
2025-09-05,Fri,Daily,UB10 0PR,Hillingdon,1000
2025-09-05,Fri,Daily,TS26 9EZ,Hartlepool,1000
2025-09-05,Fri,Daily,TS1 4PP,Middlesbrough,1000
2025-09-05,Fri,Daily,TR15 1RY,Redruth,1000
2025-09-05,Fri,Daily,SP5 3BE,Downton,1000
2025-09-05,Fri,Daily,SG1 3RT,Stevenage,1000
2025-09-05,Fri,Daily,S14 1FH,Sheffield,1000
2025-09-05,Fri,Daily,PL21 9AN,Ivybridge,1000
2025-09-05,Fri,Daily,NP4 8RD,Pontypool,1000
2025-09-05,Fri,Daily,NN11 3UP,Woodford Halse,1000
2025-09-05,Fri,Daily,KT24 5LB,East Horsley,1000
2025-09-05,Fri,Daily,HP19 9NG,Aylesbury,1000
2025-09-05,Fri,Daily,G22 5DF,Glasgow,1000
2025-09-05,Fri,Daily,FY1 2PS,Blackpool,1000
2025-09-05,Fri,Daily,FK5 3DS,Larbert and Stenhousemuir,1000
2025-09-05,Fri,Daily,EH11 3EW,Edinburgh,1000
2025-09-05,Fri,Daily,DE14 3TW,Burton upon Trent,1000
2025-09-05,Fri,Daily,CT2 8JW,Canterbury,1000
2025-09-05,Fri,Daily,CM3 6PN,Althorne,1000
2025-09-05,Fri,Daily,BA3 3LN,Radstock,1000
2025-09-05,Fri,Daily,B34 6QR,Birmingham,1000
2025-09-05,Fri,Daily,B30 1TA,Birmingham,1000
2025-09-04,Thu,Daily,TN9 2QL,Tonbridge,1000
2025-09-04,Thu,Daily,SR8 3DP,Easington (County Durham),1000
2025-09-04,Thu,Daily,SP4 0HA,Porton,1000
2025-09-04,Thu,Daily,SO50 9RE,Eastleigh,1000
2025-09-04,Thu,Daily,SG12 0BW,Ware,1000
2025-09-04,Thu,Daily,OX14 1PJ,Abingdon-on-Thames,1000
2025-09-04,Thu,Daily,NR17 2PA,Attleborough,1000
2025-09-04,Thu,Daily,NN15 5WY,Burton Latimer,1000
2025-09-04,Thu,Daily,NG31 9QQ,Grantham,1000
2025-09-04,Thu,Daily,NE37 2RE,Washington,1000
2025-09-04,Thu,Daily,M33 2TQ,Sale,1000
2025-09-04,Thu,Daily,LL19 8HU,Prestatyn,1000
2025-09-04,Thu,Daily,LE7 7SZ,Anstey,1000
2025-09-04,Thu,Daily,L37 3PU,Formby,1000
2025-09-04,Thu,Daily,HX7 6HT,Hebden Bridge,1000
2025-09-04,Thu,Daily,HR9 7EZ,Ross-on-Wye,1000
2025-09-04,Thu,Daily,GL16 7LL,Broadwell and Coalway,1000
2025-09-04,Thu,Daily,G40 2HB,Glasgow,1000
2025-09-04,Thu,Daily,BH9 2BB,Bournemouth,1000
2025-09-04,Thu,Daily,BB3 1HA,Darwen,1000
2025-09-04,Thu,Daily,BA11 5HG,Frome,1000
2025-09-04,Thu,Daily,B75 7PF,Royal Sutton Coldfield,1000
2025-09-04,Thu,Daily,B26 3BG,Birmingham,1000
2025-09-04,Thu,Daily,AB53 5YT,Cuminestown,1000
2025-09-03,Wed,Daily,WS8 7LL,Brownhills,1000
2025-09-03,Wed,Daily,WF8 2JX,Pontefract,1000
2025-09-03,Wed,Daily,WF4 3DQ,Crigglestone and Durkar,1000
2025-09-03,Wed,Daily,TS24 0ET,Hartlepool,1000
2025-09-03,Wed,Daily,SM4 6EH,Merton,1000
2025-09-03,Wed,Daily,PO20 0NS,Selsey,1000
2025-09-03,Wed,Daily,PL9 7RJ,Plymouth,1000
2025-09-03,Wed,Daily,NR35 1RE,Bungay,1000
2025-09-03,Wed,Daily,NP19 4TE,Newport (Newport),1000
2025-09-03,Wed,Daily,M24 6ET,Middleton (Rochdale),1000
2025-09-03,Wed,Daily,LS11 7BS,Leeds,1000
2025-09-03,Wed,Daily,LN6 8RZ,North Hykeham,1000
2025-09-03,Wed,Daily,LL12 8NZ,Gresford,1000
2025-09-03,Wed,Daily,LA13 0BB,Barrow-in-Furness,1000
2025-09-03,Wed,Daily,L39 6SQ,Ormskirk,1000
2025-09-03,Wed,Daily,IP22 2TD,North Lopham,1000
2025-09-03,Wed,Daily,HU16 5QQ,Cottingham,1000
2025-09-03,Wed,Daily,G14 9LU,Glasgow,1000
2025-09-03,Wed,Daily,EX1 3DJ,Exeter,1000
2025-09-03,Wed,Daily,DY11 5RP,Kidderminster,1000
2025-09-03,Wed,Daily,DH5 0PW,Easington Lane,1000
2025-09-03,Wed,Daily,DA14 5BA,Bexley,1000
2025-09-03,Wed,Daily,CH3 6JQ,Chester,1000
2025-09-03,Wed,Daily,CB23 4NJ,Elsworth,1000
2025-09-02,Tue,Daily,WA9 2JT,St Helens (St. Helens),1000
2025-09-02,Tue,Daily,TW16 6LR,Sunbury-on-Thames,1000
2025-09-02,Tue,Daily,TS29 6DN,Trimdon,1000
2025-09-02,Tue,Daily,TR4 8GN,Chacewater,1000
2025-09-02,Tue,Daily,ST2 8LW,Stoke-on-Trent,1000
2025-09-02,Tue,Daily,SN16 0DS,Malmesbury,1000
2025-09-02,Tue,Daily,SL6 4QJ,Maidenhead,1000
2025-09-02,Tue,Daily,SK14 6NS,Hadfield,1000
2025-09-02,Tue,Daily,SA15 2EX,Llanelli,1000
2025-09-02,Tue,Daily,S12 2QS,Sheffield,1000
2025-09-02,Tue,Daily,PR9 8BR,Southport,1000
2025-09-02,Tue,Daily,PR2 9FH,Fulwood,1000
2025-09-02,Tue,Daily,PH6 2HS,Comrie,1000
2025-09-02,Tue,Daily,PE1 3RA,Peterborough,1000
2025-09-02,Tue,Daily,NW8 7JD,City of Westminster,1000
2025-09-02,Tue,Daily,NN15 5ZH,Burton Latimer,1000
2025-09-02,Tue,Daily,NG7 3FJ,Nottingham,1000
2025-09-02,Tue,Daily,HP22 6NY,Wendover,1000
2025-09-02,Tue,Daily,HG3 1BH,Harrogate,1000
2025-09-02,Tue,Daily,HD1 4DN,Huddersfield,1000
2025-09-02,Tue,Daily,GL3 2NQ,Churchdown,1000
2025-09-02,Tue,Daily,EH17 8FR,Edinburgh,1000
2025-09-02,Tue,Daily,DL3 7AP,Darlington,1000
2025-09-02,Tue,Daily,BB12 8AN,Padiham,1000
2025-09-01,Mon,Daily,YO31 1EL,York,1000
2025-09-01,Mon,Daily,WV13 2SQ,Willenhall,1000
2025-09-01,Mon,Daily,SY10 7PS,Weston Rhyn,1000
2025-09-01,Mon,Daily,SW10 0ER,Kensington and Chelsea,1000
2025-09-01,Mon,Daily,RG30 4QD,Reading,1000
2025-09-01,Mon,Daily,PE32 1HB,Gayton (King's Lynn and West Norfolk),1000
2025-09-01,Mon,Daily,NW9 7RU,Barnet,1000
2025-09-01,Mon,Daily,NG8 6JG,Nottingham,1000
2025-09-01,Mon,Daily,MK8 9AD,Milton Keynes,1000
2025-09-01,Mon,Daily,M20 2ZL,Manchester,1000
2025-09-01,Mon,Daily,LS6 1LJ,Leeds,1000
2025-09-01,Mon,Daily,LE67 1GJ,Ellistown,1000
2025-09-01,Mon,Daily,KY8 5LS,Kennoway,1000
2025-09-01,Mon,Daily,KT17 4FA,Epsom,1000
2025-09-01,Mon,Daily,IP5 2YF,Kesgrave,1000
2025-09-01,Mon,Daily,IP11 0XF,Trimley St Mary,1000
2025-09-01,Mon,Daily,EX3 0EY,Topsham,1000
2025-09-01,Mon,Daily,DD6 9EY,Tayport,1000
2025-09-01,Mon,Daily,CR4 1XT,Merton,1000
2025-09-01,Mon,Daily,CR0 9HH,Croydon,1000
2025-09-01,Mon,Daily,CM9 8QH,Tollesbury,1000
2025-09-01,Mon,Daily,CF24 2PF,Cardiff,1000
2025-09-01,Mon,Daily,CA6 5PA,Longtown,1000
2025-09-01,Mon,Daily,B98 8JD,Redditch,1000
2025-08-31,Sun,Daily,SM6 9QB,Sutton (Sutton),1000
2025-08-31,Sun,Daily,SK1 3JS,Stockport,1000
2025-08-31,Sun,Daily,OL6 8XJ,Ashton-under-Lyne,1000
2025-08-31,Sun,Daily,NR17 1GN,Attleborough,1000
2025-08-31,Sun,Daily,NP19 9SP,Newport (Newport),1000
2025-08-31,Sun,Daily,NP19 0DH,Newport (Newport),1000
2025-08-31,Sun,Daily,NG18 4AE,Mansfield,1000
2025-08-31,Sun,Daily,NE7 7FE,Newcastle upon Tyne,1000
2025-08-31,Sun,Daily,NE32 4TY,Jarrow,1000
2025-08-31,Sun,Daily,M46 0NN,Atherton,1000
2025-08-31,Sun,Daily,M30 0WR,Eccles (Salford),1000
2025-08-31,Sun,Daily,KY3 0JS,Burntisland,1000
2025-08-31,Sun,Daily,HP3 9TY,Hemel Hempstead,1000
2025-08-31,Sun,Daily,HD8 9AN,Clayton West and Scissett,1000
2025-08-31,Sun,Daily,GU23 7EP,Send,1000
2025-08-31,Sun,Daily,G71 5DA,Uddingston,1000
2025-08-31,Sun,Daily,EN8 0HP,Cheshunt,1000
2025-08-31,Sun,Daily,DY9 8AE,Stourbridge,1000
2025-08-31,Sun,Daily,DN35 7UW,Cleethorpes,1000
2025-08-31,Sun,Daily,CV23 9RB,Long Lawford,1000
2025-08-31,Sun,Daily,BN2 4HA,Brighton and Hove,1000
2025-08-31,Sun,Daily,BN12 6NA,Worthing,1000
2025-08-31,Sun,Daily,BH22 9JJ,Ferndown,1000
2025-08-31,Sun,Daily,BB2 1NH,Blackburn (Blackburn with Darwen),1000
2025-08-30,Sat,Millionaire Street,ME16 0TW,Maidstone,250000
2025-08-30,Sat,Daily,YO26 8JL,Green Hammerton,1000
2025-08-30,Sat,Daily,WF4 6LX,Horbury,1000
2025-08-30,Sat,Daily,W6 7HF,Hammersmith and Fulham,1000
2025-08-30,Sat,Daily,SA44 5DX,Waungilwen,1000
2025-08-30,Sat,Daily,RM7 7JT,Havering,1000
2025-08-30,Sat,Daily,PE32 2NU,Castle Acre,1000
2025-08-30,Sat,Daily,OX29 4DA,Eynsham,1000
2025-08-30,Sat,Daily,NN1 5RY,Northampton,1000
2025-08-30,Sat,Daily,LS25 7EN,Kippax,1000
2025-08-30,Sat,Daily,LE7 3GE,Queniborough,1000
2025-08-30,Sat,Daily,LA2 0BW,Galgate,1000
2025-08-30,Sat,Daily,HP27 0AA,Princes Risborough,1000
2025-08-30,Sat,Daily,EN1 1BB,Enfield,1000
2025-08-30,Sat,Daily,EH3 9QS,Edinburgh,1000
2025-08-30,Sat,Daily,E14 0BE,Tower Hamlets,1000
2025-08-30,Sat,Daily,DN20 9LL,Hibaldstow,1000
2025-08-30,Sat,Daily,DH8 9QX,Castleside,1000
2025-08-30,Sat,Daily,DE21 5BT,Little Eaton,1000
2025-08-30,Sat,Daily,CV5 9BZ,Coventry,1000
2025-08-30,Sat,Daily,CO13 0JD,Kirby Cross,1000
2025-08-30,Sat,Daily,CF32 9HT,Sarn,1000
2025-08-30,Sat,Daily,CB21 4NF,Linton (South Cambridgeshire),1000
2025-08-30,Sat,Daily,AL7 4TJ,Welwyn Garden City,1000
2025-08-30,Sat,Daily,AB52 6JX,Insch,1000
2025-08-29,Fri,Daily,TQ14 9QN,Teignmouth,1000
2025-08-29,Fri,Daily,TA3 7PA,Trull,1000
2025-08-29,Fri,Daily,SA9 1TB,Ystradgynlais,1000
2025-08-29,Fri,Daily,S25 2BD,Dinnington (Rotherham),1000
2025-08-29,Fri,Daily,S21 1AR,Killamarsh,1000
2025-08-29,Fri,Daily,RM2 6ET,Havering,1000
2025-08-29,Fri,Daily,PR3 1BE,Garstang,1000
2025-08-29,Fri,Daily,PE12 0LU,Sutton St James,1000
2025-08-29,Fri,Daily,NG33 5EG,Colsterworth,1000
2025-08-29,Fri,Daily,N8 9JR,Haringey,1000
2025-08-29,Fri,Daily,MK3 6JG,Bletchley,1000
2025-08-29,Fri,Daily,M33 5HU,Sale,1000
2025-08-29,Fri,Daily,M25 1HQ,Prestwich,1000
2025-08-29,Fri,Daily,L4 5QU,Liverpool,1000
2025-08-29,Fri,Daily,KY6 3PF,Leslie,1000
2025-08-29,Fri,Daily,IV12 5BQ,Nairn,1000
2025-08-29,Fri,Daily,HU9 2QX,Kingston upon Hull,1000
2025-08-29,Fri,Daily,FY1 6NU,Blackpool,1000
2025-08-29,Fri,Daily,EH47 8LB,Whitburn (West Lothian),1000
2025-08-29,Fri,Daily,DL3 7RN,Darlington,1000
2025-08-29,Fri,Daily,DL14 7HU,Bishop Auckland,1000
2025-08-29,Fri,Daily,BN15 0DE,Lancing and Sompting,1000
2025-08-29,Fri,Daily,BN1 5NN,Brighton and Hove,1000
2025-08-29,Fri,Daily,BD20 0HH,Silsden,1000
2025-08-28,Thu,Daily,YO22 5LN,Sleights,1000
2025-08-28,Thu,Daily,TW18 2NT,Staines-upon-Thames,1000
2025-08-28,Thu,Daily,TS18 5HB,Stockton-on-Tees,1000
2025-08-28,Thu,Daily,TA3 7QH,Trull,1000
2025-08-28,Thu,Daily,SY23 4TN,Aberystwyth,1000
2025-08-28,Thu,Daily,SP6 1JE,Fordingbridge,1000
2025-08-28,Thu,Daily,S63 7HY,Wath upon Dearne,1000
2025-08-28,Thu,Daily,OL6 8RJ,Ashton-under-Lyne,1000
2025-08-28,Thu,Daily,OL3 5ED,Dobcross,1000
2025-08-28,Thu,Daily,NW9 7AZ,Barnet,1000
2025-08-28,Thu,Daily,NG16 3BL,Eastwood,1000
2025-08-28,Thu,Daily,NG15 6WX,Hucknall,1000
2025-08-28,Thu,Daily,NE63 9FL,Ashington (Northumberland),1000
2025-08-28,Thu,Daily,NE34 8BX,South Shields,1000
2025-08-28,Thu,Daily,M33 6HY,Sale,1000
2025-08-28,Thu,Daily,LS27 8UB,Morley (Leeds),1000
2025-08-28,Thu,Daily,L23 7YB,Crosby (Sefton),1000
2025-08-28,Thu,Daily,IP28 8AA,Red Lodge,1000
2025-08-28,Thu,Daily,HU9 4QT,Kingston upon Hull,1000
2025-08-28,Thu,Daily,EH32 0NY,Cockenzie and Port Seton,1000
2025-08-28,Thu,Daily,DY9 0WR,Stourbridge,1000
2025-08-28,Thu,Daily,DN22 0FL,North Leverton with Habblesthorpe,1000
2025-08-28,Thu,Daily,CO15 2SG,Jaywick,1000
2025-08-28,Thu,Daily,B60 3NQ,Bromsgrove,1000
2025-08-27,Wed,Daily,YO24 4DG,York,1000
2025-08-27,Wed,Daily,WV3 8AR,Wolverhampton,1000
2025-08-27,Wed,Daily,TN8 6DW,Edenbridge,1000
2025-08-27,Wed,Daily,SY15 6AD,Montgomery,1000
2025-08-27,Wed,Daily,SG18 0DB,Biggleswade,1000
2025-08-27,Wed,Daily,OL8 2EA,Oldham,1000
2025-08-27,Wed,Daily,NR7 8AA,Norwich,1000
2025-08-27,Wed,Daily,NN7 4GZ,Weedon Bec,1000
2025-08-27,Wed,Daily,NG2 1HF,Nottingham,1000
2025-08-27,Wed,Daily,NG13 0BZ,Bottesford,1000
2025-08-27,Wed,Daily,N15 4HH,Haringey,1000
2025-08-27,Wed,Daily,KY6 3NT,Leslie,1000
2025-08-27,Wed,Daily,IV2 4HS,Inbhir Nis,1000
2025-08-27,Wed,Daily,HU16 4RF,Cottingham,1000
2025-08-27,Wed,Daily,HP3 9LQ,Hemel Hempstead,1000
2025-08-27,Wed,Daily,HG3 3RZ,Bishop Monkton,1000
2025-08-27,Wed,Daily,EX6 6JP,Tedburn St Mary,1000
2025-08-27,Wed,Daily,EN5 4LH,Barnet,1000
2025-08-27,Wed,Daily,DN2 5PD,Doncaster,1000
2025-08-27,Wed,Daily,DH6 5LX,Bowburn,1000
2025-08-27,Wed,Daily,CR0 8YW,Croydon,1000
2025-08-27,Wed,Daily,CH47 3DN,Hoylake,1000
2025-08-27,Wed,Daily,BB2 4NL,Blackburn (Blackburn with Darwen),1000
2025-08-27,Wed,Daily,B63 2HD,Halesowen,1000
2025-08-26,Tue,Daily,TQ3 1HH,Paignton,1000
2025-08-26,Tue,Daily,TA24 6UE,Minehead,1000
2025-08-26,Tue,Daily,SM6 8LE,Sutton (Sutton),1000
2025-08-26,Tue,Daily,SL4 6BP,Eton,1000
2025-08-26,Tue,Daily,SE2 9EJ,Greenwich,1000
2025-08-26,Tue,Daily,RG27 0JL,Sherfield on Loddon,1000
2025-08-26,Tue,Daily,PE9 1UQ,Stamford,1000
2025-08-26,Tue,Daily,PE29 1YZ,Huntingdon,1000
2025-08-26,Tue,Daily,NR29 5RH,Ludham,1000
2025-08-26,Tue,Daily,NP23 8US,Ebbw Vale,1000
2025-08-26,Tue,Daily,M32 0QB,Stretford,1000
2025-08-26,Tue,Daily,LS11 6EX,Leeds,1000
2025-08-26,Tue,Daily,LN11 0QF,Louth,1000
2025-08-26,Tue,Daily,LN1 1QQ,Lincoln,1000
2025-08-26,Tue,Daily,KY16 9SN,St Andrews,1000
2025-08-26,Tue,Daily,EX8 5QF,Exmouth,1000
2025-08-26,Tue,Daily,EH14 5LN,Edinburgh,1000
2025-08-26,Tue,Daily,DT1 2AF,Dorchester (Dorset),1000
2025-08-26,Tue,Daily,CM6 4BF,Great Dunmow,1000
2025-08-26,Tue,Daily,CM23 1EL,Bishop's Stortford,1000
2025-08-26,Tue,Daily,CH8 8RZ,Pentre Halkyn,1000
2025-08-26,Tue,Daily,BS22 9DZ,Weston-super-Mare,1000
2025-08-26,Tue,Daily,BB2 3JB,Blackburn (Blackburn with Darwen),1000
2025-08-26,Tue,Daily,B74 2AF,Royal Sutton Coldfield,1000
2025-08-25,Mon,Daily,ZE2 9SE,Brae,1000
2025-08-25,Mon,Daily,YO60 6NS,Sheriff Hutton,1000
2025-08-25,Mon,Daily,YO25 9DP,Hutton Cranswick,1000
2025-08-25,Mon,Daily,WV4 6HE,Wolverhampton,1000
2025-08-25,Mon,Daily,WF4 1SU,Crofton,1000
2025-08-25,Mon,Daily,TS3 9PG,Middlesbrough,1000
2025-08-25,Mon,Daily,TN13 2UR,Sevenoaks,1000
2025-08-25,Mon,Daily,ST13 7QD,Cheddleton,1000
2025-08-25,Mon,Daily,SA70 8LQ,Tenby,1000
2025-08-25,Mon,Daily,S73 8PL,Wombwell,1000
2025-08-25,Mon,Daily,RG4 9TG,Sonning Common,1000
2025-08-25,Mon,Daily,PR7 6NR,Euxton,1000
2025-08-25,Mon,Daily,NP20 5DA,Newport (Newport),1000
2025-08-25,Mon,Daily,NG21 0LS,Rainworth,1000
2025-08-25,Mon,Daily,MK4 2BE,Milton Keynes,1000
2025-08-25,Mon,Daily,M19 1ES,Manchester,1000
2025-08-25,Mon,Daily,KT8 1QE,West Molesey,1000
2025-08-25,Mon,Daily,KA21 5BB,Saltcoats,1000
2025-08-25,Mon,Daily,HX2 9PA,Halifax,1000
2025-08-25,Mon,Daily,GL1 4JE,Gloucester,1000
2025-08-25,Mon,Daily,EX24 6DP,Colyton,1000
2025-08-25,Mon,Daily,CF14 2QZ,Cardiff,1000
2025-08-25,Mon,Daily,B42 1HQ,Birmingham,1000
2025-08-25,Mon,Daily,B33 0RH,Birmingham,1000
2025-08-24,Sun,Daily,WS10 0BX,Wednesbury,1000
2025-08-24,Sun,Daily,WR9 7TE,Droitwich Spa,1000
2025-08-24,Sun,Daily,TQ12 6NJ,Newton Abbot,1000
2025-08-24,Sun,Daily,SS7 3BU,Thundersley and South Benfleet,1000
2025-08-24,Sun,Daily,SS13 2DH,Basildon,1000
2025-08-24,Sun,Daily,SO51 6BT,West Wellow,1000
2025-08-24,Sun,Daily,SO45 5FZ,Hythe and Dibden Purlieu,1000
2025-08-24,Sun,Daily,SO32 1QS,Bishop's Waltham,1000
2025-08-24,Sun,Daily,SA15 2AB,Llanelli,1000
2025-08-24,Sun,Daily,SA14 7TN,Cross Hands and Pen-y-groes,1000
2025-08-24,Sun,Daily,RH20 4LG,Storrington,1000
2025-08-24,Sun,Daily,RH2 7DA,Reigate,1000
2025-08-24,Sun,Daily,PR5 6EY,Bamber Bridge,1000
2025-08-24,Sun,Daily,PE13 4TX,Wisbech St Mary,1000
2025-08-24,Sun,Daily,PA23 8LR,Dùn Obhainn,1000
2025-08-24,Sun,Daily,NR34 9UU,Beccles,1000
2025-08-24,Sun,Daily,NE45 5JG,Corbridge,1000
2025-08-24,Sun,Daily,HD4 5QQ,Huddersfield,1000
2025-08-24,Sun,Daily,EH38 5YG,Dalkeith,1000
2025-08-24,Sun,Daily,EH10 5QR,Edinburgh,1000
2025-08-24,Sun,Daily,DE6 3BE,Hulland Ward,1000
2025-08-24,Sun,Daily,CV4 7HJ,Coventry,1000
2025-08-24,Sun,Daily,CH7 3AJ,Buckley,1000
2025-08-24,Sun,Daily,AB53 8HY,Turriff,1000
2025-08-23,Sat,Millionaire Street,SK17 9TS,Buxton (High Peak),166666
2025-08-23,Sat,Daily,WA14 5QB,Altrincham,1000
2025-08-23,Sat,Daily,TQ14 0HL,Shaldon,1000
2025-08-23,Sat,Daily,TN16 3RB,Bromley,1000
2025-08-23,Sat,Daily,TF11 8AZ,Shifnal,1000
2025-08-23,Sat,Daily,SO53 1FE,Chandler's Ford,1000
2025-08-23,Sat,Daily,SA19 6ED,Llandeilo,1000
2025-08-23,Sat,Daily,SA12 6PG,Port Talbot,1000
2025-08-23,Sat,Daily,RM16 2AD,Grays,1000
2025-08-23,Sat,Daily,PL18 9AT,Gunnislake and St Ann's Chapel,1000
2025-08-23,Sat,Daily,NR28 9PL,North Walsham,1000
2025-08-23,Sat,Daily,LS25 6LB,Sherburn in Elmet,1000
2025-08-23,Sat,Daily,IP11 2JU,Felixstowe,1000
2025-08-23,Sat,Daily,GU14 9PH,Farnborough,1000
2025-08-23,Sat,Daily,GL1 5LT,Gloucester,1000
2025-08-23,Sat,Daily,DN7 5DZ,Stainforth,1000
2025-08-23,Sat,Daily,DH2 2SY,Chester-le-Street,1000
2025-08-23,Sat,Daily,DE21 5LD,Little Eaton,1000
2025-08-23,Sat,Daily,CT15 4DW,Eythorne,1000
2025-08-23,Sat,Daily,CM13 3GJ,Brentwood,1000
2025-08-23,Sat,Daily,CF72 9TS,Llanharan and Brynna,1000
2025-08-23,Sat,Daily,BS27 3EN,Cheddar,1000
2025-08-23,Sat,Daily,BS13 9PP,Bristol,1000
2025-08-23,Sat,Daily,BD17 7LB,Baildon,1000
2025-08-23,Sat,Daily,AB51 0FG,Kintore,1000
2025-08-22,Fri,Daily,YO17 6XD,Malton,1000
2025-08-22,Fri,Daily,WD5 0RT,Abbots Langley and Kings Langley,1000
2025-08-22,Fri,Daily,WA16 8FH,Knutsford,1000
2025-08-22,Fri,Daily,W11 2BS,Kensington and Chelsea,1000
2025-08-22,Fri,Daily,UB10 0SX,Hillingdon,1000
2025-08-22,Fri,Daily,TS17 7HE,Thornaby-on-Tees,1000
2025-08-22,Fri,Daily,TN8 6AN,Edenbridge,1000
2025-08-22,Fri,Daily,SO45 5EL,Hythe and Dibden Purlieu,1000
2025-08-22,Fri,Daily,SN10 2AR,Devizes,1000
2025-08-22,Fri,Daily,S75 2LL,Barnsley,1000
2025-08-22,Fri,Daily,PO13 0ZH,Gosport,1000
2025-08-22,Fri,Daily,OL3 7AB,Uppermill,1000
2025-08-22,Fri,Daily,NP44 7JT,Cwmbrân,1000
2025-08-22,Fri,Daily,NP44 7BB,Cwmbrân,1000
2025-08-22,Fri,Daily,NG19 0HN,Forest Town,1000
2025-08-22,Fri,Daily,M25 0EY,Prestwich,1000
2025-08-22,Fri,Daily,KY5 9LB,Lochgelly,1000
2025-08-22,Fri,Daily,HU17 9NT,Beverley,1000
2025-08-22,Fri,Daily,HG4 1TQ,Ripon,1000
2025-08-22,Fri,Daily,G62 7BL,Milngavie,1000
2025-08-22,Fri,Daily,E3 3BP,Tower Hamlets,1000
2025-08-22,Fri,Daily,E18 2JT,Redbridge,1000
2025-08-22,Fri,Daily,DN36 4LE,Humberston and New Waltham,1000
2025-08-22,Fri,Daily,CA14 4QB,Workington,1000
2025-08-21,Thu,Daily,TS19 0PA,Stockton-on-Tees,1000
2025-08-21,Thu,Daily,TS15 9BX,Yarm,1000
2025-08-21,Thu,Daily,SP5 3QZ,Downton,1000
2025-08-21,Thu,Daily,SM4 6JN,Merton,1000
2025-08-21,Thu,Daily,S61 1TD,Rotherham,1000
2025-08-21,Thu,Daily,S41 8PP,Chesterfield,1000
2025-08-21,Thu,Daily,RM15 4EX,Aveley,1000
2025-08-21,Thu,Daily,PO22 9ET,Bognor Regis,1000
2025-08-21,Thu,Daily,PL17 7DY,Callington,1000
2025-08-21,Thu,Daily,PE8 5EF,Oundle,1000
2025-08-21,Thu,Daily,PA19 1SL,Gourock,1000
2025-08-21,Thu,Daily,LS21 2DL,Otley (Leeds),1000
2025-08-21,Thu,Daily,IP13 8JA,Laxfield,1000
2025-08-21,Thu,Daily,IP11 9EW,Felixstowe,1000
2025-08-21,Thu,Daily,GL7 5JA,South Cerney,1000
2025-08-21,Thu,Daily,EX33 1AS,Braunton,1000
2025-08-21,Thu,Daily,E14 0GH,Tower Hamlets,1000
2025-08-21,Thu,Daily,DY8 5JR,Kingswinford,1000
2025-08-21,Thu,Daily,CO7 7FJ,Elmstead Market,1000
2025-08-21,Thu,Daily,CF62 4QB,Eglwys-Brewis,1000
2025-08-21,Thu,Daily,BN44 3JD,Steyning,1000
2025-08-21,Thu,Daily,BD13 1JP,Queensbury,1000
2025-08-21,Thu,Daily,B44 0RL,Birmingham,1000
2025-08-21,Thu,Daily,AB51 0XR,Kintore,1000
2025-08-20,Wed,Daily,TW7 7QE,Hounslow,1000
2025-08-20,Wed,Daily,TW15 1JQ,Ashford (Spelthorne),1000
2025-08-20,Wed,Daily,SO40 3HN,Totton,1000
2025-08-20,Wed,Daily,SO15 5GF,Southampton,1000
2025-08-20,Wed,Daily,SN3 4EH,Stratton St Margaret,1000
2025-08-20,Wed,Daily,S80 3AB,Worksop,1000
2025-08-20,Wed,Daily,RH17 5GL,Cuckfield,1000
2025-08-20,Wed,Daily,PR2 3DJ,Fulwood,1000
2025-08-20,Wed,Daily,PO4 9NX,Portsmouth,1000
2025-08-20,Wed,Daily,PE38 9DZ,Downham Market,1000
2025-08-20,Wed,Daily,OL2 5PG,Royton,1000
2025-08-20,Wed,Daily,NR16 1NZ,Tacolneston,1000
2025-08-20,Wed,Daily,NN3 7AD,Moulton (West Northamptonshire),1000
2025-08-20,Wed,Daily,MK45 2DU,Ampthill,1000
2025-08-20,Wed,Daily,M11 2JJ,Manchester,1000
2025-08-20,Wed,Daily,LL49 9YS,Porthmadog,1000
2025-08-20,Wed,Daily,LE12 9QU,Shepshed,1000
2025-08-20,Wed,Daily,LA6 2JU,Kirkby Lonsdale,1000
2025-08-20,Wed,Daily,L35 6PG,Prescot,1000
2025-08-20,Wed,Daily,GU28 0EY,Petworth,1000
2025-08-20,Wed,Daily,EH22 4RZ,Gorebridge and Mayfield,1000
2025-08-20,Wed,Daily,DE5 3DU,Ripley (Amber Valley),1000
2025-08-20,Wed,Daily,DA5 1GY,Bexley,1000
2025-08-20,Wed,Daily,B38 8YP,Birmingham,1000
2025-08-19,Tue,Daily,YO31 0PL,York,1000
2025-08-19,Tue,Daily,WD3 4JN,Chorleywood,1000
2025-08-19,Tue,Daily,SM6 0QE,Sutton (Sutton),1000
2025-08-19,Tue,Daily,RG27 9QY,Hook (Hart),1000
2025-08-19,Tue,Daily,NR31 9SF,Belton (Great Yarmouth),1000
2025-08-19,Tue,Daily,MK43 8DU,Bromham (Bedford),1000
2025-08-19,Tue,Daily,M26 4JY,Radcliffe,1000
2025-08-19,Tue,Daily,IV22 2JX,Aultbea,1000
2025-08-19,Tue,Daily,IP14 1UZ,Stowmarket,1000
2025-08-19,Tue,Daily,IP11 9FF,Felixstowe,1000
2025-08-19,Tue,Daily,HA4 9AS,Hillingdon,1000
2025-08-19,Tue,Daily,GU21 2AH,Woking,1000
2025-08-19,Tue,Daily,GU14 6LE,Farnborough,1000
2025-08-19,Tue,Daily,GL54 5PS,Winchcombe,1000
2025-08-19,Tue,Daily,G77 5TX,Newton Mearns,1000
2025-08-19,Tue,Daily,G14 9AP,Glasgow,1000
2025-08-19,Tue,Daily,FK15 9HQ,Dunblane,1000
2025-08-19,Tue,Daily,CT14 7HY,Deal,1000
2025-08-19,Tue,Daily,CM22 6RX,Elsenham,1000
2025-08-19,Tue,Daily,CM2 8TL,Chelmsford,1000
2025-08-19,Tue,Daily,BR1 3RQ,Bromley,1000
2025-08-19,Tue,Daily,BH20 5PY,Corfe Castle,1000
2025-08-19,Tue,Daily,BB7 9DJ,Whalley,1000
2025-08-19,Tue,Daily,B32 2QT,Birmingham,1000
2025-08-18,Mon,Daily,YO24 2RU,York,1000
2025-08-18,Mon,Daily,YO17 8AN,Norton-on-Derwent,1000
2025-08-18,Mon,Daily,WS10 9JU,Wednesbury,1000
2025-08-18,Mon,Daily,TW12 3AS,Richmond upon Thames,1000
2025-08-18,Mon,Daily,TR7 2DN,Newquay,1000
2025-08-18,Mon,Daily,TF4 3JZ,Telford,1000
2025-08-18,Mon,Daily,SW6 5PG,Hammersmith and Fulham,1000
2025-08-18,Mon,Daily,RH1 3PQ,South Merstham,1000
2025-08-18,Mon,Daily,PA8 7HN,Erskine,1000
2025-08-18,Mon,Daily,NP44 1DG,Cwmbrân,1000
2025-08-18,Mon,Daily,NG18 3AF,Mansfield,1000
2025-08-18,Mon,Daily,ML8 5QB,Carluke,1000
2025-08-18,Mon,Daily,ML3 8UH,Hamilton,1000
2025-08-18,Mon,Daily,M1 5BZ,Manchester,1000
2025-08-18,Mon,Daily,LL58 8ED,Beaumaris,1000
2025-08-18,Mon,Daily,KW16 3BX,Stromness,1000
2025-08-18,Mon,Daily,IV54 8XY,Lochcarron,1000
2025-08-18,Mon,Daily,FY8 1NZ,Lytham St Anne's,1000
2025-08-18,Mon,Daily,DN5 0SF,Bentley (Doncaster),1000
2025-08-18,Mon,Daily,DL3 0SH,Darlington,1000
2025-08-18,Mon,Daily,CV7 7LY,Balsall Common,1000
2025-08-18,Mon,Daily,CV23 9LS,Long Lawford,1000
2025-08-18,Mon,Daily,CB7 5XT,Soham,1000
2025-08-18,Mon,Daily,B97 6QJ,Redditch,1000
2025-08-17,Sun,Daily,WS6 6JJ,Great Wyrley and Cheslyn Hay,1000
2025-08-17,Sun,Daily,WR5 3GN,Worcester,1000
2025-08-17,Sun,Daily,WN6 9RJ,Appley Bridge,1000
2025-08-17,Sun,Daily,TS19 9HY,Stockton-on-Tees,1000
2025-08-17,Sun,Daily,TQ3 1SA,Paignton,1000
2025-08-17,Sun,Daily,TA2 7NF,Taunton,1000
2025-08-17,Sun,Daily,ST7 2RB,Alsager,1000
2025-08-17,Sun,Daily,SK10 4RY,Prestbury (Cheshire East),1000
2025-08-17,Sun,Daily,PL20 6TL,Yelverton,1000
2025-08-17,Sun,Daily,NG31 7QX,Grantham,1000
2025-08-17,Sun,Daily,LN5 0EH,Navenby,1000
2025-08-17,Sun,Daily,KT12 4QZ,Hersham,1000
2025-08-17,Sun,Daily,HP9 1BD,Beaconsfield,1000
2025-08-17,Sun,Daily,GU10 2DH,Churt,1000
2025-08-17,Sun,Daily,GL54 1BU,Stow-on-the-Wold,1000
2025-08-17,Sun,Daily,EX1 3AD,Exeter,1000
2025-08-17,Sun,Daily,EN10 7PF,Hoddesdon,1000
2025-08-17,Sun,Daily,EH23 4JH,Gorebridge and Mayfield,1000
2025-08-17,Sun,Daily,CT10 2LB,Broadstairs,1000
2025-08-17,Sun,Daily,CH61 3UJ,Heswall,1000
2025-08-17,Sun,Daily,CF39 8UB,Tonyrefail,1000
2025-08-17,Sun,Daily,CF39 8BL,Tonyrefail,1000
2025-08-17,Sun,Daily,BL0 0GZ,Edenfield,1000
2025-08-17,Sun,Daily,B64 7LS,Cradley Heath,1000
2025-08-16,Sat,Millionaire Street,EX39 4QJ,Bideford,200000
2025-08-16,Sat,Daily,WA15 9AR,Hale (Trafford),1000
2025-08-16,Sat,Daily,TS23 3UA,Billingham,1000
2025-08-16,Sat,Daily,TF7 5QS,Telford,1000
2025-08-16,Sat,Daily,SE13 6SE,Lewisham,1000
2025-08-16,Sat,Daily,PO22 8QB,Bognor Regis,1000
2025-08-16,Sat,Daily,PO17 5NG,Wickham,1000
2025-08-16,Sat,Daily,NN12 6HR,Towcester,1000
2025-08-16,Sat,Daily,ME13 8RR,Faversham,1000
2025-08-16,Sat,Daily,LS21 1BX,Otley (Leeds),1000
2025-08-16,Sat,Daily,IV30 4DJ,Elgin,1000
2025-08-16,Sat,Daily,HU8 9LY,Kingston upon Hull,1000
2025-08-16,Sat,Daily,HU10 6SW,Willerby and Anlaby,1000
2025-08-16,Sat,Daily,HG5 0PU,Knaresborough,1000
2025-08-16,Sat,Daily,G77 5JT,Newton Mearns,1000
2025-08-16,Sat,Daily,G71 8LG,Bothwell,1000
2025-08-16,Sat,Daily,G40 2RR,Glasgow,1000
2025-08-16,Sat,Daily,EX13 5RN,Axminster,1000
2025-08-16,Sat,Daily,E16 3DY,Newham,1000
2025-08-16,Sat,Daily,DN22 9DH,Clarborough,1000
2025-08-16,Sat,Daily,DE15 0DS,Burton upon Trent,1000
2025-08-16,Sat,Daily,CV22 6NH,Rugby,1000
2025-08-16,Sat,Daily,CA14 1DL,Seaton (Allerdale),1000
2025-08-16,Sat,Daily,BL1 8SA,Bolton (Bolton),1000
2025-08-16,Sat,Daily,B31 2YS,Birmingham,1000
2025-08-15,Fri,Daily,YO21 3DU,Whitby,1000
2025-08-15,Fri,Daily,WF10 3LX,Castleford,1000
2025-08-15,Fri,Daily,TR8 4QD,Newquay,1000
2025-08-15,Fri,Daily,TR19 6HL,Mousehole,1000
2025-08-15,Fri,Daily,S5 8AX,Sheffield,1000
2025-08-15,Fri,Daily,S42 5DZ,North Wingfield and Holmewood,1000
2025-08-15,Fri,Daily,PO18 8LD,Bosham,1000
2025-08-15,Fri,Daily,PE23 4LT,Old Bolingbroke,1000
2025-08-15,Fri,Daily,PA23 7LF,Dùn Obhainn,1000
2025-08-15,Fri,Daily,NW4 3DN,Barnet,1000
2025-08-15,Fri,Daily,NW2 7DW,Brent,1000
2025-08-15,Fri,Daily,NN15 6SE,Kettering,1000
2025-08-15,Fri,Daily,HU3 2PU,Kingston upon Hull,1000
2025-08-15,Fri,Daily,HG4 1RN,Ripon,1000
2025-08-15,Fri,Daily,G21 2EB,Glasgow,1000
2025-08-15,Fri,Daily,E3 4EY,Tower Hamlets,1000
2025-08-15,Fri,Daily,DE73 5SX,Derby,1000
2025-08-15,Fri,Daily,DE7 8GG,Ilkeston,1000
2025-08-15,Fri,Daily,DE24 5DJ,Derby,1000
2025-08-15,Fri,Daily,CO7 7BQ,Elmstead Market,1000
2025-08-15,Fri,Daily,CO11 2LQ,Lawford,1000
2025-08-15,Fri,Daily,CM3 8XA,East Hanningfield,1000
2025-08-15,Fri,Daily,CH42 7HE,Birkenhead,1000
2025-08-15,Fri,Daily,BS16 6QW,Kingswood and Fishponds,1000
2025-08-14,Thu,Daily,SY20 9DZ,Machynlleth,1000
2025-08-14,Thu,Daily,SO18 2DX,Southampton,1000
2025-08-14,Thu,Daily,SN6 8SB,Shrivenham and Watchfield,1000
2025-08-14,Thu,Daily,SK2 5QH,Stockport,1000
2025-08-14,Thu,Daily,SK11 0EN,Macclesfield,1000
2025-08-14,Thu,Daily,SA9 2RH,Ystalyfera,1000
2025-08-14,Thu,Daily,RG18 4JU,Thatcham,1000
2025-08-14,Thu,Daily,RG12 8AL,Bracknell,1000
2025-08-14,Thu,Daily,PL20 6HW,Yelverton,1000
2025-08-14,Thu,Daily,NN3 2NL,Northampton,1000
2025-08-14,Thu,Daily,L30 1PR,Bootle (Sefton),1000
2025-08-14,Thu,Daily,L18 6JG,Liverpool,1000
2025-08-14,Thu,Daily,IP28 7EW,Mildenhall (West Suffolk),1000
2025-08-14,Thu,Daily,HA7 3LT,Harrow,1000
2025-08-14,Thu,Daily,GL11 5JP,Cam,1000
2025-08-14,Thu,Daily,EX2 5JG,Exeter,1000
2025-08-14,Thu,Daily,CM1 6DS,Chelmsford,1000
2025-08-14,Thu,Daily,CF32 9BA,Sarn,1000
2025-08-14,Thu,Daily,CF11 7EY,Cardiff,1000
2025-08-14,Thu,Daily,BS34 5AU,Patchway,1000
2025-08-14,Thu,Daily,BS22 6RS,Weston-super-Mare,1000
2025-08-14,Thu,Daily,BS21 7HP,Clevedon,1000
2025-08-14,Thu,Daily,B78 3QE,Fazeley,1000
2025-08-14,Thu,Daily,B77 5BX,Tamworth,1000
2025-08-13,Wed,Daily,YO8 9YF,Brayton,1000
2025-08-13,Wed,Daily,WD6 1QN,Borehamwood,1000
2025-08-13,Wed,Daily,SS16 4JA,Basildon,1000
2025-08-13,Wed,Daily,SS15 5AZ,Basildon,1000
2025-08-13,Wed,Daily,SN12 7GX,Melksham,1000
2025-08-13,Wed,Daily,SG19 2AG,Potton,1000
2025-08-13,Wed,Daily,RH13 5NL,Horsham,1000
2025-08-13,Wed,Daily,PE29 1DE,Huntingdon,1000
2025-08-13,Wed,Daily,PA7 5DR,Bishopton,1000
2025-08-13,Wed,Daily,NE4 5JL,Newcastle upon Tyne,1000
2025-08-13,Wed,Daily,ML8 5HL,Carluke,1000
2025-08-13,Wed,Daily,ML4 1PA,Bellshill,1000
2025-08-13,Wed,Daily,LL41 3DQ,Blaenau Ffestiniog,1000
2025-08-13,Wed,Daily,FY6 7TX,Poulton-le-Fylde,1000
2025-08-13,Wed,Daily,FY4 2RB,Blackpool,1000
2025-08-13,Wed,Daily,FK10 3BX,Alloa,1000
2025-08-13,Wed,Daily,CH66 7NY,Hooton,1000
2025-08-13,Wed,Daily,BS7 9UL,Bristol,1000
2025-08-13,Wed,Daily,BN3 8PG,Brighton and Hove,1000
2025-08-13,Wed,Daily,BL9 6LS,Bury (Bury),1000
2025-08-13,Wed,Daily,BD23 4JB,Hellifield,1000
2025-08-13,Wed,Daily,B14 5HG,Birmingham,1000
2025-08-13,Wed,Daily,AL1 4JU,St Albans,1000
2025-08-13,Wed,Daily,AB14 0RZ,Peterculter,1000
2025-08-12,Tue,Daily,TQ4 7HB,Paignton,1000
2025-08-12,Tue,Daily,TD9 8LG,Hawick,1000
2025-08-12,Tue,Daily,ST5 3DY,Newcastle-under-Lyme,1000
2025-08-12,Tue,Daily,SE9 3QJ,Greenwich,1000
2025-08-12,Tue,Daily,RH10 6DP,Crawley (Crawley),1000
2025-08-12,Tue,Daily,RG41 5NH,Winnersh,1000
2025-08-12,Tue,Daily,OX27 7PD,Ardley and Fewcott,1000
2025-08-12,Tue,Daily,OL15 0DR,Littleborough,1000
2025-08-12,Tue,Daily,NN7 4AR,Weedon Bec,1000
2025-08-12,Tue,Daily,NG13 8DB,Bingham,1000
2025-08-12,Tue,Daily,NE4 9LL,Newcastle upon Tyne,1000
2025-08-12,Tue,Daily,NE33 4SF,South Shields,1000
2025-08-12,Tue,Daily,M20 2QL,Manchester,1000
2025-08-12,Tue,Daily,LS28 5EE,Pudsey,1000
2025-08-12,Tue,Daily,LL30 1SX,Llandudno,1000
2025-08-12,Tue,Daily,LA9 6NT,Kendal,1000
2025-08-12,Tue,Daily,DE55 6GB,Shirland and Stonebroom,1000
2025-08-12,Tue,Daily,DD11 3DT,Arbroath,1000
2025-08-12,Tue,Daily,CO13 0PY,Kirby Cross,1000
2025-08-12,Tue,Daily,CB6 1JG,Littleport,1000
2025-08-12,Tue,Daily,BH17 8AY,Poole,1000
2025-08-12,Tue,Daily,BH12 4DX,Poole,1000
2025-08-12,Tue,Daily,B62 0LY,Halesowen,1000
2025-08-12,Tue,Daily,AL2 1BG,London Colney,1000
2025-08-11,Mon,Daily,UB6 8XB,Ealing,1000
2025-08-11,Mon,Daily,SN4 9QS,Wroughton,1000
2025-08-11,Mon,Daily,SE25 4AJ,Croydon,1000
2025-08-11,Mon,Daily,PR1 7RU,Preston (Preston),1000
2025-08-11,Mon,Daily,PO10 8LQ,Southbourne,1000
2025-08-11,Mon,Daily,PL13 2LP,Looe,1000
2025-08-11,Mon,Daily,PH7 4DU,Crieff,1000
2025-08-11,Mon,Daily,PE7 1TX,Whittlesey,1000
2025-08-11,Mon,Daily,PE19 7RU,St Neots,1000
2025-08-11,Mon,Daily,PA4 0BU,Renfrew,1000
2025-08-11,Mon,Daily,NG9 6RA,Beeston (Broxtowe),1000
2025-08-11,Mon,Daily,NG15 6NX,Hucknall,1000
2025-08-11,Mon,Daily,NE5 4LR,Newcastle upon Tyne,1000
2025-08-11,Mon,Daily,ME1 2AS,Rochester,1000
2025-08-11,Mon,Daily,LE4 0GD,Leicester,1000
2025-08-11,Mon,Daily,KY12 7RU,Dunfermline,1000
2025-08-11,Mon,Daily,HU8 9LG,Kingston upon Hull,1000
2025-08-11,Mon,Daily,FK2 9NT,Saint Columb,1000
2025-08-11,Mon,Daily,EH26 0NA,Penicuik,1000
2025-08-11,Mon,Daily,DE22 2EL,Derby,1000
2025-08-11,Mon,Daily,CO5 0UU,Tiptree,1000
2025-08-11,Mon,Daily,CB11 3AT,Saffron Walden,1000
2025-08-11,Mon,Daily,BL3 2LJ,Bolton (Bolton),1000
2025-08-11,Mon,Daily,BD22 0BS,Cowling,1000
2025-08-10,Sun,Daily,WF3 1RE,East Ardsley,1000
2025-08-10,Sun,Daily,TS25 5LR,Hartlepool,1000
2025-08-10,Sun,Daily,TR4 8EJ,Chacewater,1000
2025-08-10,Sun,Daily,TF2 9HL,Telford,1000
2025-08-10,Sun,Daily,TD3 6LZ,Gordon,1000
2025-08-10,Sun,Daily,SR4 8PU,Sunderland,1000
2025-08-10,Sun,Daily,SO32 2PT,Botley,1000
2025-08-10,Sun,Daily,SL4 5TA,Windsor,1000
2025-08-10,Sun,Daily,S66 3XT,Wickersley and Bramley,1000
2025-08-10,Sun,Daily,RM12 6FQ,Havering,1000
2025-08-10,Sun,Daily,PO4 0BY,Portsmouth,1000
2025-08-10,Sun,Daily,NG34 8EZ,Sleaford,1000
2025-08-10,Sun,Daily,M30 8GJ,Eccles (Salford),1000
2025-08-10,Sun,Daily,M23 9SG,Wythenshawe,1000
2025-08-10,Sun,Daily,LN5 0FP,Navenby,1000
2025-08-10,Sun,Daily,HD7 5QJ,Linthwaite and Slaithwaite,1000
2025-08-10,Sun,Daily,GL19 4JJ,Ashleworth,1000
2025-08-10,Sun,Daily,CV13 0QD,Market Bosworth,1000
2025-08-10,Sun,Daily,CT18 7EY,Hawkinge,1000
2025-08-10,Sun,Daily,CA1 2AQ,Carlisle,1000
2025-08-10,Sun,Daily,BN17 6DA,Littlehampton,1000
2025-08-10,Sun,Daily,BL7 9BG,Bolton (Bolton),1000
2025-08-10,Sun,Daily,BH23 5BL,Christchurch,1000
2025-08-10,Sun,Daily,AB38 7BQ,Rothes,1000
2025-08-09,Sat,Millionaire Street,NG12 5GS,Keyworth,250000
2025-08-09,Sat,Daily,WS3 1DG,Bloxwich,1000
2025-08-09,Sat,Daily,WA5 2ET,Warrington,1000
2025-08-09,Sat,Daily,TD1 2NG,Galashiels,1000
2025-08-09,Sat,Daily,SY16 2EX,Newtown (Powys),1000
2025-08-09,Sat,Daily,S6 6FT,Sheffield,1000
2025-08-09,Sat,Daily,S32 4TU,???,1000
2025-08-09,Sat,Daily,RH11 8BL,Crawley (Crawley),1000
2025-08-09,Sat,Daily,OX13 6TZ,Wootton (Vale of White Horse),1000
2025-08-09,Sat,Daily,OL11 5HS,Rochdale,1000
2025-08-09,Sat,Daily,MK15 9EG,Milton Keynes,1000
2025-08-09,Sat,Daily,ME5 8HW,Chatham,1000
2025-08-09,Sat,Daily,ME13 9RA,Boughton under Blean,1000
2025-08-09,Sat,Daily,LE2 4HD,Oadby,1000
2025-08-09,Sat,Daily,KT19 9QX,Ewell,1000
2025-08-09,Sat,Daily,IP29 5NS,Barrow (West Suffolk),1000
2025-08-09,Sat,Daily,HX4 8JL,Elland,1000
2025-08-09,Sat,Daily,G81 3JY,Clydebank,1000
2025-08-09,Sat,Daily,DN9 3JH,Finningley,1000
2025-08-09,Sat,Daily,DH9 7SE,Stanley (County Durham),1000
2025-08-09,Sat,Daily,CV2 1ET,Coventry,1000
2025-08-09,Sat,Daily,CH60 1UJ,Heswall,1000
2025-08-09,Sat,Daily,BB12 9PY,Fence,1000
2025-08-09,Sat,Daily,BA12 0DA,Warminster,1000
2025-08-09,Sat,Daily,B61 8LN,Bromsgrove,1000
2025-08-08,Fri,Daily,WS3 3RU,Bloxwich,1000
2025-08-08,Fri,Daily,WR11 1YW,Evesham,1000
2025-08-08,Fri,Daily,SN14 0UW,Chippenham (Wiltshire),1000
2025-08-08,Fri,Daily,SK15 2DR,Stalybridge,1000
2025-08-08,Fri,Daily,PR6 0QS,Chorley,1000
2025-08-08,Fri,Daily,PE21 8EE,Boston,1000
2025-08-08,Fri,Daily,PA4 9BH,Erskine,1000
2025-08-08,Fri,Daily,PA3 2LY,Paisley,1000
2025-08-08,Fri,Daily,PA16 9AG,Greenock,1000
2025-08-08,Fri,Daily,NG18 2EU,Mansfield,1000
2025-08-08,Fri,Daily,N13 4RS,Enfield,1000
2025-08-08,Fri,Daily,LD3 0LJ,Talgarth,1000
2025-08-08,Fri,Daily,HX1 3UH,Halifax,1000
2025-08-08,Fri,Daily,GL52 6UW,Cheltenham,1000
2025-08-08,Fri,Daily,G41 1AG,Glasgow,1000
2025-08-08,Fri,Daily,E5 0EZ,Hackney,1000
2025-08-08,Fri,Daily,CR3 5NZ,Caterham,1000
2025-08-08,Fri,Daily,CF23 8NQ,Cardiff,1000
2025-08-08,Fri,Daily,BN21 2TL,Eastbourne,1000
2025-08-08,Fri,Daily,B75 7DZ,Royal Sutton Coldfield,1000
2025-08-07,Thu,Daily,WS15 4PE,Handsacre and Armitage,1000
2025-08-07,Thu,Daily,WD3 4BH,Chorleywood,1000
2025-08-07,Thu,Daily,SA62 4EZ,Hook (Pembrokeshire),1000
2025-08-07,Thu,Daily,SA15 2NE,Llanelli,1000
2025-08-07,Thu,Daily,PE29 7BH,Huntingdon,1000
2025-08-07,Thu,Daily,NP11 3DP,Oakdale,1000
2025-08-07,Thu,Daily,NN6 6NB,Welford (West Northamptonshire),1000
2025-08-07,Thu,Daily,NN3 9BH,Northampton,1000
2025-08-07,Thu,Daily,NG8 3LZ,Nottingham,1000
2025-08-07,Thu,Daily,NG5 1JN,Nottingham,1000
2025-08-07,Thu,Daily,NG12 2BX,Radcliffe on Trent,1000
2025-08-07,Thu,Daily,MK46 5BP,Olney,1000
2025-08-07,Thu,Daily,ME8 0SE,Gillingham (Medway),1000
2025-08-07,Thu,Daily,LU6 1BW,Dunstable,1000
2025-08-07,Thu,Daily,DY12 2DR,Bewdley,1000
2025-08-07,Thu,Daily,CO16 7LD,Clacton-on-Sea,1000
2025-08-07,Thu,Daily,CM3 2HB,Hatfield Peverel,1000
2025-08-07,Thu,Daily,CH3 5XL,Chester,1000
2025-08-07,Thu,Daily,BH7 6QL,Bournemouth,1000
2025-08-07,Thu,Daily,B98 0QY,Redditch,1000
2025-08-06,Wed,Daily,WA8 9RU,Widnes,1000
2025-08-06,Wed,Daily,TS26 0GD,Hartlepool,1000
2025-08-06,Wed,Daily,ST3 6NQ,Stoke-on-Trent,1000
2025-08-06,Wed,Daily,SP9 7PQ,Tidworth,1000
2025-08-06,Wed,Daily,SL6 4PP,Maidenhead,1000
2025-08-06,Wed,Daily,SK23 9SG,Chapel-en-le-Frith,1000
2025-08-06,Wed,Daily,SE18 3TE,Greenwich,1000
2025-08-06,Wed,Daily,SA2 8AQ,Swansea,1000
2025-08-06,Wed,Daily,PA16 8NH,Greenock,1000
2025-08-06,Wed,Daily,OX15 4RL,Bloxham,1000
2025-08-06,Wed,Daily,NR14 7AE,Poringland,1000
2025-08-06,Wed,Daily,M33 3NA,Sale,1000
2025-08-06,Wed,Daily,LN1 1HR,Lincoln,1000
2025-08-06,Wed,Daily,KA5 5BS,Mauchline,1000
2025-08-06,Wed,Daily,HU17 9PR,Beverley,1000
2025-08-06,Wed,Daily,HA8 9JW,Barnet,1000
2025-08-06,Wed,Daily,EX5 2HX,Whimple,1000
2025-08-06,Wed,Daily,BN23 6TU,Eastbourne,1000
2025-08-06,Wed,Daily,BL9 9RZ,Bury (Bury),1000
2025-08-06,Wed,Daily,BD7 1RL,Bradford,1000
2025-08-05,Tue,Daily,WA2 0QA,Warrington,1000
2025-08-05,Tue,Daily,ST1 6RD,Stoke-on-Trent,1000
2025-08-05,Tue,Daily,NG24 1AY,Newark-on-Trent,1000
2025-08-05,Tue,Daily,NG22 0EX,Tuxford,1000
2025-08-05,Tue,Daily,NG20 9AZ,Langwith,1000
2025-08-05,Tue,Daily,ML5 4DQ,Coatbridge,1000
2025-08-05,Tue,Daily,ML10 6ZJ,Strathaven,1000
2025-08-05,Tue,Daily,MK43 7DR,Oakley (Bedford),1000
2025-08-05,Tue,Daily,HU9 3NL,Kingston upon Hull,1000
2025-08-05,Tue,Daily,E9 5ED,Hackney,1000
2025-08-05,Tue,Daily,DN14 6DL,Goole,1000
2025-08-05,Tue,Daily,DL4 1JJ,Shildon,1000
2025-08-05,Tue,Daily,DH7 7LU,Ushaw Moor and Bearpark,1000
2025-08-05,Tue,Daily,DD4 0LS,Dundee,1000
2025-08-05,Tue,Daily,CV6 7LP,Coventry,1000
2025-08-05,Tue,Daily,BN3 1PJ,Brighton and Hove,1000
2025-08-05,Tue,Daily,BH15 4JD,Poole,1000
2025-08-05,Tue,Daily,B29 6UE,Birmingham,1000
2025-08-05,Tue,Daily,AL5 3BN,Harpenden,1000
2025-08-05,Tue,Daily,AB45 2QR,Portsoy,1000
2025-08-04,Mon,Daily,WV10 0PU,Wolverhampton,1000
2025-08-04,Mon,Daily,WS14 9DD,Lichfield,1000
2025-08-04,Mon,Daily,TS25 1TJ,Hartlepool,1000
2025-08-04,Mon,Daily,SS8 8AH,Canvey Island,1000
2025-08-04,Mon,Daily,SO45 4HQ,Hythe and Dibden Purlieu,1000
2025-08-04,Mon,Daily,SN5 5YG,Swindon (Swindon),1000
2025-08-04,Mon,Daily,NW11 7UF,Barnet,1000
2025-08-04,Mon,Daily,NR11 8RA,Mundesley,1000
2025-08-04,Mon,Daily,NP24 6PA,New Tredegar,1000
2025-08-04,Mon,Daily,NE38 0LD,Washington,1000
2025-08-04,Mon,Daily,ML2 8SL,Wishaw,1000
2025-08-04,Mon,Daily,LS27 7BX,Gildersome,1000
2025-08-04,Mon,Daily,LE17 6FL,Husbands Bosworth,1000
2025-08-04,Mon,Daily,KY16 0JF,Leuchars,1000
2025-08-04,Mon,Daily,KY12 8DQ,Dunfermline,1000
2025-08-04,Mon,Daily,IP8 4LP,Bramford,1000
2025-08-04,Mon,Daily,GL7 3DD,Lechlade-on-Thames,1000
2025-08-04,Mon,Daily,DG9 0NX,Stranraer,1000
2025-08-04,Mon,Daily,CH45 2AD,Wallasey,1000
2025-08-04,Mon,Daily,CB6 2NJ,Sutton (East Cambridgeshire),1000
2025-08-03,Sun,Daily,WF2 9JU,Wakefield,1000
2025-08-03,Sun,Daily,TS3 7DD,Middlesbrough,1000
2025-08-03,Sun,Daily,TF4 2RD,Telford,1000
2025-08-03,Sun,Daily,SO31 6NA,Locks Heath,1000
2025-08-03,Sun,Daily,PR6 9LL,Adlington (Chorley),1000
2025-08-03,Sun,Daily,PR5 6AQ,Bamber Bridge,1000
2025-08-03,Sun,Daily,NR7 0TB,Norwich,1000
2025-08-03,Sun,Daily,NR1 4AP,Norwich,1000
2025-08-03,Sun,Daily,NN11 3QS,Woodford Halse,1000
2025-08-03,Sun,Daily,N19 5RU,Islington,1000
2025-08-03,Sun,Daily,MK45 4NP,Barton-le-Clay,1000
2025-08-03,Sun,Daily,HP5 2AA,Chesham,1000
2025-08-03,Sun,Daily,GU6 7HY,Cranleigh,1000
2025-08-03,Sun,Daily,E8 1JG,Hackney,1000
2025-08-03,Sun,Daily,DT2 8HQ,Crossways,1000
2025-08-03,Sun,Daily,DN19 7JY,Barrow upon Humber,1000
2025-08-03,Sun,Daily,DE23 1NH,Derby,1000
2025-08-03,Sun,Daily,CO7 8DN,Alresford,1000
2025-08-03,Sun,Daily,CH45 0JE,Wallasey,1000
2025-08-03,Sun,Daily,BH10 5PD,Bournemouth,1000
2025-08-02,Sat,Millionaire Street,PE7 1RF,Whittlesey,28571
2025-08-02,Sat,Daily,SS1 3QG,Southend-on-Sea,1000
2025-08-02,Sat,Daily,SL6 7RU,Maidenhead,1000
2025-08-02,Sat,Daily,SK3 0SN,Stockport,1000
2025-08-02,Sat,Daily,SE26 6JL,Lewisham,1000
2025-08-02,Sat,Daily,SA2 8DY,Swansea,1000
2025-08-02,Sat,Daily,OX16 1EG,Banbury,1000
2025-08-02,Sat,Daily,NR18 0WH,Wymondham (South Norfolk),1000
2025-08-02,Sat,Daily,L31 8DJ,Maghull,1000
2025-08-02,Sat,Daily,IV36 1HZ,Forres,1000
2025-08-02,Sat,Daily,IP12 4UH,Woodbridge,1000
2025-08-02,Sat,Daily,HU15 1SH,Brough (East Riding of Yorkshire),1000
2025-08-02,Sat,Daily,HG2 7JA,Harrogate,1000
2025-08-02,Sat,Daily,HA8 0SZ,Barnet,1000
2025-08-02,Sat,Daily,FK2 7TX,Falkirk,1000
2025-08-02,Sat,Daily,CV6 2PD,Coventry,1000
2025-08-02,Sat,Daily,CM24 8NB,Stansted Mountfitchet,1000
2025-08-02,Sat,Daily,BH25 5AY,New Milton,1000
2025-08-02,Sat,Daily,BD15 0HW,Wilsden,1000
2025-08-02,Sat,Daily,BB5 0FD,Accrington,1000
2025-08-02,Sat,Daily,AB41 7HP,Tarves,1000
2025-08-01,Fri,Daily,TW10 6EE,Richmond upon Thames,1000
2025-08-01,Fri,Daily,SY1 4LW,Shrewsbury,1000
2025-08-01,Fri,Daily,SO24 9PD,New Alresford,1000
2025-08-01,Fri,Daily,SK7 1GT,Bramhall,1000
2025-08-01,Fri,Daily,SA15 4RS,Llanelli,1000
2025-08-01,Fri,Daily,RM17 6FG,Grays,1000
2025-08-01,Fri,Daily,PR5 0AT,Gregson Lane,1000
2025-08-01,Fri,Daily,PA8 6EL,Erskine,1000
2025-08-01,Fri,Daily,OX14 2JT,Abingdon-on-Thames,1000
2025-08-01,Fri,Daily,OL14 5HP,Todmorden,1000
2025-08-01,Fri,Daily,NG17 4GA,Sutton in Ashfield,1000
2025-08-01,Fri,Daily,NE40 4BW,Crawcrook and Greenside,1000
2025-08-01,Fri,Daily,ME8 7RR,Gillingham (Medway),1000
2025-08-01,Fri,Daily,LE11 5DG,Loughborough,1000
2025-08-01,Fri,Daily,LD4 4EW,Llangammarch Wells,1000
2025-08-01,Fri,Daily,KA12 0DQ,Irvine,1000
2025-08-01,Fri,Daily,GL53 7PU,Cheltenham,1000
2025-08-01,Fri,Daily,CR4 2DA,Merton,1000
2025-08-01,Fri,Daily,CO13 0NF,Kirby Cross,1000
2025-08-01,Fri,Daily,CM23 2GN,Bishop's Stortford,1000
2025-07-31,Thu,Daily,WR5 3SY,Worcester,1000
2025-07-31,Thu,Daily,TN23 3QE,Ashford (Ashford),1000
2025-07-31,Thu,Daily,ST16 3QS,Stafford,1000
2025-07-31,Thu,Daily,S42 7DT,Chesterfield,1000
2025-07-31,Thu,Daily,RG1 5PW,Reading,1000
2025-07-31,Thu,Daily,PA28 6JJ,Ceann Loch Chille Chiarain,1000
2025-07-31,Thu,Daily,PA19 1QE,Gourock,1000
2025-07-31,Thu,Daily,NW7 1HY,Barnet,1000
2025-07-31,Thu,Daily,NG2 1GA,Nottingham,1000
2025-07-31,Thu,Daily,LA18 5BP,Millom,1000
2025-07-31,Thu,Daily,IP2 9RG,Ipswich,1000
2025-07-31,Thu,Daily,GU46 6HR,Yateley,1000
2025-07-31,Thu,Daily,FY2 9TX,Blackpool,1000
2025-07-31,Thu,Daily,DA11 8LJ,Northfleet,1000
2025-07-31,Thu,Daily,CT5 4PA,Whitstable,1000
2025-07-31,Thu,Daily,CF43 3LP,Tylorstown and Pontygwaith,1000
2025-07-31,Thu,Daily,BS36 2SN,Frampton Cotterell and Winterbourne,1000
2025-07-31,Thu,Daily,BS13 0HD,Bristol,1000
2025-07-31,Thu,Daily,BN43 5RG,Shoreham-by-Sea,1000
2025-07-31,Thu,Daily,B36 0LH,Birmingham,1000
2025-07-30,Wed,Daily,WN3 4UH,Ince-in-Makerfield,1000
2025-07-30,Wed,Daily,UB2 4AJ,Ealing,1000
2025-07-30,Wed,Daily,TR27 4QF,Hayle,1000
2025-07-30,Wed,Daily,SP4 6DL,Old Sarum,1000
2025-07-30,Wed,Daily,SA13 1YF,Port Talbot,1000
2025-07-30,Wed,Daily,PH10 6DG,Blairgowrie and Rattray,1000
2025-07-30,Wed,Daily,M26 2RY,Radcliffe,1000
2025-07-30,Wed,Daily,LN9 5FP,Horncastle,1000
2025-07-30,Wed,Daily,LA18 4DX,Millom,1000
2025-07-30,Wed,Daily,HR5 3NW,Kington,1000
2025-07-30,Wed,Daily,GU15 1AS,Camberley,1000
2025-07-30,Wed,Daily,FK1 4BJ,Camelon,1000
2025-07-30,Wed,Daily,DN7 5EU,Stainforth,1000
2025-07-30,Wed,Daily,DL5 5DL,Newton Aycliffe,1000
2025-07-30,Wed,Daily,CT18 7HD,Hawkinge,1000
2025-07-30,Wed,Daily,CM7 4RW,Great Bardfield,1000
2025-07-30,Wed,Daily,CH49 5LP,Birkenhead,1000
2025-07-30,Wed,Daily,CA16 6LP,Appleby-in-Westmorland,1000
2025-07-30,Wed,Daily,BR7 6LG,Bromley,1000
2025-07-30,Wed,Daily,B36 0PS,Birmingham,1000
2025-07-29,Tue,Daily,SN8 3AE,Marlborough,1000
2025-07-29,Tue,Daily,SK8 6NH,Cheadle Hulme,1000
2025-07-29,Tue,Daily,SA12 7HW,Port Talbot,1000
2025-07-29,Tue,Daily,RG23 7DY,Oakley (Basingstoke and Deane),1000
2025-07-29,Tue,Daily,PR8 4RZ,Southport,1000
2025-07-29,Tue,Daily,OL15 8QZ,Littleborough,1000
2025-07-29,Tue,Daily,NG5 4HD,Arnold,1000
2025-07-29,Tue,Daily,NG17 1NX,Sutton in Ashfield,1000
2025-07-29,Tue,Daily,LE12 7PE,Mountsorrel,1000
2025-07-29,Tue,Daily,IP31 2DD,Great Barton,1000
2025-07-29,Tue,Daily,HU15 2EP,Gilberdyke,1000
2025-07-29,Tue,Daily,GU6 8FY,Cranleigh,1000
2025-07-29,Tue,Daily,G44 5EA,Glasgow,1000
2025-07-29,Tue,Daily,FK2 8QL,Larbert and Stenhousemuir,1000
2025-07-29,Tue,Daily,EX15 3SL,Uffculme,1000
2025-07-29,Tue,Daily,EX14 4TG,Dunkeswell,1000
2025-07-29,Tue,Daily,DD5 1AL,Broughty Ferry,1000
2025-07-29,Tue,Daily,DA12 1PZ,Gravesend,1000
2025-07-29,Tue,Daily,CO4 3TL,Colchester,1000
2025-07-29,Tue,Daily,BD6 2AJ,Bradford,1000
2025-07-28,Mon,Daily,WS7 4TQ,Burntwood,1000
2025-07-28,Mon,Daily,WA9 4TA,St Helens (St. Helens),1000
2025-07-28,Mon,Daily,W5 1LU,Ealing,1000
2025-07-28,Mon,Daily,TS5 8QT,Middlesbrough,1000
2025-07-28,Mon,Daily,TS23 4BD,Billingham,1000
2025-07-28,Mon,Daily,ST10 2AD,Kingsley (Staffordshire Moorlands),1000
2025-07-28,Mon,Daily,RG27 0QP,Sherfield on Loddon,1000
2025-07-28,Mon,Daily,M30 7LT,Eccles (Salford),1000
2025-07-28,Mon,Daily,LE3 6NW,Leicester,1000
2025-07-28,Mon,Daily,LE2 3PD,Leicester,1000
2025-07-28,Mon,Daily,LD2 3AS,Builth Wells,1000
2025-07-28,Mon,Daily,G43 1BF,Glasgow,1000
2025-07-28,Mon,Daily,G31 3RL,Glasgow,1000
2025-07-28,Mon,Daily,EH4 1BB,Edinburgh,1000
2025-07-28,Mon,Daily,DN36 4EX,Humberston and New Waltham,1000
2025-07-28,Mon,Daily,DL3 8UH,Darlington,1000
2025-07-28,Mon,Daily,DE15 0EG,Burton upon Trent,1000
2025-07-28,Mon,Daily,CV3 3GH,Coventry,1000
2025-07-28,Mon,Daily,CH5 1EZ,Shotton,1000
2025-07-28,Mon,Daily,BS30 6UR,Kingswood and Fishponds,1000
2025-07-27,Sun,Daily,W10 5YP,Kensington and Chelsea,1000
2025-07-27,Sun,Daily,TS21 2JL,Sedgefield,1000
2025-07-27,Sun,Daily,TA1 5NL,Taunton,1000
2025-07-27,Sun,Daily,SS15 5GG,Basildon,1000
2025-07-27,Sun,Daily,SP7 0PD,Shaftesbury,1000
2025-07-27,Sun,Daily,SN3 4FL,Stratton St Margaret,1000
2025-07-27,Sun,Daily,SE6 2LE,Lewisham,1000
2025-07-27,Sun,Daily,SA2 0FD,Swansea,1000
2025-07-27,Sun,Daily,S65 2RS,Rotherham,1000
2025-07-27,Sun,Daily,PO4 9NT,Portsmouth,1000
2025-07-27,Sun,Daily,PE11 3RN,Spalding,1000
2025-07-27,Sun,Daily,OX7 3AU,Charlbury,1000
2025-07-27,Sun,Daily,NG19 6AX,Mansfield,1000
2025-07-27,Sun,Daily,ME2 2EQ,Rochester,1000
2025-07-27,Sun,Daily,M28 2SS,Worsley,1000
2025-07-27,Sun,Daily,HU8 9EG,Kingston upon Hull,1000
2025-07-27,Sun,Daily,G81 2NE,Clydebank,1000
2025-07-27,Sun,Daily,DN20 9RH,Hibaldstow,1000
2025-07-27,Sun,Daily,DG2 0AA,Dumfries,1000
2025-07-27,Sun,Daily,CO1 2GQ,Colchester,1000
2025-07-26,Sat,Millionaire Street,WD6 5FF,Borehamwood,333333
2025-07-26,Sat,Daily,WN5 9DH,Wigan,1000
2025-07-26,Sat,Daily,TN12 9RP,Marden (Maidstone),1000
2025-07-26,Sat,Daily,TF2 9JQ,Telford,1000
2025-07-26,Sat,Daily,SW16 3QL,Lambeth,1000
2025-07-26,Sat,Daily,SP11 6QY,Andover,1000
2025-07-26,Sat,Daily,RH12 1TY,Horsham,1000
2025-07-26,Sat,Daily,OX12 9HU,Wantage,1000
2025-07-26,Sat,Daily,ML6 6PP,Airdrie,1000
2025-07-26,Sat,Daily,LS26 8JE,Rothwell (Leeds),1000
2025-07-26,Sat,Daily,LS24 9UT,Tadcaster,1000
2025-07-26,Sat,Daily,LN5 0AB,Navenby,1000
2025-07-26,Sat,Daily,GU27 1JQ,Haslemere,1000
2025-07-26,Sat,Daily,EH4 2RA,Edinburgh,1000
2025-07-26,Sat,Daily,CV11 5DD,Nuneaton,1000
2025-07-26,Sat,Daily,CH46 1RU,Wallasey,1000
2025-07-26,Sat,Daily,CF36 3UD,Porthcawl,1000
2025-07-26,Sat,Daily,BH12 3JJ,Poole,1000
2025-07-26,Sat,Daily,BD5 8HS,Bradford,1000
2025-07-26,Sat,Daily,BD2 3RJ,Bradford,1000
2025-07-26,Sat,Daily,B65 0BU,Blackheath,1000
2025-07-25,Fri,Daily,WS10 9QD,Wednesbury,1000
2025-07-25,Fri,Daily,TQ7 1HD,Kingsbridge,1000
2025-07-25,Fri,Daily,TQ12 1YJ,Newton Abbot,1000
2025-07-25,Fri,Daily,SS5 4SU,Hockley and Hawkwell,1000
2025-07-25,Fri,Daily,SA33 6JG,Carmarthen,1000
2025-07-25,Fri,Daily,SA17 5EH,Ferryside,1000
2025-07-25,Fri,Daily,PR7 5AE,Eccleston,1000
2025-07-25,Fri,Daily,NR14 8BY,Mulbarton,1000
2025-07-25,Fri,Daily,NE5 2AT,Newcastle upon Tyne,1000
2025-07-25,Fri,Daily,N16 8NF,Hackney,1000
2025-07-25,Fri,Daily,MK7 7EP,Milton Keynes,1000
2025-07-25,Fri,Daily,L25 0LN,Liverpool,1000
2025-07-25,Fri,Daily,HA8 9EH,Barnet,1000
2025-07-25,Fri,Daily,G77 6FS,Newton Mearns,1000
2025-07-25,Fri,Daily,EH55 8HS,West Calder,1000
2025-07-25,Fri,Daily,DE1 1UT,Derby,1000
2025-07-25,Fri,Daily,BN24 5AD,Stone Cross,1000
2025-07-25,Fri,Daily,BN22 7JH,Eastbourne,1000
2025-07-25,Fri,Daily,B26 3DQ,Birmingham,1000
2025-07-25,Fri,Daily,AB35 5QE,Ballater,1000
2025-07-24,Thu,Daily,WN7 2BD,Leigh (Wigan),1000
2025-07-24,Thu,Daily,UB3 2SU,Hillingdon,1000
2025-07-24,Thu,Daily,UB1 2PJ,Ealing,1000
2025-07-24,Thu,Daily,TW2 7QA,Richmond upon Thames,1000
2025-07-24,Thu,Daily,TD8 6HG,Jedburgh,1000
2025-07-24,Thu,Daily,S73 8TJ,Wombwell,1000
2025-07-24,Thu,Daily,S60 2ER,Rotherham,1000
2025-07-24,Thu,Daily,PO18 0HR,Mid Lavant,1000
2025-07-24,Thu,Daily,PL2 3JY,Plymouth,1000
2025-07-24,Thu,Daily,PA23 8HN,Dùn Obhainn,1000
2025-07-24,Thu,Daily,OL15 9EN,Littleborough,1000
2025-07-24,Thu,Daily,LS16 7DQ,Leeds,1000
2025-07-24,Thu,Daily,LE18 3WR,Wigston,1000
2025-07-24,Thu,Daily,EH22 5LS,Gorebridge and Mayfield,1000
2025-07-24,Thu,Daily,E11 3LT,Waltham Forest,1000
2025-07-24,Thu,Daily,DE21 7HA,Derby,1000
2025-07-24,Thu,Daily,CV35 7DX,Hatton (Warwick),1000
2025-07-24,Thu,Daily,CH46 7SB,Wallasey,1000
2025-07-24,Thu,Daily,B75 6AG,Royal Sutton Coldfield,1000
2025-07-24,Thu,Daily,B14 6LN,Birmingham,1000
2025-07-23,Wed,Daily,WF4 1DP,Crofton,1000
2025-07-23,Wed,Daily,TN10 3NX,Tonbridge,1000
2025-07-23,Wed,Daily,SW20 8LN,Merton,1000
2025-07-23,Wed,Daily,SN1 2DL,Swindon (Swindon),1000
2025-07-23,Wed,Daily,SK8 2DW,Cheadle (Stockport),1000
2025-07-23,Wed,Daily,SA46 0HF,Aberaeron,1000
2025-07-23,Wed,Daily,PR8 6XU,Southport,1000
2025-07-23,Wed,Daily,PO19 1NJ,Chichester,1000
2025-07-23,Wed,Daily,OL11 2PW,Rochdale,1000
2025-07-23,Wed,Daily,NR16 2AH,East Harling,1000
2025-07-23,Wed,Daily,NN6 6LY,Welford (West Northamptonshire),1000
2025-07-23,Wed,Daily,M18 8LZ,Manchester,1000
2025-07-23,Wed,Daily,LS15 8NS,Leeds,1000
2025-07-23,Wed,Daily,LE11 5BX,Loughborough,1000
2025-07-23,Wed,Daily,EX36 4AS,South Molton,1000
2025-07-23,Wed,Daily,EX32 9PH,Barnstaple,1000
2025-07-23,Wed,Daily,DY8 4YW,Stourbridge,1000
2025-07-23,Wed,Daily,CT10 3DX,Broadstairs,1000
2025-07-23,Wed,Daily,CF23 6LG,Cardiff,1000
2025-07-23,Wed,Daily,BN20 8SN,Eastbourne,1000
2025-07-22,Tue,Daily,WC1H 8HB,Camden,1000
2025-07-22,Tue,Daily,WA3 4AY,Culcheth,1000
2025-07-22,Tue,Daily,WA1 4AL,Warrington,1000
2025-07-22,Tue,Daily,TS15 9RB,Yarm,1000
2025-07-22,Tue,Daily,SR5 2AY,Sunderland,1000
2025-07-22,Tue,Daily,SN14 6EZ,Chippenham (Wiltshire),1000
2025-07-22,Tue,Daily,SL6 3DL,Maidenhead,1000
2025-07-22,Tue,Daily,SE22 8NY,Southwark,1000
2025-07-22,Tue,Daily,S5 8WE,Sheffield,1000
2025-07-22,Tue,Daily,RH11 7LQ,Crawley (Crawley),1000
2025-07-22,Tue,Daily,RG19 8AH,Greenham,1000
2025-07-22,Tue,Daily,PR26 9HD,Croston,1000
2025-07-22,Tue,Daily,ML1 5QT,Motherwell,1000
2025-07-22,Tue,Daily,MK43 0SP,Cranfield,1000
2025-07-22,Tue,Daily,LL36 0DB,Tywyn,1000
2025-07-22,Tue,Daily,EH11 4HU,Edinburgh,1000
2025-07-22,Tue,Daily,DY9 0LW,Stourbridge,1000
2025-07-22,Tue,Daily,BD2 3QN,Bradford,1000
2025-07-22,Tue,Daily,B33 8DT,Birmingham,1000
2025-07-22,Tue,Daily,AB41 9BE,Ellon,1000
2025-07-21,Mon,Daily,WD6 5RG,Borehamwood,1000
2025-07-21,Mon,Daily,TA24 8RQ,Minehead,1000
2025-07-21,Mon,Daily,SK2 7BS,Stockport,1000
2025-07-21,Mon,Daily,S6 1LG,Sheffield,1000
2025-07-21,Mon,Daily,PR26 6QJ,Farington Moss,1000
2025-07-21,Mon,Daily,PE4 6RR,Peterborough,1000
2025-07-21,Mon,Daily,NP12 2QG,Pontllanfraith,1000
2025-07-21,Mon,Daily,NP10 9JT,Newport (Newport),1000
2025-07-21,Mon,Daily,LS26 9JZ,Mickletown,1000
2025-07-21,Mon,Daily,LE2 8LS,Leicester,1000
2025-07-21,Mon,Daily,KT20 5JU,Tadworth and Epsom Downs,1000
2025-07-21,Mon,Daily,HP5 2BU,Chesham,1000
2025-07-21,Mon,Daily,HA0 4UP,Brent,1000
2025-07-21,Mon,Daily,GL15 5PH,Lydney,1000
2025-07-21,Mon,Daily,EX3 0DF,Topsham,1000
2025-07-21,Mon,Daily,DT7 3NF,Lyme Regis,1000
2025-07-21,Mon,Daily,CR3 6LN,Caterham,1000
2025-07-21,Mon,Daily,BS40 5LH,Wrington,1000
2025-07-21,Mon,Daily,BN9 0NB,Newhaven,1000
2025-07-21,Mon,Daily,AB43 8TX,Inverallochy,1000
2025-07-20,Sun,Daily,TN20 6RR,Mayfield (Wealden),1000
2025-07-20,Sun,Daily,SN4 9NL,Wroughton,1000
2025-07-20,Sun,Daily,RG6 7RH,Reading,1000
2025-07-20,Sun,Daily,PR6 8AH,Chorley,1000
2025-07-20,Sun,Daily,NP4 6DW,Pontypool,1000
2025-07-20,Sun,Daily,NG22 0GY,Tuxford,1000
2025-07-20,Sun,Daily,NE24 3QS,Blyth (Northumberland),1000
2025-07-20,Sun,Daily,N5 2PX,Islington,1000
2025-07-20,Sun,Daily,MK14 5EJ,Milton Keynes,1000
2025-07-20,Sun,Daily,ME12 3JF,Minster (Swale),1000
2025-07-20,Sun,Daily,LS8 1AB,Leeds,1000
2025-07-20,Sun,Daily,IV51 9LL,Port Rìgh,1000
2025-07-20,Sun,Daily,GU15 4HD,Sandhurst (Bracknell Forest),1000
2025-07-20,Sun,Daily,GL4 4GU,Gloucester,1000
2025-07-20,Sun,Daily,G83 8AX,Balloch,1000
2025-07-20,Sun,Daily,EX18 7EE,Chulmleigh,1000
2025-07-20,Sun,Daily,EN5 5JB,Barnet,1000
2025-07-20,Sun,Daily,DL13 4BA,Tow Law,1000
2025-07-20,Sun,Daily,CR5 1EF,Croydon,1000
2025-07-20,Sun,Daily,BR1 4NL,Bromley,1000
2025-07-19,Sat,Millionaire Street,LL60 6NQ,Gaerwen,2279
2025-07-19,Sat,Millionaire Street,LL60 6NP,Gaerwen,2279
2025-07-19,Sat,Millionaire Street,LL60 6NN,Gaerwen,2279
2025-07-19,Sat,Millionaire Street,LL60 6NL,Gaerwen,2279
2025-07-19,Sat,Millionaire Street,LL60 6NJ,Gaerwen,2279
2025-07-19,Sat,Millionaire Street,LL60 6NH,Gaerwen,2279
2025-07-19,Sat,Millionaire Street,LL60 6NG,Gaerwen,2279
2025-07-19,Sat,Millionaire Street,LL60 6NF,Gaerwen,2279
2025-07-19,Sat,Millionaire Street,LL60 6NE,Gaerwen,2279
2025-07-19,Sat,Millionaire Street,LL60 6ND,Gaerwen,2279
2025-07-19,Sat,Millionaire Street,LL60 6NB,Gaerwen,2279
2025-07-19,Sat,Millionaire Street,LL60 6NA,Gaerwen,2279
2025-07-19,Sat,Millionaire Street,LL60 6LY,Gaerwen,2279
2025-07-19,Sat,Millionaire Street,LL60 6LW,Gaerwen,2279
2025-07-19,Sat,Millionaire Street,LL60 6LU,Gaerwen,2279
2025-07-19,Sat,Millionaire Street,LL60 6LT,Gaerwen,2279
2025-07-19,Sat,Millionaire Street,LL60 6LS,Gaerwen,2279
2025-07-19,Sat,Millionaire Street,LL60 6LP,Gaerwen,2279
2025-07-19,Sat,Millionaire Street,LL60 6LN,Gaerwen,2279
2025-07-19,Sat,Millionaire Street,LL60 6LL,Gaerwen,2279
2025-07-19,Sat,Millionaire Street,LL60 6LH,Gaerwen,2279
2025-07-19,Sat,Millionaire Street,LL60 6LG,Gaerwen,2279
2025-07-19,Sat,Millionaire Street,LL60 6LF,Gaerwen,2279
2025-07-19,Sat,Millionaire Street,LL60 6LE,Gaerwen,2279
2025-07-19,Sat,Millionaire Street,LL60 6LD,Gaerwen,2279
2025-07-19,Sat,Millionaire Street,LL60 6LB,Gaerwen,2279
2025-07-19,Sat,Millionaire Street,LL60 6JW,Gaerwen,2279
2025-07-19,Sat,Millionaire Street,LL60 6JN,Gaerwen,2279
2025-07-19,Sat,Millionaire Street,LL60 6HY,Gaerwen,2279
2025-07-19,Sat,Millionaire Street,LL60 6HW,Gaerwen,2279
2025-07-19,Sat,Millionaire Street,LL60 6HU,Gaerwen,2279
2025-07-19,Sat,Millionaire Street,LL60 6HT,Gaerwen,2279
2025-07-19,Sat,Millionaire Street,LL60 6HS,Gaerwen,2279
2025-07-19,Sat,Millionaire Street,LL60 6HQ,Gaerwen,2279
2025-07-19,Sat,Millionaire Street,LL60 6HN,Gaerwen,2279
2025-07-19,Sat,Millionaire Street,LL60 6HL,Gaerwen,2279
2025-07-19,Sat,Millionaire Street,LL60 6HH,Gaerwen,2279
2025-07-19,Sat,Millionaire Street,LL60 6HE,Gaerwen,2279
2025-07-19,Sat,Millionaire Street,LL60 6HB,Gaerwen,2279
2025-07-19,Sat,Millionaire Street,LL60 6HA,Gaerwen,2279
2025-07-19,Sat,Millionaire Street,LL60 6EY,Gaerwen,2279
2025-07-19,Sat,Millionaire Street,LL60 6EU,Gaerwen,2279
2025-07-19,Sat,Millionaire Street,LL60 6EQ,Gaerwen,2279
2025-07-19,Sat,Millionaire Street,LL60 6EP,Gaerwen,2279
2025-07-19,Sat,Millionaire Street,LL60 6EG,Gaerwen,2279
2025-07-19,Sat,Millionaire Street,LL60 6EF,Gaerwen,2279
2025-07-19,Sat,Millionaire Street,LL60 6ED,Gaerwen,2279
2025-07-19,Sat,Millionaire Street,LL60 6EB,Gaerwen,2279
2025-07-19,Sat,Millionaire Street,LL60 6EA,Gaerwen,2279
2025-07-19,Sat,Millionaire Street,LL60 6DZ,Gaerwen,2279
2025-07-19,Sat,Millionaire Street,LL60 6DY,Gaerwen,2279
2025-07-19,Sat,Millionaire Street,LL60 6DW,Gaerwen,2279
2025-07-19,Sat,Millionaire Street,LL60 6DU,Gaerwen,2279
2025-07-19,Sat,Millionaire Street,LL60 6DT,Gaerwen,2279
2025-07-19,Sat,Millionaire Street,LL60 6DP,Gaerwen,2279
2025-07-19,Sat,Millionaire Street,LL60 6DN,Gaerwen,2279
2025-07-19,Sat,Millionaire Street,LL60 6DL,Gaerwen,2279
2025-07-19,Sat,Millionaire Street,LL60 6DJ,Gaerwen,2279
2025-07-19,Sat,Millionaire Street,LL60 6DH,Gaerwen,2279
2025-07-19,Sat,Millionaire Street,LL60 6DG,Gaerwen,2279
2025-07-19,Sat,Millionaire Street,LL60 6DF,Gaerwen,2279
2025-07-19,Sat,Millionaire Street,LL60 6DD,Gaerwen,2279
2025-07-19,Sat,Millionaire Street,LL60 6DB,Gaerwen,2279
2025-07-19,Sat,Millionaire Street,LL60 6BW,Gaerwen,2279
2025-07-19,Sat,Millionaire Street,LL60 6BU,Gaerwen,2279
2025-07-19,Sat,Millionaire Street,LL60 6BS,Gaerwen,2279
2025-07-19,Sat,Millionaire Street,LL60 6BP,Gaerwen,2279
2025-07-19,Sat,Millionaire Street,LL60 6BN,Gaerwen,2279
2025-07-19,Sat,Millionaire Street,LL60 6BL,Gaerwen,2279
2025-07-19,Sat,Millionaire Street,LL60 6BB,Gaerwen,2279
2025-07-19,Sat,Millionaire Street,LL60 6BA,Gaerwen,2279
2025-07-19,Sat,Millionaire Street,LL60 6AZ,Gaerwen,2279
2025-07-19,Sat,Millionaire Street,LL60 6AW,Gaerwen,2279
2025-07-19,Sat,Millionaire Street,LL60 6AU,Gaerwen,2279
2025-07-19,Sat,Millionaire Street,LL60 6AT,Gaerwen,2279
2025-07-19,Sat,Millionaire Street,LL60 6AS,Gaerwen,2279
2025-07-19,Sat,Millionaire Street,LL60 6AQ,Gaerwen,2279
2025-07-19,Sat,Millionaire Street,LL60 6AN,Gaerwen,2279
2025-07-19,Sat,Millionaire Street,LL60 6AJ,Gaerwen,2279
2025-07-19,Sat,Millionaire Street,LL60 6AF,Gaerwen,2279
2025-07-19,Sat,Millionaire Street,LL60 6AB,Gaerwen,2279
2025-07-19,Sat,Millionaire Street,LL60 6AA,Gaerwen,2279
2025-07-19,Sat,Daily,WV4 4NN,Wolverhampton,1000
2025-07-19,Sat,Daily,TW15 2DG,Ashford (Spelthorne),1000
2025-07-19,Sat,Daily,TN40 1QD,Bexhill-on-Sea,1000
2025-07-19,Sat,Daily,TA19 0PX,Ilminster,1000
2025-07-19,Sat,Daily,ST3 5JZ,Stoke-on-Trent,1000
2025-07-19,Sat,Daily,SK6 1BD,Bredbury and Woodley,1000
2025-07-19,Sat,Daily,SG8 0PF,Litlington,1000
2025-07-19,Sat,Daily,RH8 0TJ,Oxted,1000
2025-07-19,Sat,Daily,PL3 6DW,Plymouth,1000
2025-07-19,Sat,Daily,NG8 3GX,Nottingham,1000
2025-07-19,Sat,Daily,N16 8UR,Hackney,1000
2025-07-19,Sat,Daily,M34 7XE,Denton (Tameside),1000
2025-07-19,Sat,Daily,LD3 8DT,Brecon,1000
2025-07-19,Sat,Daily,GU34 1HX,Alton (East Hampshire),1000
2025-07-19,Sat,Daily,FY6 7XQ,Poulton-le-Fylde,1000
2025-07-19,Sat,Daily,EH4 6RJ,Edinburgh,1000
2025-07-19,Sat,Daily,CT5 2BY,Whitstable,1000
2025-07-19,Sat,Daily,CH45 0NQ,Wallasey,1000
2025-07-19,Sat,Daily,BA21 5SS,Yeovil,1000
2025-07-19,Sat,Daily,AL10 0RJ,Hatfield,1000
2025-07-18,Fri,Daily,WF13 2BT,Dewsbury,1000
2025-07-18,Fri,Daily,TR20 8XN,Longrock,1000
2025-07-18,Fri,Daily,TD5 7FE,Kelso,1000
2025-07-18,Fri,Daily,SW19 3SR,Merton,1000
2025-07-18,Fri,Daily,SE20 8TA,Bromley,1000
2025-07-18,Fri,Daily,RG2 7NS,Reading,1000
2025-07-18,Fri,Daily,OX9 3WN,Thame,1000
2025-07-18,Fri,Daily,MK18 2NS,Steeple Claydon,1000
2025-07-18,Fri,Daily,LU2 8LR,Luton,1000
2025-07-18,Fri,Daily,LA5 9RQ,Carnforth,1000
2025-07-18,Fri,Daily,IP5 3RR,Martlesham Heath,1000
2025-07-18,Fri,Daily,HD9 3UH,Honley,1000
2025-07-18,Fri,Daily,HA5 5LD,Harrow,1000
2025-07-18,Fri,Daily,FY8 1YJ,Lytham St Anne's,1000
2025-07-18,Fri,Daily,EH42 1YH,Dunbar,1000
2025-07-18,Fri,Daily,DY3 3AW,Sedgley,1000
2025-07-18,Fri,Daily,DN4 6XW,Doncaster,1000
2025-07-18,Fri,Daily,CH4 0TB,Broughton (Flintshire),1000
2025-07-18,Fri,Daily,BR7 6QD,Bromley,1000
2025-07-18,Fri,Daily,BD23 2BA,Skipton,1000
2025-07-17,Thu,Daily,WN2 3EN,Hindley,1000
2025-07-17,Thu,Daily,WF5 0NB,Ossett,1000
2025-07-17,Thu,Daily,TS13 4NW,Loftus,1000
2025-07-17,Thu,Daily,TR12 7BL,Mullion,1000
2025-07-17,Thu,Daily,SG12 9FJ,Ware,1000
2025-07-17,Thu,Daily,S71 5BG,Barnsley,1000
2025-07-17,Thu,Daily,PL6 5DU,Plymouth,1000
2025-07-17,Thu,Daily,NR6 7AH,Norwich,1000
2025-07-17,Thu,Daily,NN15 6HG,Kettering,1000
2025-07-17,Thu,Daily,NE11 9AJ,Gateshead,1000
2025-07-17,Thu,Daily,IP31 1BU,Bury St Edmunds,1000
2025-07-17,Thu,Daily,IG9 5NP,Buckhurst Hill,1000
2025-07-17,Thu,Daily,EX20 4EB,Okehampton,1000
2025-07-17,Thu,Daily,CW8 2EG,Cuddington (Cheshire West and Chester),1000
2025-07-17,Thu,Daily,CT17 0BB,Dover,1000
2025-07-17,Thu,Daily,CO3 3QN,Colchester,1000
2025-07-17,Thu,Daily,CH7 2BF,Buckley,1000
2025-07-17,Thu,Daily,CB25 0DS,Burwell,1000
2025-07-17,Thu,Daily,CA15 8RJ,Maryport,1000
2025-07-17,Thu,Daily,BS34 6DA,Bradley Stoke,1000
2025-07-16,Wed,Daily,WS12 3XZ,Cannock,1000
2025-07-16,Wed,Daily,TR14 0BW,Camborne,1000
2025-07-16,Wed,Daily,ST6 2FB,Stoke-on-Trent,1000
2025-07-16,Wed,Daily,ST19 5SY,Penkridge,1000
2025-07-16,Wed,Daily,SO16 4GL,Southampton,1000
2025-07-16,Wed,Daily,SA2 0PX,Swansea,1000
2025-07-16,Wed,Daily,PO20 7PY,Birdham,1000
2025-07-16,Wed,Daily,NR26 8NB,Sheringham,1000
2025-07-16,Wed,Daily,NP19 4RR,Newport (Newport),1000
2025-07-16,Wed,Daily,N4 4DD,Haringey,1000
2025-07-16,Wed,Daily,M22 4LW,Wythenshawe,1000
2025-07-16,Wed,Daily,M21 8UL,Manchester,1000
2025-07-16,Wed,Daily,L19 2NP,Liverpool,1000
2025-07-16,Wed,Daily,EX15 1HB,Cullompton,1000
2025-07-16,Wed,Daily,E9 7LA,Hackney,1000
2025-07-16,Wed,Daily,DY11 6AP,Kidderminster,1000
2025-07-16,Wed,Daily,DA12 2SW,Gravesend,1000
2025-07-16,Wed,Daily,CH3 6PX,Chester,1000
2025-07-16,Wed,Daily,CF46 5LQ,Treharris,1000
2025-07-16,Wed,Daily,BB1 4ET,Rishton,1000
2025-07-15,Tue,Daily,TA7 0BN,Westonzoyland,1000
2025-07-15,Tue,Daily,SK13 1QY,Hadfield,1000
2025-07-15,Tue,Daily,SG8 9EH,Royston (North Hertfordshire),1000
2025-07-15,Tue,Daily,SE14 5NX,Lewisham,1000
2025-07-15,Tue,Daily,SA2 7RW,Swansea,1000
2025-07-15,Tue,Daily,S63 7RT,Wath upon Dearne,1000
2025-07-15,Tue,Daily,S10 1WA,Sheffield,1000
2025-07-15,Tue,Daily,RH8 0RS,Oxted,1000
2025-07-15,Tue,Daily,RH17 5EN,Cuckfield,1000
2025-07-15,Tue,Daily,M16 9QT,Old Trafford,1000
2025-07-15,Tue,Daily,LN8 3JS,Market Rasen,1000
2025-07-15,Tue,Daily,G42 0JG,Glasgow,1000
2025-07-15,Tue,Daily,EH16 4ZD,Edinburgh,1000
2025-07-15,Tue,Daily,E16 3QD,Newham,1000
2025-07-15,Tue,Daily,DN14 5HQ,Goole,1000
2025-07-15,Tue,Daily,CV34 4LQ,Warwick,1000
2025-07-15,Tue,Daily,CH61 1DJ,Heswall,1000
2025-07-15,Tue,Daily,CF48 2AA,Merthyr Tydfil,1000
2025-07-15,Tue,Daily,BD21 2RZ,Keighley,1000
2025-07-15,Tue,Daily,B13 8LN,Birmingham,1000
2025-07-14,Mon,Daily,WR11 8AA,Harvington,1000
2025-07-14,Mon,Daily,WN4 0QY,Ashton-in-Makerfield,1000
2025-07-14,Mon,Daily,TN38 0NE,Hastings,1000
2025-07-14,Mon,Daily,SN8 3DL,Marlborough,1000
2025-07-14,Mon,Daily,PL17 8DB,Kelly Bray,1000
2025-07-14,Mon,Daily,NP15 1RL,Usk,1000
2025-07-14,Mon,Daily,ML1 2RF,Motherwell,1000
2025-07-14,Mon,Daily,LL58 8SL,Beaumaris,1000
2025-07-14,Mon,Daily,KY15 7FF,Ladybank,1000
2025-07-14,Mon,Daily,KY11 9NR,Dalgety Bay,1000
2025-07-14,Mon,Daily,IP28 7LT,Mildenhall (West Suffolk),1000
2025-07-14,Mon,Daily,FY3 8AP,Blackpool,1000
2025-07-14,Mon,Daily,E11 1DG,Waltham Forest,1000
2025-07-14,Mon,Daily,DY10 2NY,Kidderminster,1000
2025-07-14,Mon,Daily,DL14 0GZ,Bishop Auckland,1000
2025-07-14,Mon,Daily,DE55 2LA,South Normanton and Pinxton,1000
2025-07-14,Mon,Daily,DD4 0TB,Dundee,1000
2025-07-14,Mon,Daily,CR6 9PW,Warlingham,1000
2025-07-14,Mon,Daily,BN16 4PD,Rustington,1000
2025-07-14,Mon,Daily,BL0 0NX,Edenfield,1000
2025-07-13,Sun,Daily,TQ7 3LY,Malborough,1000
2025-07-13,Sun,Daily,S64 8NJ,Swinton (Rotherham),1000
2025-07-13,Sun,Daily,S18 3BN,Dronfield,1000
2025-07-13,Sun,Daily,PO4 0LA,Portsmouth,1000
2025-07-13,Sun,Daily,PO33 3BB,Ryde,1000
2025-07-13,Sun,Daily,NN29 7BU,Irchester,1000
2025-07-13,Sun,Daily,NG17 1LF,Sutton in Ashfield,1000
2025-07-13,Sun,Daily,N1 5EJ,Hackney,1000
2025-07-13,Sun,Daily,M11 3NT,Manchester,1000
2025-07-13,Sun,Daily,HP1 2BT,Hemel Hempstead,1000
2025-07-13,Sun,Daily,G40 2HP,Glasgow,1000
2025-07-13,Sun,Daily,E18 2JB,Redbridge,1000
2025-07-13,Sun,Daily,DY8 4SX,Stourbridge,1000
2025-07-13,Sun,Daily,DN15 8PH,Scunthorpe,1000
2025-07-13,Sun,Daily,DN10 4LB,Misterton (Bassetlaw),1000
2025-07-13,Sun,Daily,DL13 2SN,Stanhope,1000
2025-07-13,Sun,Daily,BA1 3BR,Bath,1000
2025-07-13,Sun,Daily,B44 9HY,Birmingham,1000
2025-07-13,Sun,Daily,B13 0PS,Birmingham,1000
2025-07-13,Sun,Daily,AB23 8UP,Aberdeen,1000
2025-07-12,Sat,Millionaire Street,SL1 6EZ,Slough,166666
2025-07-12,Sat,Daily,WF17 5DA,Batley,1000
2025-07-12,Sat,Daily,TN10 4AD,Tonbridge,1000
2025-07-12,Sat,Daily,SP8 5HW,Bourton (Dorset),1000
2025-07-12,Sat,Daily,SA19 7DP,Rhosmaen,1000
2025-07-12,Sat,Daily,PR1 6RE,Preston (Preston),1000
2025-07-12,Sat,Daily,PH1 1LE,Perth,1000
2025-07-12,Sat,Daily,LS4 2TY,Leeds,1000
2025-07-12,Sat,Daily,LL11 5PJ,Brynteg (Wrexham),1000
2025-07-12,Sat,Daily,IP3 9TU,Ipswich,1000
2025-07-12,Sat,Daily,HX2 7HW,Halifax,1000
2025-07-12,Sat,Daily,HS9 5YW,Bàgh a'Chaisteil,1000
2025-07-12,Sat,Daily,GL54 4EZ,Andoversford,1000
2025-07-12,Sat,Daily,FK2 9GU,Saint Columb,1000
2025-07-12,Sat,Daily,EH13 0ET,Edinburgh,1000
2025-07-12,Sat,Daily,CV11 4TF,Nuneaton,1000
2025-07-12,Sat,Daily,CO15 4LF,Clacton-on-Sea,1000
2025-07-12,Sat,Daily,CH41 0BH,Birkenhead,1000
2025-07-12,Sat,Daily,CF72 9UD,Llanharan and Brynna,1000
2025-07-12,Sat,Daily,BS16 6SW,Kingswood and Fishponds,1000
2025-07-12,Sat,Daily,B61 0ND,Catshill,1000
2025-07-11,Fri,Daily,YO14 0JR,Filey,1000
2025-07-11,Fri,Daily,SY10 7SA,Weston Rhyn,1000
2025-07-11,Fri,Daily,SO30 3JS,West End (Eastleigh),1000
2025-07-11,Fri,Daily,SL4 3PT,Windsor,1000
2025-07-11,Fri,Daily,SK4 1BL,Stockport,1000
2025-07-11,Fri,Daily,OX9 7BF,Chalgrove,1000
2025-07-11,Fri,Daily,OL5 0BA,Mossley,1000
2025-07-11,Fri,Daily,N7 0DZ,Islington,1000
2025-07-11,Fri,Daily,LD7 1RH,Knighton,1000
2025-07-11,Fri,Daily,IV11 8UY,Cromarty,1000
2025-07-11,Fri,Daily,IP5 1LY,Kesgrave,1000
2025-07-11,Fri,Daily,HU16 5GT,Cottingham,1000
2025-07-11,Fri,Daily,HP1 2TD,Hemel Hempstead,1000
2025-07-11,Fri,Daily,EX1 2NF,Exeter,1000
2025-07-11,Fri,Daily,EN9 3XN,Waltham Abbey,1000
2025-07-11,Fri,Daily,EN2 7RH,Enfield,1000
2025-07-11,Fri,Daily,CW11 2LJ,Sandbach,1000
2025-07-11,Fri,Daily,CV8 2LW,Kenilworth,1000
2025-07-11,Fri,Daily,CH7 6LD,Mynydd Isa,1000
2025-07-11,Fri,Daily,CB6 1NJ,Littleport,1000
2025-07-10,Thu,Daily,WN3 6QG,Wigan,1000
2025-07-10,Thu,Daily,UB5 6NQ,Ealing,1000
2025-07-10,Thu,Daily,SS16 5BE,Basildon,1000
2025-07-10,Thu,Daily,SO30 3GH,West End (Eastleigh),1000
2025-07-10,Thu,Daily,SE3 8SX,Greenwich,1000
2025-07-10,Thu,Daily,SA70 8PP,Tenby,1000
2025-07-10,Thu,Daily,PR6 9AH,Adlington (Chorley),1000
2025-07-10,Thu,Daily,NR1 2JX,Norwich,1000
2025-07-10,Thu,Daily,NG34 9EW,Ruskington,1000
2025-07-10,Thu,Daily,NE24 5DP,Blyth (Northumberland),1000
2025-07-10,Thu,Daily,ML5 2QW,Coatbridge,1000
2025-07-10,Thu,Daily,ME8 6EX,Gillingham (Medway),1000
2025-07-10,Thu,Daily,LE2 9UL,Leicester,1000
2025-07-10,Thu,Daily,L16 5EX,Liverpool,1000
2025-07-10,Thu,Daily,KY8 2EN,Methil,1000
2025-07-10,Thu,Daily,KT8 9EU,West Molesey,1000
2025-07-10,Thu,Daily,DE55 6EN,Shirland and Stonebroom,1000
2025-07-10,Thu,Daily,BN21 2LS,Eastbourne,1000
2025-07-10,Thu,Daily,BD18 2HA,Shipley (Bradford),1000
2025-07-10,Thu,Daily,BA22 8QS,Yeovil,1000
2025-07-09,Wed,Daily,WF9 1FL,Upton (Wakefield),1000
2025-07-09,Wed,Daily,UB3 1FL,Hillingdon,1000
2025-07-09,Wed,Daily,TQ10 9AD,South Brent,1000
2025-07-09,Wed,Daily,TN33 0BG,Battle,1000
2025-07-09,Wed,Daily,TA23 0LE,Watchet,1000
2025-07-09,Wed,Daily,SW2 4UD,Lambeth,1000
2025-07-09,Wed,Daily,SO41 3NS,Lymington,1000
2025-07-09,Wed,Daily,RG30 2RY,Reading,1000
2025-07-09,Wed,Daily,MK45 4RG,Barton-le-Clay,1000
2025-07-09,Wed,Daily,LN4 1ND,Washingborough and Heighington,1000
2025-07-09,Wed,Daily,GU2 9UN,Guildford,1000
2025-07-09,Wed,Daily,EX36 4DJ,South Molton,1000
2025-07-09,Wed,Daily,DN35 0TX,Cleethorpes,1000
2025-07-09,Wed,Daily,DL13 3JU,Wolsingham,1000
2025-07-09,Wed,Daily,DH8 8JN,Consett,1000
2025-07-09,Wed,Daily,CF14 0PN,Cardiff,1000
2025-07-09,Wed,Daily,BS9 3SX,Bristol,1000
2025-07-09,Wed,Daily,BL3 4TG,Bolton (Bolton),1000
2025-07-09,Wed,Daily,B15 2EJ,Birmingham,1000
2025-07-09,Wed,Daily,AB15 7TX,Aberdeen,1000
2025-07-08,Tue,Daily,WF10 3AA,Castleford,1000
2025-07-08,Tue,Daily,TS7 0PX,Middlesbrough,1000
2025-07-08,Tue,Daily,ST4 8RA,Stoke-on-Trent,1000
2025-07-08,Tue,Daily,S80 4EX,Creswell,1000
2025-07-08,Tue,Daily,RM7 9AD,Havering,1000
2025-07-08,Tue,Daily,RH4 1QH,Dorking,1000
2025-07-08,Tue,Daily,RG42 2AQ,Bracknell,1000
2025-07-08,Tue,Daily,PR5 4GS,Bamber Bridge,1000
2025-07-08,Tue,Daily,PE14 0RH,Elm and Emneth,1000
2025-07-08,Tue,Daily,OL8 3RU,Oldham,1000
2025-07-08,Tue,Daily,NG10 5PT,Sandiacre,1000
2025-07-08,Tue,Daily,LL30 2NL,Llandudno,1000
2025-07-08,Tue,Daily,HX4 8JF,Elland,1000
2025-07-08,Tue,Daily,G11 5EA,Glasgow,1000
2025-07-08,Tue,Daily,DL13 4HW,Tow Law,1000
2025-07-08,Tue,Daily,CV37 0LP,Stratford-upon-Avon,1000
2025-07-08,Tue,Daily,CO9 3DZ,Sible Hedingham,1000
2025-07-08,Tue,Daily,CF37 2HR,Pontypridd,1000
2025-07-08,Tue,Daily,B66 3QD,Smethwick,1000
2025-07-08,Tue,Daily,AL5 5NL,Harpenden,1000
2025-07-07,Mon,Daily,TS23 2EG,Billingham,1000
2025-07-07,Mon,Daily,SK9 2HD,Wilmslow,1000
2025-07-07,Mon,Daily,SE1 4NG,Southwark,1000
2025-07-07,Mon,Daily,RH10 8HT,Crawley (Crawley),1000
2025-07-07,Mon,Daily,OX10 8BL,Wallingford,1000
2025-07-07,Mon,Daily,NG5 6NY,Arnold,1000
2025-07-07,Mon,Daily,ME8 0QY,Gillingham (Medway),1000
2025-07-07,Mon,Daily,LS24 8BD,Tadcaster,1000
2025-07-07,Mon,Daily,IP25 6GQ,Watton,1000
2025-07-07,Mon,Daily,HR5 3DB,Kington,1000
2025-07-07,Mon,Daily,HA5 4EB,Harrow,1000
2025-07-07,Mon,Daily,EN5 1SE,Barnet,1000
2025-07-07,Mon,Daily,CV3 2NF,Coventry,1000
2025-07-07,Mon,Daily,CT12 5GZ,Minster (Thanet),1000
2025-07-07,Mon,Daily,CR0 6SW,Croydon,1000
2025-07-07,Mon,Daily,CA7 9JB,Wigton,1000
2025-07-07,Mon,Daily,BR8 8NS,Swanley,1000
2025-07-07,Mon,Daily,BR6 7DL,Bromley,1000
2025-07-07,Mon,Daily,BN23 7NT,Eastbourne,1000
2025-07-07,Mon,Daily,BH12 4DD,Poole,1000
2025-07-06,Sun,Daily,WS6 7AY,Great Wyrley and Cheslyn Hay,1000
2025-07-06,Sun,Daily,WF9 1GH,Upton (Wakefield),1000
2025-07-06,Sun,Daily,SN5 8QD,Swindon (Swindon),1000
2025-07-06,Sun,Daily,S1 2HU,Sheffield,1000
2025-07-06,Sun,Daily,RH15 8GB,Burgess Hill,1000
2025-07-06,Sun,Daily,PR2 6JP,Preston (Preston),1000
2025-07-06,Sun,Daily,PO1 3FE,Portsmouth,1000
2025-07-06,Sun,Daily,OX13 5GR,Kingston Bagpuize,1000
2025-07-06,Sun,Daily,OL9 8PQ,Chadderton,1000
2025-07-06,Sun,Daily,NN6 0QY,Earls Barton,1000
2025-07-06,Sun,Daily,NG16 2WF,Eastwood,1000
2025-07-06,Sun,Daily,NE47 5LD,Hexham,1000
2025-07-06,Sun,Daily,ME5 8PL,Chatham,1000
2025-07-06,Sun,Daily,M20 1NG,Manchester,1000
2025-07-06,Sun,Daily,IG8 8EN,Redbridge,1000
2025-07-06,Sun,Daily,FY1 4BT,Blackpool,1000
2025-07-06,Sun,Daily,CW7 2BS,Winsford,1000
2025-07-06,Sun,Daily,BS30 7BA,Kingswood and Fishponds,1000
2025-07-06,Sun,Daily,BR5 4JW,Bromley,1000
2025-07-06,Sun,Daily,BL3 2PE,Bolton (Bolton),1000
2025-07-05,Sat,Millionaire Street,TS23 3PR,Billingham,200000
2025-07-05,Sat,Daily,TN21 0FQ,Heathfield (Wealden),1000
2025-07-05,Sat,Daily,SY11 2RY,Oswestry,1000
2025-07-05,Sat,Daily,SO41 0PG,Milford on Sea,1000
2025-07-05,Sat,Daily,PR25 3EA,Leyland,1000
2025-07-05,Sat,Daily,PO9 4PJ,Havant,1000
2025-07-05,Sat,Daily,PL5 1TH,Plymouth,1000
2025-07-05,Sat,Daily,OX17 2DB,Middleton Cheney,1000
2025-07-05,Sat,Daily,OL4 4AQ,Lees,1000
2025-07-05,Sat,Daily,NP11 7QN,Risca,1000
2025-07-05,Sat,Daily,NG23 5ER,Long Bennington,1000
2025-07-05,Sat,Daily,EX2 6AS,Exeter,1000
2025-07-05,Sat,Daily,DN6 0FG,Askern,1000
2025-07-05,Sat,Daily,DN14 0LD,Eggborough,1000
2025-07-05,Sat,Daily,DL5 4TE,Newton Aycliffe,1000
2025-07-05,Sat,Daily,DE72 3WN,Borrowash,1000
2025-07-05,Sat,Daily,DE24 5AE,Derby,1000
2025-07-05,Sat,Daily,DA16 1RB,Bexley,1000
2025-07-05,Sat,Daily,CM20 1FD,Harlow,1000
2025-07-05,Sat,Daily,BS16 5QF,Kingswood and Fishponds,1000
2025-07-05,Sat,Daily,BH20 6NG,Wool,1000
2025-07-04,Fri,Daily,WD23 1GN,Bushey,1000
2025-07-04,Fri,Daily,SP5 4DB,Coombe Bissett,1000
2025-07-04,Fri,Daily,SP4 6JT,Old Sarum,1000
2025-07-04,Fri,Daily,SN3 2BA,Swindon (Swindon),1000
2025-07-04,Fri,Daily,SM3 9SW,Sutton (Sutton),1000
2025-07-04,Fri,Daily,RM3 9XD,Havering,1000
2025-07-04,Fri,Daily,RG27 8UT,Hartley Wintney,1000
2025-07-04,Fri,Daily,PL34 0BS,Tintagel,1000
2025-07-04,Fri,Daily,PL20 7BT,Horrabridge,1000
2025-07-04,Fri,Daily,NR13 6SA,Rackheath,1000
2025-07-04,Fri,Daily,MK45 3BH,Wilstead,1000
2025-07-04,Fri,Daily,LA12 7RR,Ulverston,1000
2025-07-04,Fri,Daily,GU2 9TL,Guildford,1000
2025-07-04,Fri,Daily,G32 7PB,Glasgow,1000
2025-07-04,Fri,Daily,DN4 6PR,Doncaster,1000
2025-07-04,Fri,Daily,DG1 3RU,Dumfries,1000
2025-07-04,Fri,Daily,CW7 3AN,Winsford,1000
2025-07-04,Fri,Daily,BN12 4QE,Worthing,1000
2025-07-04,Fri,Daily,BD22 9PT,Oxenhope,1000
2025-07-04,Fri,Daily,AB22 8YF,Aberdeen,1000
2025-07-03,Thu,Daily,WF1 2GJ,Wakefield,1000
2025-07-03,Thu,Daily,TQ5 0HD,Brixham,1000
2025-07-03,Thu,Daily,TN24 0BQ,Ashford (Ashford),1000
2025-07-03,Thu,Daily,SW15 5RL,Wandsworth,1000
2025-07-03,Thu,Daily,RM15 5EZ,South Ockendon,1000
2025-07-03,Thu,Daily,PR9 7TL,Southport,1000
2025-07-03,Thu,Daily,OX17 1LF,Cropredy,1000
2025-07-03,Thu,Daily,OL13 0HL,Bacup,1000
2025-07-03,Thu,Daily,LU7 4UW,Leighton Buzzard,1000
2025-07-03,Thu,Daily,LU4 0SR,Luton,1000
2025-07-03,Thu,Daily,LS25 6DG,Sherburn in Elmet,1000
2025-07-03,Thu,Daily,IG1 2DH,Redbridge,1000
2025-07-03,Thu,Daily,GU21 8XP,Woking,1000
2025-07-03,Thu,Daily,EX10 8SF,Sidmouth,1000
2025-07-03,Thu,Daily,DT9 5EB,Milborne Port,1000
2025-07-03,Thu,Daily,DL15 0GE,Willington (County Durham),1000
2025-07-03,Thu,Daily,DA1 1PX,Dartford,1000
2025-07-03,Thu,Daily,CV34 6NT,Warwick,1000
2025-07-03,Thu,Daily,CO10 1AP,Sudbury,1000
2025-07-03,Thu,Daily,BS23 3JW,Weston-super-Mare,1000
2025-07-02,Wed,Daily,UB8 2HJ,Hillingdon,1000
2025-07-02,Wed,Daily,TN6 1HU,Crowborough,1000
2025-07-02,Wed,Daily,SO16 5FX,Southampton,1000
2025-07-02,Wed,Daily,SE3 9XN,Greenwich,1000
2025-07-02,Wed,Daily,RG42 4HH,Binfield,1000
2025-07-02,Wed,Daily,NR31 6TF,Gorleston-on-Sea,1000
2025-07-02,Wed,Daily,NE18 0AB,Stamfordham,1000
2025-07-02,Wed,Daily,M28 1AA,Worsley,1000
2025-07-02,Wed,Daily,KY5 9ED,Lochgelly,1000
2025-07-02,Wed,Daily,KA3 2PQ,Kilmarnock,1000
2025-07-02,Wed,Daily,HA7 3LP,Harrow,1000
2025-07-02,Wed,Daily,GL50 3QU,Cheltenham,1000
2025-07-02,Wed,Daily,DN8 5JF,Thorne,1000
2025-07-02,Wed,Daily,DD2 4PZ,Dundee,1000
2025-07-02,Wed,Daily,CV23 1DB,Rugby,1000
2025-07-02,Wed,Daily,CV23 0FR,Rugby,1000
2025-07-02,Wed,Daily,CV22 6RA,Rugby,1000
2025-07-02,Wed,Daily,CM0 7HH,Southminster,1000
2025-07-02,Wed,Daily,B44 0HZ,Birmingham,1000
2025-07-02,Wed,Daily,AB42 4HJ,Longside,1000
2025-07-01,Tue,Daily,WS15 4QB,Handsacre and Armitage,1000
2025-07-01,Tue,Daily,WF3 2JL,East Ardsley,1000
2025-07-01,Tue,Daily,WA15 9QT,Hale (Trafford),1000
2025-07-01,Tue,Daily,SN16 0DR,Malmesbury,1000
2025-07-01,Tue,Daily,SK9 2PG,Wilmslow,1000
2025-07-01,Tue,Daily,SK11 9ED,Chelford,1000
2025-07-01,Tue,Daily,SG6 3RA,Letchworth,1000
2025-07-01,Tue,Daily,PO6 4ER,Portsmouth,1000
2025-07-01,Tue,Daily,PA8 6HQ,Erskine,1000
2025-07-01,Tue,Daily,NR2 4QP,Norwich,1000
2025-07-01,Tue,Daily,N20 9BS,Barnet,1000
2025-07-01,Tue,Daily,LU2 8JT,Luton,1000
2025-07-01,Tue,Daily,LS11 8AB,Leeds,1000
2025-07-01,Tue,Daily,HP21 9TG,Aylesbury,1000
2025-07-01,Tue,Daily,E16 1GL,Newham,1000
2025-07-01,Tue,Daily,CH3 5JT,Chester,1000
2025-07-01,Tue,Daily,CF81 9BW,Aberbargoed,1000
2025-07-01,Tue,Daily,BR3 4SU,Bromley,1000
2025-07-01,Tue,Daily,BB2 4UQ,Blackburn (Blackburn with Darwen),1000
2025-07-01,Tue,Daily,B33 8JZ,Birmingham,1000
2025-06-30,Mon,Daily,WV6 8PT,Wolverhampton,1000
2025-06-30,Mon,Daily,WA7 6AB,Runcorn,1000
2025-06-30,Mon,Daily,TW17 8EW,Shepperton,1000
2025-06-30,Mon,Daily,TN13 2DJ,Sevenoaks,1000
2025-06-30,Mon,Daily,TN11 9ES,Hildenborough,1000
2025-06-30,Mon,Daily,SO40 8TL,Totton,1000
2025-06-30,Mon,Daily,SK8 6HD,Cheadle Hulme,1000
2025-06-30,Mon,Daily,PO19 7UX,Chichester,1000
2025-06-30,Mon,Daily,M45 8JP,Whitefield,1000
2025-06-30,Mon,Daily,LE11 2UY,Loughborough,1000
2025-06-30,Mon,Daily,L35 4LU,Prescot,1000
2025-06-30,Mon,Daily,KA7 3YQ,Ayr,1000
2025-06-30,Mon,Daily,GU15 2BX,Camberley,1000
2025-06-30,Mon,Daily,G44 4JF,Glasgow,1000
2025-06-30,Mon,Daily,FY7 8BS,Fleetwood,1000
2025-06-30,Mon,Daily,DT3 5FE,Weymouth,1000
2025-06-30,Mon,Daily,CV31 2DG,Whitnash,1000
2025-06-30,Mon,Daily,CO10 7NY,Glemsford,1000
2025-06-30,Mon,Daily,CM6 3PH,Great Dunmow,1000
2025-06-30,Mon,Daily,BN22 0LW,Eastbourne,1000
2025-06-29,Sun,Daily,YO30 6QH,York,1000
2025-06-29,Sun,Daily,YO22 4JE,Whitby,1000
2025-06-29,Sun,Daily,WV8 1DG,Codsall,1000
2025-06-29,Sun,Daily,WD24 5NQ,Watford (Watford),1000
2025-06-29,Sun,Daily,TA5 1LE,Nether Stowey,1000
2025-06-29,Sun,Daily,SW15 4LQ,Wandsworth,1000
2025-06-29,Sun,Daily,SG5 1GB,Hitchin,1000
2025-06-29,Sun,Daily,SE20 8SU,Bromley,1000
2025-06-29,Sun,Daily,NE3 4AY,Newcastle upon Tyne,1000
2025-06-29,Sun,Daily,ML4 1RF,Bellshill,1000
2025-06-29,Sun,Daily,IG9 5HR,Buckhurst Hill,1000
2025-06-29,Sun,Daily,HP1 1QD,Hemel Hempstead,1000
2025-06-29,Sun,Daily,EH9 2NZ,Edinburgh,1000
2025-06-29,Sun,Daily,EH8 7RR,Edinburgh,1000
2025-06-29,Sun,Daily,EH55 8QE,West Calder,1000
2025-06-29,Sun,Daily,CO10 7JH,Glemsford,1000
2025-06-29,Sun,Daily,CH64 7TS,Neston (Cheshire West and Chester),1000
2025-06-29,Sun,Daily,BH7 7EP,Bournemouth,1000
2025-06-29,Sun,Daily,BA21 4NW,Yeovil,1000
2025-06-29,Sun,Daily,AL2 1RU,London Colney,1000
2025-06-28,Sat,Millionaire Street,CF39 8TW,Tonyrefail,250000
2025-06-28,Sat,Daily,WS7 1LS,Burntwood,1000
2025-06-28,Sat,Daily,TR14 0BT,Camborne,1000
2025-06-28,Sat,Daily,SY3 7HS,Shrewsbury,1000
2025-06-28,Sat,Daily,SA32 8BD,Carmarthen,1000
2025-06-28,Sat,Daily,OX11 8DS,Didcot,1000
2025-06-28,Sat,Daily,ML5 5SL,Coatbridge,1000
2025-06-28,Sat,Daily,M23 0PW,Wythenshawe,1000
2025-06-28,Sat,Daily,LE16 8PL,Market Harborough,1000
2025-06-28,Sat,Daily,IP19 8AD,Halesworth,1000
2025-06-28,Sat,Daily,IG6 2LA,Redbridge,1000
2025-06-28,Sat,Daily,GU11 3NB,Aldershot,1000
2025-06-28,Sat,Daily,GU10 3LU,Farnham,1000
2025-06-28,Sat,Daily,DY2 8BZ,Dudley (Dudley),1000
2025-06-28,Sat,Daily,DD2 3FD,Dundee,1000
2025-06-28,Sat,Daily,BN17 6RB,Littlehampton,1000
2025-06-28,Sat,Daily,BH7 7RN,Bournemouth,1000
2025-06-28,Sat,Daily,BH14 8UJ,Poole,1000
2025-06-28,Sat,Daily,BD13 3ST,Thornton (Bradford),1000
2025-06-28,Sat,Daily,B23 6JE,Birmingham,1000
2025-06-28,Sat,Daily,AB30 1JE,Laurencekirk,1000
2025-06-27,Fri,Daily,SM5 1JZ,Sutton (Sutton),1000
2025-06-27,Fri,Daily,SE1 4YQ,Southwark,1000
2025-06-27,Fri,Daily,S80 3LA,Worksop,1000
2025-06-27,Fri,Daily,PE29 1YT,Huntingdon,1000
2025-06-27,Fri,Daily,N9 9RE,Enfield,1000
2025-06-27,Fri,Daily,ME4 5SX,Chatham,1000
2025-06-27,Fri,Daily,LE10 0UN,Hinckley,1000
2025-06-27,Fri,Daily,HP17 9TX,Princes Risborough,1000
2025-06-27,Fri,Daily,GL11 5SH,Cam,1000
2025-06-27,Fri,Daily,G33 6HS,Stepps,1000
2025-06-27,Fri,Daily,EX14 2HZ,Honiton,1000
2025-06-27,Fri,Daily,EH11 4RY,Edinburgh,1000
2025-06-27,Fri,Daily,DY5 2LQ,Brierley Hill,1000
2025-06-27,Fri,Daily,DA5 2EE,Bexley,1000
2025-06-27,Fri,Daily,CR0 9HW,Croydon,1000
2025-06-27,Fri,Daily,CA14 3RG,Workington,1000
2025-06-27,Fri,Daily,BS30 5NR,Kingswood and Fishponds,1000
2025-06-27,Fri,Daily,BN20 9NR,Lower Willingdon,1000
2025-06-27,Fri,Daily,B68 8PN,Oldbury (Sandwell),1000
2025-06-27,Fri,Daily,B61 0QA,Catshill,1000
2025-06-26,Thu,Daily,WA7 1WD,Runcorn,1000
2025-06-26,Thu,Daily,TW2 7ER,Richmond upon Thames,1000
2025-06-26,Thu,Daily,TS12 2HT,Skelton (Redcar and Cleveland),1000
2025-06-26,Thu,Daily,SR7 7PA,Seaham,1000
2025-06-26,Thu,Daily,SL4 2RW,Old Windsor and Wraysbury,1000
2025-06-26,Thu,Daily,SK8 7LA,Cheadle Hulme,1000
2025-06-26,Thu,Daily,SG6 4PT,Letchworth,1000
2025-06-26,Thu,Daily,S61 3ND,Rotherham,1000
2025-06-26,Thu,Daily,PR1 9UL,Penwortham,1000
2025-06-26,Thu,Daily,PL32 9ST,Camelford,1000
2025-06-26,Thu,Daily,NR14 8JH,Mulbarton,1000
2025-06-26,Thu,Daily,ME7 3TJ,Gillingham (Medway),1000
2025-06-26,Thu,Daily,LN4 4BW,Coningsby and Tattershall,1000
2025-06-26,Thu,Daily,LE19 2GZ,Enderby and Narborough,1000
2025-06-26,Thu,Daily,G46 7PN,Glasgow,1000
2025-06-26,Thu,Daily,FY5 4DA,Thornton (Wyre),1000
2025-06-26,Thu,Daily,EX4 7BQ,Exeter,1000
2025-06-26,Thu,Daily,CW2 8BN,Crewe,1000
2025-06-26,Thu,Daily,CM3 8DY,East Hanningfield,1000
2025-06-26,Thu,Daily,B30 2XG,Birmingham,1000
2025-06-25,Wed,Daily,WA3 1LS,Golborne,1000
2025-06-25,Wed,Daily,ST10 2BJ,Kingsley (Staffordshire Moorlands),1000
2025-06-25,Wed,Daily,SN3 6GP,Swindon (Swindon),1000
2025-06-25,Wed,Daily,SA11 5RH,Glyn-neath,1000
2025-06-25,Wed,Daily,S75 2AE,Barnsley,1000
2025-06-25,Wed,Daily,S21 4FR,Eckington (North East Derbyshire),1000
2025-06-25,Wed,Daily,PL3 6LY,Plymouth,1000
2025-06-25,Wed,Daily,PL21 9DW,Ivybridge,1000
2025-06-25,Wed,Daily,PA10 2EE,Kilbarchan,1000
2025-06-25,Wed,Daily,NE28 7AQ,Wallsend,1000
2025-06-25,Wed,Daily,MK3 7AR,Bletchley,1000
2025-06-25,Wed,Daily,KA26 0EU,Girvan,1000
2025-06-25,Wed,Daily,IP17 2LL,Kelsale,1000
2025-06-25,Wed,Daily,HD9 6HT,Honley,1000
2025-06-25,Wed,Daily,GL20 5HB,Tewkesbury,1000
2025-06-25,Wed,Daily,FK8 1EL,Stirling,1000
2025-06-25,Wed,Daily,DN14 5RR,Goole,1000
2025-06-25,Wed,Daily,CM16 6EE,North Weald Bassett,1000
2025-06-25,Wed,Daily,CF24 2PB,Cardiff,1000
2025-06-25,Wed,Daily,B60 4ES,Stoke Prior (Bromsgrove),1000
2025-06-24,Tue,Daily,TN9 1UR,Tonbridge,1000
2025-06-24,Tue,Daily,SS17 7BU,Stanford-le-Hope,1000
2025-06-24,Tue,Daily,SE18 6TR,Greenwich,1000
2025-06-24,Tue,Daily,SA33 5BL,Llansteffan,1000
2025-06-24,Tue,Daily,PE16 6SR,Chatteris,1000
2025-06-24,Tue,Daily,NE23 2FG,Cramlington,1000
2025-06-24,Tue,Daily,ML4 2JE,Bellshill,1000
2025-06-24,Tue,Daily,MK14 5QH,Milton Keynes,1000
2025-06-24,Tue,Daily,LS28 9NQ,Pudsey,1000
2025-06-24,Tue,Daily,LN6 8AT,North Hykeham,1000
2025-06-24,Tue,Daily,KT13 0UA,Byfleet,1000
2025-06-24,Tue,Daily,HR1 1HX,Hereford,1000
2025-06-24,Tue,Daily,HP13 5AE,High Wycombe,1000
2025-06-24,Tue,Daily,EN8 0XH,Cheshunt,1000
2025-06-24,Tue,Daily,DN3 3PY,Armthorpe,1000
2025-06-24,Tue,Daily,DN11 9HB,Tickhill,1000
2025-06-24,Tue,Daily,DG11 3BU,Ecclefechan,1000
2025-06-24,Tue,Daily,CO6 4SN,Great Horkesley,1000
2025-06-24,Tue,Daily,CM12 0TZ,Billericay,1000
2025-06-24,Tue,Daily,BH17 8TS,Poole,1000
2025-06-23,Mon,Daily,TF2 7NS,Telford,1000
2025-06-23,Mon,Daily,SN13 0FG,Corsham,1000
2025-06-23,Mon,Daily,SM6 9QA,Sutton (Sutton),1000
2025-06-23,Mon,Daily,S62 7LW,Rawmarsh,1000
2025-06-23,Mon,Daily,S13 8DN,Sheffield,1000
2025-06-23,Mon,Daily,RM1 2PP,Havering,1000
2025-06-23,Mon,Daily,RH12 3XW,Broadbridge Heath,1000
2025-06-23,Mon,Daily,OL13 0QB,Bacup,1000
2025-06-23,Mon,Daily,NP10 8UQ,Newport (Newport),1000
2025-06-23,Mon,Daily,NG13 7AD,Bingham,1000
2025-06-23,Mon,Daily,M29 7BJ,Tyldesley,1000
2025-06-23,Mon,Daily,M18 8UF,Manchester,1000
2025-06-23,Mon,Daily,LE3 3SQ,Leicester Forest East and Kirby Muxloe,1000
2025-06-23,Mon,Daily,EX15 3EF,Uffculme,1000
2025-06-23,Mon,Daily,DN4 8EB,Doncaster,1000
2025-06-23,Mon,Daily,DD8 5DR,Kirriemuir,1000
2025-06-23,Mon,Daily,CO10 9GQ,Long Melford,1000
2025-06-23,Mon,Daily,CF32 9UE,Sarn,1000
2025-06-23,Mon,Daily,BN2 4EP,Brighton and Hove,1000
2025-06-23,Mon,Daily,BH24 1UD,Ringwood,1000
2025-06-22,Sun,Daily,TS12 2RU,Skelton (Redcar and Cleveland),1000
2025-06-22,Sun,Daily,SK8 7EG,Cheadle Hulme,1000
2025-06-22,Sun,Daily,SK7 4GL,Hazel Grove,1000
2025-06-22,Sun,Daily,RG14 6BG,Newbury,1000
2025-06-22,Sun,Daily,NW8 6AA,City of Westminster,1000
2025-06-22,Sun,Daily,LE12 7TH,Mountsorrel,1000
2025-06-22,Sun,Daily,IP14 6BU,Debenham,1000
2025-06-22,Sun,Daily,HP23 6DY,Tring,1000
2025-06-22,Sun,Daily,HP19 0GG,Aylesbury,1000
2025-06-22,Sun,Daily,GL11 6LX,Cam,1000
2025-06-22,Sun,Daily,EX4 8LX,Exeter,1000
2025-06-22,Sun,Daily,DH9 6YX,Stanley (County Durham),1000
2025-06-22,Sun,Daily,CW11 4JS,Sandbach,1000
2025-06-22,Sun,Daily,CT20 3SR,Folkestone,1000
2025-06-22,Sun,Daily,CR4 1BG,Merton,1000
2025-06-22,Sun,Daily,BS7 9SJ,Bristol,1000
2025-06-22,Sun,Daily,BS29 6BR,Banwell,1000
2025-06-22,Sun,Daily,BH20 7NP,Sandford (Dorset),1000
2025-06-22,Sun,Daily,BH10 6DQ,Bournemouth,1000
2025-06-22,Sun,Daily,BD6 3ED,Bradford,1000
2025-06-21,Sat,Millionaire Street,NN29 7SN,Irchester,125000
2025-06-21,Sat,Daily,YO15 1LG,Flamborough,1000
2025-06-21,Sat,Daily,TS10 4RB,Redcar,1000
2025-06-21,Sat,Daily,ST5 8JL,Newcastle-under-Lyme,1000
2025-06-21,Sat,Daily,RG29 1PF,Odiham,1000
2025-06-21,Sat,Daily,NN12 8UU,Silverstone,1000
2025-06-21,Sat,Daily,LU5 5LT,Houghton Regis,1000
2025-06-21,Sat,Daily,LE13 0RL,Melton Mowbray,1000
2025-06-21,Sat,Daily,KY4 8HB,Cowdenbeath,1000
2025-06-21,Sat,Daily,IP16 4HN,Leiston,1000
2025-06-21,Sat,Daily,HU15 2GT,Gilberdyke,1000
2025-06-21,Sat,Daily,HP21 7JN,Aylesbury,1000
2025-06-21,Sat,Daily,GL2 4SZ,Quedgeley and Hardwicke,1000
2025-06-21,Sat,Daily,CW10 9EG,Middlewich,1000
2025-06-21,Sat,Daily,CR7 6HG,Croydon,1000
2025-06-21,Sat,Daily,CM1 4JQ,Chelmsford,1000
2025-06-21,Sat,Daily,CF37 5AU,Pontypridd,1000
2025-06-21,Sat,Daily,BL3 5AS,Bolton (Bolton),1000
2025-06-21,Sat,Daily,BD18 1PB,Shipley (Bradford),1000
2025-06-21,Sat,Daily,BD12 0HR,Bradford,1000
2025-06-21,Sat,Daily,BB11 3EG,Burnley,1000
2025-06-20,Fri,Daily,YO43 3GY,Market Weighton,1000
2025-06-20,Fri,Daily,WA6 7AQ,Frodsham,1000
2025-06-20,Fri,Daily,WA10 4DS,St Helens (St. Helens),1000
2025-06-20,Fri,Daily,SO50 6GR,Eastleigh,1000
2025-06-20,Fri,Daily,SG17 5TA,Shefford,1000
2025-06-20,Fri,Daily,S41 9HX,Chesterfield,1000
2025-06-20,Fri,Daily,PE20 3HY,Swineshead,1000
2025-06-20,Fri,Daily,NG9 7EJ,Stapleford,1000
2025-06-20,Fri,Daily,NG10 5NF,Sandiacre,1000
2025-06-20,Fri,Daily,NE2 3HR,Newcastle upon Tyne,1000
2025-06-20,Fri,Daily,L40 5TW,Burscough,1000
2025-06-20,Fri,Daily,HA6 2TQ,Hillingdon,1000
2025-06-20,Fri,Daily,EN9 2RP,Lower Nazeing,1000
2025-06-20,Fri,Daily,EH16 5UN,Edinburgh,1000
2025-06-20,Fri,Daily,EH14 1PN,Edinburgh,1000
2025-06-20,Fri,Daily,DN32 9JQ,Grimsby,1000
2025-06-20,Fri,Daily,CM16 7LP,Theydon Bois,1000
2025-06-20,Fri,Daily,BH7 6PG,Bournemouth,1000
2025-06-20,Fri,Daily,BA14 9EG,Trowbridge,1000
2025-06-20,Fri,Daily,B44 9PX,Birmingham,1000
2025-06-19,Thu,Daily,WV10 7LJ,Featherstone (South Staffordshire),1000
2025-06-19,Thu,Daily,UB3 4EG,Hillingdon,1000
2025-06-19,Thu,Daily,SY16 1AR,Newtown (Powys),1000
2025-06-19,Thu,Daily,SN12 8QW,Melksham,1000
2025-06-19,Thu,Daily,S43 2ED,Chesterfield,1000
2025-06-19,Thu,Daily,NR8 5FS,Queen's Hills,1000
2025-06-19,Thu,Daily,M24 1DG,Middleton (Rochdale),1000
2025-06-19,Thu,Daily,LE7 2BU,Syston,1000
2025-06-19,Thu,Daily,LE19 4NN,Enderby and Narborough,1000
2025-06-19,Thu,Daily,LD1 6LN,Llandrindod Wells,1000
2025-06-19,Thu,Daily,IV21 2AS,Gairloch,1000
2025-06-19,Thu,Daily,IP25 6QT,Watton,1000
2025-06-19,Thu,Daily,GU21 2TW,Woking,1000
2025-06-19,Thu,Daily,EX18 7NE,Chulmleigh,1000
2025-06-19,Thu,Daily,DN21 5AG,Lea (West Lindsey),1000
2025-06-19,Thu,Daily,DA7 5JR,Bexley,1000
2025-06-19,Thu,Daily,BB2 3LL,Blackburn (Blackburn with Darwen),1000
2025-06-19,Thu,Daily,BB2 1SP,Blackburn (Blackburn with Darwen),1000
2025-06-19,Thu,Daily,B91 2QY,Solihull,1000
2025-06-19,Thu,Daily,B35 7LG,Birmingham,1000
2025-06-18,Wed,Daily,W5 4HP,Ealing,1000
2025-06-18,Wed,Daily,UB7 8PL,Hillingdon,1000
2025-06-18,Wed,Daily,ST4 8UP,Stoke-on-Trent,1000
2025-06-18,Wed,Daily,PH2 6SA,Scone,1000
2025-06-18,Wed,Daily,NW10 4JB,Brent,1000
2025-06-18,Wed,Daily,NR5 8AN,Norwich,1000
2025-06-18,Wed,Daily,NR31 9BE,Belton (Great Yarmouth),1000
2025-06-18,Wed,Daily,NN3 8JE,Northampton,1000
2025-06-18,Wed,Daily,NE8 4TX,Gateshead,1000
2025-06-18,Wed,Daily,N12 7DT,Barnet,1000
2025-06-18,Wed,Daily,LS28 5GW,Pudsey,1000
2025-06-18,Wed,Daily,LL23 7HU,Y Bala,1000
2025-06-18,Wed,Daily,LE5 3FU,Leicester,1000
2025-06-18,Wed,Daily,L40 7RE,Burscough,1000
2025-06-18,Wed,Daily,GU14 6DY,Farnborough,1000
2025-06-18,Wed,Daily,DH9 9DT,Dipton,1000
2025-06-18,Wed,Daily,CM20 2QL,Harlow,1000
2025-06-18,Wed,Daily,BH5 1LQ,Bournemouth,1000
2025-06-18,Wed,Daily,B24 8JU,Birmingham,1000
2025-06-18,Wed,Daily,AB22 8RP,Aberdeen,1000
2025-06-17,Tue,Daily,UB6 9HP,Ealing,1000
2025-06-17,Tue,Daily,TS23 3TX,Billingham,1000
2025-06-17,Tue,Daily,SK17 0ND,Hartington,1000
2025-06-17,Tue,Daily,SG13 7NR,Hertford,1000
2025-06-17,Tue,Daily,SA43 2EW,Aberporth,1000
2025-06-17,Tue,Daily,RH13 5LF,Horsham,1000
2025-06-17,Tue,Daily,PR9 8LN,Southport,1000
2025-06-17,Tue,Daily,PA31 8NU,Ceann Loch Gilb,1000
2025-06-17,Tue,Daily,NP25 3GA,Monmouth,1000
2025-06-17,Tue,Daily,NG12 2NQ,Radcliffe on Trent,1000
2025-06-17,Tue,Daily,ME3 7SE,Higham (Gravesham),1000
2025-06-17,Tue,Daily,L19 1RE,Liverpool,1000
2025-06-17,Tue,Daily,HA2 9SR,Harrow,1000
2025-06-17,Tue,Daily,GL3 3AY,Gloucester,1000
2025-06-17,Tue,Daily,DA7 4NZ,Bexley,1000
2025-06-17,Tue,Daily,CW6 0QT,Tarporley,1000
2025-06-17,Tue,Daily,CA17 4QE,Kirkby Stephen,1000
2025-06-17,Tue,Daily,B90 3QG,Solihull,1000
2025-06-17,Tue,Daily,B73 6DH,Royal Sutton Coldfield,1000
2025-06-17,Tue,Daily,AL10 8NZ,Hatfield,1000
2025-06-16,Mon,Daily,SY13 2RX,Prees,1000
2025-06-16,Mon,Daily,ST17 4DP,Stafford,1000
2025-06-16,Mon,Daily,SO41 8GJ,Lymington,1000
2025-06-16,Mon,Daily,SN4 9PX,Wroughton,1000
2025-06-16,Mon,Daily,SA72 6XD,Pembroke Dock,1000
2025-06-16,Mon,Daily,PA2 6AJ,Paisley,1000
2025-06-16,Mon,Daily,ME14 5UJ,Maidstone,1000
2025-06-16,Mon,Daily,LE67 4SJ,Coalville,1000
2025-06-16,Mon,Daily,KA7 1JB,Ayr,1000
2025-06-16,Mon,Daily,KA22 8EP,Ardrossan,1000
2025-06-16,Mon,Daily,KA10 6LZ,Troon (South Ayrshire),1000
2025-06-16,Mon,Daily,HR2 7SY,Hereford,1000
2025-06-16,Mon,Daily,FY6 7UT,Poulton-le-Fylde,1000
2025-06-16,Mon,Daily,CW8 4LG,Northwich,1000
2025-06-16,Mon,Daily,CV3 6BF,Coventry,1000
2025-06-16,Mon,Daily,CM15 9JT,Brentwood,1000
2025-06-16,Mon,Daily,BS5 9AP,Bristol,1000
2025-06-16,Mon,Daily,BH21 2FJ,Wimborne Minster,1000
2025-06-16,Mon,Daily,BD23 2FB,Skipton,1000
2025-06-16,Mon,Daily,BA3 5LQ,Coleford (Mendip),1000
2025-06-15,Sun,Daily,ST15 8SJ,Stone (Stafford),1000
2025-06-15,Sun,Daily,SO50 4HX,Eastleigh,1000
2025-06-15,Sun,Daily,SN9 6AF,Upavon,1000
2025-06-15,Sun,Daily,SN2 7WE,Stratton St Margaret,1000
2025-06-15,Sun,Daily,SE13 6HN,Lewisham,1000
2025-06-15,Sun,Daily,NP8 1LU,Crickhowell,1000
2025-06-15,Sun,Daily,NG32 2EF,Barkston,1000
2025-06-15,Sun,Daily,NE46 1QL,Hexham,1000
2025-06-15,Sun,Daily,N11 3NE,Barnet,1000
2025-06-15,Sun,Daily,LE14 2AY,Melton Mowbray,1000
2025-06-15,Sun,Daily,L23 6UB,Crosby (Sefton),1000
2025-06-15,Sun,Daily,GL56 0JS,Moreton-in-Marsh,1000
2025-06-15,Sun,Daily,E20 1GW,Newham,1000
2025-06-15,Sun,Daily,DA11 7DZ,Gravesend,1000
2025-06-15,Sun,Daily,CW9 7NZ,Northwich,1000
2025-06-15,Sun,Daily,CV12 9RH,Bulkington,1000
2025-06-15,Sun,Daily,CF11 6LD,Cardiff,1000
2025-06-15,Sun,Daily,BN14 9LD,Worthing,1000
2025-06-15,Sun,Daily,BD6 3NP,Bradford,1000
2025-06-15,Sun,Daily,BB12 6ER,Burnley,1000
2025-06-14,Sat,Millionaire Street,SR8 4BQ,Horden,52631
2025-06-14,Sat,Daily,SG14 2HS,Hertford,1000
2025-06-14,Sat,Daily,RH14 9XQ,Billingshurst,1000
2025-06-14,Sat,Daily,PR7 3PW,Chorley,1000
2025-06-14,Sat,Daily,PL15 8QT,Launceston,1000
2025-06-14,Sat,Daily,OL4 4NT,Lees,1000
2025-06-14,Sat,Daily,NR8 6HS,Taverham and Drayton,1000
2025-06-14,Sat,Daily,NR29 4HS,Hemsby,1000
2025-06-14,Sat,Daily,ME15 0HF,Coxheath,1000
2025-06-14,Sat,Daily,ME14 2HR,Maidstone,1000
2025-06-14,Sat,Daily,KY13 8AN,Kinross,1000
2025-06-14,Sat,Daily,IV2 7RU,Cradlehall,1000
2025-06-14,Sat,Daily,HR1 3EY,Withington and White Stone,1000
2025-06-14,Sat,Daily,HP6 6AG,Amersham,1000
2025-06-14,Sat,Daily,EC1N 7SN,Camden,1000
2025-06-14,Sat,Daily,E1 1NZ,Tower Hamlets,1000
2025-06-14,Sat,Daily,DD11 4SY,Arbroath,1000
2025-06-14,Sat,Daily,CV34 6BB,Warwick,1000
2025-06-14,Sat,Daily,CV3 1LD,Coventry,1000
2025-06-14,Sat,Daily,CR5 3BS,Croydon,1000
2025-06-14,Sat,Daily,CA2 4EW,Carlisle,1000
2025-06-13,Fri,Daily,WS13 6TB,Lichfield,1000
2025-06-13,Fri,Daily,WF3 4PS,Wakefield,1000
2025-06-13,Fri,Daily,WF17 6RJ,Batley,1000
2025-06-13,Fri,Daily,WF16 0NB,Heckmondwike,1000
2025-06-13,Fri,Daily,WF1 3SN,Wakefield,1000
2025-06-13,Fri,Daily,SW1V 3JY,City of Westminster,1000
2025-06-13,Fri,Daily,S66 8AD,Maltby,1000
2025-06-13,Fri,Daily,S40 3HN,Chesterfield,1000
2025-06-13,Fri,Daily,PL17 7JE,Callington,1000
2025-06-13,Fri,Daily,PE28 5WF,Sawtry,1000
2025-06-13,Fri,Daily,NE6 5XT,Newcastle upon Tyne,1000
2025-06-13,Fri,Daily,M34 5DJ,Audenshaw,1000
2025-06-13,Fri,Daily,M29 8BQ,Tyldesley,1000
2025-06-13,Fri,Daily,LL18 2RB,Rhyl,1000
2025-06-13,Fri,Daily,HU14 3DN,North Ferriby,1000
2025-06-13,Fri,Daily,CV35 0SH,Kineton,1000
2025-06-13,Fri,Daily,CM2 7LL,Chelmsford,1000
2025-06-13,Fri,Daily,BS11 0SB,Bristol,1000
2025-06-13,Fri,Daily,BH25 5NP,New Milton,1000
2025-06-13,Fri,Daily,BB2 7HF,Blackburn (Blackburn with Darwen),1000
2025-06-12,Thu,Daily,WF2 7RQ,Wakefield,1000
2025-06-12,Thu,Daily,WA15 7LF,Altrincham,1000
2025-06-12,Thu,Daily,WA10 2DH,St Helens (St. Helens),1000
2025-06-12,Thu,Daily,TQ9 7DT,Blackawton,1000
2025-06-12,Thu,Daily,SS1 2YL,Southend-on-Sea,1000
2025-06-12,Thu,Daily,SP11 7LY,Anna Valley and Upper Clatford,1000
2025-06-12,Thu,Daily,SA61 1DX,Haverfordwest,1000
2025-06-12,Thu,Daily,SA12 7TR,Port Talbot,1000
2025-06-12,Thu,Daily,RH10 3GL,Crawley (Crawley),1000
2025-06-12,Thu,Daily,RH1 3PS,South Merstham,1000
2025-06-12,Thu,Daily,RG28 7PR,Whitchurch (Basingstoke and Deane),1000
2025-06-12,Thu,Daily,N9 9RH,Enfield,1000
2025-06-12,Thu,Daily,LE16 9JL,Market Harborough,1000
2025-06-12,Thu,Daily,L32 2AU,Kirkby,1000
2025-06-12,Thu,Daily,L12 7LG,Liverpool,1000
2025-06-12,Thu,Daily,IV36 1EW,Forres,1000
2025-06-12,Thu,Daily,HU2 8DG,Kingston upon Hull,1000
2025-06-12,Thu,Daily,G41 3QG,Glasgow,1000
2025-06-12,Thu,Daily,CF82 7BN,Ystrad Mynach,1000
2025-06-12,Thu,Daily,CF64 2TB,Penarth,1000
2025-06-11,Wed,Daily,WF3 4PJ,Wakefield,1000
2025-06-11,Wed,Daily,WF16 9ED,Heckmondwike,1000
2025-06-11,Wed,Daily,WA16 0LJ,Knutsford,1000
2025-06-11,Wed,Daily,TN9 1FT,Tonbridge,1000
2025-06-11,Wed,Daily,SW2 5SG,Lambeth,1000
2025-06-11,Wed,Daily,RG8 8SH,Pangbourne,1000
2025-06-11,Wed,Daily,PO6 3BB,Portsmouth,1000
2025-06-11,Wed,Daily,OL14 6JG,Todmorden,1000
2025-06-11,Wed,Daily,NP16 5JU,Chepstow,1000
2025-06-11,Wed,Daily,MK4 4AY,Milton Keynes,1000
2025-06-11,Wed,Daily,LS28 7TR,Pudsey,1000
2025-06-11,Wed,Daily,EH48 1BA,Bathgate,1000
2025-06-11,Wed,Daily,DN21 3SJ,Scotter,1000
2025-06-11,Wed,Daily,DE23 8QL,Derby,1000
2025-06-11,Wed,Daily,CV10 9LA,Nuneaton,1000
2025-06-11,Wed,Daily,CF81 9JX,Aberbargoed,1000
2025-06-11,Wed,Daily,BS10 7ST,Bristol,1000
2025-06-11,Wed,Daily,BH23 8JR,Bransgore,1000
2025-06-11,Wed,Daily,BB5 6LL,Accrington,1000
2025-06-11,Wed,Daily,B43 7HU,Pheasey,1000
2025-06-10,Tue,Daily,YO31 9DP,Huntington (York),1000
2025-06-10,Tue,Daily,WA7 5AS,Runcorn,1000
2025-06-10,Tue,Daily,TN8 5AL,Edenbridge,1000
2025-06-10,Tue,Daily,SS17 7PP,Stanford-le-Hope,1000
2025-06-10,Tue,Daily,PL9 9DB,Plymouth,1000
2025-06-10,Tue,Daily,OL6 9PY,Ashton-under-Lyne,1000
2025-06-10,Tue,Daily,NR28 0BB,North Walsham,1000
2025-06-10,Tue,Daily,NP20 3AB,Newport (Newport),1000
2025-06-10,Tue,Daily,NN7 2HE,Roade,1000
2025-06-10,Tue,Daily,NG16 2TB,Eastwood,1000
2025-06-10,Tue,Daily,LU7 1DZ,Leighton Buzzard,1000
2025-06-10,Tue,Daily,LL14 4AQ,Rhostyllen,1000
2025-06-10,Tue,Daily,HU3 5AE,Kingston upon Hull,1000
2025-06-10,Tue,Daily,HD7 6DG,Marsden,1000
2025-06-10,Tue,Daily,EH7 6RA,Edinburgh,1000
2025-06-10,Tue,Daily,DE4 3ET,Matlock,1000
2025-06-10,Tue,Daily,DD8 1DL,Forfar,1000
2025-06-10,Tue,Daily,DD10 0QD,Inverbervie,1000
2025-06-10,Tue,Daily,BS32 0BP,Bradley Stoke,1000
2025-06-10,Tue,Daily,BS16 6LG,Kingswood and Fishponds,1000
2025-06-09,Mon,Daily,WA9 4EH,St Helens (St. Helens),1000
2025-06-09,Mon,Daily,SW2 5DF,Lambeth,1000
2025-06-09,Mon,Daily,SN5 4AA,Purton,1000
2025-06-09,Mon,Daily,SG5 4FP,Stotfold,1000
2025-06-09,Mon,Daily,PA15 4HS,Greenock,1000
2025-06-09,Mon,Daily,OX4 7WN,Oxford,1000
2025-06-09,Mon,Daily,MK8 8JH,Milton Keynes,1000
2025-06-09,Mon,Daily,MK12 5BP,Milton Keynes,1000
2025-06-09,Mon,Daily,ME15 8ZD,Maidstone,1000
2025-06-09,Mon,Daily,L6 5LH,Liverpool,1000
2025-06-09,Mon,Daily,KT19 9FB,Ewell,1000
2025-06-09,Mon,Daily,HP2 4GW,Hemel Hempstead,1000
2025-06-09,Mon,Daily,EN4 9RU,Barnet,1000
2025-06-09,Mon,Daily,DT2 0BL,Maiden Newton,1000
2025-06-09,Mon,Daily,DN12 2JH,Conisbrough,1000
2025-06-09,Mon,Daily,CA13 0HQ,Cockermouth,1000
2025-06-09,Mon,Daily,BS30 8BP,Kingswood and Fishponds,1000
2025-06-09,Mon,Daily,BN20 7JA,Eastbourne,1000
2025-06-09,Mon,Daily,BD14 6BS,Bradford,1000
2025-06-09,Mon,Daily,B21 8DY,Birmingham,1000
2025-06-08,Sun,Daily,TQ12 3GL,Kingsteignton,1000
2025-06-08,Sun,Daily,SY16 2EB,Newtown (Powys),1000
2025-06-08,Sun,Daily,SO30 0NG,Hedge End,1000
2025-06-08,Sun,Daily,SA4 8RX,Pontarddulais,1000
2025-06-08,Sun,Daily,RM5 3XA,Havering,1000
2025-06-08,Sun,Daily,PR2 1BY,Preston (Preston),1000
2025-06-08,Sun,Daily,PE29 1SP,Huntingdon,1000
2025-06-08,Sun,Daily,NG13 0EP,Bottesford,1000
2025-06-08,Sun,Daily,L5 0RX,Liverpool,1000
2025-06-08,Sun,Daily,KY2 5LQ,Kirkcaldy,1000
2025-06-08,Sun,Daily,GU12 4HW,Aldershot,1000
2025-06-08,Sun,Daily,G62 7LB,Milngavie,1000
2025-06-08,Sun,Daily,EX5 7FZ,Cranbrook (East Devon),1000
2025-06-08,Sun,Daily,DA10 1AR,Ebbsfleet Valley,1000
2025-06-08,Sun,Daily,CT1 1NX,Canterbury,1000
2025-06-08,Sun,Daily,CO5 9DS,Kelvedon and Feering,1000
2025-06-08,Sun,Daily,CO11 1FQ,Brantham,1000
2025-06-08,Sun,Daily,CF14 0SY,Cardiff,1000
2025-06-08,Sun,Daily,BH9 1BD,Bournemouth,1000
2025-06-08,Sun,Daily,BH6 3AT,Bournemouth,1000
2025-06-07,Sat,Millionaire Street,IP12 1JD,Woodbridge,47619
2025-06-07,Sat,Daily,YO22 5JB,Sleights,1000
2025-06-07,Sat,Daily,WV3 9BT,Wolverhampton,1000
2025-06-07,Sat,Daily,SA15 4HE,Llanelli,1000
2025-06-07,Sat,Daily,RH6 0DB,Hookwood,1000
2025-06-07,Sat,Daily,PL6 6PN,Plymouth,1000
2025-06-07,Sat,Daily,PE11 2RR,Spalding,1000
2025-06-07,Sat,Daily,PA2 9JS,Paisley,1000
2025-06-07,Sat,Daily,NG6 0QP,Nottingham,1000
2025-06-07,Sat,Daily,NE2 3PB,Newcastle upon Tyne,1000
2025-06-07,Sat,Daily,LS22 7QY,Wetherby,1000
2025-06-07,Sat,Daily,LL22 7RD,Abergele,1000
2025-06-07,Sat,Daily,LE3 2TE,Leicester,1000
2025-06-07,Sat,Daily,HU5 5FB,Kingston upon Hull,1000
2025-06-07,Sat,Daily,GU30 7BL,Liphook,1000
2025-06-07,Sat,Daily,DN9 1EU,Epworth,1000
2025-06-07,Sat,Daily,DH1 2JP,Durham,1000
2025-06-07,Sat,Daily,DD3 6RF,Dundee,1000
2025-06-07,Sat,Daily,DA7 4NB,Bexley,1000
2025-06-07,Sat,Daily,BD22 9FA,Oxenhope,1000
2025-06-07,Sat,Daily,B15 3JF,Birmingham,1000
2025-06-06,Fri,Daily,WR12 7GB,Broadway,1000
2025-06-06,Fri,Daily,WF7 5LE,Featherstone (Wakefield),1000
2025-06-06,Fri,Daily,WA9 4ZW,St Helens (St. Helens),1000
2025-06-06,Fri,Daily,SO22 5FP,Winchester,1000
2025-06-06,Fri,Daily,SO21 3LB,Sutton Scotney,1000
2025-06-06,Fri,Daily,S8 8EP,Sheffield,1000
2025-06-06,Fri,Daily,RH16 3AF,Haywards Heath,1000
2025-06-06,Fri,Daily,PE30 3SP,King's Lynn,1000
2025-06-06,Fri,Daily,PE3 6JL,Peterborough,1000
2025-06-06,Fri,Daily,OL1 1TX,Oldham,1000
2025-06-06,Fri,Daily,ME2 3AR,Rochester,1000
2025-06-06,Fri,Daily,IP11 6AE,Felixstowe,1000
2025-06-06,Fri,Daily,HD8 0ES,Lepton,1000
2025-06-06,Fri,Daily,G64 2DJ,Bishopbriggs,1000
2025-06-06,Fri,Daily,DN34 5TE,Grimsby,1000
2025-06-06,Fri,Daily,CT2 8JT,Canterbury,1000
2025-06-06,Fri,Daily,CR0 6HT,Croydon,1000
2025-06-06,Fri,Daily,CH5 3QF,Hawarden,1000
2025-06-06,Fri,Daily,CF3 0AS,Cardiff,1000
2025-06-06,Fri,Daily,BN18 0YF,Yapton,1000
2025-06-05,Thu,Daily,WS10 0HR,Wednesbury,1000
2025-06-05,Thu,Daily,SY14 8PZ,Malpas,1000
2025-06-05,Thu,Daily,SO15 8PN,Southampton,1000
2025-06-05,Thu,Daily,SN3 2LQ,Swindon (Swindon),1000
2025-06-05,Thu,Daily,SL3 8YA,Slough,1000
2025-06-05,Thu,Daily,SA8 3DF,Alltwen,1000
2025-06-05,Thu,Daily,S36 9ND,Thurlstone,1000
2025-06-05,Thu,Daily,RM9 6GE,Barking and Dagenham,1000
2025-06-05,Thu,Daily,RG31 6FY,Reading,1000
2025-06-05,Thu,Daily,PL4 8QN,Plymouth,1000
2025-06-05,Thu,Daily,PA2 8RT,Paisley,1000
2025-06-05,Thu,Daily,NR13 5QS,Brundall,1000
2025-06-05,Thu,Daily,MK10 7JU,Milton Keynes,1000
2025-06-05,Thu,Daily,LS11 7LX,Leeds,1000
2025-06-05,Thu,Daily,LE17 4DQ,Lutterworth,1000
2025-06-05,Thu,Daily,KT4 7AE,Worcester Park and Stoneleigh,1000
2025-06-05,Thu,Daily,EX31 2HR,Barnstaple,1000
2025-06-05,Thu,Daily,DE56 2LP,Ambergate,1000
2025-06-05,Thu,Daily,BD24 9PE,Settle,1000
2025-06-05,Thu,Daily,B44 9AJ,Birmingham,1000
2025-06-04,Wed,Daily,WA4 6PB,Warrington,1000
2025-06-04,Wed,Daily,SK10 2AW,Macclesfield,1000
2025-06-04,Wed,Daily,SA62 6AN,St Davids,1000
2025-06-04,Wed,Daily,PO17 5EG,Wickham,1000
2025-06-04,Wed,Daily,PL18 9AD,Gunnislake and St Ann's Chapel,1000
2025-06-04,Wed,Daily,NP11 3GP,Oakdale,1000
2025-06-04,Wed,Daily,NE3 2XT,Newcastle upon Tyne,1000
2025-06-04,Wed,Daily,M12 4PH,Manchester,1000
2025-06-04,Wed,Daily,KA12 8TE,Irvine,1000
2025-06-04,Wed,Daily,IV2 4PX,Inbhir Nis,1000
2025-06-04,Wed,Daily,IP33 2EU,Bury St Edmunds,1000
2025-06-04,Wed,Daily,HU4 7PY,Kingston upon Hull,1000
2025-06-04,Wed,Daily,HR6 9PJ,Kingsland,1000
2025-06-04,Wed,Daily,HD3 4QP,Huddersfield,1000
2025-06-04,Wed,Daily,GU22 9DB,Woking,1000
2025-06-04,Wed,Daily,DE55 4EA,Somercotes and Swanwick,1000
2025-06-04,Wed,Daily,DE21 2PS,Derby,1000
2025-06-04,Wed,Daily,CF31 3DB,Bridgend,1000
2025-06-04,Wed,Daily,BR2 0JB,Bromley,1000
2025-06-04,Wed,Daily,BD2 4JG,Bradford,1000
2025-06-03,Tue,Daily,WS2 9PP,Walsall,1000
2025-06-03,Tue,Daily,WF8 1RD,Pontefract,1000
2025-06-03,Tue,Daily,WA9 4ZT,St Helens (St. Helens),1000
2025-06-03,Tue,Daily,TS24 0NQ,Hartlepool,1000
2025-06-03,Tue,Daily,ST16 1RH,Stafford,1000
2025-06-03,Tue,Daily,PR4 0RT,Cottam (Preston),1000
2025-06-03,Tue,Daily,PR2 9LW,Fulwood,1000
2025-06-03,Tue,Daily,PE13 2QA,Wisbech,1000
2025-06-03,Tue,Daily,ML9 1PP,Larkhall,1000
2025-06-03,Tue,Daily,LU7 2TU,Leighton Buzzard,1000
2025-06-03,Tue,Daily,IP25 6SZ,Watton,1000
2025-06-03,Tue,Daily,G66 4EE,Kirkintilloch,1000
2025-06-03,Tue,Daily,E3 3FU,Tower Hamlets,1000
2025-06-03,Tue,Daily,DT3 6HY,Weymouth,1000
2025-06-03,Tue,Daily,DE15 0NT,Burton upon Trent,1000
2025-06-03,Tue,Daily,DA1 3QF,Dartford,1000
2025-06-03,Tue,Daily,CM17 9HF,Harlow,1000
2025-06-03,Tue,Daily,CH3 5BL,Chester,1000
2025-06-03,Tue,Daily,CF47 0NA,Merthyr Tydfil,1000
2025-06-03,Tue,Daily,BS20 8EB,Portishead,1000
2025-06-02,Mon,Daily,SK8 6BJ,Cheadle Hulme,1000
2025-06-02,Mon,Daily,S70 6BT,Barnsley,1000
2025-06-02,Mon,Daily,S17 3NZ,Sheffield,1000
2025-06-02,Mon,Daily,RH15 0EA,Burgess Hill,1000
2025-06-02,Mon,Daily,PO12 2PY,Gosport,1000
2025-06-02,Mon,Daily,OL14 5JZ,Todmorden,1000
2025-06-02,Mon,Daily,NG10 2EU,Long Eaton,1000
2025-06-02,Mon,Daily,ME13 7NY,Faversham,1000
2025-06-02,Mon,Daily,LE3 5QJ,Leicester,1000
2025-06-02,Mon,Daily,L11 1HH,Liverpool,1000
2025-06-02,Mon,Daily,KY11 1ED,Inverkeithing,1000
2025-06-02,Mon,Daily,G69 6JG,Glasgow,1000
2025-06-02,Mon,Daily,DT6 6BE,Charmouth,1000
2025-06-02,Mon,Daily,DE24 3JY,Derby,1000
2025-06-02,Mon,Daily,CW6 0PT,Tarporley,1000
2025-06-02,Mon,Daily,CV35 9LG,Wellesbourne,1000
2025-06-02,Mon,Daily,CH2 1FD,Chester,1000
2025-06-02,Mon,Daily,CF81 9RN,Aberbargoed,1000
2025-06-02,Mon,Daily,BN22 7JX,Eastbourne,1000
2025-06-02,Mon,Daily,B25 8HN,Birmingham,1000
2025-06-01,Sun,Daily,YO24 2PU,York,1000
2025-06-01,Sun,Daily,TN39 3SZ,Bexhill-on-Sea,1000
2025-06-01,Sun,Daily,SY4 1HH,Ruyton-XI-Towns,1000
2025-06-01,Sun,Daily,SO24 0AX,New Alresford,1000
2025-06-01,Sun,Daily,SG11 1JG,Puckeridge and Standon,1000
2025-06-01,Sun,Daily,SA61 2TY,Haverfordwest,1000
2025-06-01,Sun,Daily,SA1 6FQ,Swansea,1000
2025-06-01,Sun,Daily,PR2 1BX,Preston (Preston),1000
2025-06-01,Sun,Daily,NR7 8RH,Norwich,1000
2025-06-01,Sun,Daily,NR10 4DJ,Reepham (Broadland),1000
2025-06-01,Sun,Daily,NN11 0XP,Daventry,1000
2025-06-01,Sun,Daily,MK13 7NW,Milton Keynes,1000
2025-06-01,Sun,Daily,LU1 1LH,Luton,1000
2025-06-01,Sun,Daily,GL5 3TA,Stroud,1000
2025-06-01,Sun,Daily,EN6 1SH,Potters Bar,1000
2025-06-01,Sun,Daily,DN11 0NG,New Rossington and Rossington,1000
2025-06-01,Sun,Daily,DG7 2JW,Gatehouse of Fleet,1000
2025-06-01,Sun,Daily,CM3 4XW,Danbury,1000
2025-06-01,Sun,Daily,BR5 4HQ,Bromley,1000
2025-06-01,Sun,Daily,BL3 1JP,Little Lever,1000
2025-05-31,Sat,Millionaire Street,CF38 2RE,Beddau,33333
2025-05-31,Sat,Daily,WV4 6EQ,Wolverhampton,1000
2025-05-31,Sat,Daily,WF16 0JP,Heckmondwike,1000
2025-05-31,Sat,Daily,TA4 1LZ,Milverton,1000
2025-05-31,Sat,Daily,SO21 1AQ,Colden Common,1000
2025-05-31,Sat,Daily,S40 2PD,Chesterfield,1000
2025-05-31,Sat,Daily,PH11 8AN,Alyth,1000
2025-05-31,Sat,Daily,OL2 8FN,Shaw (Oldham),1000
2025-05-31,Sat,Daily,NG5 3FU,Nottingham,1000
2025-05-31,Sat,Daily,N1 7DX,Hackney,1000
2025-05-31,Sat,Daily,M27 8TN,Clifton (Salford),1000
2025-05-31,Sat,Daily,M25 0FU,Prestwich,1000
2025-05-31,Sat,Daily,LL77 7LD,Llangefni,1000
2025-05-31,Sat,Daily,LL31 9LF,Conwy,1000
2025-05-31,Sat,Daily,HR1 1NG,Hereford,1000
2025-05-31,Sat,Daily,DD9 6YJ,Brechin,1000
2025-05-31,Sat,Daily,CV31 2LT,Whitnash,1000
2025-05-31,Sat,Daily,BN25 3ST,Seaford,1000
2025-05-31,Sat,Daily,BN22 8TA,Eastbourne,1000
2025-05-31,Sat,Daily,BA22 8NU,Yeovil,1000
2025-05-31,Sat,Daily,AL7 3UE,Welwyn Garden City,1000
2025-05-30,Fri,Daily,WF2 6PF,Wakefield,1000
2025-05-30,Fri,Daily,WF12 8BE,Dewsbury,1000
2025-05-30,Fri,Daily,TQ5 0LB,Brixham,1000
2025-05-30,Fri,Daily,TA23 0TH,Watchet,1000
2025-05-30,Fri,Daily,SE23 3SY,Lewisham,1000
2025-05-30,Fri,Daily,NE70 7PP,Belford,1000
2025-05-30,Fri,Daily,LU5 4PZ,Luton,1000
2025-05-30,Fri,Daily,LL54 5BJ,Trefor,1000
2025-05-30,Fri,Daily,KT3 3BT,Kingston upon Thames,1000
2025-05-30,Fri,Daily,G44 5JY,Glasgow,1000
2025-05-30,Fri,Daily,G31 4DD,Glasgow,1000
2025-05-30,Fri,Daily,E4 8LB,Waltham Forest,1000
2025-05-30,Fri,Daily,DY13 0SE,Stourport-on-Severn,1000
2025-05-30,Fri,Daily,DT11 0RT,Shillingstone,1000
2025-05-30,Fri,Daily,DG9 8AH,Stranraer,1000
2025-05-30,Fri,Daily,DG5 4NH,Dalbeattie,1000
2025-05-30,Fri,Daily,CH47 6AJ,Meols,1000
2025-05-30,Fri,Daily,BN21 2NH,Eastbourne,1000
2025-05-30,Fri,Daily,BD13 3AQ,Thornton (Bradford),1000
2025-05-30,Fri,Daily,B71 4DL,West Bromwich,1000
2025-05-29,Thu,Daily,WR9 8RY,Droitwich Spa,1000
2025-05-29,Thu,Daily,WA3 3YR,Golborne,1000
2025-05-29,Thu,Daily,TR4 9BA,Goonhavern,1000
2025-05-29,Thu,Daily,TN15 6JU,West Kingsdown,1000
2025-05-29,Thu,Daily,ST7 4XP,Kidsgrove,1000
2025-05-29,Thu,Daily,ST5 1HU,Newcastle-under-Lyme,1000
2025-05-29,Thu,Daily,SK8 3JG,Wythenshawe,1000
2025-05-29,Thu,Daily,S35 4JR,Chapeltown and High Green,1000
2025-05-29,Thu,Daily,PL19 9BU,Tavistock,1000
2025-05-29,Thu,Daily,LL65 4SD,Gwalchmai,1000
2025-05-29,Thu,Daily,LE2 7EB,Leicester,1000
2025-05-29,Thu,Daily,HR4 7SS,Credenhill,1000
2025-05-29,Thu,Daily,FY1 4BH,Blackpool,1000
2025-05-29,Thu,Daily,EX36 4AE,South Molton,1000
2025-05-29,Thu,Daily,EX10 9BZ,Sidmouth,1000
2025-05-29,Thu,Daily,DE23 8QU,Derby,1000
2025-05-29,Thu,Daily,CW9 6LY,Northwich,1000
2025-05-29,Thu,Daily,CT21 4QE,Hythe,1000
2025-05-29,Thu,Daily,CF24 4BG,Cardiff,1000
2025-05-29,Thu,Daily,BD6 3DP,Bradford,1000
2025-05-28,Wed,Daily,YO24 2UB,York,1000
2025-05-28,Wed,Daily,TS21 1JY,Stillington (Stockton-on-Tees),1000
2025-05-28,Wed,Daily,TN39 5EW,Bexhill-on-Sea,1000
2025-05-28,Wed,Daily,TF9 2NR,Market Drayton,1000
2025-05-28,Wed,Daily,TA1 2YE,Taunton,1000
2025-05-28,Wed,Daily,ST4 8AP,Stoke-on-Trent,1000
2025-05-28,Wed,Daily,SN3 4UH,Stratton St Margaret,1000
2025-05-28,Wed,Daily,SN15 4JT,Lyneham,1000
2025-05-28,Wed,Daily,SM6 9AF,Sutton (Sutton),1000
2025-05-28,Wed,Daily,SK5 8JX,Stockport,1000
2025-05-28,Wed,Daily,SG14 3AE,Hertford,1000
2025-05-28,Wed,Daily,PO18 8EL,Bosham,1000
2025-05-28,Wed,Daily,PH2 0PY,Perth,1000
2025-05-28,Wed,Daily,NW9 7BA,Barnet,1000
2025-05-28,Wed,Daily,NR30 1DU,Great Yarmouth,1000
2025-05-28,Wed,Daily,N1 2US,Islington,1000
2025-05-28,Wed,Daily,EX5 1NT,Woodbury,1000
2025-05-28,Wed,Daily,EH52 6EG,Broxburn (West Lothian),1000
2025-05-28,Wed,Daily,CF81 9BP,Aberbargoed,1000
2025-05-28,Wed,Daily,BS4 1RG,Bristol,1000
2025-05-27,Tue,Daily,YO43 3RT,Market Weighton,1000
2025-05-27,Tue,Daily,W3 8FR,Ealing,1000
2025-05-27,Tue,Daily,SY1 3PG,Shrewsbury,1000
2025-05-27,Tue,Daily,ST10 4JR,Upper Tean,1000
2025-05-27,Tue,Daily,SS3 0EB,Great Wakering,1000
2025-05-27,Tue,Daily,RM16 6NF,Chafford Hundred and West Thurrock,1000
2025-05-27,Tue,Daily,PR1 9FP,Penwortham,1000
2025-05-27,Tue,Daily,PO15 6SP,Fareham,1000
2025-05-27,Tue,Daily,PE22 0HX,Sibsey,1000
2025-05-27,Tue,Daily,NE29 8SJ,Tynemouth,1000
2025-05-27,Tue,Daily,ME5 0RX,Chatham,1000
2025-05-27,Tue,Daily,KA6 6NY,Coylton,1000
2025-05-27,Tue,Daily,IP7 6LT,Hadleigh,1000
2025-05-27,Tue,Daily,DH9 9UJ,Dipton,1000
2025-05-27,Tue,Daily,CR5 1QS,Croydon,1000
2025-05-27,Tue,Daily,CO15 4FF,Clacton-on-Sea,1000
2025-05-27,Tue,Daily,BD2 4PL,Bradford,1000
2025-05-27,Tue,Daily,BA1 7NQ,Batheaston,1000
2025-05-27,Tue,Daily,B62 8NT,Halesowen,1000
2025-05-27,Tue,Daily,B31 2RJ,Birmingham,1000
2025-05-26,Mon,Daily,SK8 3JG,Wythenshawe,1000
2025-05-26,Mon,Daily,SK17 7NH,Buxton (High Peak),1000
2025-05-26,Mon,Daily,SK13 8JP,Glossop,1000
2025-05-26,Mon,Daily,OL3 7DZ,Uppermill,1000
2025-05-26,Mon,Daily,NG5 6BQ,Arnold,1000
2025-05-26,Mon,Daily,NE38 9JD,Washington,1000
2025-05-26,Mon,Daily,LS19 6RF,Rawdon,1000
2025-05-26,Mon,Daily,LA2 0DR,Galgate,1000
2025-05-26,Mon,Daily,HP5 3LQ,Chesham,1000
2025-05-26,Mon,Daily,GL3 1PB,Churchdown,1000
2025-05-26,Mon,Daily,G64 3BS,Bishopbriggs,1000
2025-05-26,Mon,Daily,G44 5AH,Glasgow,1000
2025-05-26,Mon,Daily,FY8 3PF,Lytham St Anne's,1000
2025-05-26,Mon,Daily,DN32 0EE,Grimsby,1000
2025-05-26,Mon,Daily,DG2 0BQ,Dumfries,1000
2025-05-26,Mon,Daily,CM7 9TE,Braintree,1000
2025-05-26,Mon,Daily,CH3 5LW,Chester,1000
2025-05-26,Mon,Daily,CA1 3UA,Carlisle,1000
2025-05-26,Mon,Daily,B75 5ST,Royal Sutton Coldfield,1000
2025-05-26,Mon,Daily,AL5 5RB,Harpenden,1000
2025-05-25,Sun,Daily,WA7 4DW,Runcorn,1000
2025-05-25,Sun,Daily,TN23 3FB,Ashford (Ashford),1000
2025-05-25,Sun,Daily,ST5 0JQ,Newcastle-under-Lyme,1000
2025-05-25,Sun,Daily,SP2 7EW,Salisbury,1000
2025-05-25,Sun,Daily,SL8 5EE,Bourne End,1000
2025-05-25,Sun,Daily,RM8 2TX,Barking and Dagenham,1000
2025-05-25,Sun,Daily,NN4 8AX,Northampton,1000
2025-05-25,Sun,Daily,ML4 3BY,Bellshill,1000
2025-05-25,Sun,Daily,KY6 3AX,Leslie,1000
2025-05-25,Sun,Daily,KT22 9JS,Great Bookham and Fetcham,1000
2025-05-25,Sun,Daily,KT21 2PB,Ashtead,1000
2025-05-25,Sun,Daily,G13 2QG,Glasgow,1000
2025-05-25,Sun,Daily,FY1 6JT,Blackpool,1000
2025-05-25,Sun,Daily,CT11 0LU,Ramsgate,1000
2025-05-25,Sun,Daily,CR0 0EG,Croydon,1000
2025-05-25,Sun,Daily,BR8 7HW,Swanley,1000
2025-05-25,Sun,Daily,BB18 6PX,Earby,1000
2025-05-25,Sun,Daily,B79 9EB,Edingale,1000
2025-05-25,Sun,Daily,B23 6EQ,Birmingham,1000
2025-05-25,Sun,Daily,AB43 6SP,Strichen,1000
2025-05-24,Sat,Millionaire Street,YO14 0FD,Filey,55555
2025-05-24,Sat,Daily,W7 1AL,Ealing,1000
2025-05-24,Sat,Daily,UB6 8PB,Ealing,1000
2025-05-24,Sat,Daily,TW1 2HT,Richmond upon Thames,1000
2025-05-24,Sat,Daily,TD15 1QG,Berwick-upon-Tweed,1000
2025-05-24,Sat,Daily,ST13 6BE,Leek,1000
2025-05-24,Sat,Daily,SM5 1LX,Sutton (Sutton),1000
2025-05-24,Sat,Daily,S44 5RX,Brimington,1000
2025-05-24,Sat,Daily,NR4 7NF,Norwich,1000
2025-05-24,Sat,Daily,NN14 1AT,Broughton (North Northamptonshire),1000
2025-05-24,Sat,Daily,NE32 4PA,Jarrow,1000
2025-05-24,Sat,Daily,ML12 6AR,Biggar,1000
2025-05-24,Sat,Daily,G32 8LH,Glasgow,1000
2025-05-24,Sat,Daily,EX22 6NU,Holsworthy,1000
2025-05-24,Sat,Daily,EC4Y 0DF,City and County of the City of London,1000
2025-05-24,Sat,Daily,DY4 9SG,Tipton,1000
2025-05-24,Sat,Daily,DY13 8RH,Stourport-on-Severn,1000
2025-05-24,Sat,Daily,DL8 2RG,Bedale,1000
2025-05-24,Sat,Daily,DL3 6NL,Darlington,1000
2025-05-24,Sat,Daily,BS48 1AD,Nailsea,1000
2025-05-24,Sat,Daily,BH20 4EL,Wareham,1000
2025-05-23,Fri,Daily,WN6 9RY,Appley Bridge,1000
2025-05-23,Fri,Daily,WN4 8LJ,Ashton-in-Makerfield,1000
2025-05-23,Fri,Daily,TR16 6BJ,Lanner,1000
2025-05-23,Fri,Daily,TQ3 3QX,Paignton,1000
2025-05-23,Fri,Daily,SS14 1HY,Basildon,1000
2025-05-23,Fri,Daily,RG4 5JR,Caversham,1000
2025-05-23,Fri,Daily,PL6 7DZ,Plymouth,1000
2025-05-23,Fri,Daily,PE13 2JJ,Wisbech,1000
2025-05-23,Fri,Daily,NR34 9AN,Beccles,1000
2025-05-23,Fri,Daily,NN6 6LH,Welford (West Northamptonshire),1000
2025-05-23,Fri,Daily,NG8 2TQ,Nottingham,1000
2025-05-23,Fri,Daily,NG19 9QF,Mansfield Woodhouse,1000
2025-05-23,Fri,Daily,NG12 4AZ,Edwalton,1000
2025-05-23,Fri,Daily,LL18 3YN,Rhyl,1000
2025-05-23,Fri,Daily,HU17 9SD,Beverley,1000
2025-05-23,Fri,Daily,HP5 2LY,Chesham,1000
2025-05-23,Fri,Daily,HD6 2DE,Brighouse,1000
2025-05-23,Fri,Daily,FY7 6TQ,Fleetwood,1000
2025-05-23,Fri,Daily,EH6 5LW,Edinburgh,1000
2025-05-23,Fri,Daily,AL8 7XE,Welwyn Garden City,1000
2025-05-22,Thu,Daily,WV8 2EN,Codsall,1000
2025-05-22,Thu,Daily,TR1 1QP,Truro,1000
2025-05-22,Thu,Daily,SN3 6EJ,Swindon (Swindon),1000
2025-05-22,Thu,Daily,PR6 7TW,Whittle-le-Woods,1000
2025-05-22,Thu,Daily,PR5 5HU,Bamber Bridge,1000
2025-05-22,Thu,Daily,OX26 4YP,Bicester,1000
2025-05-22,Thu,Daily,NP10 9FR,Newport (Newport),1000
2025-05-22,Thu,Daily,ME15 9EG,Maidstone,1000
2025-05-22,Thu,Daily,L21 0DD,Litherland,1000
2025-05-22,Thu,Daily,KA26 0BY,Girvan,1000
2025-05-22,Thu,Daily,IP22 1QX,Rickinghall and Botesdale,1000
2025-05-22,Thu,Daily,GL7 5RF,South Cerney,1000
2025-05-22,Thu,Daily,GL12 8RQ,Charfield,1000
2025-05-22,Thu,Daily,EH17 7AU,Edinburgh,1000
2025-05-22,Thu,Daily,CR0 7RL,Croydon,1000
2025-05-22,Thu,Daily,CO4 3HD,Colchester,1000
2025-05-22,Thu,Daily,CA28 8SE,Whitehaven,1000
2025-05-22,Thu,Daily,BH8 8LT,Bournemouth,1000
2025-05-22,Thu,Daily,BH23 4PY,Christchurch,1000
2025-05-22,Thu,Daily,B62 0PB,Halesowen,1000
2025-05-21,Wed,Daily,YO60 7RN,Sheriff Hutton,1000
2025-05-21,Wed,Daily,WA4 3TD,Warrington,1000
2025-05-21,Wed,Daily,TR13 0AB,Helston,1000
2025-05-21,Wed,Daily,TD12 4XN,Coldstream,1000
2025-05-21,Wed,Daily,SO45 1XN,Blackfield and Langley,1000
2025-05-21,Wed,Daily,SO41 8BG,Lymington,1000
2025-05-21,Wed,Daily,PR6 0DL,Chorley,1000
2025-05-21,Wed,Daily,PO21 4JZ,Bognor Regis,1000
2025-05-21,Wed,Daily,NE35 9HP,Boldon Colliery,1000
2025-05-21,Wed,Daily,MK45 5HN,Westoning,1000
2025-05-21,Wed,Daily,MK19 6BY,Deanshanger,1000
2025-05-21,Wed,Daily,LU2 9AP,Luton,1000
2025-05-21,Wed,Daily,GU15 1AT,Camberley,1000
2025-05-21,Wed,Daily,GL50 2NG,Cheltenham,1000
2025-05-21,Wed,Daily,G63 0XF,Balfron,1000
2025-05-21,Wed,Daily,CR5 3GG,Croydon,1000
2025-05-21,Wed,Daily,BR3 3EB,Bromley,1000
2025-05-21,Wed,Daily,BR2 8NL,Bromley,1000
2025-05-21,Wed,Daily,BN15 8ED,Lancing and Sompting,1000
2025-05-21,Wed,Daily,BA14 0JR,Trowbridge,1000
2025-05-20,Tue,Daily,W5 5QD,Ealing,1000
2025-05-20,Tue,Daily,TW7 4HU,Hounslow,1000
2025-05-20,Tue,Daily,SR7 9JB,Murton (County Durham),1000
2025-05-20,Tue,Daily,SL5 8TW,Ascot,1000
2025-05-20,Tue,Daily,SK9 7TD,Alderley Edge,1000
2025-05-20,Tue,Daily,SK9 2NR,Wilmslow,1000
2025-05-20,Tue,Daily,PO14 3DH,Lee-on-the-Solent,1000
2025-05-20,Tue,Daily,M20 1EF,Manchester,1000
2025-05-20,Tue,Daily,LA22 9BG,Ambleside,1000
2025-05-20,Tue,Daily,IP8 3BH,Ipswich,1000
2025-05-20,Tue,Daily,HP6 5SD,Amersham,1000
2025-05-20,Tue,Daily,HA9 8EG,Brent,1000
2025-05-20,Tue,Daily,EH17 7LZ,Edinburgh,1000
2025-05-20,Tue,Daily,DG8 6PJ,Newton Stewart,1000
2025-05-20,Tue,Daily,CO10 9RY,Long Melford,1000
2025-05-20,Tue,Daily,CH4 0FT,Broughton (Flintshire),1000
2025-05-20,Tue,Daily,BS37 4BT,Yate,1000
2025-05-20,Tue,Daily,BH22 9AT,Ferndown,1000
2025-05-20,Tue,Daily,B69 1LT,Rowley Regis,1000
2025-05-20,Tue,Daily,AB53 4DS,Turriff,1000
2025-05-19,Mon,Daily,WF9 4SD,Hemsworth,1000
2025-05-19,Mon,Daily,W4 4EW,Hounslow,1000
2025-05-19,Mon,Daily,SY16 2BT,Newtown (Powys),1000
2025-05-19,Mon,Daily,ST7 3JE,Scholar Green,1000
2025-05-19,Mon,Daily,SG12 8NH,Stanstead Abbotts,1000
2025-05-19,Mon,Daily,SA3 4TF,Swansea,1000
2025-05-19,Mon,Daily,PR2 6DQ,Preston (Preston),1000
2025-05-19,Mon,Daily,NR10 3QP,Horsford,1000
2025-05-19,Mon,Daily,LA3 2HB,Heysham,1000
2025-05-19,Mon,Daily,EH5 2AR,Edinburgh,1000
2025-05-19,Mon,Daily,EH43 6AG,Walkerburn,1000
2025-05-19,Mon,Daily,E3 4NE,Tower Hamlets,1000
2025-05-19,Mon,Daily,DN33 3ET,Grimsby,1000
2025-05-19,Mon,Daily,DG9 7AZ,Stranraer,1000
2025-05-19,Mon,Daily,DE73 6WY,Derby,1000
2025-05-19,Mon,Daily,DE12 7NP,Measham,1000
2025-05-19,Mon,Daily,CH45 7QY,Wallasey,1000
2025-05-19,Mon,Daily,CB4 3PP,Cambridge (Cambridge),1000
2025-05-19,Mon,Daily,BS15 8FJ,Kingswood and Fishponds,1000
2025-05-19,Mon,Daily,BN25 3EB,Seaford,1000
2025-05-18,Sun,Daily,YO30 1BQ,Skelton (York),1000
2025-05-18,Sun,Daily,WN4 8LN,Ashton-in-Makerfield,1000
2025-05-18,Sun,Daily,TW14 8LU,Hounslow,1000
2025-05-18,Sun,Daily,SY6 6HN,Church Stretton,1000
2025-05-18,Sun,Daily,SP6 2NB,Fordingbridge,1000
2025-05-18,Sun,Daily,SE24 9JJ,Southwark,1000
2025-05-18,Sun,Daily,RG4 8QD,Caversham,1000
2025-05-18,Sun,Daily,PR3 3WB,Longridge (Ribble Valley),1000
2025-05-18,Sun,Daily,PO38 1RP,Ventnor,1000
2025-05-18,Sun,Daily,OX12 0DB,Grove (Vale of White Horse),1000
2025-05-18,Sun,Daily,NG24 1JY,Newark-on-Trent,1000
2025-05-18,Sun,Daily,NE71 6QG,Wooler,1000
2025-05-18,Sun,Daily,M34 3FT,Denton (Tameside),1000
2025-05-18,Sun,Daily,LS15 9JR,Leeds,1000
2025-05-18,Sun,Daily,LE7 9BD,Leicester,1000
2025-05-18,Sun,Daily,KT3 5LE,Kingston upon Thames,1000
2025-05-18,Sun,Daily,DE4 2HF,Darley Dale,1000
2025-05-18,Sun,Daily,BS23 1BJ,Weston-super-Mare,1000
2025-05-18,Sun,Daily,BH1 3AP,Bournemouth,1000
2025-05-18,Sun,Daily,BB8 9BH,Colne,1000
2025-05-17,Sat,Millionaire Street,NN2 8RU,Northampton,125000
2025-05-17,Sat,Daily,WA3 1HQ,Golborne,1000
2025-05-17,Sat,Daily,SY18 6BF,Llanidloes,1000
2025-05-17,Sat,Daily,SP1 1LG,Salisbury,1000
2025-05-17,Sat,Daily,S17 4HF,Sheffield,1000
2025-05-17,Sat,Daily,PO38 1JU,Ventnor,1000
2025-05-17,Sat,Daily,PO11 0BH,South Hayling,1000
2025-05-17,Sat,Daily,PE31 7PF,Heacham,1000
2025-05-17,Sat,Daily,PE15 9NX,March,1000
2025-05-17,Sat,Daily,NG8 4LZ,Nottingham,1000
2025-05-17,Sat,Daily,ML5 2SF,Coatbridge,1000
2025-05-17,Sat,Daily,LU3 2RX,Luton,1000
2025-05-17,Sat,Daily,L34 2RD,Prescot,1000
2025-05-17,Sat,Daily,KT8 9HJ,West Molesey,1000
2025-05-17,Sat,Daily,HU4 7JJ,Kingston upon Hull,1000
2025-05-17,Sat,Daily,HG1 4HR,Harrogate,1000
2025-05-17,Sat,Daily,GL14 1LX,Newnham (Forest of Dean),1000
2025-05-17,Sat,Daily,G11 6BS,Glasgow,1000
2025-05-17,Sat,Daily,CV11 6QY,Nuneaton,1000
2025-05-17,Sat,Daily,BB3 3FL,Darwen,1000
2025-05-17,Sat,Daily,B97 5RY,Redditch,1000
2025-05-16,Fri,Daily,WV4 5NZ,Wolverhampton,1000
2025-05-16,Fri,Daily,TD9 0JD,Hawick,1000
2025-05-16,Fri,Daily,SA2 0FL,Swansea,1000
2025-05-16,Fri,Daily,OL2 6EU,Royton,1000
2025-05-16,Fri,Daily,NR10 3NL,Horsford,1000
2025-05-16,Fri,Daily,NG33 5DR,Colsterworth,1000
2025-05-16,Fri,Daily,NE39 2NL,Rowlands Gill,1000
2025-05-16,Fri,Daily,M41 0XT,Urmston,1000
2025-05-16,Fri,Daily,LS27 0NG,Morley (Leeds),1000
2025-05-16,Fri,Daily,LE3 3SD,Leicester Forest East and Kirby Muxloe,1000
2025-05-16,Fri,Daily,KY16 0BG,Leuchars,1000
2025-05-16,Fri,Daily,G64 1XE,Bishopbriggs,1000
2025-05-16,Fri,Daily,FK14 7DL,Dollar,1000
2025-05-16,Fri,Daily,DY1 4NX,Dudley (Dudley),1000
2025-05-16,Fri,Daily,CW5 8PJ,Wrenbury-cum-Frith,1000
2025-05-16,Fri,Daily,CO15 1XN,Clacton-on-Sea,1000
2025-05-16,Fri,Daily,CM11 2YF,Billericay,1000
2025-05-16,Fri,Daily,CB4 1XP,Cambridge (Cambridge),1000
2025-05-16,Fri,Daily,CA28 7BE,Whitehaven,1000
2025-05-16,Fri,Daily,BS4 3LG,Bristol,1000
2025-05-15,Thu,Daily,TW15 3JL,Ashford (Spelthorne),1000
2025-05-15,Thu,Daily,TW11 8TT,Richmond upon Thames,1000
2025-05-15,Thu,Daily,TF13 6HZ,Much Wenlock,1000
2025-05-15,Thu,Daily,SA3 3JJ,Bishopston,1000
2025-05-15,Thu,Daily,S64 8PR,Swinton (Rotherham),1000
2025-05-15,Thu,Daily,S20 1BY,Sheffield,1000
2025-05-15,Thu,Daily,PO9 5JT,Havant,1000
2025-05-15,Thu,Daily,PO11 0PX,South Hayling,1000
2025-05-15,Thu,Daily,OX26 3XF,Bicester,1000
2025-05-15,Thu,Daily,N9 7BP,Enfield,1000
2025-05-15,Thu,Daily,MK5 7ES,Milton Keynes,1000
2025-05-15,Thu,Daily,L15 1HW,Liverpool,1000
2025-05-15,Thu,Daily,E14 3BW,Tower Hamlets,1000
2025-05-15,Thu,Daily,DY13 9GE,Stourport-on-Severn,1000
2025-05-15,Thu,Daily,DD5 4PG,Monifieth,1000
2025-05-15,Thu,Daily,CW11 3AF,Elworth,1000
2025-05-15,Thu,Daily,CM5 0RB,Shelley (Epping Forest),1000
2025-05-15,Thu,Daily,B67 6JY,Smethwick,1000
2025-05-15,Thu,Daily,B31 3HF,Birmingham,1000
2025-05-15,Thu,Daily,AB51 4LL,Inverurie,1000
2025-05-14,Wed,Daily,WA16 8DQ,Knutsford,1000
2025-05-14,Wed,Daily,TN24 0FQ,Ashford (Ashford),1000
2025-05-14,Wed,Daily,SR5 3RW,Sunderland,1000
2025-05-14,Wed,Daily,SA11 3ET,Neath,1000
2025-05-14,Wed,Daily,S74 8BN,Hoyland,1000
2025-05-14,Wed,Daily,PR26 7XL,Leyland,1000
2025-05-14,Wed,Daily,PL30 3JA,St Teath,1000
2025-05-14,Wed,Daily,PL11 2PL,Torpoint,1000
2025-05-14,Wed,Daily,NR13 6DT,Rackheath,1000
2025-05-14,Wed,Daily,M9 8PD,Manchester,1000
2025-05-14,Wed,Daily,LE12 7ER,Mountsorrel,1000
2025-05-14,Wed,Daily,IP2 9NG,Ipswich,1000
2025-05-14,Wed,Daily,HA9 6NX,Brent,1000
2025-05-14,Wed,Daily,GU33 7NJ,Liss,1000
2025-05-14,Wed,Daily,GU24 0EH,Brookwood,1000
2025-05-14,Wed,Daily,DT1 2AS,Dorchester (Dorset),1000
2025-05-14,Wed,Daily,CF36 3AY,Porthcawl,1000
2025-05-14,Wed,Daily,BH4 9LW,Bournemouth,1000
2025-05-14,Wed,Daily,BB2 4JN,Blackburn (Blackburn with Darwen),1000
2025-05-14,Wed,Daily,BB11 2QU,Burnley,1000
2025-05-13,Tue,Daily,WF3 2ED,East Ardsley,1000
2025-05-13,Tue,Daily,W13 9PB,Ealing,1000
2025-05-13,Tue,Daily,TN10 3HJ,Tonbridge,1000
2025-05-13,Tue,Daily,S71 4AQ,Royston (Barnsley),1000
2025-05-13,Tue,Daily,S62 6DJ,Rawmarsh,1000
2025-05-13,Tue,Daily,RM12 6LX,Havering,1000
2025-05-13,Tue,Daily,NR8 6PQ,Taverham and Drayton,1000
2025-05-13,Tue,Daily,NN6 9PR,Brixworth,1000
2025-05-13,Tue,Daily,NN13 7EL,Brackley,1000
2025-05-13,Tue,Daily,NG13 8EN,Bingham,1000
2025-05-13,Tue,Daily,ME2 2FY,Rochester,1000
2025-05-13,Tue,Daily,ME19 4BD,Kings Hill,1000
2025-05-13,Tue,Daily,KY8 3HT,Methil,1000
2025-05-13,Tue,Daily,KT15 2RG,Addlestone,1000
2025-05-13,Tue,Daily,EH8 8ER,Edinburgh,1000
2025-05-13,Tue,Daily,DL6 1PJ,Northallerton,1000
2025-05-13,Tue,Daily,CV37 9AN,Stratford-upon-Avon,1000
2025-05-13,Tue,Daily,CM17 9BW,Harlow,1000
2025-05-13,Tue,Daily,CF48 4NW,Troedyrhiw and Pentrebach,1000
2025-05-13,Tue,Daily,BD18 1BH,Shipley (Bradford),1000
2025-05-12,Mon,Daily,ST19 9DH,Brewood,1000
2025-05-12,Mon,Daily,SR7 0NE,Seaham,1000
2025-05-12,Mon,Daily,SA13 2ND,Port Talbot,1000
2025-05-12,Mon,Daily,S72 8HG,Cudworth and Shafton,1000
2025-05-12,Mon,Daily,S60 4EU,Whiston,1000
2025-05-12,Mon,Daily,PO14 1BD,Fareham,1000
2025-05-12,Mon,Daily,PH2 0EH,Perth,1000
2025-05-12,Mon,Daily,OL4 4DW,Lees,1000
2025-05-12,Mon,Daily,NG16 4JE,Heanor,1000
2025-05-12,Mon,Daily,M21 9GN,Manchester,1000
2025-05-12,Mon,Daily,LE18 1NG,Wigston,1000
2025-05-12,Mon,Daily,LA14 4AA,Barrow-in-Furness,1000
2025-05-12,Mon,Daily,L10 3LD,Aintree,1000
2025-05-12,Mon,Daily,GU31 4YY,Petersfield,1000
2025-05-12,Mon,Daily,G72 6AX,Cambuslang,1000
2025-05-12,Mon,Daily,EX2 4HS,Exeter,1000
2025-05-12,Mon,Daily,CV3 6JZ,Coventry,1000
2025-05-12,Mon,Daily,BN26 6NG,Polegate,1000
2025-05-12,Mon,Daily,BB1 5PU,Blackburn (Blackburn with Darwen),1000
2025-05-12,Mon,Daily,BA2 6BY,Bath,1000
2025-05-11,Sun,Daily,TW9 2TL,Richmond upon Thames,1000
2025-05-11,Sun,Daily,SP4 8BT,Durrington,1000
2025-05-11,Sun,Daily,SO51 5PY,Romsey,1000
2025-05-11,Sun,Daily,S44 6DT,Bolsover,1000
2025-05-11,Sun,Daily,RH12 5TJ,Horsham,1000
2025-05-11,Sun,Daily,RG8 8AZ,Pangbourne,1000
2025-05-11,Sun,Daily,PR4 4TD,Longton,1000
2025-05-11,Sun,Daily,PE28 2UX,Warboys,1000
2025-05-11,Sun,Daily,OX17 1NY,Cropredy,1000
2025-05-11,Sun,Daily,NE43 7LH,Stocksfield,1000
2025-05-11,Sun,Daily,M34 3HP,Denton (Tameside),1000
2025-05-11,Sun,Daily,IP5 1AW,Kesgrave,1000
2025-05-11,Sun,Daily,GU7 1XD,Godalming,1000
2025-05-11,Sun,Daily,GU7 1XA,Godalming,1000
2025-05-11,Sun,Daily,DY3 3NG,Sedgley,1000
2025-05-11,Sun,Daily,DE13 0JD,Burton upon Trent,1000
2025-05-11,Sun,Daily,CO4 0DH,Colchester,1000
2025-05-11,Sun,Daily,CA15 7FA,Maryport,1000
2025-05-11,Sun,Daily,CA12 5XH,Keswick,1000
2025-05-11,Sun,Daily,AB53 6XE,New Deer,1000
2025-05-10,Sat,Millionaire Street,SA1 6XS,Swansea,90909
2025-05-10,Sat,Daily,WV3 7ES,Wolverhampton,1000
2025-05-10,Sat,Daily,W6 9RT,Hammersmith and Fulham,1000
2025-05-10,Sat,Daily,UB10 8AL,Hillingdon,1000
2025-05-10,Sat,Daily,TA6 6EX,Bridgwater,1000
2025-05-10,Sat,Daily,SK7 5PA,Hazel Grove,1000
2025-05-10,Sat,Daily,SK10 1JH,Macclesfield,1000
2025-05-10,Sat,Daily,SG6 3RL,Letchworth,1000
2025-05-10,Sat,Daily,S60 2TF,Rotherham,1000
2025-05-10,Sat,Daily,PR7 6HQ,Euxton,1000
2025-05-10,Sat,Daily,PO19 7JH,Chichester,1000
2025-05-10,Sat,Daily,OL4 4JP,Lees,1000
2025-05-10,Sat,Daily,NR5 8TP,Norwich,1000
2025-05-10,Sat,Daily,NR3 2LA,Norwich,1000
2025-05-10,Sat,Daily,IP21 4PW,Pulham Market,1000
2025-05-10,Sat,Daily,FY3 8BS,Blackpool,1000
2025-05-10,Sat,Daily,CO15 4JL,Clacton-on-Sea,1000
2025-05-10,Sat,Daily,CM17 9HZ,Harlow,1000
2025-05-10,Sat,Daily,BL9 5NT,Bury (Bury),1000
2025-05-10,Sat,Daily,BH9 2JT,Bournemouth,1000
2025-05-10,Sat,Daily,BA12 9PU,Warminster,1000
2025-05-09,Fri,Daily,WF9 2WN,South Elmsall,1000
2025-05-09,Fri,Daily,W5 4LY,Ealing,1000
2025-05-09,Fri,Daily,W13 9TG,Ealing,1000
2025-05-09,Fri,Daily,SY1 3PN,Shrewsbury,1000
2025-05-09,Fri,Daily,SP6 1DF,Fordingbridge,1000
2025-05-09,Fri,Daily,SO16 8DP,Southampton,1000
2025-05-09,Fri,Daily,SE12 0ED,Lewisham,1000
2025-05-09,Fri,Daily,RH10 5AQ,Crawley (Crawley),1000
2025-05-09,Fri,Daily,PO35 5UW,Bembridge,1000
2025-05-09,Fri,Daily,PA23 7QD,Dùn Obhainn,1000
2025-05-09,Fri,Daily,M16 0FN,Old Trafford,1000
2025-05-09,Fri,Daily,LN8 3FT,Market Rasen,1000
2025-05-09,Fri,Daily,KW15 1YU,Kirkwall,1000
2025-05-09,Fri,Daily,KW1 4RU,Wick (Highland),1000
2025-05-09,Fri,Daily,IG6 3BE,Redbridge,1000
2025-05-09,Fri,Daily,HX2 9UL,Halifax,1000
2025-05-09,Fri,Daily,HD3 3SN,Huddersfield,1000
2025-05-09,Fri,Daily,DG1 4AS,Dumfries,1000
2025-05-09,Fri,Daily,CV10 9DG,Nuneaton,1000
2025-05-09,Fri,Daily,CH46 3RJ,Wallasey,1000
2025-05-08,Thu,Daily,YO32 5AG,Strensall,1000
2025-05-08,Thu,Daily,YO16 6TL,Bridlington,1000
2025-05-08,Thu,Daily,W11 1QZ,Kensington and Chelsea,1000
2025-05-08,Thu,Daily,TS25 2AF,Hartlepool,1000
2025-05-08,Thu,Daily,SW4 6FF,Lambeth,1000
2025-05-08,Thu,Daily,S70 5NW,Worsbrough,1000
2025-05-08,Thu,Daily,PL2 2LN,Plymouth,1000
2025-05-08,Thu,Daily,PA5 9LQ,Elderslie,1000
2025-05-08,Thu,Daily,NR15 2PH,Long Stratton,1000
2025-05-08,Thu,Daily,NG24 2AA,Newark-on-Trent,1000
2025-05-08,Thu,Daily,NG11 6FJ,Ruddington,1000
2025-05-08,Thu,Daily,M30 0EF,Eccles (Salford),1000
2025-05-08,Thu,Daily,M27 8TX,Clifton (Salford),1000
2025-05-08,Thu,Daily,L25 7RP,Liverpool,1000
2025-05-08,Thu,Daily,KT3 4SN,Kingston upon Thames,1000
2025-05-08,Thu,Daily,EX31 4HE,Barnstaple,1000
2025-05-08,Thu,Daily,EH14 2DP,Edinburgh,1000
2025-05-08,Thu,Daily,DN6 7JJ,Adwick le Street,1000
2025-05-08,Thu,Daily,CT7 9HE,Margate,1000
2025-05-08,Thu,Daily,BA21 4JA,Yeovil,1000
2025-05-07,Wed,Daily,WS10 8HJ,Darlaston,1000
2025-05-07,Wed,Daily,WN2 4LX,Hindley,1000
2025-05-07,Wed,Daily,WA2 0TN,Warrington,1000
2025-05-07,Wed,Daily,W7 3TZ,Ealing,1000
2025-05-07,Wed,Daily,ST14 8DZ,Uttoxeter,1000
2025-05-07,Wed,Daily,RM2 6HB,Havering,1000
2025-05-07,Wed,Daily,RG23 8HQ,Basingstoke,1000
2025-05-07,Wed,Daily,PO12 2PB,Gosport,1000
2025-05-07,Wed,Daily,PE8 6YY,Wittering,1000
2025-05-07,Wed,Daily,PE33 0NQ,West Winch,1000
2025-05-07,Wed,Daily,PA15 2DG,Greenock,1000
2025-05-07,Wed,Daily,MK18 2RT,Steeple Claydon,1000
2025-05-07,Wed,Daily,ME14 5GE,Maidstone,1000
2025-05-07,Wed,Daily,LL55 2HW,Caernarfon,1000
2025-05-07,Wed,Daily,IP4 5NA,Ipswich,1000
2025-05-07,Wed,Daily,HD4 5BE,Huddersfield,1000
2025-05-07,Wed,Daily,CT16 2DF,Dover,1000
2025-05-07,Wed,Daily,CO6 1PN,Coggeshall,1000
2025-05-07,Wed,Daily,BD2 2AD,Bradford,1000
2025-05-07,Wed,Daily,B74 2RB,Royal Sutton Coldfield,1000
2025-05-06,Tue,Daily,WA7 2AZ,Runcorn,1000
2025-05-06,Tue,Daily,ST10 2AS,Kingsley (Staffordshire Moorlands),1000
2025-05-06,Tue,Daily,S72 0BJ,Great Houghton (Barnsley),1000
2025-05-06,Tue,Daily,S25 4GF,North Anston,1000
2025-05-06,Tue,Daily,RG12 7HE,Bracknell,1000
2025-05-06,Tue,Daily,PE2 8JL,Peterborough,1000
2025-05-06,Tue,Daily,OL6 9QZ,Ashton-under-Lyne,1000
2025-05-06,Tue,Daily,NR11 8DX,Mundesley,1000
2025-05-06,Tue,Daily,NG5 8AX,Arnold,1000
2025-05-06,Tue,Daily,NE13 9DW,Newcastle upon Tyne,1000
2025-05-06,Tue,Daily,ML2 7JP,Wishaw,1000
2025-05-06,Tue,Daily,ML11 0QA,Lesmahagow,1000
2025-05-06,Tue,Daily,M44 6PL,Irlam,1000
2025-05-06,Tue,Daily,M22 1TL,Wythenshawe,1000
2025-05-06,Tue,Daily,KW17 2RD,Kirkwall,1000
2025-05-06,Tue,Daily,EH19 3DX,Bonnyrigg,1000
2025-05-06,Tue,Daily,EH17 8QN,Edinburgh,1000
2025-05-06,Tue,Daily,E2 0JT,Tower Hamlets,1000
2025-05-06,Tue,Daily,CV6 6EA,Coventry,1000
2025-05-06,Tue,Daily,CT2 8QD,Canterbury,1000
2025-05-05,Mon,Daily,TW20 8DE,Egham,1000
2025-05-05,Mon,Daily,SL2 5JF,Slough,1000
2025-05-05,Mon,Daily,SK1 3ED,Stockport,1000
2025-05-05,Mon,Daily,SE5 7PZ,Southwark,1000
2025-05-05,Mon,Daily,SE26 6RA,Lewisham,1000
2025-05-05,Mon,Daily,S41 8EP,Chesterfield,1000
2025-05-05,Mon,Daily,PO7 7LX,Waterlooville,1000
2025-05-05,Mon,Daily,PE27 6SR,St Ives (Huntingdonshire),1000
2025-05-05,Mon,Daily,PE25 3RE,Skegness,1000
2025-05-05,Mon,Daily,GU47 8PF,Sandhurst (Bracknell Forest),1000
2025-05-05,Mon,Daily,G77 5UZ,Newton Mearns,1000
2025-05-05,Mon,Daily,G62 6LX,Milngavie,1000
2025-05-05,Mon,Daily,G32 8LG,Glasgow,1000
2025-05-05,Mon,Daily,FK12 5AT,Alva,1000
2025-05-05,Mon,Daily,DY13 9JR,Stourport-on-Severn,1000
2025-05-05,Mon,Daily,DT4 0FF,Weymouth,1000
2025-05-05,Mon,Daily,CF83 2LT,Caerphilly,1000
2025-05-05,Mon,Daily,BN43 6LP,Shoreham-by-Sea,1000
2025-05-05,Mon,Daily,B20 3SR,Birmingham,1000
2025-05-05,Mon,Daily,AL4 0AN,St Albans,1000
2025-05-04,Sun,Daily,WA7 6DU,Runcorn,1000
2025-05-04,Sun,Daily,WA5 3GY,Warrington,1000
2025-05-04,Sun,Daily,TS16 9HB,Egglescliffe,1000
2025-05-04,Sun,Daily,SW18 1BD,Wandsworth,1000
2025-05-04,Sun,Daily,SP2 8RN,Salisbury,1000
2025-05-04,Sun,Daily,RH11 0TJ,Crawley (Crawley),1000
2025-05-04,Sun,Daily,PL2 3NT,Plymouth,1000
2025-05-04,Sun,Daily,PE24 5YA,Chapel St Leonards,1000
2025-05-04,Sun,Daily,ME13 7DT,Faversham,1000
2025-05-04,Sun,Daily,ME1 1RR,Rochester,1000
2025-05-04,Sun,Daily,M34 7RD,Denton (Tameside),1000
2025-05-04,Sun,Daily,LE15 7RA,Oakham,1000
2025-05-04,Sun,Daily,KY4 9DW,Cowdenbeath,1000
2025-05-04,Sun,Daily,KY3 0DA,Burntisland,1000
2025-05-04,Sun,Daily,IV30 8LE,Lhanbryde,1000
2025-05-04,Sun,Daily,IP12 4UU,Woodbridge,1000
2025-05-04,Sun,Daily,DD4 0UN,Dundee,1000
2025-05-04,Sun,Daily,CV8 1QY,Kenilworth,1000
2025-05-04,Sun,Daily,CV37 7GA,Stratford-upon-Avon,1000
2025-05-04,Sun,Daily,CO2 0BD,Layer-de-la-Haye,1000
2025-05-03,Sat,Millionaire Street,TS17 8NG,Thornaby-on-Tees,142857
2025-05-03,Sat,Daily,YO24 4LN,York,1000
2025-05-03,Sat,Daily,WR2 5UB,Worcester,1000
2025-05-03,Sat,Daily,TF2 8DT,Telford,1000
2025-05-03,Sat,Daily,ST3 6AE,Stoke-on-Trent,1000
2025-05-03,Sat,Daily,ST10 4JY,Upper Tean,1000
2025-05-03,Sat,Daily,S63 7TR,Wath upon Dearne,1000
2025-05-03,Sat,Daily,RG31 7AQ,Reading,1000
2025-05-03,Sat,Daily,PR8 2JZ,Southport,1000
2025-05-03,Sat,Daily,PR1 4TT,Preston (Preston),1000
2025-05-03,Sat,Daily,PO18 8JS,Bosham,1000
2025-05-03,Sat,Daily,NW6 7AL,Brent,1000
2025-05-03,Sat,Daily,N22 8NW,Haringey,1000
2025-05-03,Sat,Daily,GU17 9BP,Hawley (Hart),1000
2025-05-03,Sat,Daily,EX23 8QB,Bude,1000
2025-05-03,Sat,Daily,DN35 7UR,Cleethorpes,1000
2025-05-03,Sat,Daily,DH3 4GW,Great Lumley,1000
2025-05-03,Sat,Daily,DA12 2LH,Gravesend,1000
2025-05-03,Sat,Daily,CF10 5NL,Cardiff,1000
2025-05-03,Sat,Daily,BB1 4HB,Rishton,1000
2025-05-03,Sat,Daily,B21 0DD,Birmingham,1000
2025-05-02,Fri,Daily,TN38 0PW,Hastings,1000
2025-05-02,Fri,Daily,TA5 2PG,Bridgwater,1000
2025-05-02,Fri,Daily,SN6 6AS,Cricklade,1000
2025-05-02,Fri,Daily,S62 5QT,Rawmarsh,1000
2025-05-02,Fri,Daily,PO30 2LR,Newport (Isle of Wight),1000
2025-05-02,Fri,Daily,PL6 5AH,Plymouth,1000
2025-05-02,Fri,Daily,PE31 6UX,Dersingham,1000
2025-05-02,Fri,Daily,OX18 2JH,Bampton (West Oxfordshire),1000
2025-05-02,Fri,Daily,OL16 5AN,Rochdale,1000
2025-05-02,Fri,Daily,NN13 5RN,Brackley,1000
2025-05-02,Fri,Daily,LA11 7HR,Grange-over-Sands,1000
2025-05-02,Fri,Daily,HU9 4DN,Kingston upon Hull,1000
2025-05-02,Fri,Daily,HU17 7QP,Beverley,1000
2025-05-02,Fri,Daily,HA9 8QE,Brent,1000
2025-05-02,Fri,Daily,G65 9QE,Kilsyth,1000
2025-05-02,Fri,Daily,EH55 8HA,West Calder,1000
2025-05-02,Fri,Daily,E2 6GJ,Tower Hamlets,1000
2025-05-02,Fri,Daily,DD5 1QH,Broughty Ferry,1000
2025-05-02,Fri,Daily,BS5 9UH,Bristol,1000
2025-05-02,Fri,Daily,BR5 4LE,Bromley,1000
2025-05-01,Thu,Daily,TD9 7AG,Hawick,1000
2025-05-01,Thu,Daily,ST2 9NA,Stoke-on-Trent,1000
2025-05-01,Thu,Daily,SG9 9DX,Buntingford,1000
2025-05-01,Thu,Daily,S81 8UY,Worksop,1000
2025-05-01,Thu,Daily,S11 7ET,Sheffield,1000
2025-05-01,Thu,Daily,RG20 9TS,Woolton Hill and Highclere,1000
2025-05-01,Thu,Daily,PR8 4AL,Southport,1000
2025-05-01,Thu,Daily,PO17 6LJ,North Boarhunt,1000
2025-05-01,Thu,Daily,PE6 8PD,Market Deeping,1000
2025-05-01,Thu,Daily,PE20 1HD,Kirton (Boston),1000
2025-05-01,Thu,Daily,PA29 6WX,An Tairbeart,1000
2025-05-01,Thu,Daily,ME7 4RZ,Gillingham (Medway),1000
2025-05-01,Thu,Daily,LS18 4PJ,Leeds,1000
2025-05-01,Thu,Daily,KA8 0QT,Ayr,1000
2025-05-01,Thu,Daily,IP13 6EY,Grundisburgh,1000
2025-05-01,Thu,Daily,IG6 2JA,Redbridge,1000
2025-05-01,Thu,Daily,FK2 7SR,Falkirk,1000
2025-05-01,Thu,Daily,BN43 6EA,Shoreham-by-Sea,1000
2025-05-01,Thu,Daily,BD6 3DF,Bradford,1000
2025-05-01,Thu,Daily,B61 0JZ,Catshill,1000
2025-04-30,Wed,Daily,WV10 8EG,Wolverhampton,1000
2025-04-30,Wed,Daily,WF17 0RL,Batley,1000
2025-04-30,Wed,Daily,WF14 9AG,Mirfield,1000
2025-04-30,Wed,Daily,ST10 1XQ,Cheadle (Staffordshire Moorlands),1000
2025-04-30,Wed,Daily,SO16 9GX,Southampton,1000
2025-04-30,Wed,Daily,PO12 3SY,Gosport,1000
2025-04-30,Wed,Daily,NR31 9US,Belton (Great Yarmouth),1000
2025-04-30,Wed,Daily,NN12 7PR,Towcester,1000
2025-04-30,Wed,Daily,HA4 0BA,Hillingdon,1000
2025-04-30,Wed,Daily,G60 5HH,Clydebank,1000
2025-04-30,Wed,Daily,G11 6HY,Glasgow,1000
2025-04-30,Wed,Daily,FY7 7AU,Fleetwood,1000
2025-04-30,Wed,Daily,EX16 6EY,Tiverton,1000
2025-04-30,Wed,Daily,DL8 1SP,Aiskew,1000
2025-04-30,Wed,Daily,DH9 7TJ,Stanley (County Durham),1000
2025-04-30,Wed,Daily,DG2 9FH,Dumfries,1000
2025-04-30,Wed,Daily,CH5 2PP,Hawarden,1000
2025-04-30,Wed,Daily,CB22 5LQ,Great Shelford and Stapleford,1000
2025-04-30,Wed,Daily,BS10 6RZ,Bristol,1000
2025-04-30,Wed,Daily,BH17 8BL,Poole,1000
2025-04-29,Tue,Daily,WV8 1UF,Codsall,1000
2025-04-29,Tue,Daily,PE22 9JT,Old Leake,1000
2025-04-29,Tue,Daily,PA3 3RX,Linwood,1000
2025-04-29,Tue,Daily,NR30 5TU,Caister-on-Sea,1000
2025-04-29,Tue,Daily,NR16 2HL,East Harling,1000
2025-04-29,Tue,Daily,NG24 2QU,Newark-on-Trent,1000
2025-04-29,Tue,Daily,KY10 3AQ,Anstruther,1000
2025-04-29,Tue,Daily,EX8 1BD,Exmouth,1000
2025-04-29,Tue,Daily,EX24 6JS,Colyton,1000
2025-04-29,Tue,Daily,EN8 7EA,Waltham Cross,1000
2025-04-29,Tue,Daily,EC1R 0AP,Islington,1000
2025-04-29,Tue,Daily,E4 8AJ,Waltham Forest,1000
2025-04-29,Tue,Daily,DE14 1QH,Burton upon Trent,1000
2025-04-29,Tue,Daily,CV1 5HZ,Coventry,1000
2025-04-29,Tue,Daily,CB4 3JX,Cambridge (Cambridge),1000
2025-04-29,Tue,Daily,CA28 6UF,Whitehaven,1000
2025-04-29,Tue,Daily,BN11 3EJ,Worthing,1000
2025-04-29,Tue,Daily,BD23 1NQ,Skipton,1000
2025-04-29,Tue,Daily,B93 0AA,Knowle and Dorridge,1000
2025-04-29,Tue,Daily,AB33 8RX,Alford (Aberdeenshire),1000
2025-04-28,Mon,Daily,WV7 3LZ,Albrighton,1000
2025-04-28,Mon,Daily,WA16 8JD,Knutsford,1000
2025-04-28,Mon,Daily,TR7 3NB,Newquay,1000
2025-04-28,Mon,Daily,ST8 7SF,Biddulph,1000
2025-04-28,Mon,Daily,SO22 4QG,Winchester,1000
2025-04-28,Mon,Daily,NE45 5PJ,Corbridge,1000
2025-04-28,Mon,Daily,NE21 6QP,Blaydon,1000
2025-04-28,Mon,Daily,N8 7BH,Haringey,1000
2025-04-28,Mon,Daily,M23 2ZJ,Wythenshawe,1000
2025-04-28,Mon,Daily,LN6 3LN,Lincoln,1000
2025-04-28,Mon,Daily,HG2 0AT,Harrogate,1000
2025-04-28,Mon,Daily,HD6 1UB,Brighouse,1000
2025-04-28,Mon,Daily,GU47 8EE,Sandhurst (Bracknell Forest),1000
2025-04-28,Mon,Daily,GL55 6RP,Chipping Campden,1000
2025-04-28,Mon,Daily,DY4 0JX,Tipton,1000
2025-04-28,Mon,Daily,DG9 8BE,Stranraer,1000
2025-04-28,Mon,Daily,CV4 9FU,Coventry,1000
2025-04-28,Mon,Daily,CM20 3EL,Harlow,1000
2025-04-28,Mon,Daily,CF43 3DP,Tylorstown and Pontygwaith,1000
2025-04-28,Mon,Daily,CF14 5ER,Cardiff,1000
2025-04-27,Sun,Daily,WF2 6HD,Wakefield,1000
2025-04-27,Sun,Daily,WF10 5ZP,Castleford,1000
2025-04-27,Sun,Daily,TR13 9EL,Porthleven,1000
2025-04-27,Sun,Daily,TA7 9HP,Ashcott,1000
2025-04-27,Sun,Daily,SE18 3DZ,Greenwich,1000
2025-04-27,Sun,Daily,SA15 3NA,Llanelli,1000
2025-04-27,Sun,Daily,S41 9AF,Chesterfield,1000
2025-04-27,Sun,Daily,RM15 5JS,South Ockendon,1000
2025-04-27,Sun,Daily,NN18 0BS,Corby,1000
2025-04-27,Sun,Daily,M21 9HA,Manchester,1000
2025-04-27,Sun,Daily,IV3 8DQ,Inbhir Nis,1000
2025-04-27,Sun,Daily,IP7 7RQ,Bildeston,1000
2025-04-27,Sun,Daily,HG2 9JE,Harrogate,1000
2025-04-27,Sun,Daily,DT9 5DH,Milborne Port,1000
2025-04-27,Sun,Daily,DT2 9LX,Charminster,1000
2025-04-27,Sun,Daily,CO5 9LZ,Kelvedon and Feering,1000
2025-04-27,Sun,Daily,BS13 7JA,Bristol,1000
2025-04-27,Sun,Daily,BS1 6NJ,Bristol,1000
2025-04-27,Sun,Daily,BB7 9SD,Whalley,1000
2025-04-27,Sun,Daily,AB55 6TL,Keith,1000
2025-04-26,Sat,Millionaire Street,SR6 0DX,Sunderland,125000
2025-04-26,Sat,Daily,SN2 2HP,Swindon (Swindon),1000
2025-04-26,Sat,Daily,S20 1EW,Sheffield,1000
2025-04-26,Sat,Daily,RG18 4LQ,Thatcham,1000
2025-04-26,Sat,Daily,RG12 7EZ,Bracknell,1000
2025-04-26,Sat,Daily,PL20 6QZ,Yelverton,1000
2025-04-26,Sat,Daily,OX9 2BP,Thame,1000
2025-04-26,Sat,Daily,NN9 5AS,Irthlingborough,1000
2025-04-26,Sat,Daily,NE36 0LY,East Boldon and West Boldon,1000
2025-04-26,Sat,Daily,LN6 0YG,Lincoln,1000
2025-04-26,Sat,Daily,LA6 2AD,Kirkby Lonsdale,1000
2025-04-26,Sat,Daily,KY11 2YP,Rosyth,1000
2025-04-26,Sat,Daily,IP24 2UJ,Thetford,1000
2025-04-26,Sat,Daily,IP19 9FA,Wenhaston,1000
2025-04-26,Sat,Daily,HP3 8PE,Hemel Hempstead,1000
2025-04-26,Sat,Daily,DE23 8RQ,Derby,1000
2025-04-26,Sat,Daily,CT3 1HN,Wingham,1000
2025-04-26,Sat,Daily,BS1 6XX,Bristol,1000
2025-04-26,Sat,Daily,BL3 2HS,Bolton (Bolton),1000
2025-04-26,Sat,Daily,BD20 6QQ,Keighley,1000
2025-04-26,Sat,Daily,BA2 1RF,Bath,1000
2025-04-25,Fri,Daily,WF5 9EF,Ossett,1000
2025-04-25,Fri,Daily,TF1 1YX,Telford,1000
2025-04-25,Fri,Daily,SO14 2BW,Southampton,1000
2025-04-25,Fri,Daily,SA5 9NN,Swansea,1000
2025-04-25,Fri,Daily,S35 2XQ,Chapeltown and High Green,1000
2025-04-25,Fri,Daily,RG24 9GX,Basingstoke,1000
2025-04-25,Fri,Daily,PL19 9QB,Tavistock,1000
2025-04-25,Fri,Daily,PH6 2DS,Comrie,1000
2025-04-25,Fri,Daily,NN9 6AZ,Raunds,1000
2025-04-25,Fri,Daily,ML6 0DE,Airdrie,1000
2025-04-25,Fri,Daily,ML1 3EG,Motherwell,1000
2025-04-25,Fri,Daily,ME7 2LU,Gillingham (Medway),1000
2025-04-25,Fri,Daily,LE17 4LZ,Lutterworth,1000
2025-04-25,Fri,Daily,KY15 7NU,Ladybank,1000
2025-04-25,Fri,Daily,KT11 3AJ,Cobham (Elmbridge),1000
2025-04-25,Fri,Daily,GL51 0HW,Cheltenham,1000
2025-04-25,Fri,Daily,G76 9EJ,Carmunnock,1000
2025-04-25,Fri,Daily,DG1 2EJ,Dumfries,1000
2025-04-25,Fri,Daily,BS32 9BW,Bradley Stoke,1000
2025-04-25,Fri,Daily,BN43 6YD,Shoreham-by-Sea,1000
2025-04-24,Thu,Daily,WV4 4AQ,Wolverhampton,1000
2025-04-24,Thu,Daily,TR13 9PG,Porthleven,1000
2025-04-24,Thu,Daily,SR5 2DQ,Sunderland,1000
2025-04-24,Thu,Daily,SG13 8JP,Hertford,1000
2025-04-24,Thu,Daily,SE16 3ET,Southwark,1000
2025-04-24,Thu,Daily,S10 5NW,Sheffield,1000
2025-04-24,Thu,Daily,NG18 2JD,Mansfield,1000
2025-04-24,Thu,Daily,NE9 6JY,Gateshead,1000
2025-04-24,Thu,Daily,MK41 7AP,Bedford,1000
2025-04-24,Thu,Daily,LU4 0JB,Luton,1000
2025-04-24,Thu,Daily,LA6 1RJ,Holme (South Lakeland),1000
2025-04-24,Thu,Daily,IG7 4HN,Redbridge,1000
2025-04-24,Thu,Daily,FK9 5BY,Stirling,1000
2025-04-24,Thu,Daily,CO9 2JD,Halstead (Braintree),1000
2025-04-24,Thu,Daily,CO2 8NA,Colchester,1000
2025-04-24,Thu,Daily,CO15 1EB,Clacton-on-Sea,1000
2025-04-24,Thu,Daily,CB24 6DE,Milton (South Cambridgeshire),1000
2025-04-24,Thu,Daily,BS10 6AW,Bristol,1000
2025-04-24,Thu,Daily,BD19 6JX,Scholes (near Cleckheaton),1000
2025-04-24,Thu,Daily,BA14 0NU,Trowbridge,1000
2025-04-23,Wed,Daily,YO12 6RQ,Scarborough,1000
2025-04-23,Wed,Daily,W9 3BB,City of Westminster,1000
2025-04-23,Wed,Daily,TQ12 4HE,Newton Abbot,1000
2025-04-23,Wed,Daily,TA3 6JX,North Curry,1000
2025-04-23,Wed,Daily,ST17 4HB,Stafford,1000
2025-04-23,Wed,Daily,SO21 1RJ,Colden Common,1000
2025-04-23,Wed,Daily,S12 2NL,Sheffield,1000
2025-04-23,Wed,Daily,PE19 1AH,St Neots,1000
2025-04-23,Wed,Daily,NG4 3PX,Carlton (Gedling),1000
2025-04-23,Wed,Daily,M30 9BB,Eccles (Salford),1000
2025-04-23,Wed,Daily,LN11 9LD,Louth,1000
2025-04-23,Wed,Daily,G72 0QG,Blantyre,1000
2025-04-23,Wed,Daily,G20 9NZ,Glasgow,1000
2025-04-23,Wed,Daily,EX8 2FZ,Exmouth,1000
2025-04-23,Wed,Daily,EX31 3TR,Barnstaple,1000
2025-04-23,Wed,Daily,DE14 2SB,Burton upon Trent,1000
2025-04-23,Wed,Daily,DA7 4LG,Bexley,1000
2025-04-23,Wed,Daily,CO9 4LE,Great Yeldham,1000
2025-04-23,Wed,Daily,CA13 0HA,Cockermouth,1000
2025-04-23,Wed,Daily,BD22 7PN,Keighley,1000
2025-04-22,Tue,Daily,YO14 9LT,Filey,1000
2025-04-22,Tue,Daily,WA4 2LU,Warrington,1000
2025-04-22,Tue,Daily,TS24 0YB,Hartlepool,1000
2025-04-22,Tue,Daily,SK3 0UB,Stockport,1000
2025-04-22,Tue,Daily,RM17 5SW,Grays,1000
2025-04-22,Tue,Daily,RG41 1ND,Wokingham,1000
2025-04-22,Tue,Daily,NG11 0DA,Gotham,1000
2025-04-22,Tue,Daily,NE32 5NF,Jarrow,1000
2025-04-22,Tue,Daily,ML1 3SQ,Motherwell,1000
2025-04-22,Tue,Daily,M32 0DN,Stretford,1000
2025-04-22,Tue,Daily,LN12 2SG,Sutton on Sea and Trusthorpe,1000
2025-04-22,Tue,Daily,LN12 1BP,Mablethorpe,1000
2025-04-22,Tue,Daily,FY2 0BY,Blackpool,1000
2025-04-22,Tue,Daily,EX18 7AU,Chulmleigh,1000
2025-04-22,Tue,Daily,EX10 9LJ,Sidmouth,1000
2025-04-22,Tue,Daily,DD3 7BN,Dundee,1000
2025-04-22,Tue,Daily,CV3 1DD,Coventry,1000
2025-04-22,Tue,Daily,CR0 3ST,Croydon,1000
2025-04-22,Tue,Daily,BB1 2EP,Blackburn (Blackburn with Darwen),1000
2025-04-22,Tue,Daily,B80 7RW,Studley,1000
2025-04-21,Mon,Daily,WS15 2LZ,Rugeley,1000
2025-04-21,Mon,Daily,WD24 5DY,Watford (Watford),1000
2025-04-21,Mon,Daily,UB3 1AQ,Hillingdon,1000
2025-04-21,Mon,Daily,TA4 4PE,Williton,1000
2025-04-21,Mon,Daily,TA1 1QY,Taunton,1000
2025-04-21,Mon,Daily,RG17 8NT,Lambourn,1000
2025-04-21,Mon,Daily,NE61 1UX,Morpeth,1000
2025-04-21,Mon,Daily,FY1 2HS,Blackpool,1000
2025-04-21,Mon,Daily,EX34 9BT,Ilfracombe,1000
2025-04-21,Mon,Daily,EX15 1FB,Cullompton,1000
2025-04-21,Mon,Daily,EH48 4BH,Bathgate,1000
2025-04-21,Mon,Daily,E7 0DB,Newham,1000
2025-04-21,Mon,Daily,DN22 9JJ,Clarborough,1000
2025-04-21,Mon,Daily,DN21 4GE,Kirton in Lindsey,1000
2025-04-21,Mon,Daily,DL15 9PU,Crook,1000
2025-04-21,Mon,Daily,CO12 4XG,Harwich,1000
2025-04-21,Mon,Daily,CM11 2XA,Billericay,1000
2025-04-21,Mon,Daily,CH43 4UT,Birkenhead,1000
2025-04-21,Mon,Daily,CF36 3QL,Porthcawl,1000
2025-04-21,Mon,Daily,BN1 8QJ,Brighton and Hove,1000
2025-04-20,Sun,Daily,WS14 9RL,Lichfield,1000
2025-04-20,Sun,Daily,TN6 1RU,Crowborough,1000
2025-04-20,Sun,Daily,TN2 3DX,Royal Tunbridge Wells,1000
2025-04-20,Sun,Daily,ST6 6TB,Stoke-on-Trent,1000
2025-04-20,Sun,Daily,SL0 0NP,Iver Heath,1000
2025-04-20,Sun,Daily,SA5 5HJ,Swansea,1000
2025-04-20,Sun,Daily,RG12 8EE,Bracknell,1000
2025-04-20,Sun,Daily,PO18 0ER,Mid Lavant,1000
2025-04-20,Sun,Daily,PL5 3FP,Plymouth,1000
2025-04-20,Sun,Daily,PE7 1BB,Whittlesey,1000
2025-04-20,Sun,Daily,OL14 6JN,Todmorden,1000
2025-04-20,Sun,Daily,N17 8AD,Haringey,1000
2025-04-20,Sun,Daily,LA21 8HS,Coniston,1000
2025-04-20,Sun,Daily,HX3 9JB,Halifax,1000
2025-04-20,Sun,Daily,HR2 0EE,Ewyas Harold,1000
2025-04-20,Sun,Daily,EX15 2JX,Willand,1000
2025-04-20,Sun,Daily,DL5 7JQ,Newton Aycliffe,1000
2025-04-20,Sun,Daily,DE75 7GG,Heanor,1000
2025-04-20,Sun,Daily,CO10 1GA,Sudbury,1000
2025-04-20,Sun,Daily,CM2 6DU,Chelmsford,1000
2025-04-19,Sat,Millionaire Street,LS15 0HQ,Leeds,50000
2025-04-19,Sat,Daily,TN8 7EQ,Markbeech,1000
2025-04-19,Sat,Daily,TN30 7LZ,Tenterden,1000
2025-04-19,Sat,Daily,ST3 7XD,Stoke-on-Trent,1000
2025-04-19,Sat,Daily,SO43 7FW,Lyndhurst,1000
2025-04-19,Sat,Daily,SG12 7HJ,Ware,1000
2025-04-19,Sat,Daily,RG28 7FS,Whitchurch (Basingstoke and Deane),1000
2025-04-19,Sat,Daily,PR6 7TR,Whittle-le-Woods,1000
2025-04-19,Sat,Daily,PL30 3NN,St Teath,1000
2025-04-19,Sat,Daily,NR16 2NB,East Harling,1000
2025-04-19,Sat,Daily,NN2 8ET,Northampton,1000
2025-04-19,Sat,Daily,NG14 7EW,Lowdham,1000
2025-04-19,Sat,Daily,LA12 8AX,Backbarrow,1000
2025-04-19,Sat,Daily,IP28 8LD,Red Lodge,1000
2025-04-19,Sat,Daily,GU7 3FL,Farncombe,1000
2025-04-19,Sat,Daily,DG12 5LX,Annan,1000
2025-04-19,Sat,Daily,CV5 8AD,Coventry,1000
2025-04-19,Sat,Daily,BL2 6JT,Bolton (Bolton),1000
2025-04-19,Sat,Daily,BA2 2EH,Bath,1000
2025-04-19,Sat,Daily,B77 1AJ,Tamworth,1000
2025-04-19,Sat,Daily,B32 1EZ,Birmingham,1000
2025-04-18,Fri,Daily,TQ7 4NL,Loddiswell,1000
2025-04-18,Fri,Daily,TA1 5HH,Taunton,1000
2025-04-18,Fri,Daily,SR3 1JL,Sunderland,1000
2025-04-18,Fri,Daily,SO15 8AN,Southampton,1000
2025-04-18,Fri,Daily,RG4 7PX,Caversham,1000
2025-04-18,Fri,Daily,OX4 7UE,Oxford,1000
2025-04-18,Fri,Daily,OX10 6UW,Benson,1000
2025-04-18,Fri,Daily,NW5 4DJ,Camden,1000
2025-04-18,Fri,Daily,NG15 8AN,Hucknall,1000
2025-04-18,Fri,Daily,NG15 6LT,Hucknall,1000
2025-04-18,Fri,Daily,NE24 4QW,Blyth (Northumberland),1000
2025-04-18,Fri,Daily,LS21 3EH,Otley (Leeds),1000
2025-04-18,Fri,Daily,IP24 1AS,Thetford,1000
2025-04-18,Fri,Daily,IP11 9AU,Felixstowe,1000
2025-04-18,Fri,Daily,HD9 1UA,Scholes (near Hade Edge),1000
2025-04-18,Fri,Daily,EN7 5HH,Cheshunt,1000
2025-04-18,Fri,Daily,BL2 6PQ,Bolton (Bolton),1000
2025-04-18,Fri,Daily,BB3 3FN,Darwen,1000
2025-04-18,Fri,Daily,B95 5QS,Henley-in-Arden,1000
2025-04-18,Fri,Daily,B77 1AS,Tamworth,1000
2025-04-17,Thu,Daily,WV14 8ST,Bilston (Wolverhampton),1000
2025-04-17,Thu,Daily,TS10 3QN,Redcar,1000
2025-04-17,Thu,Daily,OL13 9JL,Bacup,1000
2025-04-17,Thu,Daily,NP26 3LJ,Undy and Magor,1000
2025-04-17,Thu,Daily,N10 2JS,Haringey,1000
2025-04-17,Thu,Daily,LN13 0ND,Alford (East Lindsey),1000
2025-04-17,Thu,Daily,IV17 0PQ,Alness,1000
2025-04-17,Thu,Daily,IP24 2ZB,Thetford,1000
2025-04-17,Thu,Daily,HS8 5JH,Lochboisdale,1000
2025-04-17,Thu,Daily,G72 9TQ,Blantyre,1000
2025-04-17,Thu,Daily,EH12 6BS,Edinburgh,1000
2025-04-17,Thu,Daily,DY8 5QZ,Kingswinford,1000
2025-04-17,Thu,Daily,DN2 4PP,Doncaster,1000
2025-04-17,Thu,Daily,CR0 7LN,Croydon,1000
2025-04-17,Thu,Daily,BS31 3AZ,Saltford,1000
2025-04-17,Thu,Daily,BH8 9DE,Bournemouth,1000
2025-04-17,Thu,Daily,BA12 6JU,Mere (Wiltshire),1000
2025-04-17,Thu,Daily,B27 7SD,Birmingham,1000
2025-04-17,Thu,Daily,AL10 0AB,Hatfield,1000
2025-04-17,Thu,Daily,AB41 7EU,Tarves,1000
2025-04-16,Wed,Daily,WA13 9JG,Lymm,1000
2025-04-16,Wed,Daily,SW8 1TF,Lambeth,1000
2025-04-16,Wed,Daily,ST15 0SY,Stone (Stafford),1000
2025-04-16,Wed,Daily,SA14 7BD,Cross Hands and Pen-y-groes,1000
2025-04-16,Wed,Daily,MK10 7JZ,Milton Keynes,1000
2025-04-16,Wed,Daily,M25 2GX,Prestwich,1000
2025-04-16,Wed,Daily,LU4 9DY,Luton,1000
2025-04-16,Wed,Daily,LS7 4QD,Leeds,1000
2025-04-16,Wed,Daily,LD8 2RY,Presteigne,1000
2025-04-16,Wed,Daily,HU9 3RD,Kingston upon Hull,1000
2025-04-16,Wed,Daily,HU3 2TS,Kingston upon Hull,1000
2025-04-16,Wed,Daily,G71 6EU,Uddingston,1000
2025-04-16,Wed,Daily,EN8 7HZ,Waltham Cross,1000
2025-04-16,Wed,Daily,DD8 1RP,Forfar,1000
2025-04-16,Wed,Daily,CR5 2LS,Croydon,1000
2025-04-16,Wed,Daily,CH65 6RN,Ellesmere Port,1000
2025-04-16,Wed,Daily,CH3 5PZ,Chester,1000
2025-04-16,Wed,Daily,CF38 2SL,Beddau,1000
2025-04-16,Wed,Daily,BD2 4RN,Bradford,1000
2025-04-16,Wed,Daily,BA11 1JE,Frome,1000
2025-04-15,Tue,Daily,WR9 7AZ,Droitwich Spa,1000
2025-04-15,Tue,Daily,SW16 2LJ,Lambeth,1000
2025-04-15,Tue,Daily,ST3 5EE,Stoke-on-Trent,1000
2025-04-15,Tue,Daily,SE4 1HL,Lewisham,1000
2025-04-15,Tue,Daily,S71 3ET,Barnsley,1000
2025-04-15,Tue,Daily,S43 3TJ,Staveley (Chesterfield),1000
2025-04-15,Tue,Daily,RM15 4RH,Aveley,1000
2025-04-15,Tue,Daily,PR1 6DN,Preston (Preston),1000
2025-04-15,Tue,Daily,PO33 3RE,Ryde,1000
2025-04-15,Tue,Daily,PL27 7UL,Wadebridge,1000
2025-04-15,Tue,Daily,OL3 6AG,Uppermill,1000
2025-04-15,Tue,Daily,NG22 8HT,Bilsthorpe,1000
2025-04-15,Tue,Daily,M16 8JW,Manchester,1000
2025-04-15,Tue,Daily,LE2 3RS,Leicester,1000
2025-04-15,Tue,Daily,EN5 2RN,Barnet,1000
2025-04-15,Tue,Daily,DN21 4NS,Kirton in Lindsey,1000
2025-04-15,Tue,Daily,DN15 9QA,Winterton,1000
2025-04-15,Tue,Daily,DD8 2HA,Forfar,1000
2025-04-15,Tue,Daily,CV34 5UZ,Warwick,1000
2025-04-15,Tue,Daily,BH10 6LE,Bournemouth,1000
2025-04-14,Mon,Daily,YO11 2XQ,Scarborough,1000
2025-04-14,Mon,Daily,SR2 7TU,Sunderland,1000
2025-04-14,Mon,Daily,SO40 2QP,Totton,1000
2025-04-14,Mon,Daily,SK2 7DJ,Stockport,1000
2025-04-14,Mon,Daily,S63 7AX,Wath upon Dearne,1000
2025-04-14,Mon,Daily,PA14 6YS,Port Glasgow,1000
2025-04-14,Mon,Daily,OX15 5DE,Hook Norton,1000
2025-04-14,Mon,Daily,MK41 0AJ,Bedford,1000
2025-04-14,Mon,Daily,LS29 0EQ,Addingham,1000
2025-04-14,Mon,Daily,LE9 6WS,Broughton Astley,1000
2025-04-14,Mon,Daily,E17 7AJ,Waltham Forest,1000
2025-04-14,Mon,Daily,DH9 6HX,Stanley (County Durham),1000
2025-04-14,Mon,Daily,DH6 2AD,Shotton Colliery,1000
2025-04-14,Mon,Daily,CH62 3NU,Bebington,1000
2025-04-14,Mon,Daily,CH5 4BD,Connah's Quay,1000
2025-04-14,Mon,Daily,CB8 8WR,Newmarket,1000
2025-04-14,Mon,Daily,CA7 3PB,Aspatria,1000
2025-04-14,Mon,Daily,BN3 6LR,Brighton and Hove,1000
2025-04-14,Mon,Daily,BB1 2HW,Blackburn (Blackburn with Darwen),1000
2025-04-14,Mon,Daily,BA1 8AH,Bath,1000
2025-04-13,Sun,Daily,WN5 7LP,Billinge,1000
2025-04-13,Sun,Daily,SN5 4ER,Purton,1000
2025-04-13,Sun,Daily,SK8 1LP,Cheadle (Stockport),1000
2025-04-13,Sun,Daily,SK1 4HR,Stockport,1000
2025-04-13,Sun,Daily,SG16 6EH,Lower Stondon,1000
2025-04-13,Sun,Daily,RG20 4HE,Newbury,1000
2025-04-13,Sun,Daily,PR4 6AJ,Tarleton and Hesketh Bank,1000
2025-04-13,Sun,Daily,PO21 3LF,Bognor Regis,1000
2025-04-13,Sun,Daily,NR20 3TW,Dereham,1000
2025-04-13,Sun,Daily,NE35 9BE,Boldon Colliery,1000
2025-04-13,Sun,Daily,N14 4JR,Enfield,1000
2025-04-13,Sun,Daily,MK44 2NE,Bedford,1000
2025-04-13,Sun,Daily,ME20 7BP,Larkfield,1000
2025-04-13,Sun,Daily,LL12 0RN,Llay,1000
2025-04-13,Sun,Daily,HD1 4LY,Huddersfield,1000
2025-04-13,Sun,Daily,EH16 6QE,Edinburgh,1000
2025-04-13,Sun,Daily,DY10 1NX,Kidderminster,1000
2025-04-13,Sun,Daily,DA12 4AH,Gravesend,1000
2025-04-13,Sun,Daily,CF15 8RG,Cardiff,1000
2025-04-13,Sun,Daily,CB2 9GE,Cambridge (Cambridge),1000
2025-04-12,Sat,Millionaire Street,WS10 7EL,Wednesbury,100000
2025-04-12,Sat,Daily,YO13 0RP,Scalby,1000
2025-04-12,Sat,Daily,TR21 0NY,Hugh Town,1000
2025-04-12,Sat,Daily,TF1 6JN,Telford,1000
2025-04-12,Sat,Daily,SS8 9JR,Canvey Island,1000
2025-04-12,Sat,Daily,SM7 3JJ,Banstead,1000
2025-04-12,Sat,Daily,NG33 5QG,Colsterworth,1000
2025-04-12,Sat,Daily,NE24 5RX,Blyth (Northumberland),1000
2025-04-12,Sat,Daily,NE21 4QQ,Blaydon,1000
2025-04-12,Sat,Daily,MK42 6AP,Wixams,1000
2025-04-12,Sat,Daily,M21 7UN,Manchester,1000
2025-04-12,Sat,Daily,L36 0XL,Huyton with Roby,1000
2025-04-12,Sat,Daily,KT19 9DD,Ewell,1000
2025-04-12,Sat,Daily,HA0 2TR,Brent,1000
2025-04-12,Sat,Daily,G32 8TY,Glasgow,1000
2025-04-12,Sat,Daily,CW8 4BB,Northwich,1000
2025-04-12,Sat,Daily,CF14 1QB,Cardiff,1000
2025-04-12,Sat,Daily,CB3 0HS,Cambridge (Cambridge),1000
2025-04-12,Sat,Daily,BR8 8HN,Swanley,1000
2025-04-12,Sat,Daily,BA7 7EE,Castle Cary,1000
2025-04-12,Sat,Daily,AB51 5GF,Kemnay,1000
2025-04-11,Fri,Daily,TS5 5AN,Middlesbrough,1000
2025-04-11,Fri,Daily,TF2 9BN,Telford,1000
2025-04-11,Fri,Daily,S8 0NW,Sheffield,1000
2025-04-11,Fri,Daily,PR2 5DQ,Preston (Preston),1000
2025-04-11,Fri,Daily,PE2 7HX,Peterborough,1000
2025-04-11,Fri,Daily,NP11 6QX,Risca,1000
2025-04-11,Fri,Daily,NN17 3HS,Weldon,1000
2025-04-11,Fri,Daily,MK12 5HL,Milton Keynes,1000
2025-04-11,Fri,Daily,LN5 0TB,Navenby,1000
2025-04-11,Fri,Daily,HD5 8BQ,Huddersfield,1000
2025-04-11,Fri,Daily,GU33 7RJ,Liss,1000
2025-04-11,Fri,Daily,G44 5EJ,Glasgow,1000
2025-04-11,Fri,Daily,EH51 9EZ,Bo'ness,1000
2025-04-11,Fri,Daily,EH16 5PS,Edinburgh,1000
2025-04-11,Fri,Daily,DN37 0DW,Waltham,1000
2025-04-11,Fri,Daily,DN32 0JQ,Grimsby,1000
2025-04-11,Fri,Daily,CH2 1JD,Chester,1000
2025-04-11,Fri,Daily,BD13 5HB,Cullingworth,1000
2025-04-11,Fri,Daily,BA8 0JD,Henstridge,1000
2025-04-11,Fri,Daily,B90 3DY,Solihull,1000
2025-04-10,Thu,Daily,WV10 0EU,Wolverhampton,1000
2025-04-10,Thu,Daily,WF4 6AJ,Horbury,1000
2025-04-10,Thu,Daily,TS29 6AW,Trimdon,1000
2025-04-10,Thu,Daily,SR5 1NS,Sunderland,1000
2025-04-10,Thu,Daily,SN14 8BP,Colerne,1000
2025-04-10,Thu,Daily,S8 9FB,Sheffield,1000
2025-04-10,Thu,Daily,S5 7PH,Sheffield,1000
2025-04-10,Thu,Daily,PO31 7PB,Cowes,1000
2025-04-10,Thu,Daily,PE12 9BX,Long Sutton (South Holland),1000
2025-04-10,Thu,Daily,LN6 0DG,Lincoln,1000
2025-04-10,Thu,Daily,KY2 5SD,Kirkcaldy,1000
2025-04-10,Thu,Daily,GU29 9GB,Midhurst,1000
2025-04-10,Thu,Daily,G81 3QA,Clydebank,1000
2025-04-10,Thu,Daily,EH23 4RS,Gorebridge and Mayfield,1000
2025-04-10,Thu,Daily,DN17 3PZ,Messingham,1000
2025-04-10,Thu,Daily,CR2 9HZ,Croydon,1000
2025-04-10,Thu,Daily,CM14 4NB,Brentwood,1000
2025-04-10,Thu,Daily,CB9 9DL,Haverhill,1000
2025-04-10,Thu,Daily,BH8 9TY,Bournemouth,1000
2025-04-10,Thu,Daily,B98 7BJ,Redditch,1000
2025-04-09,Wed,Daily,TN13 3RU,Sevenoaks,1000
2025-04-09,Wed,Daily,SW20 0PW,Merton,1000
2025-04-09,Wed,Daily,SN3 3RP,Swindon (Swindon),1000
2025-04-09,Wed,Daily,SN14 0ZB,Chippenham (Wiltshire),1000
2025-04-09,Wed,Daily,SN12 7EN,Melksham,1000
2025-04-09,Wed,Daily,SA11 4HG,Resolven,1000
2025-04-09,Wed,Daily,RM9 6BL,Barking and Dagenham,1000
2025-04-09,Wed,Daily,RG17 0LL,Hungerford,1000
2025-04-09,Wed,Daily,PR4 6WE,Tarleton and Hesketh Bank,1000
2025-04-09,Wed,Daily,PL1 4QT,Plymouth,1000
2025-04-09,Wed,Daily,PE11 2JJ,Spalding,1000
2025-04-09,Wed,Daily,NG25 0QU,Southwell (Newark and Sherwood),1000
2025-04-09,Wed,Daily,NE33 4TR,South Shields,1000
2025-04-09,Wed,Daily,NE24 3UZ,Blyth (Northumberland),1000
2025-04-09,Wed,Daily,N17 6DU,Haringey,1000
2025-04-09,Wed,Daily,GL14 1JH,Newnham (Forest of Dean),1000
2025-04-09,Wed,Daily,DY4 8PZ,Tipton,1000
2025-04-09,Wed,Daily,DL5 4NS,Newton Aycliffe,1000
2025-04-09,Wed,Daily,CH5 4AQ,Connah's Quay,1000
2025-04-09,Wed,Daily,CA23 3BU,Cleator Moor,1000
2025-04-08,Tue,Daily,YO62 6PU,Kirkbymoorside,1000
2025-04-08,Tue,Daily,WV7 3QH,Albrighton,1000
2025-04-08,Tue,Daily,TS1 3EL,Middlesbrough,1000
2025-04-08,Tue,Daily,SS0 9JD,Southend-on-Sea,1000
2025-04-08,Tue,Daily,SN4 0TJ,Chiseldon,1000
2025-04-08,Tue,Daily,PO17 6BE,North Boarhunt,1000
2025-04-08,Tue,Daily,PE29 3AD,Huntingdon,1000
2025-04-08,Tue,Daily,PA16 7DA,Greenock,1000
2025-04-08,Tue,Daily,NG8 1PL,Nottingham,1000
2025-04-08,Tue,Daily,NG21 0DA,Rainworth,1000
2025-04-08,Tue,Daily,NE10 9HA,Gateshead,1000
2025-04-08,Tue,Daily,M27 9XB,Swinton (Salford),1000
2025-04-08,Tue,Daily,LE10 0LH,Hinckley,1000
2025-04-08,Tue,Daily,L11 6NP,Liverpool,1000
2025-04-08,Tue,Daily,GU5 0ER,Bramley and Wonersh,1000
2025-04-08,Tue,Daily,EX37 9PP,High Bickington,1000
2025-04-08,Tue,Daily,E13 9HQ,Newham,1000
2025-04-08,Tue,Daily,BS10 6JG,Bristol,1000
2025-04-08,Tue,Daily,BB9 8BD,Nelson (Pendle),1000
2025-04-08,Tue,Daily,AB43 9ND,Fraserburgh,1000
2025-04-07,Mon,Daily,YO8 6NZ,Hemingbrough,1000
2025-04-07,Mon,Daily,WF8 3PZ,Pontefract,1000
2025-04-07,Mon,Daily,TR26 2EW,Carbis Bay,1000
2025-04-07,Mon,Daily,TQ5 8BZ,Brixham,1000
2025-04-07,Mon,Daily,SA4 4PB,Gorseinon,1000
2025-04-07,Mon,Daily,S10 1UW,Sheffield,1000
2025-04-07,Mon,Daily,NW8 9XT,City of Westminster,1000
2025-04-07,Mon,Daily,NR4 6PE,Norwich,1000
2025-04-07,Mon,Daily,N10 1JB,Haringey,1000
2025-04-07,Mon,Daily,LE2 7LD,Leicester,1000
2025-04-07,Mon,Daily,KA18 1BA,Cumnock,1000
2025-04-07,Mon,Daily,IP4 4RA,Ipswich,1000
2025-04-07,Mon,Daily,G72 9AL,Blantyre,1000
2025-04-07,Mon,Daily,DL3 8LQ,Darlington,1000
2025-04-07,Mon,Daily,DE6 5JN,Doveridge,1000
2025-04-07,Mon,Daily,CT12 6AP,Ramsgate,1000
2025-04-07,Mon,Daily,BS34 5HU,Patchway,1000
2025-04-07,Mon,Daily,BR5 2AL,Bromley,1000
2025-04-07,Mon,Daily,BN27 4TZ,Herstmonceux,1000
2025-04-07,Mon,Daily,BL4 8QJ,Kearsley,1000
2025-04-06,Sun,Daily,YO8 9GD,Brayton,1000
2025-04-06,Sun,Daily,TR26 2HF,Carbis Bay,1000
2025-04-06,Sun,Daily,ST3 7QP,Stoke-on-Trent,1000
2025-04-06,Sun,Daily,SN15 3XX,Chippenham (Wiltshire),1000
2025-04-06,Sun,Daily,RM14 1BU,Havering,1000
2025-04-06,Sun,Daily,RH11 9DL,Crawley (Crawley),1000
2025-04-06,Sun,Daily,PO34 5DR,Seaview and Nettlestone,1000
2025-04-06,Sun,Daily,PO19 3GH,Chichester,1000
2025-04-06,Sun,Daily,NN15 6FW,Kettering,1000
2025-04-06,Sun,Daily,NG34 8TW,Sleaford,1000
2025-04-06,Sun,Daily,MK8 1AY,Milton Keynes,1000
2025-04-06,Sun,Daily,ME5 8LS,Chatham,1000
2025-04-06,Sun,Daily,L26 7YG,Liverpool,1000
2025-04-06,Sun,Daily,HP21 9JD,Aylesbury,1000
2025-04-06,Sun,Daily,GU2 8AN,Guildford,1000
2025-04-06,Sun,Daily,DE65 5NH,Hilton (South Derbyshire),1000
2025-04-06,Sun,Daily,CT17 0DW,Dover,1000
2025-04-06,Sun,Daily,CO11 2LS,Lawford,1000
2025-04-06,Sun,Daily,CM7 1WG,Braintree,1000
2025-04-06,Sun,Daily,CM23 5LP,Bishop's Stortford,1000
2025-04-05,Sat,Millionaire Street,DE15 0DX,Burton upon Trent,100000
2025-04-05,Sat,Daily,ST4 1EF,Stoke-on-Trent,1000
2025-04-05,Sat,Daily,SR3 2AS,Sunderland,1000
2025-04-05,Sat,Daily,SG4 9SA,Hitchin,1000
2025-04-05,Sat,Daily,SA67 8TB,Narberth,1000
2025-04-05,Sat,Daily,SA3 1LW,Reynoldston,1000
2025-04-05,Sat,Daily,S12 2UU,Sheffield,1000
2025-04-05,Sat,Daily,S10 1GZ,Sheffield,1000
2025-04-05,Sat,Daily,PE2 7WG,Peterborough,1000
2025-04-05,Sat,Daily,PE10 0ED,Bourne,1000
2025-04-05,Sat,Daily,NG33 4EU,Corby Glen,1000
2025-04-05,Sat,Daily,LS26 0SZ,Rothwell (Leeds),1000
2025-04-05,Sat,Daily,LS25 5AX,South Milford,1000
2025-04-05,Sat,Daily,L9 0PA,Liverpool,1000
2025-04-05,Sat,Daily,L3 8BY,Liverpool,1000
2025-04-05,Sat,Daily,KY11 2NZ,Rosyth,1000
2025-04-05,Sat,Daily,HU8 0RD,Kingston upon Hull,1000
2025-04-05,Sat,Daily,DE4 5JN,Crich,1000
2025-04-05,Sat,Daily,BD14 6PB,Bradford,1000
2025-04-05,Sat,Daily,B73 5RP,Royal Sutton Coldfield,1000
2025-04-05,Sat,Daily,B28 0LU,Birmingham,1000
2025-04-04,Fri,Daily,ZE3 9JY,Scatness,1000
2025-04-04,Fri,Daily,TR16 4AA,Pool and Illogan,1000
2025-04-04,Fri,Daily,TF7 4JT,Telford,1000
2025-04-04,Fri,Daily,TF2 8AT,Telford,1000
2025-04-04,Fri,Daily,SO53 3ES,Chandler's Ford,1000
2025-04-04,Fri,Daily,SK17 9DY,Buxton (High Peak),1000
2025-04-04,Fri,Daily,PR8 4DL,Southport,1000
2025-04-04,Fri,Daily,PO9 4HH,Havant,1000
2025-04-04,Fri,Daily,PE9 1PL,Stamford,1000
2025-04-04,Fri,Daily,ME12 3UE,Minster (Swale),1000
2025-04-04,Fri,Daily,ME1 3HG,Rochester,1000
2025-04-04,Fri,Daily,LE11 1JX,Loughborough,1000
2025-04-04,Fri,Daily,DE22 1GP,Derby,1000
2025-04-04,Fri,Daily,DA14 6BD,Bexley,1000
2025-04-04,Fri,Daily,CW8 3BT,Weaverham,1000
2025-04-04,Fri,Daily,CF47 0DA,Merthyr Tydfil,1000
2025-04-04,Fri,Daily,CB4 1NQ,Cambridge (Cambridge),1000
2025-04-04,Fri,Daily,BD22 0PG,Cowling,1000
2025-04-04,Fri,Daily,B68 9LN,Oldbury (Sandwell),1000
2025-04-04,Fri,Daily,B17 9AG,Birmingham,1000
2025-04-03,Thu,Daily,WF2 8SH,Wakefield,1000
2025-04-03,Thu,Daily,TW7 5HY,Hounslow,1000
2025-04-03,Thu,Daily,TN23 3GJ,Ashford (Ashford),1000
2025-04-03,Thu,Daily,TN20 6RR,Mayfield (Wealden),1000
2025-04-03,Thu,Daily,SG1 1QA,Stevenage,1000
2025-04-03,Thu,Daily,PA28 6DR,Ceann Loch Chille Chiarain,1000
2025-04-03,Thu,Daily,NN17 1XF,Corby,1000
2025-04-03,Thu,Daily,NG9 1PQ,Beeston (Broxtowe),1000
2025-04-03,Thu,Daily,ME8 9TE,Gillingham (Medway),1000
2025-04-03,Thu,Daily,LU2 8QZ,Luton,1000
2025-04-03,Thu,Daily,HD4 6RL,Huddersfield,1000
2025-04-03,Thu,Daily,E17 4RE,Waltham Forest,1000
2025-04-03,Thu,Daily,DE55 1DU,Somercotes and Swanwick,1000
2025-04-03,Thu,Daily,CV37 7EJ,Stratford-upon-Avon,1000
2025-04-03,Thu,Daily,CV34 6QQ,Warwick,1000
2025-04-03,Thu,Daily,CH42 4NG,Birkenhead,1000
2025-04-03,Thu,Daily,CB23 5EF,Cambourne,1000
2025-04-03,Thu,Daily,BN16 2JY,Rustington,1000
2025-04-03,Thu,Daily,BA11 6AN,Rode,1000
2025-04-03,Thu,Daily,BA1 8EH,Bath,1000
2025-04-02,Wed,Daily,YO18 8QJ,Pickering,1000
2025-04-02,Wed,Daily,UB7 8LF,Hillingdon,1000
2025-04-02,Wed,Daily,SA12 7DR,Port Talbot,1000
2025-04-02,Wed,Daily,S66 8QH,Maltby,1000
2025-04-02,Wed,Daily,S60 8EF,Waverley and Catcliffe,1000
2025-04-02,Wed,Daily,S25 2TF,Dinnington (Rotherham),1000
2025-04-02,Wed,Daily,OX10 7PL,Berinsfield,1000
2025-04-02,Wed,Daily,NP4 8BG,Pontypool,1000
2025-04-02,Wed,Daily,MK6 2NN,Milton Keynes,1000
2025-04-02,Wed,Daily,MK4 1DD,Milton Keynes,1000
2025-04-02,Wed,Daily,LS6 3EX,Leeds,1000
2025-04-02,Wed,Daily,LL53 6NG,Nefyn,1000
2025-04-02,Wed,Daily,IP14 1BT,Stowmarket,1000
2025-04-02,Wed,Daily,GL20 8UR,Tewkesbury,1000
2025-04-02,Wed,Daily,EX7 0QR,Dawlish,1000
2025-04-02,Wed,Daily,E3 5TN,Tower Hamlets,1000
2025-04-02,Wed,Daily,DN5 0PZ,Bentley (Doncaster),1000
2025-04-02,Wed,Daily,CH8 7NX,Holywell (Flintshire),1000
2025-04-02,Wed,Daily,CH49 6QJ,Birkenhead,1000
2025-04-02,Wed,Daily,B28 0EH,Birmingham,1000
2025-04-01,Tue,Daily,WV5 8DP,Wombourne,1000
2025-04-01,Tue,Daily,WS11 4RB,Cannock,1000
2025-04-01,Tue,Daily,WD19 7EJ,Watford (Watford),1000
2025-04-01,Tue,Daily,TR15 1BG,Redruth,1000
2025-04-01,Tue,Daily,SE22 8PN,Southwark,1000
2025-04-01,Tue,Daily,SE20 7TT,Bromley,1000
2025-04-01,Tue,Daily,OX11 8DY,Didcot,1000
2025-04-01,Tue,Daily,NG11 8LN,Clifton (Nottingham),1000
2025-04-01,Tue,Daily,KT13 8JB,Weybridge,1000
2025-04-01,Tue,Daily,G75 8SP,East Kilbride,1000
2025-04-01,Tue,Daily,EN6 5DZ,Potters Bar,1000
2025-04-01,Tue,Daily,EH54 6SX,Livingston,1000
2025-04-01,Tue,Daily,EH49 6HN,Linlithgow,1000
2025-04-01,Tue,Daily,DY8 4ES,Stourbridge,1000
2025-04-01,Tue,Daily,DY4 8JH,Tipton,1000
2025-04-01,Tue,Daily,CW5 8AR,Wrenbury-cum-Frith,1000
2025-04-01,Tue,Daily,CM16 5ET,Epping,1000
2025-04-01,Tue,Daily,CH62 6BA,Bebington,1000
2025-04-01,Tue,Daily,CF81 9GU,Aberbargoed,1000
2025-04-01,Tue,Daily,AB55 4AZ,Dufftown,1000
2025-03-31,Mon,Daily,YO26 6LX,Upper Poppleton,1000
2025-03-31,Mon,Daily,TN4 9AF,Royal Tunbridge Wells,1000
2025-03-31,Mon,Daily,TA4 4EN,Williton,1000
2025-03-31,Mon,Daily,ST18 0SZ,Stafford,1000
2025-03-31,Mon,Daily,SO18 2DN,Southampton,1000
2025-03-31,Mon,Daily,SE18 3JE,Greenwich,1000
2025-03-31,Mon,Daily,S12 4SB,Sheffield,1000
2025-03-31,Mon,Daily,RG2 7QN,Reading,1000
2025-03-31,Mon,Daily,PE30 3PE,King's Lynn,1000
2025-03-31,Mon,Daily,NR7 8DH,Norwich,1000
2025-03-31,Mon,Daily,LS6 4QL,Leeds,1000
2025-03-31,Mon,Daily,LS15 4DR,Barwick in Elmet,1000
2025-03-31,Mon,Daily,GL1 4JS,Gloucester,1000
2025-03-31,Mon,Daily,EH11 4PX,Edinburgh,1000
2025-03-31,Mon,Daily,DA17 6GZ,Bexley,1000
2025-03-31,Mon,Daily,DA12 4HT,Gravesend,1000
2025-03-31,Mon,Daily,CR0 4WN,Croydon,1000
2025-03-31,Mon,Daily,CF32 7RR,Ogmore Vale,1000
2025-03-31,Mon,Daily,BN25 3BX,Seaford,1000
2025-03-31,Mon,Daily,AB43 9QD,Fraserburgh,1000
2025-03-30,Sun,Street Prize,N21 1EU,Enfield,30000
2025-03-29,Sat,Millionaire Street,TN22 5PG,Uckfield,142857
2025-03-28,Fri,Daily,YO31 1BZ,York,1000
2025-03-28,Fri,Daily,WD17 1RL,Watford (Watford),1000
2025-03-28,Fri,Daily,WA7 1SA,Runcorn,1000
2025-03-28,Fri,Daily,WA11 9BT,St Helens (St. Helens),1000
2025-03-28,Fri,Daily,TS6 7RA,Eston,1000
2025-03-28,Fri,Daily,SS0 9RD,Southend-on-Sea,1000
2025-03-28,Fri,Daily,SL3 8BN,Slough,1000
2025-03-28,Fri,Daily,RM16 4QU,Chadwell St Mary,1000
2025-03-28,Fri,Daily,PO1 3BQ,Portsmouth,1000
2025-03-28,Fri,Daily,OL12 8DP,Whitworth,1000
2025-03-28,Fri,Daily,NR31 8GX,Bradwell (Great Yarmouth),1000
2025-03-28,Fri,Daily,NR21 7BG,Wicken Green Village,1000
2025-03-28,Fri,Daily,NE15 7UD,Newcastle upon Tyne,1000
2025-03-28,Fri,Daily,HD3 3GL,Huddersfield,1000
2025-03-28,Fri,Daily,HA0 1DU,Brent,1000
2025-03-28,Fri,Daily,EX31 3AN,Barnstaple,1000
2025-03-28,Fri,Daily,EH30 9AJ,Queensferry,1000
2025-03-28,Fri,Daily,DE24 0BD,Derby,1000
2025-03-28,Fri,Daily,CV9 2PJ,Atherstone,1000
2025-03-28,Fri,Daily,BD6 1DA,Bradford,1000
2025-03-27,Thu,Daily,SY11 2DW,Oswestry,1000
2025-03-27,Thu,Daily,SW20 0LJ,Merton,1000
2025-03-27,Thu,Daily,RG30 2JS,Reading,1000
2025-03-27,Thu,Daily,PO8 8RW,Horndean,1000
2025-03-27,Thu,Daily,OX28 3JQ,Witney,1000
2025-03-27,Thu,Daily,NE7 7FH,Newcastle upon Tyne,1000
2025-03-27,Thu,Daily,M14 5PN,Manchester,1000
2025-03-27,Thu,Daily,KW16 3AW,Stromness,1000
2025-03-27,Thu,Daily,IV30 1TF,Elgin,1000
2025-03-27,Thu,Daily,HA5 3XU,Harrow,1000
2025-03-27,Thu,Daily,GL54 5YG,Winchcombe,1000
2025-03-27,Thu,Daily,GL3 1FN,Churchdown,1000
2025-03-27,Thu,Daily,EX4 4JE,Exeter,1000
2025-03-27,Thu,Daily,EN7 6PE,Cheshunt,1000
2025-03-27,Thu,Daily,EC1V 0HX,Islington,1000
2025-03-27,Thu,Daily,DH7 0AD,Lanchester,1000
2025-03-27,Thu,Daily,CV3 5QP,Coventry,1000
2025-03-27,Thu,Daily,CV23 0DR,Rugby,1000
2025-03-27,Thu,Daily,CR0 0TJ,Croydon,1000
2025-03-27,Thu,Daily,B97 5EA,Redditch,1000
2025-03-26,Wed,Daily,TN11 9LG,Hildenborough,1000
2025-03-26,Wed,Daily,SO40 8SR,Totton,1000
2025-03-26,Wed,Daily,SO22 4DP,Winchester,1000
2025-03-26,Wed,Daily,SE5 7DB,Southwark,1000
2025-03-26,Wed,Daily,S41 8TE,Chesterfield,1000
2025-03-26,Wed,Daily,PO6 1NW,Portsmouth,1000
2025-03-26,Wed,Daily,PL7 4PD,Plymouth,1000
2025-03-26,Wed,Daily,OL7 9BU,Ashton-under-Lyne,1000
2025-03-26,Wed,Daily,N10 1JD,Haringey,1000
2025-03-26,Wed,Daily,ML7 5QG,Shotts,1000
2025-03-26,Wed,Daily,M27 5SX,Swinton (Salford),1000
2025-03-26,Wed,Daily,LE8 5UF,Countesthorpe,1000
2025-03-26,Wed,Daily,LA13 0JW,Barrow-in-Furness,1000
2025-03-26,Wed,Daily,KY12 8BQ,Dunfermline,1000
2025-03-26,Wed,Daily,IP26 5BZ,Mundford,1000
2025-03-26,Wed,Daily,HD3 3XW,Huddersfield,1000
2025-03-26,Wed,Daily,EX23 8NS,Bude,1000
2025-03-26,Wed,Daily,EH17 8PQ,Edinburgh,1000
2025-03-26,Wed,Daily,B11 2QE,Birmingham,1000
2025-03-26,Wed,Daily,AB15 8BD,Aberdeen,1000
2025-03-25,Tue,Daily,WF10 3BQ,Castleford,1000
2025-03-25,Tue,Daily,TD7 4NN,Selkirk,1000
2025-03-25,Tue,Daily,ST8 6SN,Biddulph,1000
2025-03-25,Tue,Daily,ST7 2UN,Alsager,1000
2025-03-25,Tue,Daily,SN3 6AL,Swindon (Swindon),1000
2025-03-25,Tue,Daily,SA62 3LZ,Johnston,1000
2025-03-25,Tue,Daily,SA10 7LF,Neath,1000
2025-03-25,Tue,Daily,S61 4PR,Rotherham,1000
2025-03-25,Tue,Daily,S10 5GJ,Sheffield,1000
2025-03-25,Tue,Daily,S10 5FA,Sheffield,1000
2025-03-25,Tue,Daily,OX3 8RR,Oxford,1000
2025-03-25,Tue,Daily,M9 4WF,Manchester,1000
2025-03-25,Tue,Daily,KA3 5QH,Stewarton,1000
2025-03-25,Tue,Daily,HR9 5JD,Ross-on-Wye,1000
2025-03-25,Tue,Daily,GU7 3BB,Farncombe,1000
2025-03-25,Tue,Daily,GU22 9AP,Woking,1000
2025-03-25,Tue,Daily,EH3 9HT,Edinburgh,1000
2025-03-25,Tue,Daily,CF63 1LZ,Barry (Vale of Glamorgan),1000
2025-03-25,Tue,Daily,CB23 4LP,Elsworth,1000
2025-03-25,Tue,Daily,B79 7JJ,Tamworth,1000
2025-03-24,Mon,Daily,YO18 8LT,Pickering,1000
2025-03-24,Mon,Daily,TA18 7NN,Crewkerne,1000
2025-03-24,Mon,Daily,SW19 4FT,Merton,1000
2025-03-24,Mon,Daily,SM5 2NS,Sutton (Sutton),1000
2025-03-24,Mon,Daily,NE25 8NA,Whitley Bay,1000
2025-03-24,Mon,Daily,NE13 8BN,Woolsington,1000
2025-03-24,Mon,Daily,ML5 2FB,Coatbridge,1000
2025-03-24,Mon,Daily,M46 0NP,Atherton,1000
2025-03-24,Mon,Daily,M34 2BG,Denton (Tameside),1000
2025-03-24,Mon,Daily,LS17 6LP,Leeds,1000
2025-03-24,Mon,Daily,HP2 6EY,Hemel Hempstead,1000
2025-03-24,Mon,Daily,FK10 1QE,Alloa,1000
2025-03-24,Mon,Daily,EX4 2JB,Exeter,1000
2025-03-24,Mon,Daily,EX39 4AG,Bideford,1000
2025-03-24,Mon,Daily,CM2 9HE,Chelmsford,1000
2025-03-24,Mon,Daily,CF42 6SA,Treorchy,1000
2025-03-24,Mon,Daily,CB8 8GP,Newmarket,1000
2025-03-24,Mon,Daily,BS14 9AY,Bristol,1000
2025-03-24,Mon,Daily,BH7 6HW,Bournemouth,1000
2025-03-24,Mon,Daily,BH14 9NP,Poole,1000
2025-03-23,Sun,Street Prize,SK16 4BT,Dukinfield,30000
2025-03-22,Sat,Millionaire Street,CT2 7BA,Canterbury,333333
2025-03-21,Fri,Daily,WV13 3BF,Wolverhampton,1000
2025-03-21,Fri,Daily,ST10 3EX,Waterhouses,1000
2025-03-21,Fri,Daily,SE1 5QX,Southwark,1000
2025-03-21,Fri,Daily,RM17 6EW,Grays,1000
2025-03-21,Fri,Daily,PR3 3EA,Longridge (Ribble Valley),1000
2025-03-21,Fri,Daily,OX29 7XJ,Witney,1000
2025-03-21,Fri,Daily,NG14 6HR,Calverton,1000
2025-03-21,Fri,Daily,LL18 6JA,Dyserth,1000
2025-03-21,Fri,Daily,IV30 1RP,Elgin,1000
2025-03-21,Fri,Daily,IP28 6PZ,Bury St Edmunds,1000
2025-03-21,Fri,Daily,GU21 8XQ,Woking,1000
2025-03-21,Fri,Daily,EX33 1FL,Braunton,1000
2025-03-21,Fri,Daily,DA15 7HY,Bexley,1000
2025-03-21,Fri,Daily,CV35 7EQ,Hatton (Warwick),1000
2025-03-21,Fri,Daily,CH7 1LB,Mold,1000
2025-03-21,Fri,Daily,CH48 0RQ,West Kirby,1000
2025-03-21,Fri,Daily,CF37 5NN,Pontypridd,1000
2025-03-21,Fri,Daily,CA17 4BX,Kirkby Stephen,1000
2025-03-21,Fri,Daily,B26 3TB,Birmingham,1000
2025-03-21,Fri,Daily,B21 0EN,Birmingham,1000
2025-03-20,Thu,Daily,WA5 0AX,Warrington,1000
2025-03-20,Thu,Daily,ST6 2QA,Stoke-on-Trent,1000
2025-03-20,Thu,Daily,SS15 6SE,Basildon,1000
2025-03-20,Thu,Daily,RG1 6QL,Reading,1000
2025-03-20,Thu,Daily,PR4 3AG,Wesham,1000
2025-03-20,Thu,Daily,PA67 6DH,Isle of Mull,1000
2025-03-20,Thu,Daily,OX15 4FU,Bloxham,1000
2025-03-20,Thu,Daily,ME12 2EW,Minster (Swale),1000
2025-03-20,Thu,Daily,M26 4LY,Radcliffe,1000
2025-03-20,Thu,Daily,LE9 7PL,Earl Shilton,1000
2025-03-20,Thu,Daily,KT24 6LT,East Horsley,1000
2025-03-20,Thu,Daily,KA3 1HX,Kilmarnock,1000
2025-03-20,Thu,Daily,HU7 4AY,Kingston upon Hull,1000
2025-03-20,Thu,Daily,EH9 2LT,Edinburgh,1000
2025-03-20,Thu,Daily,E4 9BE,Waltham Forest,1000
2025-03-20,Thu,Daily,CH63 7QS,Bebington,1000
2025-03-20,Thu,Daily,CB5 8NE,Cambridge (Cambridge),1000
2025-03-20,Thu,Daily,BR1 4JZ,Bromley,1000
2025-03-20,Thu,Daily,B61 0TS,Catshill,1000
2025-03-20,Thu,Daily,AB41 7JG,Tarves,1000
2025-03-19,Wed,Daily,SP5 4EU,Coombe Bissett,1000
2025-03-19,Wed,Daily,SA11 3TP,Neath,1000
2025-03-19,Wed,Daily,S66 8JR,Maltby,1000
2025-03-19,Wed,Daily,S36 6EZ,Penistone,1000
2025-03-19,Wed,Daily,RM17 5HH,Grays,1000
2025-03-19,Wed,Daily,RG7 6BL,Southend,1000
2025-03-19,Wed,Daily,PO16 9LB,Portsmouth,1000
2025-03-19,Wed,Daily,NG34 7QX,Sleaford,1000
2025-03-19,Wed,Daily,NG16 1HG,Nuthall and Watnall,1000
2025-03-19,Wed,Daily,N17 0NN,Haringey,1000
2025-03-19,Wed,Daily,ME7 3BF,Gillingham (Medway),1000
2025-03-19,Wed,Daily,M24 4BR,Middleton (Rochdale),1000
2025-03-19,Wed,Daily,KT10 8LH,Esher,1000
2025-03-19,Wed,Daily,FY4 3HU,Blackpool,1000
2025-03-19,Wed,Daily,E13 9LD,Newham,1000
2025-03-19,Wed,Daily,DT4 9EA,Weymouth,1000
2025-03-19,Wed,Daily,DH4 4DN,Shiney Row and Penshaw,1000
2025-03-19,Wed,Daily,CW10 9QQ,Middlewich,1000
2025-03-19,Wed,Daily,BS5 9EG,Bristol,1000
2025-03-19,Wed,Daily,B31 1AF,Birmingham,1000
2025-03-18,Tue,Daily,TW8 0QE,Hounslow,1000
2025-03-18,Tue,Daily,TA6 5BX,Bridgwater,1000
2025-03-18,Tue,Daily,SO53 5AY,Chandler's Ford,1000
2025-03-18,Tue,Daily,SO40 8BJ,Totton,1000
2025-03-18,Tue,Daily,SN1 7DQ,Swindon (Swindon),1000
2025-03-18,Tue,Daily,SE27 9SB,Lambeth,1000
2025-03-18,Tue,Daily,RH16 3HB,Haywards Heath,1000
2025-03-18,Tue,Daily,PE30 4NQ,King's Lynn,1000
2025-03-18,Tue,Daily,NR31 6AN,Gorleston-on-Sea,1000
2025-03-18,Tue,Daily,M28 3WH,Walkden,1000
2025-03-18,Tue,Daily,HU11 5DB,Skirlaugh,1000
2025-03-18,Tue,Daily,EN6 1JR,Potters Bar,1000
2025-03-18,Tue,Daily,DL1 4PJ,Darlington,1000
2025-03-18,Tue,Daily,CV37 9SL,Stratford-upon-Avon,1000
2025-03-18,Tue,Daily,CT1 1JF,Canterbury,1000
2025-03-18,Tue,Daily,CA11 0EJ,Stainton (Eden),1000
2025-03-18,Tue,Daily,BS16 7FX,Kingswood and Fishponds,1000
2025-03-18,Tue,Daily,BN8 6HU,East Hoathly,1000
2025-03-18,Tue,Daily,BN15 8RJ,Lancing and Sompting,1000
2025-03-18,Tue,Daily,B78 1LY,Polesworth and Dordon,1000
2025-03-17,Mon,Daily,YO16 4JX,Bridlington,1000
2025-03-17,Mon,Daily,SY4 3JP,Bomere Heath,1000
2025-03-17,Mon,Daily,SR8 3BN,Easington (County Durham),1000
2025-03-17,Mon,Daily,SO18 2EN,Southampton,1000
2025-03-17,Mon,Daily,SA14 9DP,Llanelli,1000
2025-03-17,Mon,Daily,SA10 7EP,Neath,1000
2025-03-17,Mon,Daily,PO21 3HT,Bognor Regis,1000
2025-03-17,Mon,Daily,OX17 2RR,Middleton Cheney,1000
2025-03-17,Mon,Daily,NR35 1PF,Bungay,1000
2025-03-17,Mon,Daily,NR33 9GD,Lowestoft,1000
2025-03-17,Mon,Daily,NP44 1FJ,Cwmbrân,1000
2025-03-17,Mon,Daily,NN6 9DB,Brixworth,1000
2025-03-17,Mon,Daily,NG4 1BQ,Carlton (Gedling),1000
2025-03-17,Mon,Daily,ME3 0BL,Grain,1000
2025-03-17,Mon,Daily,LS26 8TE,Rothwell (Leeds),1000
2025-03-17,Mon,Daily,EH21 7NQ,Musselburgh,1000
2025-03-17,Mon,Daily,DN14 5XL,Goole,1000
2025-03-17,Mon,Daily,CO2 0EE,Layer-de-la-Haye,1000
2025-03-17,Mon,Daily,BS4 4HR,Bristol,1000
2025-03-17,Mon,Daily,BH11 9JA,Bournemouth,1000
2025-03-16,Sun,Street Prize,OX12 8GH,Wantage,30000
2025-03-15,Sat,Millionaire Street,WS15 1JX,Rugeley,71428
2025-03-14,Fri,Daily,WR5 3WF,Worcester,1000
2025-03-14,Fri,Daily,ST7 1TD,Kidsgrove,1000
2025-03-14,Fri,Daily,SR7 8ES,Seaham,1000
2025-03-14,Fri,Daily,SO40 8FP,Totton,1000
2025-03-14,Fri,Daily,S40 4NR,Chesterfield,1000
2025-03-14,Fri,Daily,RM9 5XJ,Barking and Dagenham,1000
2025-03-14,Fri,Daily,RG42 5JN,Binfield,1000
2025-03-14,Fri,Daily,PE9 3SF,Ketton,1000
2025-03-14,Fri,Daily,NG5 3HS,Nottingham,1000
2025-03-14,Fri,Daily,ME10 3LU,Sittingbourne,1000
2025-03-14,Fri,Daily,LL55 3LL,Clwt-y-bont,1000
2025-03-14,Fri,Daily,L8 5AE,Liverpool,1000
2025-03-14,Fri,Daily,KW17 2HX,Kirkwall,1000
2025-03-14,Fri,Daily,KA27 8JN,Brodick,1000
2025-03-14,Fri,Daily,IP8 4DR,Bramford,1000
2025-03-14,Fri,Daily,HA0 1NF,Brent,1000
2025-03-14,Fri,Daily,EH14 5LZ,Edinburgh,1000
2025-03-14,Fri,Daily,DT11 0GA,Shillingstone,1000
2025-03-14,Fri,Daily,BS37 6HA,Chipping Sodbury,1000
2025-03-14,Fri,Daily,BH9 3HD,Bournemouth,1000
2025-03-13,Thu,Daily,TS10 1NJ,Redcar,1000
2025-03-13,Thu,Daily,SW9 9ED,Lambeth,1000
2025-03-13,Thu,Daily,ST13 6AP,Leek,1000
2025-03-13,Thu,Daily,SO41 0SF,Milford on Sea,1000
2025-03-13,Thu,Daily,SN3 1SB,Swindon (Swindon),1000
2025-03-13,Thu,Daily,SN10 2PG,Devizes,1000
2025-03-13,Thu,Daily,S12 2BT,Sheffield,1000
2025-03-13,Thu,Daily,M28 1QA,Worsley,1000
2025-03-13,Thu,Daily,LS29 8DN,Ilkley,1000
2025-03-13,Thu,Daily,LS15 9AL,Leeds,1000
2025-03-13,Thu,Daily,IV2 6EX,Inbhir Nis,1000
2025-03-13,Thu,Daily,IP24 1AH,Thetford,1000
2025-03-13,Thu,Daily,FY3 9NL,Blackpool,1000
2025-03-13,Thu,Daily,EX32 0NB,Landkey,1000
2025-03-13,Thu,Daily,EX17 5AW,Copplestone,1000
2025-03-13,Thu,Daily,DT11 8DE,Pimperne,1000
2025-03-13,Thu,Daily,CM12 9SD,Billericay,1000
2025-03-13,Thu,Daily,BL3 2LR,Bolton (Bolton),1000
2025-03-13,Thu,Daily,B80 7NF,Studley,1000
2025-03-13,Thu,Daily,AL2 3PQ,Bricket Wood,1000
2025-03-12,Wed,Daily,SL6 3JZ,Maidenhead,1000
2025-03-12,Wed,Daily,SK9 6JD,Wilmslow,1000
2025-03-12,Wed,Daily,SE20 8NH,Bromley,1000
2025-03-12,Wed,Daily,RG19 4PU,Thatcham,1000
2025-03-12,Wed,Daily,PO21 4QF,Bognor Regis,1000
2025-03-12,Wed,Daily,PA5 8NL,Johnstone,1000
2025-03-12,Wed,Daily,NE61 3NF,Morpeth,1000
2025-03-12,Wed,Daily,M16 7EZ,Manchester,1000
2025-03-12,Wed,Daily,LS26 0WL,Rothwell (Leeds),1000
2025-03-12,Wed,Daily,HU10 7GH,Willerby and Anlaby,1000
2025-03-12,Wed,Daily,HP7 0BB,Amersham,1000
2025-03-12,Wed,Daily,GU11 3RX,Aldershot,1000
2025-03-12,Wed,Daily,EX39 3TG,Bideford,1000
2025-03-12,Wed,Daily,EN1 4HF,Enfield,1000
2025-03-12,Wed,Daily,EH4 3LH,Edinburgh,1000
2025-03-12,Wed,Daily,CT5 4QF,Whitstable,1000
2025-03-12,Wed,Daily,CA9 3SS,Alston,1000
2025-03-12,Wed,Daily,BL2 3DY,Bolton (Bolton),1000
2025-03-12,Wed,Daily,BA3 5GN,Coleford (Mendip),1000
2025-03-12,Wed,Daily,AB38 9NA,Charlestown of Aberlour,1000
2025-03-11,Tue,Daily,WS15 4ND,Handsacre and Armitage,1000
2025-03-11,Tue,Daily,TW16 5LZ,Sunbury-on-Thames,1000
2025-03-11,Tue,Daily,SP5 3FT,Downton,1000
2025-03-11,Tue,Daily,SO51 8LD,Romsey,1000
2025-03-11,Tue,Daily,SA48 8BG,Cwmann,1000
2025-03-11,Tue,Daily,S8 9QA,Sheffield,1000
2025-03-11,Tue,Daily,S43 2DQ,Chesterfield,1000
2025-03-11,Tue,Daily,PL21 0AT,Ivybridge,1000
2025-03-11,Tue,Daily,NR32 3PR,Lowestoft,1000
2025-03-11,Tue,Daily,NG34 9PQ,Ruskington,1000
2025-03-11,Tue,Daily,N16 7TQ,Hackney,1000
2025-03-11,Tue,Daily,ME14 4QD,Bearsted,1000
2025-03-11,Tue,Daily,LA5 8DB,Bolton-le-Sands,1000
2025-03-11,Tue,Daily,L16 3NS,Liverpool,1000
2025-03-11,Tue,Daily,EX32 7FD,Barnstaple,1000
2025-03-11,Tue,Daily,EH42 1AR,Dunbar,1000
2025-03-11,Tue,Daily,DY1 3EY,Dudley (Dudley),1000
2025-03-11,Tue,Daily,DA10 0JE,Swanscombe,1000
2025-03-11,Tue,Daily,CB11 3LZ,Saffron Walden,1000
2025-03-11,Tue,Daily,B23 5RS,Birmingham,1000
2025-03-10,Mon,Daily,SY5 0LT,Pontesbury,1000
2025-03-10,Mon,Daily,SL4 3TH,Windsor,1000
2025-03-10,Mon,Daily,SG12 0GF,Ware,1000
2025-03-10,Mon,Daily,RH1 6BH,Redhill (Reigate and Banstead),1000
2025-03-10,Mon,Daily,PR3 1ZW,Garstang,1000
2025-03-10,Mon,Daily,PE7 3UY,Yaxley (Huntingdonshire),1000
2025-03-10,Mon,Daily,NP19 4NU,Newport (Newport),1000
2025-03-10,Mon,Daily,NE30 4PB,Tynemouth,1000
2025-03-10,Mon,Daily,LU7 0PJ,Wing (Buckinghamshire),1000
2025-03-10,Mon,Daily,LU5 5QG,Houghton Regis,1000
2025-03-10,Mon,Daily,KT1 1SP,Kingston upon Thames,1000
2025-03-10,Mon,Daily,FK2 8FL,Larbert and Stenhousemuir,1000
2025-03-10,Mon,Daily,EX39 5QE,Bideford,1000
2025-03-10,Mon,Daily,DD9 6TA,Brechin,1000
2025-03-10,Mon,Daily,CW6 0HL,Tarporley,1000
2025-03-10,Mon,Daily,CV4 9FH,Coventry,1000
2025-03-10,Mon,Daily,CR4 4LR,Merton,1000
2025-03-10,Mon,Daily,CH4 0QZ,Broughton (Flintshire),1000
2025-03-10,Mon,Daily,CF61 2XS,Llantwit Major,1000
2025-03-10,Mon,Daily,CF5 5AS,Cardiff,1000
2025-03-09,Sun,Street Prize,SE28 8QJ,Greenwich,30000
2025-03-08,Sat,Millionaire Street,HP13 5SY,High Wycombe,166666
2025-03-07,Fri,Daily,TF8 7DP,Telford,1000
2025-03-07,Fri,Daily,TF4 3LJ,Telford,1000
2025-03-07,Fri,Daily,SY8 2JT,Ludlow,1000
2025-03-07,Fri,Daily,RH13 6GN,Horsham,1000
2025-03-07,Fri,Daily,RH11 8DH,Crawley (Crawley),1000
2025-03-07,Fri,Daily,PE25 1JW,Skegness,1000
2025-03-07,Fri,Daily,NP4 6HU,Pontypool,1000
2025-03-07,Fri,Daily,NN7 4LE,Weedon Bec,1000
2025-03-07,Fri,Daily,ML6 7ND,Airdrie,1000
2025-03-07,Fri,Daily,M9 8AS,Manchester,1000
2025-03-07,Fri,Daily,LS11 0DE,Leeds,1000
2025-03-07,Fri,Daily,L37 6DP,Formby,1000
2025-03-07,Fri,Daily,GL14 2EE,Cinderford,1000
2025-03-07,Fri,Daily,FK7 8JP,Bannockburn,1000
2025-03-07,Fri,Daily,CV21 3RX,Rugby,1000
2025-03-07,Fri,Daily,CV12 9JF,Bulkington,1000
2025-03-07,Fri,Daily,CR2 7DL,Croydon,1000
2025-03-07,Fri,Daily,BN24 5FD,Stone Cross,1000
2025-03-07,Fri,Daily,BA21 3BZ,Yeovil,1000
2025-03-07,Fri,Daily,B8 3JZ,Birmingham,1000
2025-03-06,Thu,Daily,YO62 5QJ,Helmsley,1000
2025-03-06,Thu,Daily,WD3 3SJ,Rickmansworth,1000
2025-03-06,Thu,Daily,SK2 5NQ,Stockport,1000
2025-03-06,Thu,Daily,S62 5BJ,Rawmarsh,1000
2025-03-06,Thu,Daily,RH11 0UQ,Crawley (Crawley),1000
2025-03-06,Thu,Daily,PO7 7LS,Waterlooville,1000
2025-03-06,Thu,Daily,PO35 5YL,Bembridge,1000
2025-03-06,Thu,Daily,PL21 9RZ,Ivybridge,1000
2025-03-06,Thu,Daily,PE30 5LZ,King's Lynn,1000
2025-03-06,Thu,Daily,PE14 7JB,Wisbech,1000
2025-03-06,Thu,Daily,NE3 4SE,Newcastle upon Tyne,1000
2025-03-06,Thu,Daily,NE24 5AE,Blyth (Northumberland),1000
2025-03-06,Thu,Daily,ML3 7XN,Hamilton,1000
2025-03-06,Thu,Daily,KY5 9EP,Lochgelly,1000
2025-03-06,Thu,Daily,IP12 3AA,Sutton Common,1000
2025-03-06,Thu,Daily,E3 5JF,Tower Hamlets,1000
2025-03-06,Thu,Daily,DT9 3EL,Sherborne,1000
2025-03-06,Thu,Daily,CT1 3YA,Canterbury,1000
2025-03-06,Thu,Daily,BH8 9DE,Bournemouth,1000
2025-03-06,Thu,Daily,BB3 2EY,Darwen,1000
2025-03-05,Wed,Daily,WR6 6XG,Worcester,1000
2025-03-05,Wed,Daily,TQ7 3HE,Malborough,1000
2025-03-05,Wed,Daily,SY21 8HF,Welshpool,1000
2025-03-05,Wed,Daily,SS15 5PG,Basildon,1000
2025-03-05,Wed,Daily,S74 9QW,Hoyland,1000
2025-03-05,Wed,Daily,S71 5NH,Barnsley,1000
2025-03-05,Wed,Daily,S40 4EB,Chesterfield,1000
2025-03-05,Wed,Daily,RG29 1PY,Odiham,1000
2025-03-05,Wed,Daily,PO13 0YG,Gosport,1000
2025-03-05,Wed,Daily,NP7 6JZ,Abergavenny,1000
2025-03-05,Wed,Daily,NE15 0HF,Heddon-on-the-Wall,1000
2025-03-05,Wed,Daily,LL22 7YU,Abergele,1000
2025-03-05,Wed,Daily,L37 7EE,Formby,1000
2025-03-05,Wed,Daily,KY13 8FF,Kinross,1000
2025-03-05,Wed,Daily,G64 4AY,Torrance,1000
2025-03-05,Wed,Daily,EX32 0PB,Landkey,1000
2025-03-05,Wed,Daily,EN3 7LH,Enfield,1000
2025-03-05,Wed,Daily,DL6 2EY,Northallerton,1000
2025-03-05,Wed,Daily,DE55 4JD,Somercotes and Swanwick,1000
2025-03-05,Wed,Daily,BN5 9JD,Henfield,1000
2025-03-04,Tue,Daily,WN1 3LN,Wigan,1000
2025-03-04,Tue,Daily,WF10 3SY,Castleford,1000
2025-03-04,Tue,Daily,UB4 8AS,Hillingdon,1000
2025-03-04,Tue,Daily,TN16 3QN,Bromley,1000
2025-03-04,Tue,Daily,TN14 6LH,Sevenoaks Weald,1000
2025-03-04,Tue,Daily,RH10 5LJ,Crawley (Crawley),1000
2025-03-04,Tue,Daily,PO30 4LS,Brighstone,1000
2025-03-04,Tue,Daily,PO30 2LH,Newport (Isle of Wight),1000
2025-03-04,Tue,Daily,OX29 4AB,Eynsham,1000
2025-03-04,Tue,Daily,OL9 0DE,Chadderton,1000
2025-03-04,Tue,Daily,NG19 9EE,Mansfield Woodhouse,1000
2025-03-04,Tue,Daily,MK46 4HQ,Olney,1000
2025-03-04,Tue,Daily,M25 1PS,Prestwich,1000
2025-03-04,Tue,Daily,M21 8DE,Manchester,1000
2025-03-04,Tue,Daily,LS10 3LJ,Leeds,1000
2025-03-04,Tue,Daily,L35 5HL,Prescot,1000
2025-03-04,Tue,Daily,EX10 9LQ,Sidmouth,1000
2025-03-04,Tue,Daily,CV21 4JY,Rugby,1000
2025-03-04,Tue,Daily,CO6 2NL,Earls Colne,1000
2025-03-04,Tue,Daily,BS15 9ZE,Kingswood and Fishponds,1000
2025-03-03,Mon,Daily,TN34 2JL,Hastings,1000
2025-03-03,Mon,Daily,SY25 6PG,Tregaron,1000
2025-03-03,Mon,Daily,ST20 0NA,Gnosall,1000
2025-03-03,Mon,Daily,SO30 0BN,Hedge End,1000
2025-03-03,Mon,Daily,RG4 5JB,Caversham,1000
2025-03-03,Mon,Daily,RG21 4PJ,Basingstoke,1000
2025-03-03,Mon,Daily,PE9 2XJ,Stamford,1000
2025-03-03,Mon,Daily,PA23 8JU,Dùn Obhainn,1000
2025-03-03,Mon,Daily,NE22 5HG,Bedlington,1000
2025-03-03,Mon,Daily,LN8 2EW,Glentham,1000
2025-03-03,Mon,Daily,IV9 8QJ,Avoch,1000
2025-03-03,Mon,Daily,GU6 7BZ,Cranleigh,1000
2025-03-03,Mon,Daily,DD8 1DF,Forfar,1000
2025-03-03,Mon,Daily,DD2 5RE,Invergowrie,1000
2025-03-03,Mon,Daily,DD11 4JJ,Arbroath,1000
2025-03-03,Mon,Daily,CV8 1DU,Kenilworth,1000
2025-03-03,Mon,Daily,CF44 8AS,Aberdare,1000
2025-03-03,Mon,Daily,BD7 4EL,Bradford,1000
2025-03-03,Mon,Daily,B20 2HZ,Birmingham,1000
2025-03-03,Mon,Daily,AB42 5DD,Mintlaw,1000
2025-03-02,Sun,Street Prize,PO2 0HF,Portsmouth,30000
2025-03-01,Sat,Millionaire Street,NE63 9YW,Ashington (Northumberland),250000
2025-02-28,Fri,Daily,TW15 3HL,Ashford (Spelthorne),1000
2025-02-28,Fri,Daily,TR14 7XB,Camborne,1000
2025-02-28,Fri,Daily,TQ2 5NE,Torquay,1000
2025-02-28,Fri,Daily,SL4 2SE,Old Windsor and Wraysbury,1000
2025-02-28,Fri,Daily,SK11 7EP,Macclesfield,1000
2025-02-28,Fri,Daily,SA13 1PT,Port Talbot,1000
2025-02-28,Fri,Daily,PR3 5BZ,Broughton (Preston),1000
2025-02-28,Fri,Daily,PL31 1BT,Bodmin,1000
2025-02-28,Fri,Daily,NP20 6JQ,Newport (Newport),1000
2025-02-28,Fri,Daily,NE4 5LJ,Newcastle upon Tyne,1000
2025-02-28,Fri,Daily,NE38 0LU,Washington,1000
2025-02-28,Fri,Daily,KT22 8BH,Leatherhead,1000
2025-02-28,Fri,Daily,IP32 6QP,Bury St Edmunds,1000
2025-02-28,Fri,Daily,HP14 4JL,Walter's Ash and Naphill,1000
2025-02-28,Fri,Daily,FY5 3PJ,Blackpool,1000
2025-02-28,Fri,Daily,DL2 3NG,Staindrop,1000
2025-02-28,Fri,Daily,DL2 2HL,Hurworth-on-Tees,1000
2025-02-28,Fri,Daily,DE65 5FY,Hilton (South Derbyshire),1000
2025-02-28,Fri,Daily,BS49 5HJ,Congresbury,1000
2025-02-28,Fri,Daily,B37 6LW,Birmingham,1000
2025-02-27,Thu,Daily,WA13 9AF,Lymm,1000
2025-02-27,Thu,Daily,TR7 1LZ,Newquay,1000
2025-02-27,Thu,Daily,TN21 8NL,Heathfield (Wealden),1000
2025-02-27,Thu,Daily,SK11 8UX,Macclesfield,1000
2025-02-27,Thu,Daily,PL5 1SF,Plymouth,1000
2025-02-27,Thu,Daily,NR4 6AB,Norwich,1000
2025-02-27,Thu,Daily,NR12 8LJ,Hoveton and Wroxham,1000
2025-02-27,Thu,Daily,NR1 1HN,Norwich,1000
2025-02-27,Thu,Daily,NE16 3EG,Whickham,1000
2025-02-27,Thu,Daily,ME12 1YH,Sheerness,1000
2025-02-27,Thu,Daily,LS14 5JF,Leeds,1000
2025-02-27,Thu,Daily,HU13 9JG,Hessle,1000
2025-02-27,Thu,Daily,DY10 2PU,Kidderminster,1000
2025-02-27,Thu,Daily,DE21 2PU,Derby,1000
2025-02-27,Thu,Daily,CT18 7UN,Hawkinge,1000
2025-02-27,Thu,Daily,CO3 9DN,Colchester,1000
2025-02-27,Thu,Daily,CB9 9QE,Haverhill,1000
2025-02-27,Thu,Daily,BN18 0EL,Yapton,1000
2025-02-27,Thu,Daily,BA22 9DU,West Coker,1000
2025-02-27,Thu,Daily,B78 3AN,Fazeley,1000
2025-02-26,Wed,Daily,UB4 0AD,Hillingdon,1000
2025-02-26,Wed,Daily,TQ3 3FQ,Paignton,1000
2025-02-26,Wed,Daily,TQ12 1SR,Newton Abbot,1000
2025-02-26,Wed,Daily,TF3 1SR,Telford,1000
2025-02-26,Wed,Daily,S74 0LS,Hoyland,1000
2025-02-26,Wed,Daily,NW10 2NH,Brent,1000
2025-02-26,Wed,Daily,NR20 3TE,Dereham,1000
2025-02-26,Wed,Daily,MK42 8UH,Kempston,1000
2025-02-26,Wed,Daily,ME4 5BS,Chatham,1000
2025-02-26,Wed,Daily,LS22 5AB,Collingham (Leeds),1000
2025-02-26,Wed,Daily,KT3 6BX,Kingston upon Thames,1000
2025-02-26,Wed,Daily,HR1 3LU,Withington and White Stone,1000
2025-02-26,Wed,Daily,HD5 0EW,Kirkheaton,1000
2025-02-26,Wed,Daily,GU25 4HT,Virginia Water,1000
2025-02-26,Wed,Daily,GU12 4PG,Aldershot,1000
2025-02-26,Wed,Daily,GL12 7LJ,Wotton-under-Edge,1000
2025-02-26,Wed,Daily,FY7 7JB,Fleetwood,1000
2025-02-26,Wed,Daily,EX36 3QU,South Molton,1000
2025-02-26,Wed,Daily,CH66 3TD,Ellesmere Port,1000
2025-02-26,Wed,Daily,CA14 2UG,Workington,1000
2025-02-25,Tue,Daily,YO25 9SD,Hutton Cranswick,1000
2025-02-25,Tue,Daily,WA3 6LQ,Warrington,1000
2025-02-25,Tue,Daily,TS26 9NH,Hartlepool,1000
2025-02-25,Tue,Daily,TA2 6PE,Taunton,1000
2025-02-25,Tue,Daily,SY8 1UN,Ludlow,1000
2025-02-25,Tue,Daily,SS1 3JH,Southend-on-Sea,1000
2025-02-25,Tue,Daily,SK6 1LH,Bredbury and Woodley,1000
2025-02-25,Tue,Daily,S71 3AR,Barnsley,1000
2025-02-25,Tue,Daily,S5 0ET,Sheffield,1000
2025-02-25,Tue,Daily,RM14 3LH,Havering,1000
2025-02-25,Tue,Daily,OX9 2LN,Thame,1000
2025-02-25,Tue,Daily,NN5 7JR,Northampton,1000
2025-02-25,Tue,Daily,NG17 8AE,Kirkby-in-Ashfield,1000
2025-02-25,Tue,Daily,M8 0NZ,Manchester,1000
2025-02-25,Tue,Daily,LU6 2GA,Eaton Bray and Edlesborough,1000
2025-02-25,Tue,Daily,KY8 5AX,Kennoway,1000
2025-02-25,Tue,Daily,KT8 0AD,West Molesey,1000
2025-02-25,Tue,Daily,HS9 5UP,Bàgh a'Chaisteil,1000
2025-02-25,Tue,Daily,EH19 3RF,Bonnyrigg,1000
2025-02-25,Tue,Daily,CF14 6RN,Cardiff,1000
2025-02-24,Mon,Daily,WF2 0TD,Wakefield,1000
2025-02-24,Mon,Daily,TN15 0QA,Seal,1000
2025-02-24,Mon,Daily,SY13 2DA,Prees,1000
2025-02-24,Mon,Daily,SA1 6QR,Swansea,1000
2025-02-24,Mon,Daily,S43 3GE,Staveley (Chesterfield),1000
2025-02-24,Mon,Daily,PL7 2YT,Plymouth,1000
2025-02-24,Mon,Daily,PE2 5HB,Peterborough,1000
2025-02-24,Mon,Daily,PE16 6HX,Chatteris,1000
2025-02-24,Mon,Daily,NN6 7PT,Long Buckby,1000
2025-02-24,Mon,Daily,NG5 8SB,Arnold,1000
2025-02-24,Mon,Daily,NG11 9NB,Clifton (Nottingham),1000
2025-02-24,Mon,Daily,N8 7DH,Haringey,1000
2025-02-24,Mon,Daily,LE2 0DW,Leicester,1000
2025-02-24,Mon,Daily,KY10 3TW,Anstruther,1000
2025-02-24,Mon,Daily,EH15 1PF,Edinburgh,1000
2025-02-24,Mon,Daily,E3 2NP,Tower Hamlets,1000
2025-02-24,Mon,Daily,DE6 5NW,Doveridge,1000
2025-02-24,Mon,Daily,CM6 1GR,Great Dunmow,1000
2025-02-24,Mon,Daily,CF40 2NB,Tonypandy,1000
2025-02-24,Mon,Daily,AB12 3EF,Aberdeen,1000
2025-02-23,Sun,Street Prize,NR3 1AB,Norwich,30000
2025-02-22,Sat,Millionaire Street,CM5 0BU,Shelley (Epping Forest),111111
2025-02-21,Fri,Daily,WF15 8BL,Liversedge,1000
2025-02-21,Fri,Daily,TW12 1QE,Richmond upon Thames,1000
2025-02-21,Fri,Daily,SW13 8NN,Richmond upon Thames,1000
2025-02-21,Fri,Daily,SO50 5HW,Eastleigh,1000
2025-02-21,Fri,Daily,SG1 5PU,Stevenage,1000
2025-02-21,Fri,Daily,RH15 0UG,Burgess Hill,1000
2025-02-21,Fri,Daily,PE26 2TP,Bury (Huntingdonshire),1000
2025-02-21,Fri,Daily,NW9 5LT,Barnet,1000
2025-02-21,Fri,Daily,NG32 1DJ,Barrowby,1000
2025-02-21,Fri,Daily,NG15 0BH,Newstead,1000
2025-02-21,Fri,Daily,ME13 8LF,Faversham,1000
2025-02-21,Fri,Daily,LS15 8UX,Leeds,1000
2025-02-21,Fri,Daily,LL30 1ER,Llandudno,1000
2025-02-21,Fri,Daily,IP6 8JE,Needham Market,1000
2025-02-21,Fri,Daily,GL1 4NR,Gloucester,1000
2025-02-21,Fri,Daily,G64 2JH,Bishopbriggs,1000
2025-02-21,Fri,Daily,E1W 3SZ,Tower Hamlets,1000
2025-02-21,Fri,Daily,CH7 4LF,Leeswood,1000
2025-02-21,Fri,Daily,CA10 2PJ,Clifton (Eden),1000
2025-02-21,Fri,Daily,BS21 5HQ,Clevedon,1000
2025-02-20,Thu,Daily,WF3 3NT,Lofthouse and Robin Hood,1000
2025-02-20,Thu,Daily,TW1 4JF,Richmond upon Thames,1000
2025-02-20,Thu,Daily,TQ3 2BD,Paignton,1000
2025-02-20,Thu,Daily,SW15 4ND,Wandsworth,1000
2025-02-20,Thu,Daily,PR8 3EL,Southport,1000
2025-02-20,Thu,Daily,PO31 7LD,Cowes,1000
2025-02-20,Thu,Daily,NN10 8JH,Higham Ferrers,1000
2025-02-20,Thu,Daily,M11 3UN,Manchester,1000
2025-02-20,Thu,Daily,LS18 4GX,Leeds,1000
2025-02-20,Thu,Daily,LE7 1GE,Syston,1000
2025-02-20,Thu,Daily,FY8 3HX,Lytham St Anne's,1000
2025-02-20,Thu,Daily,FK2 9EW,Saint Columb,1000
2025-02-20,Thu,Daily,EH55 8DN,West Calder,1000
2025-02-20,Thu,Daily,DY13 8PS,Stourport-on-Severn,1000
2025-02-20,Thu,Daily,CW5 5JA,Nantwich,1000
2025-02-20,Thu,Daily,CH66 2RS,Ellesmere Port,1000
2025-02-20,Thu,Daily,CH4 7QZ,Chester,1000
2025-02-20,Thu,Daily,BS14 8TP,Bristol,1000
2025-02-20,Thu,Daily,BH17 7BL,Poole,1000
2025-02-20,Thu,Daily,BH15 4DH,Poole,1000
2025-02-19,Wed,Daily,YO25 5PA,Driffield,1000
2025-02-19,Wed,Daily,WA8 3YR,Widnes,1000
2025-02-19,Wed,Daily,TS3 9BQ,Middlesbrough,1000
2025-02-19,Wed,Daily,TS21 1NA,Stillington (Stockton-on-Tees),1000
2025-02-19,Wed,Daily,SS3 0LZ,Great Wakering,1000
2025-02-19,Wed,Daily,RM9 5AP,Barking and Dagenham,1000
2025-02-19,Wed,Daily,PO7 4SS,Hambledon (Winchester),1000
2025-02-19,Wed,Daily,PE28 9ED,Fenstanton,1000
2025-02-19,Wed,Daily,NG7 5PP,Nottingham,1000
2025-02-19,Wed,Daily,HX2 0LY,Halifax,1000
2025-02-19,Wed,Daily,HP18 9JA,Long Crendon,1000
2025-02-19,Wed,Daily,GL10 3UG,Leonard Stanley and King's Stanley,1000
2025-02-19,Wed,Daily,G12 9JY,Glasgow,1000
2025-02-19,Wed,Daily,FY4 1NR,Blackpool,1000
2025-02-19,Wed,Daily,EH15 3HH,Edinburgh,1000
2025-02-19,Wed,Daily,DN8 4PD,Thorne,1000
2025-02-19,Wed,Daily,CO15 4AR,Clacton-on-Sea,1000
2025-02-19,Wed,Daily,B72 1AN,Royal Sutton Coldfield,1000
2025-02-19,Wed,Daily,B69 1NT,Rowley Regis,1000
2025-02-19,Wed,Daily,B48 7SA,Alvechurch,1000
2025-02-18,Tue,Daily,WV3 8HR,Wolverhampton,1000
2025-02-18,Tue,Daily,WF4 1NF,Crofton,1000
2025-02-18,Tue,Daily,WF15 7QN,Liversedge,1000
2025-02-18,Tue,Daily,TS7 9DN,Middlesbrough,1000
2025-02-18,Tue,Daily,SP5 3LU,Downton,1000
2025-02-18,Tue,Daily,SO31 8FU,Bursledon,1000
2025-02-18,Tue,Daily,SG11 1TF,Puckeridge and Standon,1000
2025-02-18,Tue,Daily,SE1 0AQ,Southwark,1000
2025-02-18,Tue,Daily,NR3 3PJ,Norwich,1000
2025-02-18,Tue,Daily,NG18 3NN,Mansfield,1000
2025-02-18,Tue,Daily,NE34 6DZ,South Shields,1000
2025-02-18,Tue,Daily,HU18 1AG,Hornsea,1000
2025-02-18,Tue,Daily,HP3 8SA,Hemel Hempstead,1000
2025-02-18,Tue,Daily,EX6 6BA,Tedburn St Mary,1000
2025-02-18,Tue,Daily,EH32 9PH,Prestonpans,1000
2025-02-18,Tue,Daily,DG1 2HQ,Dumfries,1000
2025-02-18,Tue,Daily,CO2 9FA,Colchester,1000
2025-02-18,Tue,Daily,CF62 8EQ,Barry (Vale of Glamorgan),1000
2025-02-18,Tue,Daily,CF34 0PS,Maesteg,1000
2025-02-18,Tue,Daily,BA6 9DU,Glastonbury,1000
2025-02-17,Mon,Daily,WA5 3GY,Warrington,1000
2025-02-17,Mon,Daily,TS7 8PF,Middlesbrough,1000
2025-02-17,Mon,Daily,TR8 4SU,Newquay,1000
2025-02-17,Mon,Daily,SG12 7QQ,Ware,1000
2025-02-17,Mon,Daily,SE13 5PF,Lewisham,1000
2025-02-17,Mon,Daily,PE11 2NB,Spalding,1000
2025-02-17,Mon,Daily,NP19 8BW,Newport (Newport),1000
2025-02-17,Mon,Daily,NN17 1RU,Corby,1000
2025-02-17,Mon,Daily,ML1 5QX,Motherwell,1000
2025-02-17,Mon,Daily,LS9 6DN,Leeds,1000
2025-02-17,Mon,Daily,LL30 1PL,Llandudno,1000
2025-02-17,Mon,Daily,LE7 3QR,Queniborough,1000
2025-02-17,Mon,Daily,LE15 6NT,Oakham,1000
2025-02-17,Mon,Daily,GL7 6PL,Kemble,1000
2025-02-17,Mon,Daily,CW11 4SJ,Sandbach,1000
2025-02-17,Mon,Daily,CF83 2TW,Caerphilly,1000
2025-02-17,Mon,Daily,BS8 3PE,Bristol,1000
2025-02-17,Mon,Daily,BN15 9UG,Lancing and Sompting,1000
2025-02-17,Mon,Daily,BB7 9SZ,Whalley,1000
2025-02-17,Mon,Daily,AL7 2HT,Welwyn Garden City,1000
2025-02-16,Sun,Street Prize,L37 2HR,Formby,30000
2025-02-15,Sat,Millionaire Street,G83 8SY,Balloch,66666
2025-02-14,Fri,Daily,YO41 5LT,Wilberfoss,1000
2025-02-14,Fri,Daily,YO25 5JW,Driffield,1000
2025-02-14,Fri,Daily,SY13 3JB,Tilstock,1000
2025-02-14,Fri,Daily,ST17 4YB,Stafford,1000
2025-02-14,Fri,Daily,SA41 3SN,Crymych,1000
2025-02-14,Fri,Daily,PO22 9JP,Bognor Regis,1000
2025-02-14,Fri,Daily,PH2 0AD,Perth,1000
2025-02-14,Fri,Daily,NG31 9FS,Grantham,1000
2025-02-14,Fri,Daily,NG16 1DE,Nuthall and Watnall,1000
2025-02-14,Fri,Daily,L27 1YY,Liverpool,1000
2025-02-14,Fri,Daily,KA20 4HP,Stevenston,1000
2025-02-14,Fri,Daily,EN9 1TT,Waltham Abbey,1000
2025-02-14,Fri,Daily,CH5 4RR,Connah's Quay,1000
2025-02-14,Fri,Daily,CH46 9QL,Wallasey,1000
2025-02-14,Fri,Daily,CF44 6LL,Aberdare,1000
2025-02-14,Fri,Daily,CA28 7RT,Whitehaven,1000
2025-02-14,Fri,Daily,BL9 6DT,Bury (Bury),1000
2025-02-14,Fri,Daily,BD4 9ES,Bradford,1000
2025-02-14,Fri,Daily,BB9 6HT,Barrowford,1000
2025-02-14,Fri,Daily,BA21 3RE,Yeovil,1000
2025-02-13,Thu,Daily,WS15 1EW,Rugeley,1000
2025-02-13,Thu,Daily,WF3 3BW,Lofthouse and Robin Hood,1000
2025-02-13,Thu,Daily,WF1 5DP,Wakefield,1000
2025-02-13,Thu,Daily,TR14 0LL,Camborne,1000
2025-02-13,Thu,Daily,SN8 3RZ,Marlborough,1000
2025-02-13,Thu,Daily,S9 5AL,Sheffield,1000
2025-02-13,Thu,Daily,RM15 6DJ,South Ockendon,1000
2025-02-13,Thu,Daily,PO5 1NN,Portsmouth,1000
2025-02-13,Thu,Daily,PO10 7FF,Emsworth,1000
2025-02-13,Thu,Daily,PE6 8DN,Market Deeping,1000
2025-02-13,Thu,Daily,OX5 1NL,Kidlington,1000
2025-02-13,Thu,Daily,NN13 6AU,Brackley,1000
2025-02-13,Thu,Daily,NG24 2GG,Newark-on-Trent,1000
2025-02-13,Thu,Daily,LE7 2EG,Syston,1000
2025-02-13,Thu,Daily,LE17 4PS,Lutterworth,1000
2025-02-13,Thu,Daily,HD5 9HL,Huddersfield,1000
2025-02-13,Thu,Daily,DN33 2DN,Grimsby,1000
2025-02-13,Thu,Daily,DN15 7UR,Scunthorpe,1000
2025-02-13,Thu,Daily,DE7 4RH,Ilkeston,1000
2025-02-13,Thu,Daily,CF83 3SR,Caerphilly,1000
2025-02-12,Wed,Daily,WS13 6AZ,Lichfield,1000
2025-02-12,Wed,Daily,WA5 1JT,Warrington,1000
2025-02-12,Wed,Daily,SN6 6AP,Cricklade,1000
2025-02-12,Wed,Daily,SN2 2HE,Swindon (Swindon),1000
2025-02-12,Wed,Daily,PL25 4HB,St Austell,1000
2025-02-12,Wed,Daily,NN8 1RQ,Wellingborough,1000
2025-02-12,Wed,Daily,NN4 6AN,Northampton,1000
2025-02-12,Wed,Daily,NN2 7HS,Northampton,1000
2025-02-12,Wed,Daily,MK43 9TA,Wootton (Bedford),1000
2025-02-12,Wed,Daily,ME4 5LS,Chatham,1000
2025-02-12,Wed,Daily,M20 2RG,Manchester,1000
2025-02-12,Wed,Daily,G66 5PF,Kirkintilloch,1000
2025-02-12,Wed,Daily,CW1 4EQ,Crewe,1000
2025-02-12,Wed,Daily,CM2 6QH,Chelmsford,1000
2025-02-12,Wed,Daily,CH66 2WQ,Ellesmere Port,1000
2025-02-12,Wed,Daily,CF43 4BE,Ferndale,1000
2025-02-12,Wed,Daily,CB22 3ER,Sawston,1000
2025-02-12,Wed,Daily,CA11 9QL,Penrith,1000
2025-02-12,Wed,Daily,BH24 2PG,Ashley Heath,1000
2025-02-12,Wed,Daily,B76 2NS,Royal Sutton Coldfield,1000
2025-02-11,Tue,Daily,WF4 3HG,Crigglestone and Durkar,1000
2025-02-11,Tue,Daily,WA16 7NY,Mobberley,1000
2025-02-11,Tue,Daily,SA4 3BB,Gowerton,1000
2025-02-11,Tue,Daily,RG30 2NL,Reading,1000
2025-02-11,Tue,Daily,PR7 5JZ,Eccleston,1000
2025-02-11,Tue,Daily,PA66 6BL,Isle of Mull,1000
2025-02-11,Tue,Daily,OX26 6JX,Bicester,1000
2025-02-11,Tue,Daily,NG15 6LT,Hucknall,1000
2025-02-11,Tue,Daily,NG10 5FU,Sandiacre,1000
2025-02-11,Tue,Daily,ML10 6DF,Strathaven,1000
2025-02-11,Tue,Daily,M45 8LF,Whitefield,1000
2025-02-11,Tue,Daily,LA13 9UG,Barrow-in-Furness,1000
2025-02-11,Tue,Daily,DL1 4QG,Darlington,1000
2025-02-11,Tue,Daily,DE75 7HJ,Heanor,1000
2025-02-11,Tue,Daily,DA1 5ET,Dartford,1000
2025-02-11,Tue,Daily,CT15 4DD,Eythorne,1000
2025-02-11,Tue,Daily,CR4 1AT,Merton,1000
2025-02-11,Tue,Daily,BN3 4GG,Brighton and Hove,1000
2025-02-11,Tue,Daily,BD6 3WG,Bradford,1000
2025-02-11,Tue,Daily,B77 4EH,Tamworth,1000
2025-02-10,Mon,Daily,WD19 7AT,Watford (Watford),1000
2025-02-10,Mon,Daily,W12 9UH,Hammersmith and Fulham,1000
2025-02-10,Mon,Daily,TR8 4FU,Newquay,1000
2025-02-10,Mon,Daily,TN40 1RE,Bexhill-on-Sea,1000
2025-02-10,Mon,Daily,SY8 2AL,Ludlow,1000
2025-02-10,Mon,Daily,SY16 4AZ,Kerry,1000
2025-02-10,Mon,Daily,SO50 9PS,Eastleigh,1000
2025-02-10,Mon,Daily,SK8 7QG,Cheadle Hulme,1000
2025-02-10,Mon,Daily,SK6 2QE,Bredbury and Woodley,1000
2025-02-10,Mon,Daily,PL26 8FZ,Bugle,1000
2025-02-10,Mon,Daily,PH7 3RP,Crieff,1000
2025-02-10,Mon,Daily,PE31 6DE,Dersingham,1000
2025-02-10,Mon,Daily,PE11 3AX,Spalding,1000
2025-02-10,Mon,Daily,OX4 6TB,Oxford,1000
2025-02-10,Mon,Daily,IP1 4NQ,Ipswich,1000
2025-02-10,Mon,Daily,HA2 0QW,Harrow,1000
2025-02-10,Mon,Daily,GL5 3ER,Stroud,1000
2025-02-10,Mon,Daily,EH16 5LT,Edinburgh,1000
2025-02-10,Mon,Daily,DL3 7RR,Darlington,1000
2025-02-10,Mon,Daily,CM23 4GF,Bishop's Stortford,1000
2025-02-09,Sun,Street Prize,DY3 2BU,Sedgley,30000
2025-02-08,Sat,Millionaire Street,NG12 3NT,Cotgrave,76923
2025-02-07,Fri,Daily,SW6 1SG,Hammersmith and Fulham,1000
2025-02-07,Fri,Daily,SE25 4NA,Croydon,1000
2025-02-07,Fri,Daily,SA41 3RB,Crymych,1000
2025-02-07,Fri,Daily,OL8 2JH,Oldham,1000
2025-02-07,Fri,Daily,NG15 0AA,Newstead,1000
2025-02-07,Fri,Daily,NE4 5ED,Newcastle upon Tyne,1000
2025-02-07,Fri,Daily,M20 1FQ,Manchester,1000
2025-02-07,Fri,Daily,GU15 2RG,Camberley,1000
2025-02-07,Fri,Daily,GL52 2NJ,Cheltenham,1000
2025-02-07,Fri,Daily,G71 8QQ,Bothwell,1000
2025-02-07,Fri,Daily,EX14 1UT,Honiton,1000
2025-02-07,Fri,Daily,CR8 3DA,Croydon,1000
2025-02-07,Fri,Daily,CO15 6EG,Clacton-on-Sea,1000
2025-02-07,Fri,Daily,CM3 5FZ,South Woodham Ferrers,1000
2025-02-07,Fri,Daily,CF42 6SU,Treorchy,1000
2025-02-07,Fri,Daily,BS40 5NX,Wrington,1000
2025-02-07,Fri,Daily,BR6 0HP,Bromley,1000
2025-02-07,Fri,Daily,BN43 6EG,Shoreham-by-Sea,1000
2025-02-07,Fri,Daily,BL3 1PP,Little Lever,1000
2025-02-07,Fri,Daily,B37 5PT,Birmingham,1000
2025-02-06,Thu,Daily,TN26 3SA,Woodchurch,1000
2025-02-06,Thu,Daily,SO19 6NY,Southampton,1000
2025-02-06,Thu,Daily,SN4 9BD,Wroughton,1000
2025-02-06,Thu,Daily,SK8 2HE,Cheadle (Stockport),1000
2025-02-06,Thu,Daily,SK7 3PY,Bramhall,1000
2025-02-06,Thu,Daily,ME7 3PX,Gillingham (Medway),1000
2025-02-06,Thu,Daily,M33 5GR,Sale,1000
2025-02-06,Thu,Daily,LS28 7NE,Pudsey,1000
2025-02-06,Thu,Daily,LS16 6SD,Leeds,1000
2025-02-06,Thu,Daily,KW17 2EG,Kirkwall,1000
2025-02-06,Thu,Daily,HU15 2XD,Gilberdyke,1000
2025-02-06,Thu,Daily,G44 3DX,Glasgow,1000
2025-02-06,Thu,Daily,E14 9XD,Tower Hamlets,1000
2025-02-06,Thu,Daily,DE7 4FP,Ilkeston,1000
2025-02-06,Thu,Daily,DA1 3QP,Dartford,1000
2025-02-06,Thu,Daily,CM1 6FB,Chelmsford,1000
2025-02-06,Thu,Daily,CF5 1AF,Cardiff,1000
2025-02-06,Thu,Daily,BS36 2UT,Frampton Cotterell and Winterbourne,1000
2025-02-06,Thu,Daily,BN2 1QA,Brighton and Hove,1000
2025-02-06,Thu,Daily,B79 8FE,Tamworth,1000
2025-02-05,Wed,Daily,YO41 4AX,Elvington,1000
2025-02-05,Wed,Daily,TD9 9BQ,Hawick,1000
2025-02-05,Wed,Daily,SR2 0FD,Sunderland,1000
2025-02-05,Wed,Daily,S73 8JJ,Wombwell,1000
2025-02-05,Wed,Daily,PH10 7ED,Blairgowrie and Rattray,1000
2025-02-05,Wed,Daily,OX18 2TD,Bampton (West Oxfordshire),1000
2025-02-05,Wed,Daily,OL16 3PW,Milnrow,1000
2025-02-05,Wed,Daily,NG10 5LQ,Sandiacre,1000
2025-02-05,Wed,Daily,ME12 2AN,Minster (Swale),1000
2025-02-05,Wed,Daily,M23 2TD,Wythenshawe,1000
2025-02-05,Wed,Daily,LA2 9NG,Caton,1000
2025-02-05,Wed,Daily,L35 4LX,Prescot,1000
2025-02-05,Wed,Daily,KT12 2NB,Walton-on-Thames,1000
2025-02-05,Wed,Daily,GL7 3JQ,Lechlade-on-Thames,1000
2025-02-05,Wed,Daily,DN10 6XE,Bawtry,1000
2025-02-05,Wed,Daily,CW12 1ER,Congleton,1000
2025-02-05,Wed,Daily,CH62 5BB,Bebington,1000
2025-02-05,Wed,Daily,BS40 6AN,Compton Martin,1000
2025-02-05,Wed,Daily,BN12 4DS,Worthing,1000
2025-02-05,Wed,Daily,BD6 1RY,Bradford,1000
2025-02-04,Tue,Daily,YO21 3DT,Whitby,1000
2025-02-04,Tue,Daily,TR17 0EX,Marazion,1000
2025-02-04,Tue,Daily,TQ9 5DN,Totnes,1000
2025-02-04,Tue,Daily,PO7 6GB,Denmead,1000
2025-02-04,Tue,Daily,PO30 5AT,Newport (Isle of Wight),1000
2025-02-04,Tue,Daily,PE9 1AU,Stamford,1000
2025-02-04,Tue,Daily,PE37 8AX,Swaffham,1000
2025-02-04,Tue,Daily,ME13 8NW,Faversham,1000
2025-02-04,Tue,Daily,LU6 1UB,Dunstable,1000
2025-02-04,Tue,Daily,KA19 8BB,Maybole,1000
2025-02-04,Tue,Daily,GL55 6NZ,Chipping Campden,1000
2025-02-04,Tue,Daily,EN5 2RJ,Barnet,1000
2025-02-04,Tue,Daily,DL8 1NP,Aiskew,1000
2025-02-04,Tue,Daily,CT9 4EW,Margate,1000
2025-02-04,Tue,Daily,CO1 1EW,Colchester,1000
2025-02-04,Tue,Daily,BH24 1JB,Ringwood,1000
2025-02-04,Tue,Daily,BH12 2JN,Poole,1000
2025-02-04,Tue,Daily,B76 2BU,Royal Sutton Coldfield,1000
2025-02-04,Tue,Daily,AL2 3AR,Bricket Wood,1000
2025-02-04,Tue,Daily,AB42 1NA,Peterhead,1000
2025-02-03,Mon,Daily,WF8 3AR,Pontefract,1000
2025-02-03,Mon,Daily,ST21 6QJ,Eccleshall,1000
2025-02-03,Mon,Daily,SS13 1NP,Basildon,1000
2025-02-03,Mon,Daily,PR2 7AP,Fulwood,1000
2025-02-03,Mon,Daily,PE7 8RH,Peterborough,1000
2025-02-03,Mon,Daily,PA12 4AR,Lochwinnoch,1000
2025-02-03,Mon,Daily,ME15 7EZ,Maidstone,1000
2025-02-03,Mon,Daily,IP8 4NH,Bramford,1000
2025-02-03,Mon,Daily,HU12 0DJ,Patrington,1000
2025-02-03,Mon,Daily,G72 7TJ,Cambuslang,1000
2025-02-03,Mon,Daily,G21 3SQ,Glasgow,1000
2025-02-03,Mon,Daily,E4 9PP,Waltham Forest,1000
2025-02-03,Mon,Daily,DY8 2LW,Stourbridge,1000
2025-02-03,Mon,Daily,CW1 4SL,Crewe,1000
2025-02-03,Mon,Daily,CH47 9RS,Meols,1000
2025-02-03,Mon,Daily,CA28 6HF,Whitehaven,1000
2025-02-03,Mon,Daily,BN7 1HH,Lewes,1000
2025-02-03,Mon,Daily,BB8 0NB,Colne,1000
2025-02-03,Mon,Daily,B12 9PH,Birmingham,1000
2025-02-03,Mon,Daily,AB55 5HU,Keith,1000
2025-02-02,Sun,Street Prize,TS18 3WG,Stockton-on-Tees,30000
2025-02-01,Sat,Millionaire Street,RG26 3PE,Tadley,200000
2025-01-31,Fri,Daily,WS15 4EY,Handsacre and Armitage,1000
2025-01-31,Fri,Daily,TR27 6PQ,Leedstown,1000
2025-01-31,Fri,Daily,TR11 4QE,Falmouth,1000
2025-01-31,Fri,Daily,TN9 2QS,Tonbridge,1000
2025-01-31,Fri,Daily,TN31 6EH,Northiam,1000
2025-01-31,Fri,Daily,SY5 0DR,Pontesbury,1000
2025-01-31,Fri,Daily,SS14 1QB,Basildon,1000
2025-01-31,Fri,Daily,SP10 3BW,Andover,1000
2025-01-31,Fri,Daily,RG6 7HP,Reading,1000
2025-01-31,Fri,Daily,PE28 4RP,Brampton (Huntingdonshire),1000
2025-01-31,Fri,Daily,OX10 9HR,Wallingford,1000
2025-01-31,Fri,Daily,NR30 4AT,Great Yarmouth,1000
2025-01-31,Fri,Daily,LS8 3EX,Leeds,1000
2025-01-31,Fri,Daily,KA11 1PR,Irvine,1000
2025-01-31,Fri,Daily,HU13 0FZ,Hessle,1000
2025-01-31,Fri,Daily,HR9 7TJ,Ross-on-Wye,1000
2025-01-31,Fri,Daily,GU52 6PP,Fleet,1000
2025-01-31,Fri,Daily,EH12 8QU,Edinburgh,1000
2025-01-31,Fri,Daily,CV32 6JX,Royal Leamington Spa,1000
2025-01-31,Fri,Daily,CF24 2RY,Cardiff,1000
2025-01-30,Thu,Daily,YO10 3SZ,York,1000
2025-01-30,Thu,Daily,YO1 6EB,York,1000
2025-01-30,Thu,Daily,WF8 4SA,Pontefract,1000
2025-01-30,Thu,Daily,WA7 3AW,Runcorn,1000
2025-01-30,Thu,Daily,TN40 2JY,Bexhill-on-Sea,1000
2025-01-30,Thu,Daily,TN38 9QE,Hastings,1000
2025-01-30,Thu,Daily,SY2 5YS,Shrewsbury,1000
2025-01-30,Thu,Daily,SY10 0AP,Llanrhaeadr-ym-Mochnant,1000
2025-01-30,Thu,Daily,SS4 3DF,Ashingdon,1000
2025-01-30,Thu,Daily,SS0 9JQ,Southend-on-Sea,1000
2025-01-30,Thu,Daily,SO32 1QQ,Bishop's Waltham,1000
2025-01-30,Thu,Daily,SL6 8PT,Maidenhead,1000
2025-01-30,Thu,Daily,MK17 0AX,Newton Longville,1000
2025-01-30,Thu,Daily,KT9 1JR,Kingston upon Thames,1000
2025-01-30,Thu,Daily,KA22 8AP,Ardrossan,1000
2025-01-30,Thu,Daily,IP31 3QE,Thurston,1000
2025-01-30,Thu,Daily,GU47 8JU,Sandhurst (Bracknell Forest),1000
2025-01-30,Thu,Daily,GU14 0ET,Farnborough,1000
2025-01-30,Thu,Daily,EX36 3DQ,South Molton,1000
2025-01-30,Thu,Daily,CV8 1NQ,Kenilworth,1000
2025-01-29,Wed,Daily,WS5 3PJ,Walsall,1000
2025-01-29,Wed,Daily,WA7 4LY,Runcorn,1000
2025-01-29,Wed,Daily,SW16 1HJ,Lambeth,1000
2025-01-29,Wed,Daily,SS13 2HZ,Basildon,1000
2025-01-29,Wed,Daily,SL1 1NW,Slough,1000
2025-01-29,Wed,Daily,SA48 8RT,Cwmann,1000
2025-01-29,Wed,Daily,RG27 0HH,Sherfield on Loddon,1000
2025-01-29,Wed,Daily,PO30 5QN,Newport (Isle of Wight),1000
2025-01-29,Wed,Daily,PA7 5GN,Bishopton,1000
2025-01-29,Wed,Daily,OL5 0BG,Mossley,1000
2025-01-29,Wed,Daily,NW7 4NL,Barnet,1000
2025-01-29,Wed,Daily,KA1 2SE,Kilmarnock,1000
2025-01-29,Wed,Daily,IV12 4DE,Nairn,1000
2025-01-29,Wed,Daily,IG6 3HE,Redbridge,1000
2025-01-29,Wed,Daily,G32 8JB,Glasgow,1000
2025-01-29,Wed,Daily,EX33 1NW,Braunton,1000
2025-01-29,Wed,Daily,CO10 8JJ,Clare,1000
2025-01-29,Wed,Daily,CM2 6YX,Chelmsford,1000
2025-01-29,Wed,Daily,BH23 2PY,Christchurch,1000
2025-01-29,Wed,Daily,BA20 2RF,Yeovil,1000
2025-01-28,Tue,Daily,WR9 7RX,Droitwich Spa,1000
2025-01-28,Tue,Daily,WF10 2AG,Castleford,1000
2025-01-28,Tue,Daily,TN24 0QL,Ashford (Ashford),1000
2025-01-28,Tue,Daily,SY4 5BG,Wem,1000
2025-01-28,Tue,Daily,SY11 1TW,Oswestry,1000
2025-01-28,Tue,Daily,SR8 3HZ,Easington (County Durham),1000
2025-01-28,Tue,Daily,SK10 4AF,Prestbury (Cheshire East),1000
2025-01-28,Tue,Daily,SG5 3RD,Ickleford,1000
2025-01-28,Tue,Daily,NW10 4SA,Brent,1000
2025-01-28,Tue,Daily,NG9 2SY,Beeston (Broxtowe),1000
2025-01-28,Tue,Daily,ML9 1JX,Larkhall,1000
2025-01-28,Tue,Daily,ME5 7BG,Chatham,1000
2025-01-28,Tue,Daily,M38 9WE,Little Hulton,1000
2025-01-28,Tue,Daily,LE18 3YS,Wigston,1000
2025-01-28,Tue,Daily,L24 9LG,Liverpool,1000
2025-01-28,Tue,Daily,KA27 8PD,Brodick,1000
2025-01-28,Tue,Daily,EH9 2NN,Edinburgh,1000
2025-01-28,Tue,Daily,EH4 2UA,Edinburgh,1000
2025-01-28,Tue,Daily,CV34 6JD,Warwick,1000
2025-01-28,Tue,Daily,BS20 8EW,Portishead,1000
2025-01-27,Mon,Daily,SP11 7LR,Anna Valley and Upper Clatford,1000
2025-01-27,Mon,Daily,PR8 5PL,Southport,1000
2025-01-27,Mon,Daily,PL12 6NP,Saltash,1000
2025-01-27,Mon,Daily,NG34 9WJ,Ruskington,1000
2025-01-27,Mon,Daily,ME2 2PH,Rochester,1000
2025-01-27,Mon,Daily,M9 4FA,Manchester,1000
2025-01-27,Mon,Daily,KA1 1SG,Kilmarnock,1000
2025-01-27,Mon,Daily,IP3 0JE,Ipswich,1000
2025-01-27,Mon,Daily,HX3 7AX,Shelf and Northowram,1000
2025-01-27,Mon,Daily,HR1 1HZ,Hereford,1000
2025-01-27,Mon,Daily,HP21 7NY,Aylesbury,1000
2025-01-27,Mon,Daily,EX22 7HA,Bradworthy,1000
2025-01-27,Mon,Daily,EH48 2DJ,Bathgate,1000
2025-01-27,Mon,Daily,E11 1HB,Waltham Forest,1000
2025-01-27,Mon,Daily,DN11 8LZ,Harworth and Bircotes,1000
2025-01-27,Mon,Daily,CT13 9HX,Sandwich,1000
2025-01-27,Mon,Daily,CO4 0DX,Colchester,1000
2025-01-27,Mon,Daily,BN20 8JL,Eastbourne,1000
2025-01-27,Mon,Daily,BD15 0HE,Wilsden,1000
2025-01-27,Mon,Daily,B14 5LP,Birmingham,1000
2025-01-26,Sun,Street Prize,KY16 8HZ,St Andrews,30000
2025-01-25,Sat,Millionaire Street,B46 1BT,Coleshill (North Warwickshire),250000
2025-01-24,Fri,Daily,WS9 0LB,Aldridge,1000
2025-01-24,Fri,Daily,TW8 0QS,Hounslow,1000
2025-01-24,Fri,Daily,TN39 4HP,Bexhill-on-Sea,1000
2025-01-24,Fri,Daily,S41 9DD,Chesterfield,1000
2025-01-24,Fri,Daily,RM13 9QH,Havering,1000
2025-01-24,Fri,Daily,NR9 5QA,Easton (Broadland),1000
2025-01-24,Fri,Daily,NG6 8RQ,Nottingham,1000
2025-01-24,Fri,Daily,LL45 2LP,Llanbedr,1000
2025-01-24,Fri,Daily,L23 1TY,Crosby (Sefton),1000
2025-01-24,Fri,Daily,IV3 5RT,Inbhir Nis,1000
2025-01-24,Fri,Daily,HU19 2JX,Withernsea,1000
2025-01-24,Fri,Daily,EX22 6LS,Holsworthy,1000
2025-01-24,Fri,Daily,DY10 1SD,Kidderminster,1000
2025-01-24,Fri,Daily,DN38 6DA,Barnetby le Wold,1000
2025-01-24,Fri,Daily,CT17 9JH,Dover,1000
2025-01-24,Fri,Daily,CO3 4SN,Colchester,1000
2025-01-24,Fri,Daily,BL5 2RH,Westhoughton,1000
2025-01-24,Fri,Daily,BA12 7RL,Warminster,1000
2025-01-24,Fri,Daily,B92 9EH,Solihull,1000
2025-01-24,Fri,Daily,B17 8HN,Birmingham,1000
2025-01-23,Thu,Daily,WV3 7JF,Wolverhampton,1000
2025-01-23,Thu,Daily,TW14 9BU,Hounslow,1000
2025-01-23,Thu,Daily,TW11 0JT,Richmond upon Thames,1000
2025-01-23,Thu,Daily,SE18 3RL,Greenwich,1000
2025-01-23,Thu,Daily,S18 2EH,Dronfield,1000
2025-01-23,Thu,Daily,PR2 5RH,Preston (Preston),1000
2025-01-23,Thu,Daily,PO36 0NB,Brading,1000
2025-01-23,Thu,Daily,NE42 5GA,Prudhoe,1000
2025-01-23,Thu,Daily,MK42 9DN,Bedford,1000
2025-01-23,Thu,Daily,LS27 9HR,Morley (Leeds),1000
2025-01-23,Thu,Daily,LN6 9ZD,North Hykeham,1000
2025-01-23,Thu,Daily,HD7 6LT,Marsden,1000
2025-01-23,Thu,Daily,DN33 1BJ,Grimsby,1000
2025-01-23,Thu,Daily,DH6 5HY,Bowburn,1000
2025-01-23,Thu,Daily,CO15 4PA,Clacton-on-Sea,1000
2025-01-23,Thu,Daily,CH65 9DZ,Ellesmere Port,1000
2025-01-23,Thu,Daily,BS39 6XY,High Littleton,1000
2025-01-23,Thu,Daily,BD2 2HY,Bradford,1000
2025-01-23,Thu,Daily,BB12 7EL,Padiham,1000
2025-01-23,Thu,Daily,B73 6LJ,Royal Sutton Coldfield,1000
2025-01-22,Wed,Daily,WN3 6BA,Wigan,1000
2025-01-22,Wed,Daily,WA16 7HF,Mobberley,1000
2025-01-22,Wed,Daily,TR1 1TB,Truro,1000
2025-01-22,Wed,Daily,RG10 0UB,Twyford (Wokingham),1000
2025-01-22,Wed,Daily,PE19 6EY,Little Paxton,1000
2025-01-22,Wed,Daily,OL4 5NH,Lees,1000
2025-01-22,Wed,Daily,NR5 8HT,Norwich,1000
2025-01-22,Wed,Daily,NP23 5BR,Ebbw Vale,1000
2025-01-22,Wed,Daily,NP19 8GH,Newport (Newport),1000
2025-01-22,Wed,Daily,MK4 2JQ,Milton Keynes,1000
2025-01-22,Wed,Daily,KT19 9RR,Ewell,1000
2025-01-22,Wed,Daily,DT9 4ER,Sherborne,1000
2025-01-22,Wed,Daily,DL9 4JJ,Catterick Garrison,1000
2025-01-22,Wed,Daily,DL1 3LB,Darlington,1000
2025-01-22,Wed,Daily,CW9 7LH,Northwich,1000
2025-01-22,Wed,Daily,CH5 2QF,Hawarden,1000
2025-01-22,Wed,Daily,CF64 2TB,Penarth,1000
2025-01-22,Wed,Daily,BS16 2JY,Kingswood and Fishponds,1000
2025-01-22,Wed,Daily,BN16 3NF,Rustington,1000
2025-01-22,Wed,Daily,BL7 0FA,Edgworth,1000
2025-01-21,Tue,Daily,TF4 2AN,Telford,1000
2025-01-21,Tue,Daily,SE1 0TL,Southwark,1000
2025-01-21,Tue,Daily,S80 4JY,Creswell,1000
2025-01-21,Tue,Daily,S63 7BP,Wath upon Dearne,1000
2025-01-21,Tue,Daily,RM8 2JA,Barking and Dagenham,1000
2025-01-21,Tue,Daily,PO16 9DR,Portsmouth,1000
2025-01-21,Tue,Daily,PE29 7BE,Huntingdon,1000
2025-01-21,Tue,Daily,PA15 4SH,Greenock,1000
2025-01-21,Tue,Daily,NG6 0LE,Nottingham,1000
2025-01-21,Tue,Daily,M9 5UH,Manchester,1000
2025-01-21,Tue,Daily,LS17 8NS,Leeds,1000
2025-01-21,Tue,Daily,IP14 2RA,Stowmarket,1000
2025-01-21,Tue,Daily,GU26 6AZ,Hindhead,1000
2025-01-21,Tue,Daily,G60 5NG,Clydebank,1000
2025-01-21,Tue,Daily,EN11 8RF,Hoddesdon,1000
2025-01-21,Tue,Daily,DL17 0DZ,Chilton (County Durham),1000
2025-01-21,Tue,Daily,DD4 8SA,Dundee,1000
2025-01-21,Tue,Daily,CM3 2BW,Hatfield Peverel,1000
2025-01-21,Tue,Daily,BN10 7LX,Peacehaven,1000
2025-01-21,Tue,Daily,BB8 7LW,Colne,1000
2025-01-20,Mon,Daily,WR5 1BU,Worcester,1000
2025-01-20,Mon,Daily,TS26 0BQ,Hartlepool,1000
2025-01-20,Mon,Daily,SR8 1HY,Peterlee,1000
2025-01-20,Mon,Daily,PO3 6GZ,Portsmouth,1000
2025-01-20,Mon,Daily,NW7 2LP,Barnet,1000
2025-01-20,Mon,Daily,NR1 1GR,Norwich,1000
2025-01-20,Mon,Daily,NG19 8HE,Mansfield Woodhouse,1000
2025-01-20,Mon,Daily,ML9 3LL,Stonehouse (South Lanarkshire),1000
2025-01-20,Mon,Daily,LL57 4UL,Bangor,1000
2025-01-20,Mon,Daily,LE12 8BX,Barrow upon Soar,1000
2025-01-20,Mon,Daily,L8 1XN,Liverpool,1000
2025-01-20,Mon,Daily,KA25 6DY,Kilbirnie,1000
2025-01-20,Mon,Daily,KA13 7HR,Kilwinning,1000
2025-01-20,Mon,Daily,HR8 1JX,Ledbury,1000
2025-01-20,Mon,Daily,GU47 9BH,Sandhurst (Bracknell Forest),1000
2025-01-20,Mon,Daily,CT11 0PT,Ramsgate,1000
2025-01-20,Mon,Daily,CM15 8LB,Brentwood,1000
2025-01-20,Mon,Daily,BH1 3HR,Bournemouth,1000
2025-01-20,Mon,Daily,B78 3NH,Fazeley,1000
2025-01-20,Mon,Daily,B36 9NT,Birmingham,1000
2025-01-19,Sun,Street Prize,PE10 0DA,Bourne,30000
2025-01-18,Sat,Millionaire Street,IP11 9TE,Felixstowe,333333
2025-01-17,Fri,Unforgettable Year,PO5 3AY,Portsmouth,
2025-01-17,Fri,Daily,WF5 8JP,Ossett,1000
2025-01-17,Fri,Daily,SL3 7HP,Slough,1000
2025-01-17,Fri,Daily,SE19 2RY,Croydon,1000
2025-01-17,Fri,Daily,RM1 4RT,Havering,1000
2025-01-17,Fri,Daily,RG18 3EU,Thatcham,1000
2025-01-17,Fri,Daily,PE22 9BE,Old Leake,1000
2025-01-17,Fri,Daily,NN6 9HH,Brixworth,1000
2025-01-17,Fri,Daily,NE3 1SU,Newcastle upon Tyne,1000
2025-01-17,Fri,Daily,N14 5QJ,Barnet,1000
2025-01-17,Fri,Daily,IP24 2TW,Thetford,1000
2025-01-17,Fri,Daily,HG4 1JT,Ripon,1000
2025-01-17,Fri,Daily,G61 3PX,Bearsden,1000
2025-01-17,Fri,Daily,G20 9PH,Glasgow,1000
2025-01-17,Fri,Daily,FY2 0AS,Blackpool,1000
2025-01-17,Fri,Daily,E13 0EX,Newham,1000
2025-01-17,Fri,Daily,DN14 7HJ,Howden,1000
2025-01-17,Fri,Daily,CW2 7LE,Crewe,1000
2025-01-17,Fri,Daily,CM6 1RU,Great Dunmow,1000
2025-01-17,Fri,Daily,BN8 4LL,Newick,1000
2025-01-17,Fri,Daily,B10 0JJ,Birmingham,1000
2025-01-16,Thu,Daily,TS17 6DL,Thornaby-on-Tees,1000
2025-01-16,Thu,Daily,TS17 0SE,Ingleby Barwick,1000
2025-01-16,Thu,Daily,SW5 0NT,Kensington and Chelsea,1000
2025-01-16,Thu,Daily,SW15 6UU,Wandsworth,1000
2025-01-16,Thu,Daily,SO30 3EZ,West End (Eastleigh),1000
2025-01-16,Thu,Daily,SK4 4BF,Stockport,1000
2025-01-16,Thu,Daily,PR2 5JD,Preston (Preston),1000
2025-01-16,Thu,Daily,PL14 4AE,Liskeard,1000
2025-01-16,Thu,Daily,NR21 0LX,Binham,1000
2025-01-16,Thu,Daily,NP26 3PG,Undy and Magor,1000
2025-01-16,Thu,Daily,NE46 4PZ,Acomb,1000
2025-01-16,Thu,Daily,NE22 5PR,Bedlington,1000
2025-01-16,Thu,Daily,MK44 3AX,Great Barford,1000
2025-01-16,Thu,Daily,M20 4BB,Manchester,1000
2025-01-16,Thu,Daily,LS28 7DD,Pudsey,1000
2025-01-16,Thu,Daily,EH39 4EN,North Berwick,1000
2025-01-16,Thu,Daily,CO9 1LP,Halstead (Braintree),1000
2025-01-16,Thu,Daily,CF64 5FS,Barry (Vale of Glamorgan),1000
2025-01-16,Thu,Daily,CF23 9EZ,Cardiff,1000
2025-01-16,Thu,Daily,AL2 2RD,Chiswell Green,1000
2025-01-15,Wed,Daily,YO16 7QR,Bridlington,1000
2025-01-15,Wed,Daily,WN7 4HY,Leigh (Wigan),1000
2025-01-15,Wed,Daily,WA16 9QP,Knutsford,1000
2025-01-15,Wed,Daily,UB9 5PF,Hillingdon,1000
2025-01-15,Wed,Daily,TD11 3XJ,Duns,1000
2025-01-15,Wed,Daily,SS17 0AQ,Stanford-le-Hope,1000
2025-01-15,Wed,Daily,RM3 8DA,Havering,1000
2025-01-15,Wed,Daily,RG8 0AE,Goring,1000
2025-01-15,Wed,Daily,PR4 6UP,Tarleton and Hesketh Bank,1000
2025-01-15,Wed,Daily,PH10 6LJ,Blairgowrie and Rattray,1000
2025-01-15,Wed,Daily,NW2 6QS,Brent,1000
2025-01-15,Wed,Daily,N21 3EJ,Enfield,1000
2025-01-15,Wed,Daily,LN6 0FS,Lincoln,1000
2025-01-15,Wed,Daily,G67 3DU,Cumbernauld,1000
2025-01-15,Wed,Daily,E6 3BX,Newham,1000
2025-01-15,Wed,Daily,DY8 3XS,Stourbridge,1000
2025-01-15,Wed,Daily,CM6 1PZ,Great Dunmow,1000
2025-01-15,Wed,Daily,CF62 8AU,Barry (Vale of Glamorgan),1000
2025-01-15,Wed,Daily,B74 3PZ,Streetly,1000
2025-01-15,Wed,Daily,AB41 9AE,Ellon,1000
2025-01-14,Tue,Daily,W5 4RD,Ealing,1000
2025-01-14,Tue,Daily,TW3 4EN,Hounslow,1000
2025-01-14,Tue,Daily,TN13 3BN,Sevenoaks,1000
2025-01-14,Tue,Daily,RG26 5AA,Bramley,1000
2025-01-14,Tue,Daily,PR6 9RN,Adlington (Chorley),1000
2025-01-14,Tue,Daily,PO17 6LJ,North Boarhunt,1000
2025-01-14,Tue,Daily,PL7 1YS,Plymouth,1000
2025-01-14,Tue,Daily,PE32 2AS,Castle Acre,1000
2025-01-14,Tue,Daily,NG9 5FZ,Beeston (Broxtowe),1000
2025-01-14,Tue,Daily,M33 6NE,Sale,1000
2025-01-14,Tue,Daily,LA9 5JS,Kendal,1000
2025-01-14,Tue,Daily,KA5 6DP,Catrine,1000
2025-01-14,Tue,Daily,HU10 6BH,Willerby and Anlaby,1000
2025-01-14,Tue,Daily,GU30 7WN,Liphook,1000
2025-01-14,Tue,Daily,EX33 1JA,Braunton,1000
2025-01-14,Tue,Daily,E6 6BN,Newham,1000
2025-01-14,Tue,Daily,DY4 0TZ,Tipton,1000
2025-01-14,Tue,Daily,DE11 0TU,Swadlincote,1000
2025-01-14,Tue,Daily,BA13 3GZ,Westbury (Wiltshire),1000
2025-01-14,Tue,Daily,B65 0EN,Blackheath,1000
2025-01-13,Mon,Daily,WN7 3JT,Leigh (Wigan),1000
2025-01-13,Mon,Daily,TW2 6NN,Richmond upon Thames,1000
2025-01-13,Mon,Daily,SS4 3FQ,Ashingdon,1000
2025-01-13,Mon,Daily,RM13 9HU,Havering,1000
2025-01-13,Mon,Daily,RG25 3TG,Overton (Basingstoke and Deane),1000
2025-01-13,Mon,Daily,PE19 6FE,Little Paxton,1000
2025-01-13,Mon,Daily,NP20 7SD,Newport (Newport),1000
2025-01-13,Mon,Daily,LE16 8AY,Market Harborough,1000
2025-01-13,Mon,Daily,KW9 6LP,Brora,1000
2025-01-13,Mon,Daily,HU3 5AE,Kingston upon Hull,1000
2025-01-13,Mon,Daily,HP15 6EU,Hazlemere,1000
2025-01-13,Mon,Daily,FY1 6PF,Blackpool,1000
2025-01-13,Mon,Daily,EH4 2RB,Edinburgh,1000
2025-01-13,Mon,Daily,DN7 5DU,Stainforth,1000
2025-01-13,Mon,Daily,DE65 6JN,Etwall,1000
2025-01-13,Mon,Daily,CH41 4BG,Birkenhead,1000
2025-01-13,Mon,Daily,CF71 7AE,Cowbridge,1000
2025-01-13,Mon,Daily,CF34 0HY,Maesteg,1000
2025-01-13,Mon,Daily,BD3 7EW,Bradford,1000
2025-01-13,Mon,Daily,B47 5EG,Hollywood,1000
2025-01-12,Sun,Street Prize,IP2 0XF,Ipswich,30000
2025-01-11,Sat,Millionaire Street,SS9 2DH,Southend-on-Sea,142857
2025-01-10,Fri,Daily,TS25 2BJ,Hartlepool,1000
2025-01-10,Fri,Daily,SR5 1ES,Sunderland,1000
2025-01-10,Fri,Daily,SP5 3QJ,Downton,1000
2025-01-10,Fri,Daily,SM1 3RT,Sutton (Sutton),1000
2025-01-10,Fri,Daily,SL3 6HR,Slough,1000
2025-01-10,Fri,Daily,SE13 7XF,Lewisham,1000
2025-01-10,Fri,Daily,SA4 8RL,Pontarddulais,1000
2025-01-10,Fri,Daily,S71 1RQ,Barnsley,1000
2025-01-10,Fri,Daily,S66 2YA,Wickersley and Bramley,1000
2025-01-10,Fri,Daily,PO30 4JZ,Brighstone,1000
2025-01-10,Fri,Daily,PE7 8BB,Peterborough,1000
2025-01-10,Fri,Daily,NP25 4RJ,Monmouth,1000
2025-01-10,Fri,Daily,NG9 2BJ,Beeston (Broxtowe),1000
2025-01-10,Fri,Daily,M45 8HN,Whitefield,1000
2025-01-10,Fri,Daily,M23 0YP,Wythenshawe,1000
2025-01-10,Fri,Daily,LU5 6BJ,Toddington,1000
2025-01-10,Fri,Daily,G66 5PF,Kirkintilloch,1000
2025-01-10,Fri,Daily,DE7 6BJ,West Hallam,1000
2025-01-10,Fri,Daily,CW7 3EY,Winsford,1000
2025-01-10,Fri,Daily,B42 2RN,Birmingham,1000
2025-01-09,Thu,Daily,TS26 0JS,Hartlepool,1000
2025-01-09,Thu,Daily,SW18 1HP,Wandsworth,1000
2025-01-09,Thu,Daily,ST19 9EU,Brewood,1000
2025-01-09,Thu,Daily,ST16 1NN,Stafford,1000
2025-01-09,Thu,Daily,SO40 2RU,Totton,1000
2025-01-09,Thu,Daily,NP4 0NB,Pontypool,1000
2025-01-09,Thu,Daily,NG23 7RW,Collingham (Newark and Sherwood),1000
2025-01-09,Thu,Daily,NE11 9QB,Gateshead,1000
2025-01-09,Thu,Daily,NE10 9US,Gateshead,1000
2025-01-09,Thu,Daily,M25 0AY,Prestwich,1000
2025-01-09,Thu,Daily,LN1 1LS,Lincoln,1000
2025-01-09,Thu,Daily,LL53 7AE,Abersoch,1000
2025-01-09,Thu,Daily,LL29 8UF,Colwyn Bay,1000
2025-01-09,Thu,Daily,LL11 2RG,Wrexham,1000
2025-01-09,Thu,Daily,LA14 3LQ,Barrow-in-Furness,1000
2025-01-09,Thu,Daily,FY3 9UA,Blackpool,1000
2025-01-09,Thu,Daily,EX5 2JJ,Whimple,1000
2025-01-09,Thu,Daily,EX14 9RY,Honiton,1000
2025-01-09,Thu,Daily,CM8 1LZ,Witham,1000
2025-01-09,Thu,Daily,B26 2XA,Birmingham,1000
2025-01-08,Wed,Daily,YO25 9ND,Hutton Cranswick,1000
2025-01-08,Wed,Daily,ST19 5QD,Penkridge,1000
2025-01-08,Wed,Daily,SR2 0YR,Sunderland,1000
2025-01-08,Wed,Daily,SL2 5RP,Slough,1000
2025-01-08,Wed,Daily,SK15 3RA,Stalybridge,1000
2025-01-08,Wed,Daily,RG4 6NR,Caversham,1000
2025-01-08,Wed,Daily,PL6 7AL,Plymouth,1000
2025-01-08,Wed,Daily,PA8 6ED,Erskine,1000
2025-01-08,Wed,Daily,OL15 9AG,Littleborough,1000
2025-01-08,Wed,Daily,ME13 7NJ,Faversham,1000
2025-01-08,Wed,Daily,M18 8JZ,Manchester,1000
2025-01-08,Wed,Daily,L30 2PR,Bootle (Sefton),1000
2025-01-08,Wed,Daily,KT21 2TZ,Ashtead,1000
2025-01-08,Wed,Daily,HU2 8BD,Kingston upon Hull,1000
2025-01-08,Wed,Daily,HP13 7TS,High Wycombe,1000
2025-01-08,Wed,Daily,G64 1JH,Bishopbriggs,1000
2025-01-08,Wed,Daily,BS2 9RW,Bristol,1000
2025-01-08,Wed,Daily,BH8 9JX,Bournemouth,1000
2025-01-08,Wed,Daily,BB11 5BF,Burnley,1000
2025-01-08,Wed,Daily,AB42 5BY,Mintlaw,1000
2025-01-07,Tue,Daily,WV4 5AR,Wolverhampton,1000
2025-01-07,Tue,Daily,WF13 3NJ,Dewsbury,1000
2025-01-07,Tue,Daily,WA5 9SW,Warrington,1000
2025-01-07,Tue,Daily,WA3 6TT,Warrington,1000
2025-01-07,Tue,Daily,WA11 7QB,St Helens (St. Helens),1000
2025-01-07,Tue,Daily,SO21 3LJ,Sutton Scotney,1000
2025-01-07,Tue,Daily,SE17 3NU,Southwark,1000
2025-01-07,Tue,Daily,PA1 3PG,Paisley,1000
2025-01-07,Tue,Daily,NE65 0XT,Amble,1000
2025-01-07,Tue,Daily,M14 7TL,Manchester,1000
2025-01-07,Tue,Daily,G13 1GD,Glasgow,1000
2025-01-07,Tue,Daily,CT11 9TR,Ramsgate,1000
2025-01-07,Tue,Daily,CM2 9SB,Chelmsford,1000
2025-01-07,Tue,Daily,CF24 1RD,Cardiff,1000
2025-01-07,Tue,Daily,CF23 9BT,Cardiff,1000
2025-01-07,Tue,Daily,BS5 0JR,Bristol,1000
2025-01-07,Tue,Daily,BS16 4SR,Kingswood and Fishponds,1000
2025-01-07,Tue,Daily,BR1 4PY,Bromley,1000
2025-01-07,Tue,Daily,BH22 8SA,Ferndown,1000
2025-01-07,Tue,Daily,B49 5RL,Alcester,1000
2025-01-06,Mon,Daily,WF7 6DF,Featherstone (Wakefield),1000
2025-01-06,Mon,Daily,TR21 0NA,Hugh Town,1000
2025-01-06,Mon,Daily,SY10 8LL,Oswestry,1000
2025-01-06,Mon,Daily,ST1 6SE,Stoke-on-Trent,1000
2025-01-06,Mon,Daily,SO40 7AF,Ashurst,1000
2025-01-06,Mon,Daily,PO9 1AQ,Havant,1000
2025-01-06,Mon,Daily,OL13 9SZ,Bacup,1000
2025-01-06,Mon,Daily,NN1 1JT,Northampton,1000
2025-01-06,Mon,Daily,ME8 6DS,Gillingham (Medway),1000
2025-01-06,Mon,Daily,LL65 3YT,Valley,1000
2025-01-06,Mon,Daily,LE2 6GA,Leicester,1000
2025-01-06,Mon,Daily,LE19 3YX,Enderby and Narborough,1000
2025-01-06,Mon,Daily,G31 2RB,Glasgow,1000
2025-01-06,Mon,Daily,DT8 3HG,Beaminster,1000
2025-01-06,Mon,Daily,DN14 9LP,Snaith,1000
2025-01-06,Mon,Daily,CO10 0QS,Sudbury,1000
2025-01-06,Mon,Daily,BN2 5QT,Brighton and Hove,1000
2025-01-06,Mon,Daily,BD22 7NS,Keighley,1000
2025-01-06,Mon,Daily,B95 6DD,Wootton Wawen,1000
2025-01-06,Mon,Daily,B64 5PN,Cradley Heath,1000
2025-01-05,Sun,Street Prize,IP8 4AG,Bramford,30000
2025-01-04,Sat,Millionaire Street,EX2 8TE,Exeter,418019
2025-01-03,Fri,Daily,WV10 8NQ,Wolverhampton,1000
2025-01-03,Fri,Daily,WF9 4HY,Hemsworth,1000
2025-01-03,Fri,Daily,TN38 0UG,Hastings,1000
2025-01-03,Fri,Daily,TA6 7PY,Bridgwater,1000
2025-01-03,Fri,Daily,SG12 8AH,Stanstead Abbotts,1000
2025-01-03,Fri,Daily,SE18 6FJ,Greenwich,1000
2025-01-03,Fri,Daily,OX7 5RR,Chipping Norton,1000
2025-01-03,Fri,Daily,NW9 0QS,Brent,1000
2025-01-03,Fri,Daily,ML1 5FT,Motherwell,1000
2025-01-03,Fri,Daily,ME9 7EB,Newington,1000
2025-01-03,Fri,Daily,M22 5DN,Wythenshawe,1000
2025-01-03,Fri,Daily,LA18 4LY,Millom,1000
2025-01-03,Fri,Daily,HA2 9JY,Harrow,1000
2025-01-03,Fri,Daily,GU5 9HR,Gomshall,1000
2025-01-03,Fri,Daily,DY11 6BT,Kidderminster,1000
2025-01-03,Fri,Daily,DH1 4FG,Durham,1000
2025-01-03,Fri,Daily,DG2 9NZ,Dumfries,1000
2025-01-03,Fri,Daily,BN13 2HQ,Worthing,1000
2025-01-03,Fri,Daily,BL5 1HQ,Atherton,1000
2025-01-03,Fri,Daily,BD6 1HU,Bradford,1000
2025-01-02,Thu,Daily,TS6 8DG,Eston,1000
2025-01-02,Thu,Daily,TF6 5EJ,Telford,1000
2025-01-02,Thu,Daily,SR5 2EH,Sunderland,1000
2025-01-02,Thu,Daily,SN3 6JB,Swindon (Swindon),1000
2025-01-02,Thu,Daily,S10 4DJ,Sheffield,1000
2025-01-02,Thu,Daily,NR19 1NT,Dereham,1000
2025-01-02,Thu,Daily,NN18 8BE,Corby,1000
2025-01-02,Thu,Daily,LN7 6QG,Caistor,1000
2025-01-02,Thu,Daily,HP1 1QW,Hemel Hempstead,1000
2025-01-02,Thu,Daily,GL51 4XT,Shurdington,1000
2025-01-02,Thu,Daily,G75 8HG,East Kilbride,1000
2025-01-02,Thu,Daily,EH17 8GH,Edinburgh,1000
2025-01-02,Thu,Daily,E1W 3AG,Tower Hamlets,1000
2025-01-02,Thu,Daily,DN4 0RT,Doncaster,1000
2025-01-02,Thu,Daily,DE14 3LR,Burton upon Trent,1000
2025-01-02,Thu,Daily,CM20 2GN,Harlow,1000
2025-01-02,Thu,Daily,CH8 7NJ,Holywell (Flintshire),1000
2025-01-02,Thu,Daily,CH1 5SD,Chester,1000
2025-01-02,Thu,Daily,BN11 2DE,Worthing,1000
2025-01-02,Thu,Daily,BA20 2LB,Yeovil,1000
2025-01-01,Wed,Daily,YO23 3XX,Copmanthorpe,1000
2025-01-01,Wed,Daily,WV9 5PX,Wolverhampton,1000
2025-01-01,Wed,Daily,TQ9 6NS,Stoke Gabriel,1000
2025-01-01,Wed,Daily,ST3 6EH,Stoke-on-Trent,1000
2025-01-01,Wed,Daily,SO41 0SD,Milford on Sea,1000
2025-01-01,Wed,Daily,SK17 6XS,Buxton (High Peak),1000
2025-01-01,Wed,Daily,RG21 4HX,Basingstoke,1000
2025-01-01,Wed,Daily,PA24 8AF,Lochgoilhead,1000
2025-01-01,Wed,Daily,NE32 4QR,Jarrow,1000
2025-01-01,Wed,Daily,MK12 5FN,Milton Keynes,1000
2025-01-01,Wed,Daily,LE5 1HP,Leicester,1000
2025-01-01,Wed,Daily,HD1 5NE,Huddersfield,1000
2025-01-01,Wed,Daily,HA2 0AL,Harrow,1000
2025-01-01,Wed,Daily,GU10 5PE,Crondall,1000
2025-01-01,Wed,Daily,G72 6AS,Cambuslang,1000
2025-01-01,Wed,Daily,FK8 3RJ,Kippen,1000
2025-01-01,Wed,Daily,DA8 3JJ,Bexley,1000
2025-01-01,Wed,Daily,CV1 4EB,Coventry,1000
2025-01-01,Wed,Daily,BA11 2NJ,Frome,1000
2025-01-01,Wed,Daily,AL10 9LD,Hatfield,1000
2024-12-31,Tue,Daily,TD6 9PA,Melrose,1000
2024-12-31,Tue,Daily,SY20 8ES,Machynlleth,1000
2024-12-31,Tue,Daily,ST5 3BG,Newcastle-under-Lyme,1000
2024-12-31,Tue,Daily,SL1 8HX,Slough,1000
2024-12-31,Tue,Daily,RM13 7HL,Havering,1000
2024-12-31,Tue,Daily,OX3 9UR,Oxford,1000
2024-12-31,Tue,Daily,NW8 9NT,City of Westminster,1000
2024-12-31,Tue,Daily,NP44 4PD,Cwmbrân,1000
2024-12-31,Tue,Daily,NE28 9UL,Wallsend,1000
2024-12-31,Tue,Daily,M34 5BG,Audenshaw,1000
2024-12-31,Tue,Daily,M28 0TA,Little Hulton,1000
2024-12-31,Tue,Daily,DE4 2AQ,Darley Dale,1000
2024-12-31,Tue,Daily,DE24 8PZ,Derby,1000
2024-12-31,Tue,Daily,CW11 1XX,Sandbach,1000
2024-12-31,Tue,Daily,CV37 9LA,Stratford-upon-Avon,1000
2024-12-31,Tue,Daily,CV31 3JD,Royal Leamington Spa,1000
2024-12-31,Tue,Daily,CV11 6GB,Nuneaton,1000
2024-12-31,Tue,Daily,CT16 2RG,Dover,1000
2024-12-31,Tue,Daily,BS16 3RZ,Kingswood and Fishponds,1000
2024-12-31,Tue,Daily,BN12 5HL,Rustington,1000
2024-12-30,Mon,Daily,WA3 3JP,Golborne,1000
2024-12-30,Mon,Daily,UB5 4AU,Ealing,1000
2024-12-30,Mon,Daily,SW17 7HG,Wandsworth,1000
2024-12-30,Mon,Daily,SE21 8AB,Southwark,1000
2024-12-30,Mon,Daily,NN16 9DR,Kettering,1000
2024-12-30,Mon,Daily,M30 0DA,Eccles (Salford),1000
2024-12-30,Mon,Daily,M26 1DG,Radcliffe,1000
2024-12-30,Mon,Daily,LE5 5HE,Leicester,1000
2024-12-30,Mon,Daily,KY7 6LT,Glenrothes,1000
2024-12-30,Mon,Daily,KT11 2NB,Cobham (Elmbridge),1000
2024-12-30,Mon,Daily,HD5 0NB,Kirkheaton,1000
2024-12-30,Mon,Daily,GL4 6NP,Gloucester,1000
2024-12-30,Mon,Daily,FK3 9JN,Grangemouth,1000
2024-12-30,Mon,Daily,FK17 8DF,Callander,1000
2024-12-30,Mon,Daily,EX9 6ND,Budleigh Salterton,1000
2024-12-30,Mon,Daily,CW1 3BF,Crewe,1000
2024-12-30,Mon,Daily,CH66 4YN,Ellesmere Port,1000
2024-12-30,Mon,Daily,BS16 6HX,Kingswood and Fishponds,1000
2024-12-30,Mon,Daily,BD2 2LJ,Bradford,1000
2024-12-30,Mon,Daily,BD12 0HE,Bradford,1000
2024-12-29,Sun,Street Prize,NE22 6JZ,Bedlington,30000
2024-12-28,Sat,Millionaire Street,DL5 4NT,Newton Aycliffe,58823
2024-12-27,Fri,Daily,WN8 9AB,Skelmersdale,1000
2024-12-27,Fri,Daily,WA3 7NL,Warrington,1000
2024-12-27,Fri,Daily,SW8 1JF,Lambeth,1000
2024-12-27,Fri,Daily,SA70 7TL,Tenby,1000
2024-12-27,Fri,Daily,RG17 0EJ,Hungerford,1000
2024-12-27,Fri,Daily,PO7 8QJ,Waterlooville,1000
2024-12-27,Fri,Daily,OX12 8GL,Wantage,1000
2024-12-27,Fri,Daily,OL6 6QZ,Ashton-under-Lyne,1000
2024-12-27,Fri,Daily,NR18 0FH,Wymondham (South Norfolk),1000
2024-12-27,Fri,Daily,KY11 4LG,Dunfermline,1000
2024-12-27,Fri,Daily,KT6 7BG,Kingston upon Thames,1000
2024-12-27,Fri,Daily,HA7 3ES,Harrow,1000
2024-12-27,Fri,Daily,GU15 1SA,Camberley,1000
2024-12-27,Fri,Daily,GL55 6RP,Chipping Campden,1000
2024-12-27,Fri,Daily,GL50 1UX,Cheltenham,1000
2024-12-27,Fri,Daily,GL5 2JZ,Brimscombe and Thrupp,1000
2024-12-27,Fri,Daily,G53 6BP,Glasgow,1000
2024-12-27,Fri,Daily,DN21 3TR,Scotter,1000
2024-12-27,Fri,Daily,BN26 6JU,Polegate,1000
2024-12-27,Fri,Daily,B66 2HR,Smethwick,1000
2024-12-26,Thu,Daily,WR5 2QG,Worcester,1000
2024-12-26,Thu,Daily,WR4 9FY,Worcester,1000
2024-12-26,Thu,Daily,WN5 8JH,Orrell,1000
2024-12-26,Thu,Daily,TS19 0EJ,Stockton-on-Tees,1000
2024-12-26,Thu,Daily,TA7 0AX,Westonzoyland,1000
2024-12-26,Thu,Daily,SW11 3DN,Wandsworth,1000
2024-12-26,Thu,Daily,SA1 4DH,Swansea,1000
2024-12-26,Thu,Daily,RG12 0XP,Bracknell,1000
2024-12-26,Thu,Daily,PE6 8RA,Market Deeping,1000
2024-12-26,Thu,Daily,OX3 9DA,Oxford,1000
2024-12-26,Thu,Daily,LE16 7PG,Market Harborough,1000
2024-12-26,Thu,Daily,L37 7DX,Formby,1000
2024-12-26,Thu,Daily,IV4 7HZ,Beauly,1000
2024-12-26,Thu,Daily,HA0 3AH,Brent,1000
2024-12-26,Thu,Daily,DH8 8JR,Consett,1000
2024-12-26,Thu,Daily,CT2 7HJ,Canterbury,1000
2024-12-26,Thu,Daily,CF39 9LS,Porth,1000
2024-12-26,Thu,Daily,BN27 4EW,Herstmonceux,1000
2024-12-26,Thu,Daily,BN22 7EW,Eastbourne,1000
2024-12-26,Thu,Daily,BN21 1UX,Eastbourne,1000
2024-12-25,Wed,Daily,YO32 2SY,Haxby,1000
2024-12-25,Wed,Daily,WR15 8EE,Tenbury Wells,1000
2024-12-25,Wed,Daily,TS10 2BJ,Redcar,1000
2024-12-25,Wed,Daily,S61 2TL,Rotherham,1000
2024-12-25,Wed,Daily,RG30 2DL,Reading,1000
2024-12-25,Wed,Daily,PL3 6SB,Plymouth,1000
2024-12-25,Wed,Daily,PE28 4PN,Brampton (Huntingdonshire),1000
2024-12-25,Wed,Daily,NR31 6HS,Gorleston-on-Sea,1000
2024-12-25,Wed,Daily,NN13 6RA,Brackley,1000
2024-12-25,Wed,Daily,N6 4HT,Haringey,1000
2024-12-25,Wed,Daily,LN4 4HX,Coningsby and Tattershall,1000
2024-12-25,Wed,Daily,KA18 2AU,Auchinleck,1000
2024-12-25,Wed,Daily,FK4 1BY,Bonnybridge,1000
2024-12-25,Wed,Daily,DN2 6LQ,Doncaster,1000
2024-12-25,Wed,Daily,CO16 0DZ,Thorpe-le-Soken,1000
2024-12-25,Wed,Daily,CM11 2BP,Billericay,1000
2024-12-25,Wed,Daily,CF14 5HE,Cardiff,1000
2024-12-25,Wed,Daily,CB2 9BS,Cambridge (Cambridge),1000
2024-12-25,Wed,Daily,BH21 3XF,Corfe Mullen,1000
2024-12-25,Wed,Daily,BA15 1HN,Bradford-on-Avon,1000
2024-12-24,Tue,Daily,WV14 7AZ,Bilston (Wolverhampton),1000
2024-12-24,Tue,Daily,WS7 9DG,Burntwood,1000
2024-12-24,Tue,Daily,WA4 6DP,Warrington,1000
2024-12-24,Tue,Daily,TS23 2HB,Billingham,1000
2024-12-24,Tue,Daily,TS21 2DY,Sedgefield,1000
2024-12-24,Tue,Daily,SA14 6PS,Cross Hands and Pen-y-groes,1000
2024-12-24,Tue,Daily,RG40 2DL,Wokingham,1000
2024-12-24,Tue,Daily,PR8 3FF,Southport,1000
2024-12-24,Tue,Daily,NR9 3DP,Hethersett,1000
2024-12-24,Tue,Daily,M7 2DB,Salford,1000
2024-12-24,Tue,Daily,M41 8GE,Urmston,1000
2024-12-24,Tue,Daily,LN5 0EZ,Navenby,1000
2024-12-24,Tue,Daily,KT16 0HT,West Byfleet,1000
2024-12-24,Tue,Daily,DH8 7LS,Consett,1000
2024-12-24,Tue,Daily,CH45 6UA,Wallasey,1000
2024-12-24,Tue,Daily,BN17 6JN,Littlehampton,1000
2024-12-24,Tue,Daily,B76 0EE,Coleshill (North Warwickshire),1000
2024-12-24,Tue,Daily,B69 1AH,Rowley Regis,1000
2024-12-24,Tue,Daily,B26 2EN,Birmingham,1000
2024-12-24,Tue,Daily,B11 4NU,Birmingham,1000
2024-12-23,Mon,Daily,TD15 2TT,Berwick-upon-Tweed,1000
2024-12-23,Mon,Daily,SY7 9AD,Craven Arms,1000
2024-12-23,Mon,Daily,SS9 1RL,Southend-on-Sea,1000
2024-12-23,Mon,Daily,SM1 2PT,Sutton (Sutton),1000
2024-12-23,Mon,Daily,PO21 3PE,Bognor Regis,1000
2024-12-23,Mon,Daily,ME13 7US,Faversham,1000
2024-12-23,Mon,Daily,M32 9TR,Stretford,1000
2024-12-23,Mon,Daily,LN6 7NW,Lincoln,1000
2024-12-23,Mon,Daily,HU7 4FL,Kingston upon Hull,1000
2024-12-23,Mon,Daily,HG4 1JD,Ripon,1000
2024-12-23,Mon,Daily,EH29 9DJ,Kirkliston,1000
2024-12-23,Mon,Daily,DT5 2DT,Weston (Dorset),1000
2024-12-23,Mon,Daily,DT3 4NN,Chickerell,1000
2024-12-23,Mon,Daily,CT14 7FH,Deal,1000
2024-12-23,Mon,Daily,CR2 9LW,Croydon,1000
2024-12-23,Mon,Daily,CO6 4HR,Great Horkesley,1000
2024-12-23,Mon,Daily,CO10 8EF,Clare,1000
2024-12-23,Mon,Daily,CH43 2HA,Birkenhead,1000
2024-12-23,Mon,Daily,CF37 5BU,Pontypridd,1000
2024-12-23,Mon,Daily,AB42 1LD,Peterhead,1000
2024-12-22,Sun,Street Prize,SP11 9TT,Ludgershall (Wiltshire),30000
2024-12-21,Sat,Millionaire Street,PO22 0DQ,Barnham (Arun),83333
2024-12-20,Fri,Daily,TS25 3AZ,Hartlepool,1000
2024-12-20,Fri,Daily,SW16 4PH,Croydon,1000
2024-12-20,Fri,Daily,ST13 7HJ,Cheddleton,1000
2024-12-20,Fri,Daily,PA16 9NS,Greenock,1000
2024-12-20,Fri,Daily,OX13 5AL,Kingston Bagpuize,1000
2024-12-20,Fri,Daily,NN6 0BE,Earls Barton,1000
2024-12-20,Fri,Daily,NG15 9DQ,Ravenshead,1000
2024-12-20,Fri,Daily,LS18 5JF,Leeds,1000
2024-12-20,Fri,Daily,L17 4JW,Liverpool,1000
2024-12-20,Fri,Daily,L10 9LX,Liverpool,1000
2024-12-20,Fri,Daily,IV36 1FN,Forres,1000
2024-12-20,Fri,Daily,IP7 7NY,Bildeston,1000
2024-12-20,Fri,Daily,IP1 5EW,Ipswich,1000
2024-12-20,Fri,Daily,HS1 2DL,Steòrnabhagh,1000
2024-12-20,Fri,Daily,HA4 6LT,Hillingdon,1000
2024-12-20,Fri,Daily,GL54 1DD,Stow-on-the-Wold,1000
2024-12-20,Fri,Daily,G42 9SW,Glasgow,1000
2024-12-20,Fri,Daily,DG4 6LL,Kirkconnel,1000
2024-12-20,Fri,Daily,CW8 2DU,Cuddington (Cheshire West and Chester),1000
2024-12-20,Fri,Daily,BB4 8UP,Rawtenstall,1000
2024-12-19,Thu,Daily,W14 0BG,Hammersmith and Fulham,1000
2024-12-19,Thu,Daily,TW15 2BX,Ashford (Spelthorne),1000
2024-12-19,Thu,Daily,TS19 8AS,Stockton-on-Tees,1000
2024-12-19,Thu,Daily,TR26 2ST,Carbis Bay,1000
2024-12-19,Thu,Daily,RH14 9XR,Billingshurst,1000
2024-12-19,Thu,Daily,RH10 3UF,Crawley (Crawley),1000
2024-12-19,Thu,Daily,RG2 7PS,Reading,1000
2024-12-19,Thu,Daily,PR2 7AX,Fulwood,1000
2024-12-19,Thu,Daily,PO14 4BU,Locks Heath,1000
2024-12-19,Thu,Daily,NP13 3LD,Blaina,1000
2024-12-19,Thu,Daily,MK13 9HU,Milton Keynes,1000
2024-12-19,Thu,Daily,M35 9JY,Failsworth,1000
2024-12-19,Thu,Daily,L25 5NZ,Liverpool,1000
2024-12-19,Thu,Daily,KY11 4UB,Dunfermline,1000
2024-12-19,Thu,Daily,KA12 0JS,Irvine,1000
2024-12-19,Thu,Daily,EH33 2NT,Tranent,1000
2024-12-19,Thu,Daily,DN3 1JA,Kirk Sandall and Edenthorpe,1000
2024-12-19,Thu,Daily,DL6 1QA,Northallerton,1000
2024-12-19,Thu,Daily,CA7 4DD,Silloth,1000
2024-12-19,Thu,Daily,BN15 9JY,Lancing and Sompting,1000
2024-12-18,Wed,Daily,TN23 3PG,Ashford (Ashford),1000
2024-12-18,Wed,Daily,PL19 8NB,Tavistock,1000
2024-12-18,Wed,Daily,PE9 3UE,Ketton,1000
2024-12-18,Wed,Daily,NR33 8BH,Lowestoft,1000
2024-12-18,Wed,Daily,NP7 6LJ,Abergavenny,1000
2024-12-18,Wed,Daily,ME15 0PE,Coxheath,1000
2024-12-18,Wed,Daily,M16 9WH,Old Trafford,1000
2024-12-18,Wed,Daily,KA20 4AP,Stevenston,1000
2024-12-18,Wed,Daily,IV2 7QN,Cradlehall,1000
2024-12-18,Wed,Daily,HR2 6GE,Hereford,1000
2024-12-18,Wed,Daily,GU1 1YT,Guildford,1000
2024-12-18,Wed,Daily,G32 0AQ,Glasgow,1000
2024-12-18,Wed,Daily,FK12 5BW,Alva,1000
2024-12-18,Wed,Daily,EX6 7PR,Christow,1000
2024-12-18,Wed,Daily,DN17 3BU,Messingham,1000
2024-12-18,Wed,Daily,DA1 3JW,Dartford,1000
2024-12-18,Wed,Daily,CV37 0QU,Stratford-upon-Avon,1000
2024-12-18,Wed,Daily,CF36 5NS,Porthcawl,1000
2024-12-18,Wed,Daily,BN3 7NL,Brighton and Hove,1000
2024-12-18,Wed,Daily,BN2 5XY,Brighton and Hove,1000
2024-12-17,Tue,Daily,WV6 7PU,Perton,1000
2024-12-17,Tue,Daily,WS15 2UX,Rugeley,1000
2024-12-17,Tue,Daily,WA3 5DQ,Culcheth,1000
2024-12-17,Tue,Daily,TS5 7PT,Middlesbrough,1000
2024-12-17,Tue,Daily,SN9 6JH,Upavon,1000
2024-12-17,Tue,Daily,SE6 4LU,Lewisham,1000
2024-12-17,Tue,Daily,PE12 9HN,Long Sutton (South Holland),1000
2024-12-17,Tue,Daily,NP19 4RR,Newport (Newport),1000
2024-12-17,Tue,Daily,ME3 8AG,Rochester,1000
2024-12-17,Tue,Daily,LL63 5UP,Bryn Du,1000
2024-12-17,Tue,Daily,LE15 9ND,Uppingham,1000
2024-12-17,Tue,Daily,KA11 1ND,Irvine,1000
2024-12-17,Tue,Daily,HD7 4HB,Huddersfield,1000
2024-12-17,Tue,Daily,GL51 3HD,Cheltenham,1000
2024-12-17,Tue,Daily,EX2 5RF,Exeter,1000
2024-12-17,Tue,Daily,CH6 5LS,Flint,1000
2024-12-17,Tue,Daily,BS23 3JG,Weston-super-Mare,1000
2024-12-17,Tue,Daily,BH16 5AJ,Upton (Dorset),1000
2024-12-17,Tue,Daily,B74 2JG,Royal Sutton Coldfield,1000
2024-12-17,Tue,Daily,AB31 4ES,Torphins,1000
2024-12-16,Mon,Daily,SK5 8LZ,Stockport,1000
2024-12-16,Mon,Daily,S63 6NR,Wath upon Dearne,1000
2024-12-16,Mon,Daily,S44 6SD,Bolsover,1000
2024-12-16,Mon,Daily,PR3 1SY,Garstang,1000
2024-12-16,Mon,Daily,LS9 0LG,Leeds,1000
2024-12-16,Mon,Daily,KY7 6JL,Glenrothes,1000
2024-12-16,Mon,Daily,IP4 5HR,Ipswich,1000
2024-12-16,Mon,Daily,GU32 3FL,Petersfield,1000
2024-12-16,Mon,Daily,EH17 8WD,Edinburgh,1000
2024-12-16,Mon,Daily,E1 3EQ,Tower Hamlets,1000
2024-12-16,Mon,Daily,DY9 7EF,Stourbridge,1000
2024-12-16,Mon,Daily,DH5 9QZ,Hetton-le-Hole,1000
2024-12-16,Mon,Daily,DE21 4PQ,Derby,1000
2024-12-16,Mon,Daily,CW7 2BQ,Winsford,1000
2024-12-16,Mon,Daily,CH61 1AS,Heswall,1000
2024-12-16,Mon,Daily,CF48 3RT,Merthyr Tydfil,1000
2024-12-16,Mon,Daily,CF23 6PQ,Cardiff,1000
2024-12-16,Mon,Daily,CB24 3BT,Longstanton and Northstowe,1000
2024-12-16,Mon,Daily,BD21 4UB,Keighley,1000
2024-12-16,Mon,Daily,AL3 7GE,Redbourn,1000
2024-12-15,Sun,Street Prize,EH49 7PP,Linlithgow,30000
2024-12-14,Sat,Postcode Millions,S65 3SY,Rotherham,24266
2024-12-14,Sat,Postcode Millions,S65 3SU,Rotherham,24266
2024-12-14,Sat,Postcode Millions,S65 3ST,Rotherham,24266
2024-12-14,Sat,Postcode Millions,S65 3SR,Rotherham,24266
2024-12-14,Sat,Postcode Millions,S65 3SP,Rotherham,24266
2024-12-14,Sat,Postcode Millions,S65 3SG,Rotherham,24266
2024-12-14,Sat,Postcode Millions,S65 3SE,Rotherham,24266
2024-12-14,Sat,Postcode Millions,S65 3SD,Rotherham,24266
2024-12-14,Sat,Postcode Millions,S65 3SB,Rotherham,24266
2024-12-14,Sat,Postcode Millions,S65 3SA,Rotherham,24266
2024-12-14,Sat,Postcode Millions,S65 3RZ,Rotherham,24266
2024-12-14,Sat,Postcode Millions,S65 3RY,Rotherham,24266
2024-12-14,Sat,Postcode Millions,S65 3RW,Rotherham,24266
2024-12-14,Sat,Postcode Millions,S65 3RS,Rotherham,24266
2024-12-14,Sat,Postcode Millions,S65 3RR,Rotherham,24266
2024-12-14,Sat,Postcode Millions,S65 3RP,Rotherham,24266
2024-12-14,Sat,Postcode Millions,S65 3RN,Rotherham,24266
2024-12-14,Sat,Postcode Millions,S65 3RL,Rotherham,24266
2024-12-14,Sat,Postcode Millions,S65 3RJ,Rotherham,24266
2024-12-14,Sat,Postcode Millions,S65 3RH,Rotherham,24266
2024-12-14,Sat,Postcode Millions,S65 3RE,Rotherham,24266
2024-12-14,Sat,Postcode Millions,S65 3RD,Rotherham,24266
2024-12-14,Sat,Postcode Millions,S65 3RB,Rotherham,24266
2024-12-14,Sat,Postcode Millions,S65 3QX,Rotherham,24266
2024-12-14,Sat,Postcode Millions,S65 3QW,Rotherham,24266
2024-12-14,Sat,Postcode Millions,S65 3QU,Rotherham,24266
2024-12-14,Sat,Postcode Millions,S65 3QT,Rotherham,24266
2024-12-14,Sat,Postcode Millions,S65 3QS,Rotherham,24266
2024-12-14,Sat,Postcode Millions,S65 3QR,Rotherham,24266
2024-12-14,Sat,Postcode Millions,S65 3QQ,Rotherham,24266
2024-12-14,Sat,Postcode Millions,S65 3QP,Rotherham,24266
2024-12-14,Sat,Postcode Millions,S65 3QN,Rotherham,24266
2024-12-14,Sat,Postcode Millions,S65 3QL,Rotherham,24266
2024-12-14,Sat,Postcode Millions,S65 3QJ,Rotherham,24266
2024-12-14,Sat,Postcode Millions,S65 3QG,Rotherham,24266
2024-12-14,Sat,Postcode Millions,S65 3QD,Rotherham,24266
2024-12-14,Sat,Postcode Millions,S65 3QB,Rotherham,24266
2024-12-14,Sat,Postcode Millions,S65 3QA,Rotherham,24266
2024-12-14,Sat,Postcode Millions,S65 3PZ,Rotherham,24266
2024-12-14,Sat,Postcode Millions,S65 3PX,Rotherham,24266
2024-12-14,Sat,Postcode Millions,S65 3PU,Rotherham,24266
2024-12-14,Sat,Postcode Millions,S65 3PT,Rotherham,24266
2024-12-14,Sat,Postcode Millions,S65 3PS,Rotherham,24266
2024-12-14,Sat,Postcode Millions,S65 3PQ,Rotherham,24266
2024-12-14,Sat,Postcode Millions,S65 3PH,Rotherham,24266
2024-12-14,Sat,Postcode Millions,S65 3PG,Rotherham,24266
2024-12-14,Sat,Postcode Millions,S65 3PE,Rotherham,24266
2024-12-14,Sat,Postcode Millions,S65 3PD,Rotherham,24266
2024-12-14,Sat,Postcode Millions,S65 3PA,Rotherham,24266
2024-12-14,Sat,Postcode Millions,S65 3NX,Rotherham,24266
2024-12-14,Sat,Postcode Millions,S65 3NU,Rotherham,24266
2024-12-14,Sat,Postcode Millions,S65 3NT,Rotherham,24266
2024-12-14,Sat,Postcode Millions,S65 3NS,Rotherham,24266
2024-12-14,Sat,Postcode Millions,S65 3NR,Rotherham,24266
2024-12-14,Sat,Postcode Millions,S65 3NN,Rotherham,24266
2024-12-14,Sat,Postcode Millions,S65 3NL,Rotherham,24266
2024-12-14,Sat,Postcode Millions,S65 3NJ,Rotherham,24266
2024-12-14,Sat,Postcode Millions,S65 3NH,Rotherham,24266
2024-12-14,Sat,Postcode Millions,S65 3LW,Rotherham,24266
2024-12-14,Sat,Postcode Millions,S65 3LU,Rotherham,24266
2024-12-14,Sat,Postcode Millions,S65 3LS,Rotherham,24266
2024-12-14,Sat,Postcode Millions,S65 3LR,Rotherham,24266
2024-12-14,Sat,Postcode Millions,S65 3LP,Rotherham,24266
2024-12-14,Sat,Postcode Millions,S65 3LN,Rotherham,24266
2024-12-14,Sat,Postcode Millions,S65 3LL,Rotherham,24266
2024-12-14,Sat,Postcode Millions,S65 3LJ,Rotherham,24266
2024-12-14,Sat,Postcode Millions,S65 3LH,Rotherham,24266
2024-12-14,Sat,Postcode Millions,S65 3LG,Rotherham,24266
2024-12-14,Sat,Postcode Millions,S65 3LF,Rotherham,24266
2024-12-14,Sat,Postcode Millions,S65 3LE,Rotherham,24266
2024-12-14,Sat,Postcode Millions,S65 3LD,Rotherham,24266
2024-12-14,Sat,Postcode Millions,S65 3LB,Rotherham,24266
2024-12-14,Sat,Postcode Millions,S65 3LA,Rotherham,24266
2024-12-14,Sat,Postcode Millions,S65 3JY,Rotherham,24266
2024-12-14,Sat,Postcode Millions,S65 3JU,Rotherham,24266
2024-12-14,Sat,Postcode Millions,S65 3JS,Rotherham,24266
2024-12-14,Sat,Postcode Millions,S65 3JQ,Rotherham,24266
2024-12-14,Sat,Postcode Millions,S65 3JH,Rotherham,24266
2024-12-14,Sat,Postcode Millions,S65 3JG,Rotherham,24266
2024-12-14,Sat,Postcode Millions,S65 3JF,Rotherham,24266
2024-12-14,Sat,Postcode Millions,S65 3JE,Rotherham,24266
2024-12-14,Sat,Postcode Millions,S65 3JD,Rotherham,24266
2024-12-14,Sat,Postcode Millions,S65 3HZ,Rotherham,24266
2024-12-14,Sat,Postcode Millions,S65 3HW,Rotherham,24266
2024-12-14,Sat,Postcode Millions,S65 3HU,Rotherham,24266
2024-12-14,Sat,Postcode Millions,S65 3HT,Rotherham,24266
2024-12-14,Sat,Postcode Millions,S65 3HS,Rotherham,24266
2024-12-14,Sat,Postcode Millions,S65 3HR,Rotherham,24266
2024-12-14,Sat,Postcode Millions,S65 3HQ,Rotherham,24266
2024-12-14,Sat,Postcode Millions,S65 3HP,Rotherham,24266
2024-12-14,Sat,Postcode Millions,S65 3HN,Rotherham,24266
2024-12-14,Sat,Postcode Millions,S65 3HJ,Rotherham,24266
2024-12-14,Sat,Postcode Millions,S65 3HG,Rotherham,24266
2024-12-14,Sat,Postcode Millions,S65 3HF,Rotherham,24266
2024-12-14,Sat,Postcode Millions,S65 3HD,Rotherham,24266
2024-12-14,Sat,Postcode Millions,S65 3FA,Rotherham,24266
2024-12-14,Sat,Postcode Millions,S65 3EU,Rotherham,24266
2024-12-14,Sat,Postcode Millions,S65 3EQ,Rotherham,24266
2024-12-14,Sat,Postcode Millions,S65 3EJ,Rotherham,24266
2024-12-14,Sat,Postcode Millions,S65 3EH,Rotherham,24266
2024-12-14,Sat,Postcode Millions,S65 3EF,Rotherham,24266
2024-12-14,Sat,Postcode Millions,S65 3EE,Rotherham,24266
2024-12-14,Sat,Postcode Millions,S65 3ED,Rotherham,24266
2024-12-14,Sat,Postcode Millions,S65 3EB,Rotherham,24266
2024-12-14,Sat,Postcode Millions,S65 3EA,Rotherham,24266
2024-12-14,Sat,Postcode Millions,S65 3DZ,Rotherham,24266
2024-12-14,Sat,Postcode Millions,S65 3DY,Rotherham,24266
2024-12-14,Sat,Postcode Millions,S65 3DX,Rotherham,24266
2024-12-14,Sat,Postcode Millions,S65 3DU,Rotherham,24266
2024-12-14,Sat,Postcode Millions,S65 3DQ,Rotherham,24266
2024-12-14,Sat,Postcode Millions,S65 3DL,Rotherham,24266
2024-12-14,Sat,Postcode Millions,S65 3DJ,Rotherham,24266
2024-12-14,Sat,Postcode Millions,S65 3DH,Rotherham,24266
2024-12-14,Sat,Postcode Millions,S65 3DG,Rotherham,24266
2024-12-14,Sat,Postcode Millions,S65 3DF,Rotherham,24266
2024-12-14,Sat,Postcode Millions,S65 3DE,Rotherham,24266
2024-12-14,Sat,Postcode Millions,S65 3DD,Rotherham,24266
2024-12-14,Sat,Postcode Millions,S65 3DB,Rotherham,24266
2024-12-14,Sat,Postcode Millions,S65 3DA,Rotherham,24266
2024-12-14,Sat,Postcode Millions,S65 3BY,Rotherham,24266
2024-12-14,Sat,Postcode Millions,S65 3BX,Rotherham,24266
2024-12-14,Sat,Postcode Millions,S65 3BW,Rotherham,24266
2024-12-14,Sat,Postcode Millions,S65 3BU,Rotherham,24266
2024-12-14,Sat,Postcode Millions,S65 3BT,Rotherham,24266
2024-12-14,Sat,Postcode Millions,S65 3BS,Rotherham,24266
2024-12-14,Sat,Postcode Millions,S65 3BJ,Rotherham,24266
2024-12-14,Sat,Postcode Millions,S65 3BH,Rotherham,24266
2024-12-14,Sat,Postcode Millions,S65 3BG,Rotherham,24266
2024-12-14,Sat,Postcode Millions,S65 3BD,Rotherham,24266
2024-12-14,Sat,Postcode Millions,S65 3BB,Rotherham,24266
2024-12-14,Sat,Postcode Millions,S65 3AX,Rotherham,24266
2024-12-14,Sat,Postcode Millions,S65 3AW,Rotherham,24266
2024-12-14,Sat,Postcode Millions,S65 3AU,Rotherham,24266
2024-12-14,Sat,Postcode Millions,S65 3AT,Rotherham,24266
2024-12-14,Sat,Postcode Millions,S65 3AS,Rotherham,24266
2024-12-14,Sat,Postcode Millions,S65 3AR,Rotherham,24266
2024-12-14,Sat,Postcode Millions,S65 3AQ,Rotherham,24266
2024-12-14,Sat,Postcode Millions,S65 3AN,Rotherham,24266
2024-12-14,Sat,Postcode Millions,S65 3AL,Rotherham,24266
2024-12-14,Sat,Postcode Millions,S65 3AJ,Rotherham,24266
2024-12-14,Sat,Postcode Millions,S65 3AH,Rotherham,24266
2024-12-14,Sat,Postcode Millions,S65 3AG,Rotherham,24266
2024-12-14,Sat,Postcode Millions,S65 3AF,Rotherham,24266
2024-12-14,Sat,Postcode Millions,S65 3AE,Rotherham,24266
2024-12-14,Sat,Postcode Millions,S65 3AD,Rotherham,24266
2024-12-14,Sat,Postcode Millions,S65 3AB,Rotherham,24266
2024-12-14,Sat,Postcode Millions,S65 3AA,Rotherham,24266
2024-12-14,Sat,Millionaire Street,BS37 8QS,Yate,90909
2024-12-13,Fri,Daily,WN7 4SH,Leigh (Wigan),1000
2024-12-13,Fri,Daily,TA3 5BY,Creech St Michael,1000
2024-12-13,Fri,Daily,SS5 6PJ,Hullbridge,1000
2024-12-13,Fri,Daily,S66 7AP,Maltby,1000
2024-12-13,Fri,Daily,PL25 3DU,St Austell,1000
2024-12-13,Fri,Daily,PE20 2BB,Sutterton,1000
2024-12-13,Fri,Daily,PA19 1TA,Gourock,1000
2024-12-13,Fri,Daily,M20 3EE,Manchester,1000
2024-12-13,Fri,Daily,LS16 6SD,Leeds,1000
2024-12-13,Fri,Daily,LS15 8DZ,Leeds,1000
2024-12-13,Fri,Daily,LE15 8BH,Oakham,1000
2024-12-13,Fri,Daily,IV3 5TD,Inbhir Nis,1000
2024-12-13,Fri,Daily,FK15 0PD,Dunblane,1000
2024-12-13,Fri,Daily,DL3 0LB,Darlington,1000
2024-12-13,Fri,Daily,CW6 9GR,Tarporley,1000
2024-12-13,Fri,Daily,CV21 4LL,Rugby,1000
2024-12-13,Fri,Daily,CB24 8UB,Cottenham,1000
2024-12-13,Fri,Daily,BS5 9NY,Bristol,1000
2024-12-13,Fri,Daily,BL2 3QW,Bolton (Bolton),1000
2024-12-13,Fri,Daily,BA2 5HA,Bath,1000
2024-12-12,Thu,Daily,UB1 2JB,Ealing,1000
2024-12-12,Thu,Daily,TN35 5HR,Hastings,1000
2024-12-12,Thu,Daily,TN24 9ND,Ashford (Ashford),1000
2024-12-12,Thu,Daily,SL0 0ES,Iver Heath,1000
2024-12-12,Thu,Daily,SG8 5JQ,Royston (North Hertfordshire),1000
2024-12-12,Thu,Daily,RG22 4QN,Basingstoke,1000
2024-12-12,Thu,Daily,PL18 9RB,Gunnislake and St Ann's Chapel,1000
2024-12-12,Thu,Daily,OX4 6EG,Oxford,1000
2024-12-12,Thu,Daily,ML1 5WG,Motherwell,1000
2024-12-12,Thu,Daily,LS28 5FR,Pudsey,1000
2024-12-12,Thu,Daily,LE9 8DN,Barwell,1000
2024-12-12,Thu,Daily,KY8 1JF,Buckhaven,1000
2024-12-12,Thu,Daily,IG3 9LY,Redbridge,1000
2024-12-12,Thu,Daily,DT7 3HR,Lyme Regis,1000
2024-12-12,Thu,Daily,DH8 0EP,Consett,1000
2024-12-12,Thu,Daily,DA15 7JG,Bexley,1000
2024-12-12,Thu,Daily,CT14 9ER,Deal,1000
2024-12-12,Thu,Daily,CM3 8DA,East Hanningfield,1000
2024-12-12,Thu,Daily,BS37 4NN,Yate,1000
2024-12-12,Thu,Daily,BA14 7NJ,Trowbridge,1000
2024-12-11,Wed,Daily,WD4 9HE,Chipperfield,1000
2024-12-11,Wed,Daily,TN39 3EG,Bexhill-on-Sea,1000
2024-12-11,Wed,Daily,SK8 4NA,Gatley,1000
2024-12-11,Wed,Daily,SA33 4DW,St Clears,1000
2024-12-11,Wed,Daily,PE37 8GA,Swaffham,1000
2024-12-11,Wed,Daily,PA7 5GJ,Bishopton,1000
2024-12-11,Wed,Daily,NN14 4QB,Thrapston,1000
2024-12-11,Wed,Daily,ML6 7QQ,Airdrie,1000
2024-12-11,Wed,Daily,KY7 6LR,Glenrothes,1000
2024-12-11,Wed,Daily,GL14 1DQ,Newnham (Forest of Dean),1000
2024-12-11,Wed,Daily,G33 4JR,Glasgow,1000
2024-12-11,Wed,Daily,EX1 3JY,Exeter,1000
2024-12-11,Wed,Daily,EH4 4RQ,Edinburgh,1000
2024-12-11,Wed,Daily,EH11 4AR,Edinburgh,1000
2024-12-11,Wed,Daily,DH7 0AP,Lanchester,1000
2024-12-11,Wed,Daily,DD6 8AR,Newport-on-Tay,1000
2024-12-11,Wed,Daily,B73 5HR,Royal Sutton Coldfield,1000
2024-12-11,Wed,Daily,B69 1SQ,Rowley Regis,1000
2024-12-11,Wed,Daily,B61 9JW,Fairfield,1000
2024-12-11,Wed,Daily,B47 6HP,Wythall,1000
2024-12-10,Tue,Daily,WV14 8SJ,Bilston (Wolverhampton),1000
2024-12-10,Tue,Daily,WA7 4NT,Runcorn,1000
2024-12-10,Tue,Daily,WA16 8EL,Knutsford,1000
2024-12-10,Tue,Daily,W7 1NU,Ealing,1000
2024-12-10,Tue,Daily,TS22 5HS,Billingham,1000
2024-12-10,Tue,Daily,TA1 4LX,Taunton,1000
2024-12-10,Tue,Daily,SS8 9SU,Canvey Island,1000
2024-12-10,Tue,Daily,SK14 6PG,Hadfield,1000
2024-12-10,Tue,Daily,NN14 1FA,Broughton (North Northamptonshire),1000
2024-12-10,Tue,Daily,NG18 4XY,Mansfield,1000
2024-12-10,Tue,Daily,NG13 0DY,Bottesford,1000
2024-12-10,Tue,Daily,NG12 5LS,Keyworth,1000
2024-12-10,Tue,Daily,NE26 1TE,Whitley Bay,1000
2024-12-10,Tue,Daily,N13 4BA,Enfield,1000
2024-12-10,Tue,Daily,HR1 2RN,Hereford,1000
2024-12-10,Tue,Daily,HG1 2SF,Harrogate,1000
2024-12-10,Tue,Daily,FY2 0JP,Blackpool,1000
2024-12-10,Tue,Daily,DY14 8LF,Cleobury Mortimer,1000
2024-12-10,Tue,Daily,BL3 5BD,Bolton (Bolton),1000
2024-12-10,Tue,Daily,BB3 3PD,Darwen,1000
2024-12-09,Mon,Daily,TW7 6NL,Hounslow,1000
2024-12-09,Mon,Daily,TR8 5RP,St Newlyn East,1000
2024-12-09,Mon,Daily,SN13 9RJ,Corsham,1000
2024-12-09,Mon,Daily,PL9 8SB,Plymouth,1000
2024-12-09,Mon,Daily,PE21 9JB,Boston,1000
2024-12-09,Mon,Daily,NG15 9EW,Ravenshead,1000
2024-12-09,Mon,Daily,NE24 5SN,Blyth (Northumberland),1000
2024-12-09,Mon,Daily,MK41 9PD,Bedford,1000
2024-12-09,Mon,Daily,LS9 8JZ,Leeds,1000
2024-12-09,Mon,Daily,LN6 8QP,North Hykeham,1000
2024-12-09,Mon,Daily,LN2 5RU,Lincoln,1000
2024-12-09,Mon,Daily,IG11 7PF,Barking and Dagenham,1000
2024-12-09,Mon,Daily,G84 9DJ,Helensburgh,1000
2024-12-09,Mon,Daily,FY4 2JE,Blackpool,1000
2024-12-09,Mon,Daily,EH30 9PD,Queensferry,1000
2024-12-09,Mon,Daily,DA2 7JB,Dartford,1000
2024-12-09,Mon,Daily,CW9 8BZ,Davenham,1000
2024-12-09,Mon,Daily,BL3 3LL,Bolton (Bolton),1000
2024-12-09,Mon,Daily,B60 1BW,Catshill,1000
2024-12-09,Mon,Daily,AB45 1FD,Banff,1000
2024-12-08,Sun,Street Prize,DL14 9BN,Bishop Auckland,30000
2024-12-07,Sat,Millionaire Street,SA44 6JZ,Cross Inn,250000
2024-12-06,Fri,Daily,TQ11 0BA,Buckfastleigh,1000
2024-12-06,Fri,Daily,SY11 4QG,Whittington (Shropshire),1000
2024-12-06,Fri,Daily,SW15 4HU,Wandsworth,1000
2024-12-06,Fri,Daily,SS12 0BP,Wickford,1000
2024-12-06,Fri,Daily,SO30 3RX,West End (Eastleigh),1000
2024-12-06,Fri,Daily,RM11 1EQ,Havering,1000
2024-12-06,Fri,Daily,OX14 4QW,Sutton Courtenay,1000
2024-12-06,Fri,Daily,ME17 2HN,Lenham and Harrietsham,1000
2024-12-06,Fri,Daily,M32 0SE,Stretford,1000
2024-12-06,Fri,Daily,LL41 3SH,Blaenau Ffestiniog,1000
2024-12-06,Fri,Daily,G20 9AH,Glasgow,1000
2024-12-06,Fri,Daily,FY4 4HZ,Blackpool,1000
2024-12-06,Fri,Daily,EX4 9BH,Exeter,1000
2024-12-06,Fri,Daily,DY1 3DW,Dudley (Dudley),1000
2024-12-06,Fri,Daily,DN14 7AZ,Howden,1000
2024-12-06,Fri,Daily,CT13 0LJ,Eastry,1000
2024-12-06,Fri,Daily,CH5 1QP,Shotton,1000
2024-12-06,Fri,Daily,CH3 5LY,Chester,1000
2024-12-06,Fri,Daily,BL7 0LU,Edgworth,1000
2024-12-06,Fri,Daily,B66 3HD,Smethwick,1000
2024-12-05,Thu,Daily,WS11 8EX,Cannock,1000
2024-12-05,Thu,Daily,WN5 7XX,Billinge,1000
2024-12-05,Thu,Daily,TN24 0QQ,Ashford (Ashford),1000
2024-12-05,Thu,Daily,SS3 9TG,Southend-on-Sea,1000
2024-12-05,Thu,Daily,RG26 5LL,Bramley,1000
2024-12-05,Thu,Daily,PL12 4HU,Saltash,1000
2024-12-05,Thu,Daily,M32 0AB,Stretford,1000
2024-12-05,Thu,Daily,LN1 1EW,Lincoln,1000
2024-12-05,Thu,Daily,KY3 9HJ,Kinghorn,1000
2024-12-05,Thu,Daily,GU10 2EF,Churt,1000
2024-12-05,Thu,Daily,EH8 7DZ,Edinburgh,1000
2024-12-05,Thu,Daily,E9 7DP,Hackney,1000
2024-12-05,Thu,Daily,DH1 2BW,Durham,1000
2024-12-05,Thu,Daily,DA11 8SY,Northfleet,1000
2024-12-05,Thu,Daily,CV23 0HQ,Rugby,1000
2024-12-05,Thu,Daily,CV13 6JU,Stoke Golding,1000
2024-12-05,Thu,Daily,CO10 1AP,Sudbury,1000
2024-12-05,Thu,Daily,CM12 9XA,Billericay,1000
2024-12-05,Thu,Daily,CF41 7NS,Rhondda,1000
2024-12-05,Thu,Daily,BA16 9SE,Walton (Mendip),1000
2024-12-04,Wed,Daily,YO19 5XS,Dunnington,1000
2024-12-04,Wed,Daily,WA3 5EQ,Culcheth,1000
2024-12-04,Wed,Daily,SO40 8UP,Totton,1000
2024-12-04,Wed,Daily,S81 8BJ,Worksop,1000
2024-12-04,Wed,Daily,RH10 3HE,Crawley (Crawley),1000
2024-12-04,Wed,Daily,PO33 2NZ,Ryde,1000
2024-12-04,Wed,Daily,PO22 9LB,Bognor Regis,1000
2024-12-04,Wed,Daily,PL15 7JJ,Launceston,1000
2024-12-04,Wed,Daily,NR12 8TW,Hoveton and Wroxham,1000
2024-12-04,Wed,Daily,NP4 8LW,Pontypool,1000
2024-12-04,Wed,Daily,M33 3JQ,Sale,1000
2024-12-04,Wed,Daily,M27 5QY,Swinton (Salford),1000
2024-12-04,Wed,Daily,LS17 6BW,Leeds,1000
2024-12-04,Wed,Daily,LL34 6BN,Penmaenmawr,1000
2024-12-04,Wed,Daily,HX6 3RQ,Sowerby Bridge,1000
2024-12-04,Wed,Daily,HD9 7LZ,Honley,1000
2024-12-04,Wed,Daily,DN21 1PA,Gainsborough,1000
2024-12-04,Wed,Daily,DG12 6DP,Annan,1000
2024-12-04,Wed,Daily,CO5 9NF,Kelvedon and Feering,1000
2024-12-04,Wed,Daily,AB21 7FS,Aberdeen,1000
2024-12-03,Tue,Daily,WA15 8DF,Altrincham,1000
2024-12-03,Tue,Daily,TN15 6UD,Sevenoaks,1000
2024-12-03,Tue,Daily,S8 8FR,Sheffield,1000
2024-12-03,Tue,Daily,S40 4DX,Chesterfield,1000
2024-12-03,Tue,Daily,S35 0BY,Sheffield,1000
2024-12-03,Tue,Daily,PR26 9HA,Leyland,1000
2024-12-03,Tue,Daily,PO18 0HY,Chichester,1000
2024-12-03,Tue,Daily,NG34 7GR,Sleaford,1000
2024-12-03,Tue,Daily,NG3 6NP,Nottingham,1000
2024-12-03,Tue,Daily,N14 5BA,London,1000
2024-12-03,Tue,Daily,M27 5YQ,Manchester,1000
2024-12-03,Tue,Daily,DD5 4AX,Dundee,1000
2024-12-03,Tue,Daily,CF48 1LW,Merthyr Tydfil,1000
2024-12-03,Tue,Daily,CB3 0GX,Cambridge,1000
2024-12-03,Tue,Daily,BN15 9AF,Lancing,1000
2024-12-03,Tue,Daily,BN14 0HE,Worthing,1000
2024-12-03,Tue,Daily,BD23 3DJ,Skipton,1000
2024-12-03,Tue,Daily,B77 3ES,Tamworth,1000
2024-12-03,Tue,Daily,B26 2AL,Birmingham,1000
2024-12-03,Tue,Daily,AB39 2XF,Stonehaven,1000
2024-12-02,Mon,Daily,W7 2JG,London,1000
2024-12-02,Mon,Daily,TN34 2FW,Hastings,1000
2024-12-02,Mon,Daily,TA9 3GW,Highbridge,1000
2024-12-02,Mon,Daily,SS15 6SG,Basildon,1000
2024-12-02,Mon,Daily,SK4 3PL,Stockport,1000
2024-12-02,Mon,Daily,SE9 6JB,London,1000
2024-12-02,Mon,Daily,SE25 5PH,London,1000
2024-12-02,Mon,Daily,SA1 3BJ,Swansea,1000
2024-12-02,Mon,Daily,PR2 7FN,Preston,1000
2024-12-02,Mon,Daily,OL9 0PT,Oldham,1000
2024-12-02,Mon,Daily,NG9 6HE,Nottingham,1000
2024-12-02,Mon,Daily,NE65 0XL,Morpeth,1000
2024-12-02,Mon,Daily,LE3 2JN,Leicester,1000
2024-12-02,Mon,Daily,L18 3EQ,Liverpool,1000
2024-12-02,Mon,Daily,IG1 4QT,Ilford,1000
2024-12-02,Mon,Daily,HU5 3NF,Hull,1000
2024-12-02,Mon,Daily,EN8 0PD,Waltham Cross,1000
2024-12-02,Mon,Daily,DN8 4EQ,Doncaster,1000
2024-12-02,Mon,Daily,CO9 4QP,Halstead,1000
2024-12-02,Mon,Daily,CF36 5LY,Porthcawl,1000
2024-12-01,Sun,Street Prize,RH6 9EG,Horley,30000
2024-11-30,Sat,Postcode Millions,M22 8UG,Wythenshawe,1478
2024-11-30,Sat,Postcode Millions,M22 8UE,Wythenshawe,1478
2024-11-30,Sat,Postcode Millions,M22 8UB,Wythenshawe,1478
2024-11-30,Sat,Postcode Millions,M22 8UA,Wythenshawe,1478
2024-11-30,Sat,Postcode Millions,M22 8NN,Wythenshawe,1478
2024-11-30,Sat,Postcode Millions,M22 8NF,Wythenshawe,1478
2024-11-30,Sat,Postcode Millions,M22 8NE,Wythenshawe,1478
2024-11-30,Sat,Postcode Millions,M22 8NB,Wythenshawe,1478
2024-11-30,Sat,Postcode Millions,M22 8LZ,Wythenshawe,1478
2024-11-30,Sat,Postcode Millions,M22 8LY,Wythenshawe,1478
2024-11-30,Sat,Postcode Millions,M22 8LX,Wythenshawe,1478
2024-11-30,Sat,Postcode Millions,M22 8LW,Wythenshawe,1478
2024-11-30,Sat,Postcode Millions,M22 8LU,Wythenshawe,1478
2024-11-30,Sat,Postcode Millions,M22 8LT,Wythenshawe,1478
2024-11-30,Sat,Postcode Millions,M22 8LS,Wythenshawe,1478
2024-11-30,Sat,Postcode Millions,M22 8LR,Wythenshawe,1478
2024-11-30,Sat,Postcode Millions,M22 8LQ,Wythenshawe,1478
2024-11-30,Sat,Postcode Millions,M22 8LP,Wythenshawe,1478
2024-11-30,Sat,Postcode Millions,M22 8LN,Wythenshawe,1478
2024-11-30,Sat,Postcode Millions,M22 8LL,Wythenshawe,1478
2024-11-30,Sat,Postcode Millions,M22 8LJ,Wythenshawe,1478
2024-11-30,Sat,Postcode Millions,M22 8LH,Wythenshawe,1478
2024-11-30,Sat,Postcode Millions,M22 8LG,Wythenshawe,1478
2024-11-30,Sat,Postcode Millions,M22 8LF,Wythenshawe,1478
2024-11-30,Sat,Postcode Millions,M22 8LE,Wythenshawe,1478
2024-11-30,Sat,Postcode Millions,M22 8LB,Wythenshawe,1478
2024-11-30,Sat,Postcode Millions,M22 8LA,Wythenshawe,1478
2024-11-30,Sat,Postcode Millions,M22 8JZ,Wythenshawe,1478
2024-11-30,Sat,Postcode Millions,M22 8JY,Wythenshawe,1478
2024-11-30,Sat,Postcode Millions,M22 8JX,Wythenshawe,1478
2024-11-30,Sat,Postcode Millions,M22 8JW,Wythenshawe,1478
2024-11-30,Sat,Postcode Millions,M22 8JU,Wythenshawe,1478
2024-11-30,Sat,Postcode Millions,M22 8JT,Wythenshawe,1478
2024-11-30,Sat,Postcode Millions,M22 8JS,Wythenshawe,1478
2024-11-30,Sat,Postcode Millions,M22 8JR,Wythenshawe,1478
2024-11-30,Sat,Postcode Millions,M22 8JN,Wythenshawe,1478
2024-11-30,Sat,Postcode Millions,M22 8JA,Wythenshawe,1478
2024-11-30,Sat,Postcode Millions,M22 8HW,Wythenshawe,1478
2024-11-30,Sat,Postcode Millions,M22 8HR,Wythenshawe,1478
2024-11-30,Sat,Postcode Millions,M22 8HQ,Wythenshawe,1478
2024-11-30,Sat,Postcode Millions,M22 8HN,Wythenshawe,1478
2024-11-30,Sat,Postcode Millions,M22 8HL,Wythenshawe,1478
2024-11-30,Sat,Postcode Millions,M22 8HJ,Wythenshawe,1478
2024-11-30,Sat,Postcode Millions,M22 8HH,Wythenshawe,1478
2024-11-30,Sat,Postcode Millions,M22 8HG,Wythenshawe,1478
2024-11-30,Sat,Postcode Millions,M22 8HF,Wythenshawe,1478
2024-11-30,Sat,Postcode Millions,M22 8HE,Wythenshawe,1478
2024-11-30,Sat,Postcode Millions,M22 8HB,Wythenshawe,1478
2024-11-30,Sat,Postcode Millions,M22 8FY,Wythenshawe,1478
2024-11-30,Sat,Postcode Millions,M22 8FW,Wythenshawe,1478
2024-11-30,Sat,Postcode Millions,M22 8FU,Wythenshawe,1478
2024-11-30,Sat,Postcode Millions,M22 8FT,Wythenshawe,1478
2024-11-30,Sat,Postcode Millions,M22 8FR,Wythenshawe,1478
2024-11-30,Sat,Postcode Millions,M22 8FQ,Wythenshawe,1478
2024-11-30,Sat,Postcode Millions,M22 8FP,Wythenshawe,1478
2024-11-30,Sat,Postcode Millions,M22 8FN,Wythenshawe,1478
2024-11-30,Sat,Postcode Millions,M22 8FJ,Wythenshawe,1478
2024-11-30,Sat,Postcode Millions,M22 8FH,Wythenshawe,1478
2024-11-30,Sat,Postcode Millions,M22 8FG,Wythenshawe,1478
2024-11-30,Sat,Postcode Millions,M22 8FD,Wythenshawe,1478
2024-11-30,Sat,Postcode Millions,M22 8FB,Wythenshawe,1478
2024-11-30,Sat,Postcode Millions,M22 8FA,Wythenshawe,1478
2024-11-30,Sat,Postcode Millions,M22 8EX,Wythenshawe,1478
2024-11-30,Sat,Postcode Millions,M22 8EW,Wythenshawe,1478
2024-11-30,Sat,Postcode Millions,M22 8ET,Wythenshawe,1478
2024-11-30,Sat,Postcode Millions,M22 8ES,Wythenshawe,1478
2024-11-30,Sat,Postcode Millions,M22 8ER,Wythenshawe,1478
2024-11-30,Sat,Postcode Millions,M22 8EQ,Wythenshawe,1478
2024-11-30,Sat,Postcode Millions,M22 8EP,Wythenshawe,1478
2024-11-30,Sat,Postcode Millions,M22 8EN,Wythenshawe,1478
2024-11-30,Sat,Postcode Millions,M22 8EL,Wythenshawe,1478
2024-11-30,Sat,Postcode Millions,M22 8EJ,Wythenshawe,1478
2024-11-30,Sat,Postcode Millions,M22 8EG,Wythenshawe,1478
2024-11-30,Sat,Postcode Millions,M22 8EF,Wythenshawe,1478
2024-11-30,Sat,Postcode Millions,M22 8EE,Wythenshawe,1478
2024-11-30,Sat,Postcode Millions,M22 8ED,Wythenshawe,1478
2024-11-30,Sat,Postcode Millions,M22 8EB,Wythenshawe,1478
2024-11-30,Sat,Postcode Millions,M22 8EA,Wythenshawe,1478
2024-11-30,Sat,Postcode Millions,M22 8DZ,Wythenshawe,1478
2024-11-30,Sat,Postcode Millions,M22 8DY,Wythenshawe,1478
2024-11-30,Sat,Postcode Millions,M22 8DX,Wythenshawe,1478
2024-11-30,Sat,Postcode Millions,M22 8DW,Wythenshawe,1478
2024-11-30,Sat,Postcode Millions,M22 8DT,Wythenshawe,1478
2024-11-30,Sat,Postcode Millions,M22 8DS,Wythenshawe,1478
2024-11-30,Sat,Postcode Millions,M22 8DR,Wythenshawe,1478
2024-11-30,Sat,Postcode Millions,M22 8DP,Wythenshawe,1478
2024-11-30,Sat,Postcode Millions,M22 8DN,Wythenshawe,1478
2024-11-30,Sat,Postcode Millions,M22 8DL,Wythenshawe,1478
2024-11-30,Sat,Postcode Millions,M22 8DJ,Wythenshawe,1478
2024-11-30,Sat,Postcode Millions,M22 8DH,Wythenshawe,1478
2024-11-30,Sat,Postcode Millions,M22 8DG,Wythenshawe,1478
2024-11-30,Sat,Postcode Millions,M22 8DF,Wythenshawe,1478
2024-11-30,Sat,Postcode Millions,M22 8DE,Wythenshawe,1478
2024-11-30,Sat,Postcode Millions,M22 8DD,Wythenshawe,1478
2024-11-30,Sat,Postcode Millions,M22 8DB,Wythenshawe,1478
2024-11-30,Sat,Postcode Millions,M22 8DA,Wythenshawe,1478
2024-11-30,Sat,Postcode Millions,M22 8BW,Wythenshawe,1478
2024-11-30,Sat,Postcode Millions,M22 8BS,Wythenshawe,1478
2024-11-30,Sat,Postcode Millions,M22 8BQ,Wythenshawe,1478
2024-11-30,Sat,Postcode Millions,M22 8BP,Wythenshawe,1478
2024-11-30,Sat,Postcode Millions,M22 8BN,Wythenshawe,1478
2024-11-30,Sat,Postcode Millions,M22 8BL,Wythenshawe,1478
2024-11-30,Sat,Postcode Millions,M22 8BJ,Wythenshawe,1478
2024-11-30,Sat,Postcode Millions,M22 8BH,Wythenshawe,1478
2024-11-30,Sat,Postcode Millions,M22 8BF,Wythenshawe,1478
2024-11-30,Sat,Postcode Millions,M22 8BE,Wythenshawe,1478
2024-11-30,Sat,Postcode Millions,M22 8BB,Wythenshawe,1478
2024-11-30,Sat,Postcode Millions,M22 8BA,Wythenshawe,1478
2024-11-30,Sat,Postcode Millions,M22 8AZ,Wythenshawe,1478
2024-11-30,Sat,Postcode Millions,M22 8AY,Wythenshawe,1478
2024-11-30,Sat,Postcode Millions,M22 8AW,Wythenshawe,1478
2024-11-30,Sat,Postcode Millions,M22 8AU,Wythenshawe,1478
2024-11-30,Sat,Postcode Millions,M22 8AT,Wythenshawe,1478
2024-11-30,Sat,Postcode Millions,M22 8AS,Wythenshawe,1478
2024-11-30,Sat,Postcode Millions,M22 8AR,Wythenshawe,1478
2024-11-30,Sat,Postcode Millions,M22 8AQ,Wythenshawe,1478
2024-11-30,Sat,Postcode Millions,M22 8AN,Wythenshawe,1478
2024-11-30,Sat,Postcode Millions,M22 8AL,Wythenshawe,1478
2024-11-30,Sat,Postcode Millions,M22 8AJ,Wythenshawe,1478
2024-11-30,Sat,Postcode Millions,M22 8AH,Wythenshawe,1478
2024-11-30,Sat,Postcode Millions,M22 8AG,Wythenshawe,1478
2024-11-30,Sat,Postcode Millions,M22 8AD,Wythenshawe,1478
2024-11-30,Sat,Postcode Millions,M22 8AB,Wythenshawe,1478
2024-11-30,Sat,Postcode Millions,M22 8AA,Wythenshawe,1478
2024-11-30,Sat,Millionaire Street,SK15 1LQ,Stalybridge,200000
2024-11-29,Fri,Daily,TQ5 9SB,Brixham,1000
2024-11-29,Fri,Daily,SO18 4SR,Southampton,1000
2024-11-29,Fri,Daily,SM5 1BJ,Carshalton,1000
2024-11-29,Fri,Daily,S61 1LG,Rotherham,1000
2024-11-29,Fri,Daily,RH6 8FU,Horley,1000
2024-11-29,Fri,Daily,PR25 2EU,Leyland,1000
2024-11-29,Fri,Daily,PE11 2BP,Spalding,1000
2024-11-29,Fri,Daily,NR34 0FR,Beccles,1000
2024-11-29,Fri,Daily,NP24 6EQ,New Tredegar,1000
2024-11-29,Fri,Daily,NE29 9ED,North Shields,1000
2024-11-29,Fri,Daily,L7 5PN,Liverpool,1000
2024-11-29,Fri,Daily,L34 2TG,Prescot,1000
2024-11-29,Fri,Daily,L30 5RA,Bootle,1000
2024-11-29,Fri,Daily,KY13 0LA,Kinross,1000
2024-11-29,Fri,Daily,GU7 3SD,Godalming,1000
2024-11-29,Fri,Daily,GL2 8BT,Gloucester,1000
2024-11-29,Fri,Daily,CT8 8ED,Westgate on Sea,1000
2024-11-29,Fri,Daily,CF14 2JG,Cardiff,1000
2024-11-29,Fri,Daily,BD20 6TE,Keighley,1000
2024-11-29,Fri,Daily,BA2 5PE,Bath,1000
2024-11-28,Thu,Daily,WN7 2GA,Leigh,1000
2024-11-28,Thu,Daily,WD3 5JL,Rickmansworth,1000
2024-11-28,Thu,Daily,SY1 3HR,Shrewsbury,1000
2024-11-28,Thu,Daily,SM2 7DU,Sutton,1000
2024-11-28,Thu,Daily,SE6 1ES,London,1000
2024-11-28,Thu,Daily,RH13 8EN,Horsham,1000
2024-11-28,Thu,Daily,OX17 1QW,Banbury,1000
2024-11-28,Thu,Daily,NG14 6HX,Nottingham,1000
2024-11-28,Thu,Daily,M26 4AX,Manchester,1000
2024-11-28,Thu,Daily,LS14 5AW,Leeds,1000
2024-11-28,Thu,Daily,HD4 6LN,Huddersfield,1000
2024-11-28,Thu,Daily,GU15 4LR,Camberley,1000
2024-11-28,Thu,Daily,EH7 4BB,Edinburgh,1000
2024-11-28,Thu,Daily,DE5 3UP,Ripley,1000
2024-11-28,Thu,Daily,DA3 8JP,Longfield,1000
2024-11-28,Thu,Daily,CT14 9HS,Deal,1000
2024-11-28,Thu,Daily,CH61 3XW,Wirral,1000
2024-11-28,Thu,Daily,CB1 3HX,Cambridge,1000
2024-11-28,Thu,Daily,BA16 0HZ,Street,1000
2024-11-28,Thu,Daily,AL1 4QB,St Albans,1000
2024-11-27,Wed,Daily,SP5 3HA,Salisbury,1000
2024-11-27,Wed,Daily,SA72 6AR,Pembroke Dock,1000
2024-11-27,Wed,Daily,SA39 9LJ,Pencader,1000
2024-11-27,Wed,Daily,RM11 1JG,Hornchurch,1000
2024-11-27,Wed,Daily,RH12 2LH,Horsham,1000
2024-11-27,Wed,Daily,PR2 6PT,Preston,1000
2024-11-27,Wed,Daily,PO4 0ER,Southsea,1000
2024-11-27,Wed,Daily,OL10 2JG,Heywood,1000
2024-11-27,Wed,Daily,NN13 7EF,Brackley,1000
2024-11-27,Wed,Daily,ML9 3ED,Larkhall,1000
2024-11-27,Wed,Daily,MK42 9FQ,Bedford,1000
2024-11-27,Wed,Daily,M18 8JL,Manchester,1000
2024-11-27,Wed,Daily,LN13 9TS,Alford,1000
2024-11-27,Wed,Daily,KT24 6AL,Leatherhead,1000
2024-11-27,Wed,Daily,IP21 5HX,Eye,1000
2024-11-27,Wed,Daily,GL4 4DH,Gloucester,1000
2024-11-27,Wed,Daily,DL5 6QJ,Newton Aycliffe,1000
2024-11-27,Wed,Daily,CH1 4JA,Chester,1000
2024-11-27,Wed,Daily,CF3 6XJ,Cardiff,1000
2024-11-27,Wed,Daily,BL9 8EF,Bury,1000
2024-11-26,Tue,Daily,WR5 3LX,Worcester,1000
2024-11-26,Tue,Daily,WN2 4XS,Wigan,1000
2024-11-26,Tue,Daily,TW13 7AZ,Feltham,1000
2024-11-26,Tue,Daily,TQ8 8HU,Salcombe,1000
2024-11-26,Tue,Daily,SW18 3DP,London,1000
2024-11-26,Tue,Daily,SN25 1BG,Swindon,1000
2024-11-26,Tue,Daily,SK6 4HA,Stockport,1000
2024-11-26,Tue,Daily,PR4 4JD,Preston,1000
2024-11-26,Tue,Daily,PO2 7JS,Portsmouth,1000
2024-11-26,Tue,Daily,OX39 4NX,Chinnor,1000
2024-11-26,Tue,Daily,OX28 1BB,Witney,1000
2024-11-26,Tue,Daily,ME1 1YW,Rochester,1000
2024-11-26,Tue,Daily,FY6 9AY,Poulton-le-Fylde,1000
2024-11-26,Tue,Daily,EH41 3HZ,Haddington,1000
2024-11-26,Tue,Daily,EH15 3NH,Edinburgh,1000
2024-11-26,Tue,Daily,E15 2BS,London,1000
2024-11-26,Tue,Daily,CT21 4DG,Hythe,1000
2024-11-26,Tue,Daily,CR2 6GP,South Croydon,1000
2024-11-26,Tue,Daily,BB18 6AW,Colne,1000
2024-11-26,Tue,Daily,B36 9HF,Birmingham,1000
2024-11-25,Mon,Daily,WV10 6TQ,Wolverhampton,1000
2024-11-25,Mon,Daily,WN8 7PJ,Wigan,1000
2024-11-25,Mon,Daily,UB6 8BA,Greenford,1000
2024-11-25,Mon,Daily,SO42 7WR,Brockenhurst,1000
2024-11-25,Mon,Daily,S70 6AJ,Barnsley,1000
2024-11-25,Mon,Daily,S32 3YU,Hope Valley,1000
2024-11-25,Mon,Daily,PE9 2TT,Stamford,1000
2024-11-25,Mon,Daily,NN10 6DG,Rushden,1000
2024-11-25,Mon,Daily,NG2 1LF,Nottingham,1000
2024-11-25,Mon,Daily,LS25 2NP,Leeds,1000
2024-11-25,Mon,Daily,IP33 1HE,Bury St Edmunds,1000
2024-11-25,Mon,Daily,IG10 1RX,Loughton,1000
2024-11-25,Mon,Daily,HG3 2SQ,Harrogate,1000
2024-11-25,Mon,Daily,GL52 3HE,Cheltenham,1000
2024-11-25,Mon,Daily,EH52 6UN,Broxburn,1000
2024-11-25,Mon,Daily,DD1 1JB,Dundee,1000
2024-11-25,Mon,Daily,DA16 3QS,Welling,1000
2024-11-25,Mon,Daily,CO8 5BE,Bures,1000
2024-11-25,Mon,Daily,BB2 2RB,Blackburn,1000
2024-11-25,Mon,Daily,B24 0EU,Birmingham,1000
2024-11-24,Sun,Street Prize,RM8 2JP,Dagenham,30000
2024-11-23,Sat,Millionaire Street,LN6 9PH,Lincoln,100000
2024-11-22,Fri,Daily,TQ5 8ET,Brixham,1000
2024-11-22,Fri,Daily,TA7 8AL,Bridgwater,1000
2024-11-22,Fri,Daily,SA16 0LD,Burry Port,1000
2024-11-22,Fri,Daily,S11 7AX,Sheffield,1000
2024-11-22,Fri,Daily,RH10 3PU,Crawley,1000
2024-11-22,Fri,Daily,PL6 7PB,Plymouth,1000
2024-11-22,Fri,Daily,NP4 7US,Pontypool,1000
2024-11-22,Fri,Daily,NE42 6JQ,Prudhoe,1000
2024-11-22,Fri,Daily,M32 0GR,Manchester,1000
2024-11-22,Fri,Daily,KT14 7DQ,West Byfleet,1000
2024-11-22,Fri,Daily,IP13 6UE,Woodbridge,1000
2024-11-22,Fri,Daily,HD7 4HZ,Huddersfield,1000
2024-11-22,Fri,Daily,HD2 1HR,Huddersfield,1000
2024-11-22,Fri,Daily,DN20 8DW,Brigg,1000
2024-11-22,Fri,Daily,DN12 1QH,Doncaster,1000
2024-11-22,Fri,Daily,CT20 2BL,Folkestone,1000
2024-11-22,Fri,Daily,CF15 9HJ,Cardiff,1000
2024-11-22,Fri,Daily,CA7 3LB,Carlisle,1000
2024-11-22,Fri,Daily,BN6 8LP,Hassocks,1000
2024-11-22,Fri,Daily,B29 7JE,Birmingham,1000
2024-11-21,Thu,Daily,YO24 1UQ,York,1000
2024-11-21,Thu,Daily,WR11 7UA,Evesham,1000
2024-11-21,Thu,Daily,WN7 2RS,Leigh,1000
2024-11-21,Thu,Daily,WF17 6LS,Batley,1000
2024-11-21,Thu,Daily,TN37 6EA,St Leonards on Sea,1000
2024-11-21,Thu,Daily,TA3 6NJ,Taunton,1000
2024-11-21,Thu,Daily,TA2 6AT,Taunton,1000
2024-11-21,Thu,Daily,ST18 0HY,Stafford,1000
2024-11-21,Thu,Daily,SO14 1PW,Southampton,1000
2024-11-21,Thu,Daily,SK11 7XJ,Macclesfield,1000
2024-11-21,Thu,Daily,PE34 3HH,King's Lynn,1000
2024-11-21,Thu,Daily,NE32 5NH,Jarrow,1000
2024-11-21,Thu,Daily,LE16 7LW,Market Harborough,1000
2024-11-21,Thu,Daily,IP22 4PR,Diss,1000
2024-11-21,Thu,Daily,HR1 1PA,Hereford,1000
2024-11-21,Thu,Daily,FY4 5QG,Blackpool,1000
2024-11-21,Thu,Daily,DN33 3NE,Grimsby,1000
2024-11-21,Thu,Daily,BD4 9HA,Bradford,1000
2024-11-21,Thu,Daily,BB7 9SH,Clitheroe,1000
2024-11-21,Thu,Daily,B77 4NU,Tamworth,1000
2024-11-20,Wed,Daily,WD5 0EE,Abbots Langley,1000
2024-11-20,Wed,Daily,SO31 6RD,Southampton,1000
2024-11-20,Wed,Daily,SO22 6JL,Winchester,1000
2024-11-20,Wed,Daily,SG5 3UW,Hitchin,1000
2024-11-20,Wed,Daily,S36 2RL,Sheffield,1000
2024-11-20,Wed,Daily,RG21 3DP,Basingstoke,1000
2024-11-20,Wed,Daily,PO14 3AP,Fareham,1000
2024-11-20,Wed,Daily,PA5 0HG,Johnstone,1000
2024-11-20,Wed,Daily,OX14 4DH,Abingdon,1000
2024-11-20,Wed,Daily,NW1 3EH,London,1000
2024-11-20,Wed,Daily,NG14 7BU,Nottingham,1000
2024-11-20,Wed,Daily,NE22 6JR,Bedlington,1000
2024-11-20,Wed,Daily,LN11 0JD,Louth,1000
2024-11-20,Wed,Daily,LE13 0NB,Melton Mowbray,1000
2024-11-20,Wed,Daily,L19 9DP,Liverpool,1000
2024-11-20,Wed,Daily,HU6 9PF,Hull,1000
2024-11-20,Wed,Daily,E17 7LX,London,1000
2024-11-20,Wed,Daily,CF45 3AW,Mountain Ash,1000
2024-11-20,Wed,Daily,BS35 2AG,Bristol,1000
2024-11-20,Wed,Daily,BB5 6SE,Accrington,1000
2024-11-19,Tue,Daily,WA7 2TQ,Runcorn,1000
2024-11-19,Tue,Daily,SY5 7JT,Shrewsbury,1000
2024-11-19,Tue,Daily,SY1 4LB,Shrewsbury,1000
2024-11-19,Tue,Daily,SW19 1NS,London,1000
2024-11-19,Tue,Daily,ST4 8PP,Stoke-on-Trent,1000
2024-11-19,Tue,Daily,ST10 2QS,Stoke-on-Trent,1000
2024-11-19,Tue,Daily,SS7 5LB,Benfleet,1000
2024-11-19,Tue,Daily,PR26 7JQ,Leyland,1000
2024-11-19,Tue,Daily,PO21 4SU,Bognor Regis,1000
2024-11-19,Tue,Daily,PE31 8BD,King's Lynn,1000
2024-11-19,Tue,Daily,GU9 7AS,Farnham,1000
2024-11-19,Tue,Daily,G67 3DS,Glasgow,1000
2024-11-19,Tue,Daily,G33 6LH,Glasgow,1000
2024-11-19,Tue,Daily,DH7 7DJ,Durham,1000
2024-11-19,Tue,Daily,CR7 7PP,Thornton Heath,1000
2024-11-19,Tue,Daily,BS21 6BB,Clevedon,1000
2024-11-19,Tue,Daily,BS10 5LH,Bristol,1000
2024-11-19,Tue,Daily,BN7 2UD,Lewes,1000
2024-11-19,Tue,Daily,BB12 7BW,Burnley,1000
2024-11-19,Tue,Daily,B62 9TJ,Halesowen,1000
2024-11-18,Mon,Daily,WS15 3RA,Rugeley,1000
2024-11-18,Mon,Daily,WA9 5JA,St Helens,1000
2024-11-18,Mon,Daily,SA17 4TE,Kidwelly,1000
2024-11-18,Mon,Daily,S65 4LF,Rotherham,1000
2024-11-18,Mon,Daily,S11 7TX,Sheffield,1000
2024-11-18,Mon,Daily,PE21 0NL,Boston,1000
2024-11-18,Mon,Daily,PE12 9RP,Spalding,1000
2024-11-18,Mon,Daily,PE11 4NJ,Spalding,1000
2024-11-18,Mon,Daily,M9 8PG,Manchester,1000
2024-11-18,Mon,Daily,LS15 0NE,Leeds,1000
2024-11-18,Mon,Daily,KY10 3RE,Anstruther,1000
2024-11-18,Mon,Daily,KA3 3HD,Kilmarnock,1000
2024-11-18,Mon,Daily,IG8 8QG,Woodford Green,1000
2024-11-18,Mon,Daily,HU12 9TJ,Hull,1000
2024-11-18,Mon,Daily,DL1 3DR,Darlington,1000
2024-11-18,Mon,Daily,CO10 5LJ,Sudbury,1000
2024-11-18,Mon,Daily,BD2 2EL,Bradford,1000
2024-11-18,Mon,Daily,B30 1EP,Birmingham,1000
2024-11-18,Mon,Daily,AB53 4GX,Turriff,1000
2024-11-18,Mon,Daily,AB16 5NJ,Aberdeen,1000
2024-11-17,Sun,Street Prize,B63 3DZ,Halesowen,30000
2024-11-16,Sat,Millionaire Street,S64 9EJ,Mexborough,166666
2024-11-15,Fri,Daily,WS3 3TT,Walsall,1000
2024-11-15,Fri,Daily,WR9 7TE,Droitwich,1000
2024-11-15,Fri,Daily,WA5 0BH,Warrington,1000
2024-11-15,Fri,Daily,S41 8LE,Chesterfield,1000
2024-11-15,Fri,Daily,RH17 7FZ,Haywards Heath,1000
2024-11-15,Fri,Daily,PO9 3QS,Havant,1000
2024-11-15,Fri,Daily,PE11 2RA,Spalding,1000
2024-11-15,Fri,Daily,NR31 0QB,Great Yarmouth,1000
2024-11-15,Fri,Daily,NR2 3JJ,Norwich,1000
2024-11-15,Fri,Daily,NP20 5BB,Newport,1000
2024-11-15,Fri,Daily,MK2 2JZ,Milton Keynes,1000
2024-11-15,Fri,Daily,LS25 2AQ,Leeds,1000
2024-11-15,Fri,Daily,LL14 5PF,Wrexham,1000
2024-11-15,Fri,Daily,KA20 4AU,Stevenston,1000
2024-11-15,Fri,Daily,FK6 6QP,Denny,1000
2024-11-15,Fri,Daily,DN35 9JE,Cleethorpes,1000
2024-11-15,Fri,Daily,DH7 0TE,Durham,1000
2024-11-15,Fri,Daily,CM77 8HE,Braintree,1000
2024-11-15,Fri,Daily,BA12 9LY,Warminster,1000
2024-11-15,Fri,Daily,B71 4AT,West Bromwich,1000
2024-11-14,Thu,Daily,TS27 4PZ,Hartlepool,1000
2024-11-14,Thu,Daily,TS17 9HL,Stockton-on-Tees,1000
2024-11-14,Thu,Daily,TS17 9HG,Stockton-on-Tees,1000
2024-11-14,Thu,Daily,TN19 7QY,Wadhurst,1000
2024-11-14,Thu,Daily,TN15 8SE,Sevenoaks,1000
2024-11-14,Thu,Daily,SN10 4AG,Devizes,1000
2024-11-14,Thu,Daily,RH16 3UR,Haywards Heath,1000
2024-11-14,Thu,Daily,PE9 4NJ,Stamford,1000
2024-11-14,Thu,Daily,NW1 9NL,London,1000
2024-11-14,Thu,Daily,N9 9RH,London,1000
2024-11-14,Thu,Daily,ML1 2LW,Motherwell,1000
2024-11-14,Thu,Daily,MK45 2SW,Bedford,1000
2024-11-14,Thu,Daily,LA13 0LN,Barrow-in-Furness,1000
2024-11-14,Thu,Daily,KY1 2JQ,Kirkcaldy,1000
2024-11-14,Thu,Daily,KA19 7PJ,Maybole,1000
2024-11-14,Thu,Daily,HR3 6LH,Hereford,1000
2024-11-14,Thu,Daily,HA5 5JY,Pinner,1000
2024-11-14,Thu,Daily,EX23 8HN,Bude,1000
2024-11-14,Thu,Daily,DD7 6AH,Carnoustie,1000
2024-11-14,Thu,Daily,BS11 0NR,Bristol,1000
2024-11-13,Wed,Daily,TS9 5PW,Middlesbrough,1000
2024-11-13,Wed,Daily,TD15 2AU,Berwick-upon-Tweed,1000
2024-11-13,Wed,Daily,SY11 3HQ,Oswestry,1000
2024-11-13,Wed,Daily,SW18 5NZ,London,1000
2024-11-13,Wed,Daily,ST10 2AS,Stoke-on-Trent,1000
2024-11-13,Wed,Daily,SE9 6NY,London,1000
2024-11-13,Wed,Daily,PE10 9LL,Bourne,1000
2024-11-13,Wed,Daily,NW1 3FJ,London,1000
2024-11-13,Wed,Daily,NR30 4DN,Great Yarmouth,1000
2024-11-13,Wed,Daily,LS15 8NH,Leeds,1000
2024-11-13,Wed,Daily,LN4 4SB,Lincoln,1000
2024-11-13,Wed,Daily,LL55 2RN,Caernarfon,1000
2024-11-13,Wed,Daily,LL54 7BH,Caernarfon,1000
2024-11-13,Wed,Daily,KA5 6ST,Mauchline,1000
2024-11-13,Wed,Daily,G72 7JS,Glasgow,1000
2024-11-13,Wed,Daily,DG5 4DH,Dalbeattie,1000
2024-11-13,Wed,Daily,DG1 4EQ,Dumfries,1000
2024-11-13,Wed,Daily,CT12 4AQ,Ramsgate,1000
2024-11-13,Wed,Daily,CA14 5BT,Workington,1000
2024-11-13,Wed,Daily,BB5 4QS,Accrington,1000
2024-11-12,Tue,Daily,YO8 5RR,Selby,1000
2024-11-12,Tue,Daily,YO30 6FG,York,1000
2024-11-12,Tue,Daily,WS12 4LB,Cannock,1000
2024-11-12,Tue,Daily,TD9 9PA,Hawick,1000
2024-11-12,Tue,Daily,SK15 1HQ,Stalybridge,1000
2024-11-12,Tue,Daily,RM12 6TQ,Hornchurch,1000
2024-11-12,Tue,Daily,RG42 4HL,Bracknell,1000
2024-11-12,Tue,Daily,PO7 5HQ,Waterlooville,1000
2024-11-12,Tue,Daily,M25 0HE,Manchester,1000
2024-11-12,Tue,Daily,LU6 1QR,Dunstable,1000
2024-11-12,Tue,Daily,LS17 7BQ,Leeds,1000
2024-11-12,Tue,Daily,LA13 9HR,Barrow-in-Furness,1000
2024-11-12,Tue,Daily,G78 1PP,Glasgow,1000
2024-11-12,Tue,Daily,G3 6AN,Glasgow,1000
2024-11-12,Tue,Daily,EX34 9FP,Ilfracombe,1000
2024-11-12,Tue,Daily,EH42 1ND,Dunbar,1000
2024-11-12,Tue,Daily,DH6 4DT,Durham,1000
2024-11-12,Tue,Daily,CV6 1NT,Coventry,1000
2024-11-12,Tue,Daily,BS31 2AA,Bristol,1000
2024-11-12,Tue,Daily,BA2 6UU,Bath,1000
2024-11-11,Mon,Daily,YO21 3NE,Whitby,1000
2024-11-11,Mon,Daily,TN27 0SL,Ashford,1000
2024-11-11,Mon,Daily,TN11 8LD,Tonbridge,1000
2024-11-11,Mon,Daily,SS8 9SA,Canvey Island,1000
2024-11-11,Mon,Daily,SA69 9DR,Saundersfoot,1000
2024-11-11,Mon,Daily,SA6 7JF,Swansea,1000
2024-11-11,Mon,Daily,PO9 2BS,Havant,1000
2024-11-11,Mon,Daily,PO1 3BW,Portsmouth,1000
2024-11-11,Mon,Daily,NW2 7DJ,London,1000
2024-11-11,Mon,Daily,NP19 4BH,Newport,1000
2024-11-11,Mon,Daily,NN5 4UT,Northampton,1000
2024-11-11,Mon,Daily,MK8 9EZ,Milton Keynes,1000
2024-11-11,Mon,Daily,ME15 6UW,Maidstone,1000
2024-11-11,Mon,Daily,M46 0NR,Manchester,1000
2024-11-11,Mon,Daily,HU3 2DH,Hull,1000
2024-11-11,Mon,Daily,GU16 9AX,Camberley,1000
2024-11-11,Mon,Daily,G52 4ER,Glasgow,1000
2024-11-11,Mon,Daily,DE75 7JY,Heanor,1000
2024-11-11,Mon,Daily,CW11 3TF,Sandbach,1000
2024-11-11,Mon,Daily,BR8 8JW,Swanley,1000
2024-11-10,Sun,Street Prize,IV2 4XA,Inverness,30000
2024-11-09,Sat,Millionaire Street,LE2 8QE,Leicester,125000
2024-11-08,Fri,Daily,YO17 6AX,Malton,1000
2024-11-08,Fri,Daily,WR9 8QF,Droitwich,1000
2024-11-08,Fri,Daily,WR12 7RB,Broadway,1000
2024-11-08,Fri,Daily,SS2 4JQ,Southend-on-Sea,1000
2024-11-08,Fri,Daily,SO50 5DW,Eastleigh,1000
2024-11-08,Fri,Daily,SN5 5TG,Swindon,1000
2024-11-08,Fri,Daily,SN4 7PB,Swindon,1000
2024-11-08,Fri,Daily,SG18 0QE,Biggleswade,1000
2024-11-08,Fri,Daily,PO8 9AX,Waterlooville,1000
2024-11-08,Fri,Daily,PA2 7FL,Paisley,1000
2024-11-08,Fri,Daily,OX29 8JG,Witney,1000
2024-11-08,Fri,Daily,NN16 0LU,Kettering,1000
2024-11-08,Fri,Daily,ML6 6NG,Airdrie,1000
2024-11-08,Fri,Daily,LS12 3UU,Leeds,1000
2024-11-08,Fri,Daily,LL12 7EW,Wrexham,1000
2024-11-08,Fri,Daily,IV18 0ET,Invergordon,1000
2024-11-08,Fri,Daily,IP4 5PB,Ipswich,1000
2024-11-08,Fri,Daily,GU34 1UF,Alton,1000
2024-11-08,Fri,Daily,CW2 8LP,Crewe,1000
2024-11-08,Fri,Daily,CB8 7PD,Newmarket,1000
2024-11-07,Thu,Daily,TN16 1RS,Westerham,1000
2024-11-07,Thu,Daily,ST19 9FD,Stafford,1000
2024-11-07,Thu,Daily,ST10 2ER,Stoke-on-Trent,1000
2024-11-07,Thu,Daily,SE1 1EW,London,1000
2024-11-07,Thu,Daily,RH7 6PL,Lingfield,1000
2024-11-07,Thu,Daily,RG27 0LL,Hook,1000
2024-11-07,Thu,Daily,PL1 5AT,Plymouth,1000
2024-11-07,Thu,Daily,NW10 0AL,London,1000
2024-11-07,Thu,Daily,NG18 2NG,Mansfield,1000
2024-11-07,Thu,Daily,NE26 2NN,Whitley Bay,1000
2024-11-07,Thu,Daily,M20 2NL,Manchester,1000
2024-11-07,Thu,Daily,LS20 8JQ,Leeds,1000
2024-11-07,Thu,Daily,LA14 4LQ,Barrow-in-Furness,1000
2024-11-07,Thu,Daily,IG2 6TR,Ilford,1000
2024-11-07,Thu,Daily,GU21 2LS,Woking,1000
2024-11-07,Thu,Daily,GL11 4EF,Dursley,1000
2024-11-07,Thu,Daily,G52 1RN,Glasgow,1000
2024-11-07,Thu,Daily,EX6 6QX,Exeter,1000
2024-11-07,Thu,Daily,CF64 3NS,Penarth,1000
2024-11-07,Thu,Daily,AB15 5ER,Aberdeen,1000
2024-11-06,Wed,Daily,W3 7ST,London,1000
2024-11-06,Wed,Daily,UB2 4JP,Southall,1000
2024-11-06,Wed,Daily,TW8 0NS,Brentford,1000
2024-11-06,Wed,Daily,SW14 7RD,London,1000
2024-11-06,Wed,Daily,SA73 2PS,Milford Haven,1000
2024-11-06,Wed,Daily,SA73 1PJ,Milford Haven,1000
2024-11-06,Wed,Daily,RG41 2SB,Wokingham,1000
2024-11-06,Wed,Daily,PE10 9YH,Bourne,1000
2024-11-06,Wed,Daily,PA3 1EU,Paisley,1000
2024-11-06,Wed,Daily,OX16 4RB,Banbury,1000
2024-11-06,Wed,Daily,NN3 3EF,Northampton,1000
2024-11-06,Wed,Daily,NN11 4QF,Daventry,1000
2024-11-06,Wed,Daily,NE15 7QH,Newcastle upon Tyne,1000
2024-11-06,Wed,Daily,MK2 3LT,Milton Keynes,1000
2024-11-06,Wed,Daily,L37 8DT,Liverpool,1000
2024-11-06,Wed,Daily,HG4 4HA,Ripon,1000
2024-11-06,Wed,Daily,GL17 9AG,Drybrook,1000
2024-11-06,Wed,Daily,DL1 1GS,Darlington,1000
2024-11-06,Wed,Daily,CB2 8DG,Cambridge,1000
2024-11-06,Wed,Daily,B71 3SN,West Bromwich,1000
2024-11-05,Tue,Daily,WV10 0SS,Wolverhampton,1000
2024-11-05,Tue,Daily,WA11 7HA,St Helens,1000
2024-11-05,Tue,Daily,W12 9AF,London,1000
2024-11-05,Tue,Daily,TW15 2HF,Ashford,1000
2024-11-05,Tue,Daily,TQ14 8JT,Teignmouth,1000
2024-11-05,Tue,Daily,TN22 3LA,Uckfield,1000
2024-11-05,Tue,Daily,TA24 8RQ,Minehead,1000
2024-11-05,Tue,Daily,PE19 2SD,St Neots,1000
2024-11-05,Tue,Daily,NP4 7AE,Pontypool,1000
2024-11-05,Tue,Daily,LU5 5PU,Dunstable,1000
2024-11-05,Tue,Daily,LE67 8JH,Coalville,1000
2024-11-05,Tue,Daily,DN4 7BL,Doncaster,1000
2024-11-05,Tue,Daily,DE12 6EN,Swadlincote,1000
2024-11-05,Tue,Daily,CW8 2SD,Northwich,1000
2024-11-05,Tue,Daily,CV3 5BQ,Coventry,1000
2024-11-05,Tue,Daily,CO3 0YF,Colchester,1000
2024-11-05,Tue,Daily,CF5 3SL,Cardiff,1000
2024-11-05,Tue,Daily,BR2 6EN,Keston,1000
2024-11-05,Tue,Daily,BD20 0HT,Keighley,1000
2024-11-05,Tue,Daily,B98 0PD,Redditch,1000
2024-11-04,Mon,Daily,SW19 2UQ,London,1000
2024-11-04,Mon,Daily,ST16 3UY,Stafford,1000
2024-11-04,Mon,Daily,SS14 1SG,Basildon,1000
2024-11-04,Mon,Daily,SM1 2LY,Sutton,1000
2024-11-04,Mon,Daily,S71 1PS,Barnsley,1000
2024-11-04,Mon,Daily,NN14 1RE,Kettering,1000
2024-11-04,Mon,Daily,N13 5RQ,London,1000
2024-11-04,Mon,Daily,ML11 9FA,Lanark,1000
2024-11-04,Mon,Daily,MK6 3JE,Milton Keynes,1000
2024-11-04,Mon,Daily,LS13 3EN,Leeds,1000
2024-11-04,Mon,Daily,KY5 0UD,Lochgelly,1000
2024-11-04,Mon,Daily,KA11 2GX,Irvine,1000
2024-11-04,Mon,Daily,HU3 1LR,Hull,1000
2024-11-04,Mon,Daily,HP3 0JZ,Hemel Hempstead,1000
2024-11-04,Mon,Daily,GL2 5LX,Gloucester,1000
2024-11-04,Mon,Daily,EX6 8QL,Exeter,1000
2024-11-04,Mon,Daily,EH11 4QQ,Edinburgh,1000
2024-11-04,Mon,Daily,DN6 9AG,Doncaster,1000
2024-11-04,Mon,Daily,CO16 7AZ,Clacton-on-Sea,1000
2024-11-04,Mon,Daily,BD20 9HW,Keighley,1000
2024-11-03,Sun,Street Prize,PR7 7EF,,30000
2024-11-02,Sat,Millionaire Street,SK7 5QY,Stockport,111111
2024-11-01,Fri,Daily,TS17 0TH,Stockton-on-Tees,1000
2024-11-01,Fri,Daily,SE16 5QT,London,1000
2024-11-01,Fri,Daily,SA6 8AA,Swansea,1000
2024-11-01,Fri,Daily,S75 6HS,Barnsley,1000
2024-11-01,Fri,Daily,PH32 4DF,Fort Augustus,1000
2024-11-01,Fri,Daily,OX7 5DQ,Chipping Norton,1000
2024-11-01,Fri,Daily,LU7 2SF,Leighton Buzzard,1000
2024-11-01,Fri,Daily,LL54 5BT,Caernarfon,1000
2024-11-01,Fri,Daily,LE8 5SN,Leicester,1000
2024-11-01,Fri,Daily,LA14 4HQ,Barrow-in-Furness,1000
2024-11-01,Fri,Daily,KT12 2BB,Walton-on-Thames,1000
2024-11-01,Fri,Daily,G83 8EZ,Alexandria,1000
2024-11-01,Fri,Daily,G66 2EL,Glasgow,1000
2024-11-01,Fri,Daily,DY11 5XB,Kidderminster,1000
2024-11-01,Fri,Daily,DE21 6PX,Derby,1000
2024-11-01,Fri,Daily,DA11 8PT,Gravesend,1000
2024-11-01,Fri,Daily,CH45 9LN,Wallasey,1000
2024-11-01,Fri,Daily,BH15 1QN,Poole,1000
2024-11-01,Fri,Daily,B31 2JA,Birmingham,1000
2024-11-01,Fri,Daily,AB51 8ZA,Inverurie,1000
2024-10-31,Thu,Daily,WF3 1PN,Wakefield,1000
2024-10-31,Thu,Daily,W13 9SX,London,1000
2024-10-31,Thu,Daily,TS7 0PD,Middlesbrough,1000
2024-10-31,Thu,Daily,SP8 4TR,Gillingham,1000
2024-10-31,Thu,Daily,SK17 8BG,Buxton,1000
2024-10-31,Thu,Daily,RG26 5RB,Tadley,1000
2024-10-31,Thu,Daily,NE66 2XY,Alnwick,1000
2024-10-31,Thu,Daily,NE47 6AH,Hexham,1000
2024-10-31,Thu,Daily,LS27 8PQ,Leeds,1000
2024-10-31,Thu,Daily,GU24 9RX,Woking,1000
2024-10-31,Thu,Daily,GL20 5NB,Tewkesbury,1000
2024-10-31,Thu,Daily,EH4 4HB,Edinburgh,1000
2024-10-31,Thu,Daily,E17 8NR,London,1000
2024-10-31,Thu,Daily,DY10 3BU,Kidderminster,1000
2024-10-31,Thu,Daily,DN34 4SQ,Grimsby,1000
2024-10-31,Thu,Daily,DH7 9XA,Durham,1000
2024-10-31,Thu,Daily,DA8 1FP,Erith,1000
2024-10-31,Thu,Daily,BS48 2UF,Bristol,1000
2024-10-31,Thu,Daily,BB5 5UL,Accrington,1000
2024-10-31,Thu,Daily,AB12 4RG,Aberdeen,1000
2024-10-30,Wed,Daily,WA4 6BH,Warrington,1000
2024-10-30,Wed,Daily,TN9 2BD,Tonbridge,1000
2024-10-30,Wed,Daily,RG30 4EE,Reading,1000
2024-10-30,Wed,Daily,PA16 0ER,Greenock,1000
2024-10-30,Wed,Daily,NE33 4JT,South Shields,1000
2024-10-30,Wed,Daily,LS6 2JX,Leeds,1000
2024-10-30,Wed,Daily,LN6 5TE,Lincoln,1000
2024-10-30,Wed,Daily,LL70 9LX,Dulas,1000
2024-10-30,Wed,Daily,LE12 7EZ,Loughborough,1000
2024-10-30,Wed,Daily,KY13 0PU,Kinross,1000
2024-10-30,Wed,Daily,HA0 2NX,Wembley,1000
2024-10-30,Wed,Daily,FY6 7TU,Poulton-le-Fylde,1000
2024-10-30,Wed,Daily,EH33 2AS,Tranent,1000
2024-10-30,Wed,Daily,DN4 8EQ,Doncaster,1000
2024-10-30,Wed,Daily,DN20 9NN,Brigg,1000
2024-10-30,Wed,Daily,CW3 0ND,Crewe,1000
2024-10-30,Wed,Daily,CV32 7LE,Leamington Spa,1000
2024-10-30,Wed,Daily,CF46 6AY,Treharris,1000
2024-10-30,Wed,Daily,CB22 5FZ,Cambridge,1000
2024-10-30,Wed,Daily,BS23 1EF,Weston-super-Mare,1000
2024-10-29,Tue,Daily,YO22 5DX,Whitby,1000
2024-10-29,Tue,Daily,TN21 8FQ,Heathfield,1000
2024-10-29,Tue,Daily,TA6 4PE,Bridgwater,1000
2024-10-29,Tue,Daily,SA72 6PB,Pembroke Dock,1000
2024-10-29,Tue,Daily,SA5 7EL,Swansea,1000
2024-10-29,Tue,Daily,PR25 3UX,Leyland,1000
2024-10-29,Tue,Daily,PO14 2BQ,Fareham,1000
2024-10-29,Tue,Daily,PL14 4TE,Liskeard,1000
2024-10-29,Tue,Daily,PL12 4LA,Saltash,1000
2024-10-29,Tue,Daily,PH25 3EQ,Nethy Bridge,1000
2024-10-29,Tue,Daily,PH2 7ED,Perth,1000
2024-10-29,Tue,Daily,NR31 6AL,Great Yarmouth,1000
2024-10-29,Tue,Daily,NR1 2AQ,Norwich,1000
2024-10-29,Tue,Daily,IV31 6EY,Lossiemouth,1000
2024-10-29,Tue,Daily,GU11 3RD,Aldershot,1000
2024-10-29,Tue,Daily,EX15 3UY,Wellington,1000
2024-10-29,Tue,Daily,DL9 4DS,Catterick Garrison,1000
2024-10-29,Tue,Daily,DH1 2BW,Durham,1000
2024-10-29,Tue,Daily,BN15 0PR,Lancing,1000
2024-10-29,Tue,Daily,AB16 7NJ,Aberdeen,1000
2024-10-28,Mon,Daily,TW13 5NJ,Feltham,1000
2024-10-28,Mon,Daily,TS6 9BQ,Middlesbrough,1000
2024-10-28,Mon,Daily,TA1 1ER,Taunton,1000
2024-10-28,Mon,Daily,SO16 9GT,Southampton,1000
2024-10-28,Mon,Daily,SA8 3DZ,Swansea,1000
2024-10-28,Mon,Daily,SA12 9BR,Port Talbot,1000
2024-10-28,Mon,Daily,S73 0JQ,Barnsley,1000
2024-10-28,Mon,Daily,PA16 0BB,Greenock,1000
2024-10-28,Mon,Daily,OL8 3JU,Oldham,1000
2024-10-28,Mon,Daily,LS8 1QL,Leeds,1000
2024-10-28,Mon,Daily,LS17 5LG,Leeds,1000
2024-10-28,Mon,Daily,LN11 9BT,Louth,1000
2024-10-28,Mon,Daily,LE12 8JW,Loughborough,1000
2024-10-28,Mon,Daily,KY8 5PS,Leven,1000
2024-10-28,Mon,Daily,IP31 1LZ,Bury St Edmunds,1000
2024-10-28,Mon,Daily,HA9 9JD,Wembley,1000
2024-10-28,Mon,Daily,G51 4NS,Glasgow,1000
2024-10-28,Mon,Daily,EH6 8PL,Edinburgh,1000
2024-10-28,Mon,Daily,BS48 1UA,Bristol,1000
2024-10-28,Mon,Daily,BD20 0QY,Keighley,1000
2024-10-27,Sun,Street Prize,IP19 0RW,Halesworth,30000
2024-10-26,Sat,Millionaire Street,S41 8QT,Chesterfield,50000
2024-10-25,Fri,Daily,WS3 2JY,Walsall,1000
2024-10-25,Fri,Daily,TN8 6NR,Edenbridge,1000
2024-10-25,Fri,Daily,TA6 7LN,Bridgwater,1000
2024-10-25,Fri,Daily,TA5 1EU,Bridgwater,1000
2024-10-25,Fri,Daily,SN8 3JJ,Marlborough,1000
2024-10-25,Fri,Daily,SL0 0QB,Iver,1000
2024-10-25,Fri,Daily,RH11 8BS,Crawley,1000
2024-10-25,Fri,Daily,PO14 1EY,Fareham,1000
2024-10-25,Fri,Daily,NR12 9SZ,Norwich,1000
2024-10-25,Fri,Daily,NG5 9AA,Nottingham,1000
2024-10-25,Fri,Daily,N7 0SU,London,1000
2024-10-25,Fri,Daily,N17 0PJ,London,1000
2024-10-25,Fri,Daily,KY8 4AJ,Leven,1000
2024-10-25,Fri,Daily,KY12 9NE,Dunfermline,1000
2024-10-25,Fri,Daily,GU30 7HR,Liphook,1000
2024-10-25,Fri,Daily,CM2 0AQ,Chelmsford,1000
2024-10-25,Fri,Daily,CH49 6NX,Wirral,1000
2024-10-25,Fri,Daily,CB5 8NN,Cambridge,1000
2024-10-25,Fri,Daily,BS22 8JY,Weston-super-Mare,1000
2024-10-25,Fri,Daily,BB4 5TB,Rossendale,1000
2024-10-24,Thu,Daily,WV16 6LA,Bridgnorth,1000
2024-10-24,Thu,Daily,WS6 6NW,Walsall,1000
2024-10-24,Thu,Daily,W13 0ET,London,1000
2024-10-24,Thu,Daily,UB3 5HF,Hayes,1000
2024-10-24,Thu,Daily,SY13 4EA,Whitchurch,1000
2024-10-24,Thu,Daily,SW19 1AW,London,1000
2024-10-24,Thu,Daily,SR6 9LJ,Sunderland,1000
2024-10-24,Thu,Daily,SL3 8TU,Slough,1000
2024-10-24,Thu,Daily,RM12 4PU,Hornchurch,1000
2024-10-24,Thu,Daily,OL9 9TP,Oldham,1000
2024-10-24,Thu,Daily,KY2 5AB,Kirkcaldy,1000
2024-10-24,Thu,Daily,IG8 9PU,Woodford Green,1000
2024-10-24,Thu,Daily,HP22 5GQ,Aylesbury,1000
2024-10-24,Thu,Daily,GL20 6DS,Tewkesbury,1000
2024-10-24,Thu,Daily,EX4 8AS,Exeter,1000
2024-10-24,Thu,Daily,DL14 7RG,Bishop Auckland,1000
2024-10-24,Thu,Daily,BS34 5HJ,Bristol,1000
2024-10-24,Thu,Daily,BD9 4SP,Bradford,1000
2024-10-24,Thu,Daily,AL6 9RJ,Welwyn,1000
2024-10-24,Thu,Daily,AB54 7TP,Huntly,1000
2024-10-23,Wed,Daily,YO12 6UX,Scarborough,1000
2024-10-23,Wed,Daily,WA8 7LE,Widnes,1000
2024-10-23,Wed,Daily,WA7 1NZ,Runcorn,1000
2024-10-23,Wed,Daily,WA2 9LT,Warrington,1000
2024-10-23,Wed,Daily,SN11 8PF,Calne,1000
2024-10-23,Wed,Daily,SK10 4RT,Macclesfield,1000
2024-10-23,Wed,Daily,OX5 1QW,Kidlington,1000
2024-10-23,Wed,Daily,NN1 5EA,Northampton,1000
2024-10-23,Wed,Daily,NE63 9FQ,Ashington,1000
2024-10-23,Wed,Daily,ML6 9DU,Airdrie,1000
2024-10-23,Wed,Daily,ME15 8LH,Maidstone,1000
2024-10-23,Wed,Daily,HR7 4LA,Bromyard,1000
2024-10-23,Wed,Daily,EX4 1AB,Exeter,1000
2024-10-23,Wed,Daily,E17 5NB,London,1000
2024-10-23,Wed,Daily,DY9 0YN,Stourbridge,1000
2024-10-23,Wed,Daily,CW7 1LF,Winsford,1000
2024-10-23,Wed,Daily,CF48 2YG,Merthyr Tydfil,1000
2024-10-23,Wed,Daily,B46 1DR,Birmingham,1000
2024-10-23,Wed,Daily,B16 8HF,Birmingham,1000
2024-10-23,Wed,Daily,AB53 5TE,Turriff,1000
2024-10-22,Tue,Daily,WF1 3HD,Wakefield,1000
2024-10-22,Tue,Daily,TD1 2SX,Galashiels,1000
2024-10-22,Tue,Daily,TA18 7AG,Crewkerne,1000
2024-10-22,Tue,Daily,SE6 2JT,London,1000
2024-10-22,Tue,Daily,S25 3UB,Sheffield,1000
2024-10-22,Tue,Daily,S10 1SN,Sheffield,1000
2024-10-22,Tue,Daily,PL9 7GQ,Plymouth,1000
2024-10-22,Tue,Daily,NR16 2TQ,Norwich,1000
2024-10-22,Tue,Daily,N17 9PT,London,1000
2024-10-22,Tue,Daily,ME3 9DG,Rochester,1000
2024-10-22,Tue,Daily,KT22 7TF,Leatherhead,1000
2024-10-22,Tue,Daily,HU5 5WZ,Hull,1000
2024-10-22,Tue,Daily,HU17 7SS,Beverley,1000
2024-10-22,Tue,Daily,HP5 2DJ,Chesham,1000
2024-10-22,Tue,Daily,HA2 8ET,Harrow,1000
2024-10-22,Tue,Daily,DL14 8QR,Bishop Auckland,1000
2024-10-22,Tue,Daily,DD11 3DQ,Arbroath,1000
2024-10-22,Tue,Daily,CW12 2JY,Congleton,1000
2024-10-22,Tue,Daily,CT4 7QH,Canterbury,1000
2024-10-22,Tue,Daily,AL1 2DU,St Albans,1000
2024-10-21,Mon,Daily,WA10 6BZ,St Helens,1000
2024-10-21,Mon,Daily,SY20 8JY,Machynlleth,1000
2024-10-21,Mon,Daily,SG13 7JJ,Hertford,1000
2024-10-21,Mon,Daily,SG13 7DF,Hertford,1000
2024-10-21,Mon,Daily,RM15 5HH,South Ockendon,1000
2024-10-21,Mon,Daily,OX9 2LY,Thame,1000
2024-10-21,Mon,Daily,OL5 0PS,Ashton-under-Lyne,1000
2024-10-21,Mon,Daily,NP20 3QZ,Newport,1000
2024-10-21,Mon,Daily,NN2 8LX,Northampton,1000
2024-10-21,Mon,Daily,M41 8PA,Manchester,1000
2024-10-21,Mon,Daily,KT12 3LE,Walton-on-Thames,1000
2024-10-21,Mon,Daily,IV2 5TP,Inverness,1000
2024-10-21,Mon,Daily,HU3 1LN,Hull,1000
2024-10-21,Mon,Daily,HU12 8UX,Hull,1000
2024-10-21,Mon,Daily,EX39 5PB,Bideford,1000
2024-10-21,Mon,Daily,DH8 0QH,Consett,1000
2024-10-21,Mon,Daily,DA7 4AQ,Bexleyheath,1000
2024-10-21,Mon,Daily,BL1 6TY,Bolton,1000
2024-10-21,Mon,Daily,BH21 4BT,Wimborne,1000
2024-10-21,Mon,Daily,AB39 3TW,Stonehaven,1000
2024-10-20,Sun,Street Prize,LA14 3TY,Barrow-in-Furness,30000
2024-10-19,Sat,Millionaire Street,DE72 3BZ,Derby,200000
2024-10-18,Fri,Daily,YO8 9PJ,Selby,1000
2024-10-18,Fri,Daily,YO32 5AZ,York,1000
2024-10-18,Fri,Daily,WD4 8DE,Kings Langley,1000
2024-10-18,Fri,Daily,W5 2AQ,London,1000
2024-10-18,Fri,Daily,TR1 1PB,Truro,1000
2024-10-18,Fri,Daily,SL6 7UQ,Maidenhead,1000
2024-10-18,Fri,Daily,RH17 5JW,Haywards Heath,1000
2024-10-18,Fri,Daily,PE6 7AP,Peterborough,1000
2024-10-18,Fri,Daily,OX11 8SZ,Didcot,1000
2024-10-18,Fri,Daily,NG8 3DZ,Nottingham,1000
2024-10-18,Fri,Daily,NG7 2LU,Nottingham,1000
2024-10-18,Fri,Daily,M21 9QE,Manchester,1000
2024-10-18,Fri,Daily,LN12 1LD,Mablethorpe,1000
2024-10-18,Fri,Daily,HD3 3WW,Huddersfield,1000
2024-10-18,Fri,Daily,GU35 9NH,Bordon,1000
2024-10-18,Fri,Daily,GU15 2TA,Camberley,1000
2024-10-18,Fri,Daily,DN40 1DB,Immingham,1000
2024-10-18,Fri,Daily,CR4 2HQ,Mitcham,1000
2024-10-18,Fri,Daily,CM11 2NB,Billericay,1000
2024-10-18,Fri,Daily,BH14 0HD,Poole,1000
2024-10-17,Thu,Daily,W9 2RF,London,1000
2024-10-17,Thu,Daily,TR10 9AP,Penryn,1000
2024-10-17,Thu,Daily,S6 5HE,Sheffield,1000
2024-10-17,Thu,Daily,PA13 4EB,Kilmacolm,1000
2024-10-17,Thu,Daily,NR30 4NW,Great Yarmouth,1000
2024-10-17,Thu,Daily,NR1 4HT,Norwich,1000
2024-10-17,Thu,Daily,NP7 8TN,Abergavenny,1000
2024-10-17,Thu,Daily,LN8 2AA,Market Rasen,1000
2024-10-17,Thu,Daily,LE67 8QB,Coalville,1000
2024-10-17,Thu,Daily,LE5 5EX,Leicester,1000
2024-10-17,Thu,Daily,KA30 8SN,Largs,1000
2024-10-17,Thu,Daily,EX13 7NE,Axminster,1000
2024-10-17,Thu,Daily,EX11 1JH,Ottery St Mary,1000
2024-10-17,Thu,Daily,DN17 3UG,Scunthorpe,1000
2024-10-17,Thu,Daily,DE72 3LP,Derby,1000
2024-10-17,Thu,Daily,CM11 2EF,Billericay,1000
2024-10-17,Thu,Daily,CA14 5RR,Workington,1000
2024-10-17,Thu,Daily,BD22 8FD,Keighley,1000
2024-10-17,Thu,Daily,B92 7JA,Solihull,1000
2024-10-17,Thu,Daily,AB39 3SQ,Stonehaven,1000
2024-10-16,Wed,Daily,YO21 2NR,Whitby,1000
2024-10-16,Wed,Daily,WA10 6NT,St Helens,1000
2024-10-16,Wed,Daily,TW17 0BB,Shepperton,1000
2024-10-16,Wed,Daily,TQ4 6LF,Paignton,1000
2024-10-16,Wed,Daily,SW13 0EU,London,1000
2024-10-16,Wed,Daily,S41 9DB,Chesterfield,1000
2024-10-16,Wed,Daily,PO19 3LS,Chichester,1000
2024-10-16,Wed,Daily,PL12 4BT,Saltash,1000
2024-10-16,Wed,Daily,PH33 6NL,Fort William,1000
2024-10-16,Wed,Daily,PE11 3WH,Spalding,1000
2024-10-16,Wed,Daily,OX39 4BQ,Chinnor,1000
2024-10-16,Wed,Daily,ML3 7QA,Hamilton,1000
2024-10-16,Wed,Daily,LA6 2RH,Carnforth,1000
2024-10-16,Wed,Daily,HD7 5SA,Huddersfield,1000
2024-10-16,Wed,Daily,GU9 7BN,Farnham,1000
2024-10-16,Wed,Daily,EX17 3JQ,Crediton,1000
2024-10-16,Wed,Daily,DY5 1LE,Brierley Hill,1000
2024-10-16,Wed,Daily,DT2 0BL,Dorchester,1000
2024-10-16,Wed,Daily,DH4 5DG,Houghton le Spring,1000
2024-10-16,Wed,Daily,DE21 7EX,Derby,1000
2024-10-15,Tue,Daily,TA9 3QU,Highbridge,1000
2024-10-15,Tue,Daily,SO20 8AH,Stockbridge,1000
2024-10-15,Tue,Daily,SN1 4DR,Swindon,1000
2024-10-15,Tue,Daily,SA32 7EB,Carmarthen,1000
2024-10-15,Tue,Daily,RH11 7NB,Crawley,1000
2024-10-15,Tue,Daily,RG40 3NN,Wokingham,1000
2024-10-15,Tue,Daily,PO3 5DB,Portsmouth,1000
2024-10-15,Tue,Daily,PL8 2LU,Plymouth,1000
2024-10-15,Tue,Daily,NP44 1RG,Cwmbran,1000
2024-10-15,Tue,Daily,NG21 0DN,Mansfield,1000
2024-10-15,Tue,Daily,IV11 8YW,Cromarty,1000
2024-10-15,Tue,Daily,HU15 2NW,Brough,1000
2024-10-15,Tue,Daily,HP15 6ER,High Wycombe,1000
2024-10-15,Tue,Daily,GL2 5LZ,Gloucester,1000
2024-10-15,Tue,Daily,EX4 2EP,Exeter,1000
2024-10-15,Tue,Daily,E20 1AS,London,1000
2024-10-15,Tue,Daily,E11 2EJ,London,1000
2024-10-15,Tue,Daily,E1 0RG,London,1000
2024-10-15,Tue,Daily,DA1 5UD,Dartford,1000
2024-10-15,Tue,Daily,CF62 6JP,Barry,1000
2024-10-14,Mon,Daily,TA5 2AX,Bridgwater,1000
2024-10-14,Mon,Daily,ST6 8PN,Stoke-on-Trent,1000
2024-10-14,Mon,Daily,SP4 7PP,Salisbury,1000
2024-10-14,Mon,Daily,SN1 7DG,Swindon,1000
2024-10-14,Mon,Daily,S44 6EF,Chesterfield,1000
2024-10-14,Mon,Daily,PO36 0LA,Sandown,1000
2024-10-14,Mon,Daily,PH21 1EZ,Kingussie,1000
2024-10-14,Mon,Daily,NE6 3BQ,Newcastle upon Tyne,1000
2024-10-14,Mon,Daily,M35 9EA,Manchester,1000
2024-10-14,Mon,Daily,LA1 5FW,Lancaster,1000
2024-10-14,Mon,Daily,HX3 8HN,Halifax,1000
2024-10-14,Mon,Daily,HP22 5QU,Aylesbury,1000
2024-10-14,Mon,Daily,G53 7EU,Glasgow,1000
2024-10-14,Mon,Daily,G51 4EE,Glasgow,1000
2024-10-14,Mon,Daily,DY9 0NL,Stourbridge,1000
2024-10-14,Mon,Daily,DN16 2BG,Scunthorpe,1000
2024-10-14,Mon,Daily,DH5 9SG,Houghton le Spring,1000
2024-10-14,Mon,Daily,CV31 1NT,Leamington Spa,1000
2024-10-14,Mon,Daily,CM2 6RU,Chelmsford,1000
2024-10-14,Mon,Daily,BD3 8PX,Bradford,1000
2024-10-13,Sun,Street Prize,CM6 1DL,Dunmow,30000
2024-10-12,Sat,Millionaire Street,WD5 0NH,Abbots Langley,333333
2024-10-11,Fri,Daily,YO18 8TE,Pickering,1000
2024-10-11,Fri,Daily,ST10 4EG,Stoke-on-Trent,1000
2024-10-11,Fri,Daily,SS8 7JE,Canvey Island,1000
2024-10-11,Fri,Daily,SN11 9JH,Calne,1000
2024-10-11,Fri,Daily,SA10 8EH,Neath,1000
2024-10-11,Fri,Daily,RH16 3QH,Haywards Heath,1000
2024-10-11,Fri,Daily,PO32 6QB,East Cowes,1000
2024-10-11,Fri,Daily,LS29 6HF,Ilkley,1000
2024-10-11,Fri,Daily,LL12 9PF,Wrexham,1000
2024-10-11,Fri,Daily,LA3 2EJ,Morecambe,1000
2024-10-11,Fri,Daily,LA1 5PT,Lancaster,1000
2024-10-11,Fri,Daily,HG2 7JP,Harrogate,1000
2024-10-11,Fri,Daily,FK21 8TQ,Killin,1000
2024-10-11,Fri,Daily,EX2 7FQ,Exeter,1000
2024-10-11,Fri,Daily,EX2 7DL,Exeter,1000
2024-10-11,Fri,Daily,DA12 4QA,Gravesend,1000
2024-10-11,Fri,Daily,CH65 8AJ,Ellesmere Port,1000
2024-10-11,Fri,Daily,CH64 1RU,Neston,1000
2024-10-11,Fri,Daily,CH4 0FB,Chester,1000
2024-10-11,Fri,Daily,BH20 4AQ,Wareham,1000
2024-10-10,Thu,Daily,WF3 2AG,Wakefield,1000
2024-10-10,Thu,Daily,WA5 9UB,Warrington,1000
2024-10-10,Thu,Daily,WA2 0RF,Warrington,1000
2024-10-10,Thu,Daily,TA10 9LT,Langport,1000
2024-10-10,Thu,Daily,S73 8NF,Barnsley,1000
2024-10-10,Thu,Daily,PL14 3BY,Liskeard,1000
2024-10-10,Thu,Daily,NR9 3EH,Norwich,1000
2024-10-10,Thu,Daily,NP23 6NT,Ebbw Vale,1000
2024-10-10,Thu,Daily,NG9 7EQ,Nottingham,1000
2024-10-10,Thu,Daily,NE9 7AA,Gateshead,1000
2024-10-10,Thu,Daily,NE6 5DX,Newcastle upon Tyne,1000
2024-10-10,Thu,Daily,KT16 9DN,Chertsey,1000
2024-10-10,Thu,Daily,KA6 6JT,Ayr,1000
2024-10-10,Thu,Daily,IV25 3JB,Dornoch,1000
2024-10-10,Thu,Daily,HD6 3BX,Brighouse,1000
2024-10-10,Thu,Daily,G72 8RF,Glasgow,1000
2024-10-10,Thu,Daily,DN36 4GZ,Grimsby,1000
2024-10-10,Thu,Daily,DD2 5HF,Dundee,1000
2024-10-10,Thu,Daily,CW8 2PD,Northwich,1000
2024-10-10,Thu,Daily,BB9 0LS,Nelson,1000
2024-10-09,Wed,Daily,YO62 4JZ,York,1000
2024-10-09,Wed,Daily,WR13 5DY,Great Malvern,1000
2024-10-09,Wed,Daily,WD23 1FR,Bushey,1000
2024-10-09,Wed,Daily,TR13 0JQ,Helston,1000
2024-10-09,Wed,Daily,ST14 8BD,Uttoxeter,1000
2024-10-09,Wed,Daily,SO31 4JR,Southampton,1000
2024-10-09,Wed,Daily,S9 3FP,Sheffield,1000
2024-10-09,Wed,Daily,S21 4JA,Sheffield,1000
2024-10-09,Wed,Daily,NW11 6NP,London,1000
2024-10-09,Wed,Daily,NR4 7EQ,Norwich,1000
2024-10-09,Wed,Daily,NN29 7BU,Wellingborough,1000
2024-10-09,Wed,Daily,NG8 6FX,Nottingham,1000
2024-10-09,Wed,Daily,ML8 5LX,Carluke,1000
2024-10-09,Wed,Daily,MK3 5DZ,Milton Keynes,1000
2024-10-09,Wed,Daily,ME1 3GB,Rochester,1000
2024-10-09,Wed,Daily,L15 4HA,Liverpool,1000
2024-10-09,Wed,Daily,IP33 2BP,Bury St Edmunds,1000
2024-10-09,Wed,Daily,E17 6BD,London,1000
2024-10-09,Wed,Daily,CF72 8DT,Pontyclun,1000
2024-10-09,Wed,Daily,AB21 9SQ,Aberdeen,1000
2024-10-08,Tue,Daily,TS17 0JA,Stockton-on-Tees,1000
2024-10-08,Tue,Daily,TN35 5BN,Hastings,1000
2024-10-08,Tue,Daily,SE1 5NX,London,1000
2024-10-08,Tue,Daily,SA72 6QP,Pembroke Dock,1000
2024-10-08,Tue,Daily,SA12 8UB,Port Talbot,1000
2024-10-08,Tue,Daily,RG22 6TJ,Basingstoke,1000
2024-10-08,Tue,Daily,OX29 7XA,Witney,1000
2024-10-08,Tue,Daily,NP22 5NG,Rhymney,1000
2024-10-08,Tue,Daily,N1 7GQ,London,1000
2024-10-08,Tue,Daily,LA14 4SJ,Barrow-in-Furness,1000
2024-10-08,Tue,Daily,L14 8UE,Liverpool,1000
2024-10-08,Tue,Daily,KA29 0DX,Largs,1000
2024-10-08,Tue,Daily,IP24 3HS,Thetford,1000
2024-10-08,Tue,Daily,EX32 9BS,Barnstaple,1000
2024-10-08,Tue,Daily,EX23 0EP,Bude,1000
2024-10-08,Tue,Daily,DY11 7JU,Kidderminster,1000
2024-10-08,Tue,Daily,DE55 6BQ,Alfreton,1000
2024-10-08,Tue,Daily,CR8 4ES,Purley,1000
2024-10-08,Tue,Daily,CF11 7BY,Cardiff,1000
2024-10-08,Tue,Daily,BB5 0NE,Accrington,1000
2024-10-07,Mon,Daily,W5 3BU,London,1000
2024-10-07,Mon,Daily,SK15 3LT,Stalybridge,1000
2024-10-07,Mon,Daily,SA12 8AR,Port Talbot,1000
2024-10-07,Mon,Daily,S43 4SJ,Chesterfield,1000
2024-10-07,Mon,Daily,OX18 2NQ,Bampton,1000
2024-10-07,Mon,Daily,OL2 6JR,Oldham,1000
2024-10-07,Mon,Daily,NN14 1UN,Kettering,1000
2024-10-07,Mon,Daily,NG11 9NP,Nottingham,1000
2024-10-07,Mon,Daily,LU5 5RH,Dunstable,1000
2024-10-07,Mon,Daily,IV1 3XB,Inverness,1000
2024-10-07,Mon,Daily,HU12 8HW,Hull,1000
2024-10-07,Mon,Daily,GU35 0RA,Alton,1000
2024-10-07,Mon,Daily,GL14 3DY,Cinderford,1000
2024-10-07,Mon,Daily,EN3 6ES,Enfield,1000
2024-10-07,Mon,Daily,DD11 5ST,Arbroath,1000
2024-10-07,Mon,Daily,CT3 2AU,Canterbury,1000
2024-10-07,Mon,Daily,CA1 2BX,Carlisle,1000
2024-10-07,Mon,Daily,BB10 1JE,Burnley,1000
2024-10-07,Mon,Daily,B71 2JL,West Bromwich,1000
2024-10-07,Mon,Daily,B66 4PQ,Smethwick,1000
2024-10-06,Sun,Street Prize,SA72 6AR,Pembroke Dock,30000
2024-10-05,Sat,Millionaire Street,BD21 2TN,Keighley,111111
2024-10-04,Fri,Daily,WV5 9AT,Wolverhampton,1000
2024-10-04,Fri,Daily,SW2 3EG,London,1000
2024-10-04,Fri,Daily,SK8 1NQ,Cheadle,1000
2024-10-04,Fri,Daily,SK13 6PY,Glossop,1000
2024-10-04,Fri,Daily,RG41 1BG,Wokingham,1000
2024-10-04,Fri,Daily,RG40 1RQ,Wokingham,1000
2024-10-04,Fri,Daily,OL1 2RA,Oldham,1000
2024-10-04,Fri,Daily,MK4 4LG,Milton Keynes,1000
2024-10-04,Fri,Daily,LE10 2TH,Hinckley,1000
2024-10-04,Fri,Daily,KY16 8NS,St Andrews,1000
2024-10-04,Fri,Daily,HU18 1AJ,Hornsea,1000
2024-10-04,Fri,Daily,HG4 3SD,Ripon,1000
2024-10-04,Fri,Daily,G68 9NF,Glasgow,1000
2024-10-04,Fri,Daily,DL1 3TJ,Darlington,1000
2024-10-04,Fri,Daily,DA8 3QU,Erith,1000
2024-10-04,Fri,Daily,BN2 0AQ,Brighton,1000
2024-10-04,Fri,Daily,BH23 1NP,Christchurch,1000
2024-10-04,Fri,Daily,BD13 4DT,Bradford,1000
2024-10-04,Fri,Daily,B25 8UD,Birmingham,1000
2024-10-04,Fri,Daily,AB45 2RX,Banff,1000
2024-10-03,Thu,Daily,WN5 7NG,Wigan,1000
2024-10-03,Thu,Daily,WN3 4NX,Wigan,1000
2024-10-03,Thu,Daily,WA3 4DH,Warrington,1000
2024-10-03,Thu,Daily,TR21 0NG,St Mary's,1000
2024-10-03,Thu,Daily,TA7 9BN,Bridgwater,1000
2024-10-03,Thu,Daily,RG12 8UB,Bracknell,1000
2024-10-03,Thu,Daily,PE20 1DX,Boston,1000
2024-10-03,Thu,Daily,NR9 5EE,Norwich,1000
2024-10-03,Thu,Daily,NE34 9QP,South Shields,1000
2024-10-03,Thu,Daily,N1 0RU,London,1000
2024-10-03,Thu,Daily,LL31 9NG,Llandudno Junction,1000
2024-10-03,Thu,Daily,LA1 4QX,Lancaster,1000
2024-10-03,Thu,Daily,IV3 8AN,Inverness,1000
2024-10-03,Thu,Daily,DN34 4GL,Grimsby,1000
2024-10-03,Thu,Daily,DN12 4UD,Doncaster,1000
2024-10-03,Thu,Daily,DH8 6HL,Consett,1000
2024-10-03,Thu,Daily,CT4 5BP,Canterbury,1000
2024-10-03,Thu,Daily,CF23 7FE,Cardiff,1000
2024-10-03,Thu,Daily,BA6 9SU,Glastonbury,1000
2024-10-03,Thu,Daily,BA21 3EY,Yeovil,1000
2024-10-02,Wed,Daily,YO19 5NG,York,1000
2024-10-02,Wed,Daily,WV14 6BP,Bilston,1000
2024-10-02,Wed,Daily,WR14 1NH,Great Malvern,1000
2024-10-02,Wed,Daily,TS4 3DA,Middlesbrough,1000
2024-10-02,Wed,Daily,SK4 1JP,Stockport,1000
2024-10-02,Wed,Daily,SA62 5QW,Haverfordwest,1000
2024-10-02,Wed,Daily,S2 1EZ,Sheffield,1000
2024-10-02,Wed,Daily,PO7 3BP,Waterlooville,1000
2024-10-02,Wed,Daily,NG31 9JE,Grantham,1000
2024-10-02,Wed,Daily,N4 2HL,London,1000
2024-10-02,Wed,Daily,LE12 8EG,Loughborough,1000
2024-10-02,Wed,Daily,HP15 7UU,High Wycombe,1000
2024-10-02,Wed,Daily,G81 5JN,Clydebank,1000
2024-10-02,Wed,Daily,G71 7FP,Glasgow,1000
2024-10-02,Wed,Daily,DH3 1RU,Chester le Street,1000
2024-10-02,Wed,Daily,CT18 7DN,Folkestone,1000
2024-10-02,Wed,Daily,CO13 0DS,Frinton-on-Sea,1000
2024-10-02,Wed,Daily,CF32 9HT,Bridgend,1000
2024-10-02,Wed,Daily,BA16 9PY,Street,1000
2024-10-02,Wed,Daily,AB31 4FD,Banchory,1000
2024-10-01,Tue,Daily,TS23 1AL,Billingham,1000
2024-10-01,Tue,Daily,TQ2 5NQ,Torquay,1000
2024-10-01,Tue,Daily,ST6 4NN,Stoke-on-Trent,1000
2024-10-01,Tue,Daily,SM5 1RR,Carshalton,1000
2024-10-01,Tue,Daily,SK14 3DT,Hyde,1000
2024-10-01,Tue,Daily,SK1 4HR,Stockport,1000
2024-10-01,Tue,Daily,SG14 1RG,Hertford,1000
2024-10-01,Tue,Daily,S74 0PU,Barnsley,1000
2024-10-01,Tue,Daily,RM3 7DH,Romford,1000
2024-10-01,Tue,Daily,NR35 2EQ,Bungay,1000
2024-10-01,Tue,Daily,NN14 2LB,Kettering,1000
2024-10-01,Tue,Daily,NN13 7EJ,Brackley,1000
2024-10-01,Tue,Daily,MK3 7TB,Milton Keynes,1000
2024-10-01,Tue,Daily,HR4 0NE,Hereford,1000
2024-10-01,Tue,Daily,G1 5PE,Glasgow,1000
2024-10-01,Tue,Daily,CM23 4EZ,Bishop's Stortford,1000
2024-10-01,Tue,Daily,CH66 2XP,Ellesmere Port,1000
2024-10-01,Tue,Daily,CF64 3RE,Penarth,1000
2024-10-01,Tue,Daily,B73 5TW,Sutton Coldfield,1000
2024-10-01,Tue,Daily,B32 1AG,Birmingham,1000
2024-09-30,Mon,Daily,WN8 0BG,Skelmersdale,1000
2024-09-30,Mon,Daily,TA18 8EH,Crewkerne,1000
2024-09-30,Mon,Daily,SG8 6HG,Royston,1000
2024-09-30,Mon,Daily,SE14 6AZ,London,1000
2024-09-30,Mon,Daily,RG7 3HN,Reading,1000
2024-09-30,Mon,Daily,PO6 2PD,Portsmouth,1000
2024-09-30,Mon,Daily,PO33 2EB,Ryde,1000
2024-09-30,Mon,Daily,NN7 4SP,Northampton,1000
2024-09-30,Mon,Daily,M3 7ND,Salford,1000
2024-09-30,Mon,Daily,LS19 6EB,Leeds,1000
2024-09-30,Mon,Daily,LN8 3BG,Market Rasen,1000
2024-09-30,Mon,Daily,LL18 5WH,Rhyl,1000
2024-09-30,Mon,Daily,LL16 4LR,Denbigh,1000
2024-09-30,Mon,Daily,KT20 6AN,Tadworth,1000
2024-09-30,Mon,Daily,GU10 4AX,Farnham,1000
2024-09-30,Mon,Daily,EX7 0ES,Dawlish,1000
2024-09-30,Mon,Daily,E17 8EG,London,1000
2024-09-30,Mon,Daily,CH62 9DP,Wirral,1000
2024-09-30,Mon,Daily,BD17 6ST,Shipley,1000
2024-09-30,Mon,Daily,AL3 6HL,St Albans,1000
2024-09-29,Sun,Street Prize,ST5 5EY,Newcastle,30000
2024-09-28,Sat,Postcode Millions,CH46 7TU,Wirral,
2024-09-28,Sat,Millionaire Street,CF32 7SU,Bridgend,83333
2024-09-27,Fri,Daily,TS10 5EJ,Redcar,1000
2024-09-27,Fri,Daily,TQ2 6EL,Torquay,1000
2024-09-27,Fri,Daily,SS2 4GG,Southend-on-Sea,1000
2024-09-27,Fri,Daily,SO45 4HU,Southampton,1000
2024-09-27,Fri,Daily,RG12 9HR,Bracknell,1000
2024-09-27,Fri,Daily,PR2 9TE,Preston,1000
2024-09-27,Fri,Daily,PL3 6RJ,Plymouth,1000
2024-09-27,Fri,Daily,PA4 0RU,Renfrew,1000
2024-09-27,Fri,Daily,PA23 8AQ,Dunoon,1000
2024-09-27,Fri,Daily,ML2 7TH,Wishaw,1000
2024-09-27,Fri,Daily,LS26 0XU,Leeds,1000
2024-09-27,Fri,Daily,LS16 6BL,Leeds,1000
2024-09-27,Fri,Daily,LL34 6NQ,Penmaenmawr,1000
2024-09-27,Fri,Daily,LE2 9NH,Leicester,1000
2024-09-27,Fri,Daily,KA12 8QD,Irvine,1000
2024-09-27,Fri,Daily,FK6 6LT,Denny,1000
2024-09-27,Fri,Daily,EH13 0JT,Edinburgh,1000
2024-09-27,Fri,Daily,CV6 7FQ,Coventry,1000
2024-09-27,Fri,Daily,BS15 3ER,Bristol,1000
2024-09-27,Fri,Daily,BL6 7HZ,Bolton,1000
2024-09-26,Thu,Daily,WR5 1QB,Worcester,1000
2024-09-26,Thu,Daily,TS25 3NU,Hartlepool,1000
2024-09-26,Thu,Daily,TN31 7PU,Rye,1000
2024-09-26,Thu,Daily,TN25 4PU,Ashford,1000
2024-09-26,Thu,Daily,TF11 9BN,Shifnal,1000
2024-09-26,Thu,Daily,SY3 9QW,Shrewsbury,1000
2024-09-26,Thu,Daily,SW15 5AG,London,1000
2024-09-26,Thu,Daily,RG42 3ST,Bracknell,1000
2024-09-26,Thu,Daily,PO30 4NQ,Newport,1000
2024-09-26,Thu,Daily,PA2 9HS,Paisley,1000
2024-09-26,Thu,Daily,NN7 3LN,Northampton,1000
2024-09-26,Thu,Daily,NE31 1UZ,Hebburn,1000
2024-09-26,Thu,Daily,NE26 3NB,Whitley Bay,1000
2024-09-26,Thu,Daily,ME5 9NP,Chatham,1000
2024-09-26,Thu,Daily,ME2 2RD,Rochester,1000
2024-09-26,Thu,Daily,IP5 1LW,Ipswich,1000
2024-09-26,Thu,Daily,HU12 8FA,Hull,1000
2024-09-26,Thu,Daily,G21 3PN,Glasgow,1000
2024-09-26,Thu,Daily,EX22 6AT,Holsworthy,1000
2024-09-26,Thu,Daily,CT12 5AY,Ramsgate,1000
2024-09-25,Wed,Daily,WF2 7SD,Wakefield,1000
2024-09-25,Wed,Daily,TW13 6JA,Feltham,1000
2024-09-25,Wed,Daily,SG9 9RR,Buntingford,1000
2024-09-25,Wed,Daily,S63 8HS,Rotherham,1000
2024-09-25,Wed,Daily,NR29 4SY,Great Yarmouth,1000
2024-09-25,Wed,Daily,NR29 3RZ,Great Yarmouth,1000
2024-09-25,Wed,Daily,NG11 0AN,Nottingham,1000
2024-09-25,Wed,Daily,N17 6JT,London,1000
2024-09-25,Wed,Daily,LL65 1AY,Holyhead,1000
2024-09-25,Wed,Daily,IP6 9BZ,Ipswich,1000
2024-09-25,Wed,Daily,IP4 4QU,Ipswich,1000
2024-09-25,Wed,Daily,HX1 4NG,Halifax,1000
2024-09-25,Wed,Daily,EX31 4TL,Barnstaple,1000
2024-09-25,Wed,Daily,EH16 6BY,Edinburgh,1000
2024-09-25,Wed,Daily,DN22 7AG,Retford,1000
2024-09-25,Wed,Daily,DG12 6DU,Annan,1000
2024-09-25,Wed,Daily,CH61 9PF,Wirral,1000
2024-09-25,Wed,Daily,BL2 3DF,Bolton,1000
2024-09-25,Wed,Daily,BH9 3AE,Bournemouth,1000
2024-09-25,Wed,Daily,AB16 7XD,Aberdeen,1000
2024-09-24,Tue,Daily,TF2 9DU,Telford,1000
2024-09-24,Tue,Daily,SP10 2HJ,Andover,1000
2024-09-24,Tue,Daily,SL5 9DA,Ascot,1000
2024-09-24,Tue,Daily,OL1 3JX,Oldham,1000
2024-09-24,Tue,Daily,NE11 9TA,Gateshead,1000
2024-09-24,Tue,Daily,MK3 7DP,Milton Keynes,1000
2024-09-24,Tue,Daily,M20 1EY,Manchester,1000
2024-09-24,Tue,Daily,LS21 2LF,Otley,1000
2024-09-24,Tue,Daily,KT12 1FX,Walton-on-Thames,1000
2024-09-24,Tue,Daily,HA3 9SH,Harrow,1000
2024-09-24,Tue,Daily,DN35 0SX,Cleethorpes,1000
2024-09-24,Tue,Daily,DN22 7GL,Retford,1000
2024-09-24,Tue,Daily,DE45 1PZ,Bakewell,1000
2024-09-24,Tue,Daily,CV6 4EJ,Coventry,1000
2024-09-24,Tue,Daily,CF36 3HA,Porthcawl,1000
2024-09-24,Tue,Daily,CF31 4EZ,Bridgend,1000
2024-09-24,Tue,Daily,BD23 6DH,Skipton,1000
2024-09-24,Tue,Daily,BD16 4AY,Bingley,1000
2024-09-24,Tue,Daily,B30 1RE,Birmingham,1000
2024-09-24,Tue,Daily,AL5 3BH,Harpenden,1000
2024-09-23,Mon,Daily,YO12 5NN,Scarborough,1000
2024-09-23,Mon,Daily,TS12 1JL,Saltburn by the Sea,1000
2024-09-23,Mon,Daily,TN25 6NJ,Ashford,1000
2024-09-23,Mon,Daily,SL3 8EH,Slough,1000
2024-09-23,Mon,Daily,SE6 3HU,London,1000
2024-09-23,Mon,Daily,SE16 3DX,London,1000
2024-09-23,Mon,Daily,PE4 7PR,Peterborough,1000
2024-09-23,Mon,Daily,OL15 8ED,Littleborough,1000
2024-09-23,Mon,Daily,NR11 6SA,Norwich,1000
2024-09-23,Mon,Daily,NG24 2BL,Newark,1000
2024-09-23,Mon,Daily,NG19 0PP,Mansfield,1000
2024-09-23,Mon,Daily,LA1 3ES,Lancaster,1000
2024-09-23,Mon,Daily,L5 9RQ,Liverpool,1000
2024-09-23,Mon,Daily,HU8 9JR,Hull,1000
2024-09-23,Mon,Daily,HP11 2SW,High Wycombe,1000
2024-09-23,Mon,Daily,CO10 0JR,Sudbury,1000
2024-09-23,Mon,Daily,BL4 8DE,Bolton,1000
2024-09-23,Mon,Daily,BH21 3XE,Wimborne,1000
2024-09-23,Mon,Daily,BB9 0DD,Nelson,1000
2024-09-23,Mon,Daily,B71 3PG,West Bromwich,1000
2024-09-22,Sun,Street Prize,B80 7NJ,Studley,30000
2024-09-21,Sat,Millionaire Street,CV21 3SY,Rugby,166666
2024-09-20,Fri,Daily,TD12 4BS,Coldstream,1000
2024-09-20,Fri,Daily,SP10 1QW,Andover,1000
2024-09-20,Fri,Daily,SA12 6UP,Port Talbot,1000
2024-09-20,Fri,Daily,PO22 9PB,Bognor Regis,1000
2024-09-20,Fri,Daily,M7 2FL,Salford,1000
2024-09-20,Fri,Daily,LS19 7LE,Leeds,1000
2024-09-20,Fri,Daily,LS19 6QP,Leeds,1000
2024-09-20,Fri,Daily,HA8 5LE,Edgware,1000
2024-09-20,Fri,Daily,GU8 6AU,Godalming,1000
2024-09-20,Fri,Daily,GU5 9EG,Guildford,1000
2024-09-20,Fri,Daily,FK10 1RE,Alloa,1000
2024-09-20,Fri,Daily,EN9 1QB,Waltham Abbey,1000
2024-09-20,Fri,Daily,EH4 4AJ,Edinburgh,1000
2024-09-20,Fri,Daily,DN11 8BG,Doncaster,1000
2024-09-20,Fri,Daily,DA8 3JG,Erith,1000
2024-09-20,Fri,Daily,DA7 4PR,Bexleyheath,1000
2024-09-20,Fri,Daily,CV2 4JU,Coventry,1000
2024-09-20,Fri,Daily,BS5 8EE,Bristol,1000
2024-09-20,Fri,Daily,BB12 9LF,Burnley,1000
2024-09-20,Fri,Daily,BB10 2DH,Burnley,1000
2024-09-19,Thu,Daily,WS11 6DP,Cannock,1000
2024-09-19,Thu,Daily,WN2 2BY,Wigan,1000
2024-09-19,Thu,Daily,SW9 0RE,London,1000
2024-09-19,Thu,Daily,SS9 4TG,Leigh-on-Sea,1000
2024-09-19,Thu,Daily,SK8 1NB,Cheadle,1000
2024-09-19,Thu,Daily,SG1 4BP,Stevenage,1000
2024-09-19,Thu,Daily,SE13 6HA,London,1000
2024-09-19,Thu,Daily,SA11 5PJ,Neath,1000
2024-09-19,Thu,Daily,PE1 3XB,Peterborough,1000
2024-09-19,Thu,Daily,NG22 0HX,Newark,1000
2024-09-19,Thu,Daily,NE61 5YF,Morpeth,1000
2024-09-19,Thu,Daily,NE61 1QH,Morpeth,1000
2024-09-19,Thu,Daily,LA1 1NR,Lancaster,1000
2024-09-19,Thu,Daily,G45 9DY,Glasgow,1000
2024-09-19,Thu,Daily,G44 4SQ,Glasgow,1000
2024-09-19,Thu,Daily,CF39 9EN,Porth,1000
2024-09-19,Thu,Daily,CA13 9ED,Cockermouth,1000
2024-09-19,Thu,Daily,CA1 3ST,Carlisle,1000
2024-09-19,Thu,Daily,BN42 4LD,Brighton,1000
2024-09-19,Thu,Daily,B97 6BT,Redditch,1000
2024-09-18,Wed,Daily,WF5 9UD,Ossett,1000
2024-09-18,Wed,Daily,WA6 0ER,Warrington,1000
2024-09-18,Wed,Daily,SY21 0JQ,Welshpool,1000
2024-09-18,Wed,Daily,SN5 5TX,Swindon,1000
2024-09-18,Wed,Daily,SK9 3LU,Wilmslow,1000
2024-09-18,Wed,Daily,SG8 5DW,Royston,1000
2024-09-18,Wed,Daily,PR4 1XJ,Preston,1000
2024-09-18,Wed,Daily,PO18 8LF,Chichester,1000
2024-09-18,Wed,Daily,PL7 4QT,Plymouth,1000
2024-09-18,Wed,Daily,PH24 3BU,Boat of Garten,1000
2024-09-18,Wed,Daily,PE12 6JH,Spalding,1000
2024-09-18,Wed,Daily,OL13 9SJ,Bacup,1000
2024-09-18,Wed,Daily,NG9 8PB,Nottingham,1000
2024-09-18,Wed,Daily,ML1 3BX,Motherwell,1000
2024-09-18,Wed,Daily,ML1 2SX,Motherwell,1000
2024-09-18,Wed,Daily,MK12 5PH,Milton Keynes,1000
2024-09-18,Wed,Daily,LL11 2NF,Wrexham,1000
2024-09-18,Wed,Daily,L8 4PW,Liverpool,1000
2024-09-18,Wed,Daily,CV32 5FH,Leamington Spa,1000
2024-09-18,Wed,Daily,BH12 3NP,Poole,1000
2024-09-17,Tue,Daily,YO31 9HN,York,1000
2024-09-17,Tue,Daily,YO16 7LT,Bridlington,1000
2024-09-17,Tue,Daily,WR14 1RY,Great Malvern,1000
2024-09-17,Tue,Daily,TS3 7BN,Middlesbrough,1000
2024-09-17,Tue,Daily,ST10 4BL,Stoke-on-Trent,1000
2024-09-17,Tue,Daily,NG33 5LS,Grantham,1000
2024-09-17,Tue,Daily,NG24 1FX,Newark,1000
2024-09-17,Tue,Daily,MK41 8DY,Bedford,1000
2024-09-17,Tue,Daily,IG10 3JT,Loughton,1000
2024-09-17,Tue,Daily,GU34 5PS,Alton,1000
2024-09-17,Tue,Daily,GU10 2ER,Farnham,1000
2024-09-17,Tue,Daily,FK2 8FR,Larbert,1000
2024-09-17,Tue,Daily,FK2 0SH,Falkirk,1000
2024-09-17,Tue,Daily,DD9 6SY,Brechin,1000
2024-09-17,Tue,Daily,CR0 3AF,Croydon,1000
2024-09-17,Tue,Daily,CA7 4RL,Carlisle,1000
2024-09-17,Tue,Daily,BN12 6QQ,Worthing,1000
2024-09-17,Tue,Daily,BN12 4SN,Worthing,1000
2024-09-17,Tue,Daily,BL2 6EY,Bolton,1000
2024-09-17,Tue,Daily,BD2 3JJ,Bradford,1000
2024-09-16,Mon,Daily,WV12 5NY,Willenhall,1000
2024-09-16,Mon,Daily,WN7 3PQ,Leigh,1000
2024-09-16,Mon,Daily,W1W 6AG,London,1000
2024-09-16,Mon,Daily,TA24 7JE,Minehead,1000
2024-09-16,Mon,Daily,SP7 8TU,Shaftesbury,1000
2024-09-16,Mon,Daily,S8 0GY,Sheffield,1000
2024-09-16,Mon,Daily,S36 8AP,Sheffield,1000
2024-09-16,Mon,Daily,RH15 9DB,Burgess Hill,1000
2024-09-16,Mon,Daily,RG21 4BW,Basingstoke,1000
2024-09-16,Mon,Daily,PA14 6AX,Port Glasgow,1000
2024-09-16,Mon,Daily,N11 2QU,London,1000
2024-09-16,Mon,Daily,ML1 3YA,Motherwell,1000
2024-09-16,Mon,Daily,LL28 5BE,Colwyn Bay,1000
2024-09-16,Mon,Daily,LL20 7RB,Llangollen,1000
2024-09-16,Mon,Daily,LE16 7RN,Market Harborough,1000
2024-09-16,Mon,Daily,GU35 0BB,Bordon,1000
2024-09-16,Mon,Daily,FY2 0BZ,Blackpool,1000
2024-09-16,Mon,Daily,DE15 9JT,Burton upon Trent,1000
2024-09-16,Mon,Daily,CT7 9EF,Birchington,1000
2024-09-16,Mon,Daily,AL1 3QA,St Albans,1000
2024-09-15,Sun,Street Prize,TN4 0ER,Tunbridge Wells,30000
2024-09-14,Sat,Millionaire Street,BH12 4LF,Poole,250000
2024-09-13,Fri,Daily,TW16 7HP,Sunbury on Thames,1000
2024-09-13,Fri,Daily,TA3 7RB,Taunton,1000
2024-09-13,Fri,Daily,SS9 4QX,Leigh-on-Sea,1000
2024-09-13,Fri,Daily,SO51 8ET,Romsey,1000
2024-09-13,Fri,Daily,SA33 4QH,Carmarthen,1000
2024-09-13,Fri,Daily,S33 6RA,Hope Valley,1000
2024-09-13,Fri,Daily,RM1 4QL,Romford,1000
2024-09-13,Fri,Daily,PR2 9PB,Preston,1000
2024-09-13,Fri,Daily,PH16 5ND,Pitlochry,1000
2024-09-13,Fri,Daily,NN15 6QR,Kettering,1000
2024-09-13,Fri,Daily,NN12 7XG,Towcester,1000
2024-09-13,Fri,Daily,NE38 7PZ,Washington,1000
2024-09-13,Fri,Daily,M41 9LW,Manchester,1000
2024-09-13,Fri,Daily,KT5 8BG,Surbiton,1000
2024-09-13,Fri,Daily,G71 6DG,Glasgow,1000
2024-09-13,Fri,Daily,EX10 9XY,Sidmouth,1000
2024-09-13,Fri,Daily,CH49 2NN,Wirral,1000
2024-09-13,Fri,Daily,CF14 2QU,Cardiff,1000
2024-09-13,Fri,Daily,BB4 7NW,Rossendale,1000
2024-09-13,Fri,Daily,B70 9TU,West Bromwich,1000
2024-09-12,Thu,Daily,WS11 7WJ,Cannock,1000
2024-09-12,Thu,Daily,SS6 9HD,Rayleigh,1000
2024-09-12,Thu,Daily,OX44 7QT,Oxford,1000
2024-09-12,Thu,Daily,OL9 0AD,Oldham,1000
2024-09-12,Thu,Daily,NR15 1BE,Norwich,1000
2024-09-12,Thu,Daily,NP23 5QB,Ebbw Vale,1000
2024-09-12,Thu,Daily,NE48 4DQ,Hexham,1000
2024-09-12,Thu,Daily,ML11 8EH,Lanark,1000
2024-09-12,Thu,Daily,ME16 8DP,Maidstone,1000
2024-09-12,Thu,Daily,LA4 4RF,Morecambe,1000
2024-09-12,Thu,Daily,HR1 3EY,Hereford,1000
2024-09-12,Thu,Daily,HD7 5XE,Huddersfield,1000
2024-09-12,Thu,Daily,GU14 7PZ,Farnborough,1000
2024-09-12,Thu,Daily,EH12 6JQ,Edinburgh,1000
2024-09-12,Thu,Daily,DT9 6PH,Sherborne,1000
2024-09-12,Thu,Daily,CW5 6YH,Nantwich,1000
2024-09-12,Thu,Daily,BS29 6ET,Weston-super-Mare,1000
2024-09-12,Thu,Daily,BS10 6SL,Bristol,1000
2024-09-12,Thu,Daily,BL0 9RB,Bury,1000
2024-09-12,Thu,Daily,B73 6SY,Sutton Coldfield,1000
2024-09-11,Wed,Daily,WS7 9AR,Burntwood,1000
2024-09-11,Wed,Daily,W2 6HP,London,1000
2024-09-11,Wed,Daily,TQ2 5NP,Torquay,1000
2024-09-11,Wed,Daily,TN23 6JG,Ashford,1000
2024-09-11,Wed,Daily,TA22 9PY,Dulverton,1000
2024-09-11,Wed,Daily,SP2 8JG,Salisbury,1000
2024-09-11,Wed,Daily,SA44 5PQ,Llandysul,1000
2024-09-11,Wed,Daily,S60 1JU,Rotherham,1000
2024-09-11,Wed,Daily,PO8 8HL,Waterlooville,1000
2024-09-11,Wed,Daily,NW6 5PA,London,1000
2024-09-11,Wed,Daily,ME15 8PL,Maidstone,1000
2024-09-11,Wed,Daily,GL4 4QR,Gloucester,1000
2024-09-11,Wed,Daily,GL14 2PZ,Cinderford,1000
2024-09-11,Wed,Daily,DN36 5JE,Grimsby,1000
2024-09-11,Wed,Daily,DE4 2GT,Matlock,1000
2024-09-11,Wed,Daily,DA7 4HA,Bexleyheath,1000
2024-09-11,Wed,Daily,CO5 7EZ,Colchester,1000
2024-09-11,Wed,Daily,CF37 4HE,Pontypridd,1000
2024-09-11,Wed,Daily,B50 4LY,Alcester,1000
2024-09-11,Wed,Daily,AB10 7NY,Aberdeen,1000
2024-09-10,Tue,Daily,WR11 7TX,Evesham,1000
2024-09-10,Tue,Daily,TD11 3FG,Duns,1000
2024-09-10,Tue,Daily,SN25 1TB,Swindon,1000
2024-09-10,Tue,Daily,SE25 5RD,London,1000
2024-09-10,Tue,Daily,NG18 4FX,Mansfield,1000
2024-09-10,Tue,Daily,N17 9DF,London,1000
2024-09-10,Tue,Daily,N17 7LB,London,1000
2024-09-10,Tue,Daily,LS25 6FS,Leeds,1000
2024-09-10,Tue,Daily,LL22 9LQ,Abergele,1000
2024-09-10,Tue,Daily,LE9 2DL,Leicester,1000
2024-09-10,Tue,Daily,LE7 3FY,Leicester,1000
2024-09-10,Tue,Daily,LA12 9RP,Ulverston,1000
2024-09-10,Tue,Daily,KA18 4DU,Cumnock,1000
2024-09-10,Tue,Daily,HU18 1AJ,Hornsea,1000
2024-09-10,Tue,Daily,DN11 0EX,Doncaster,1000
2024-09-10,Tue,Daily,CF82 7JL,Hengoed,1000
2024-09-10,Tue,Daily,CF40 2SL,Tonypandy,1000
2024-09-10,Tue,Daily,BA14 6QN,Trowbridge,1000
2024-09-10,Tue,Daily,B16 0LA,Birmingham,1000
2024-09-10,Tue,Daily,B13 9NX,Birmingham,1000
2024-09-09,Mon,Daily,ZE1 0QF,Lerwick,1000
2024-09-09,Mon,Daily,TW17 8AR,Shepperton,1000
2024-09-09,Mon,Daily,SS9 3SF,Leigh-on-Sea,1000
2024-09-09,Mon,Daily,SK10 3ND,Macclesfield,1000
2024-09-09,Mon,Daily,SA70 7HZ,Tenby,1000
2024-09-09,Mon,Daily,SA44 6DE,Llandysul,1000
2024-09-09,Mon,Daily,S66 7JN,Rotherham,1000
2024-09-09,Mon,Daily,PO9 4QG,Havant,1000
2024-09-09,Mon,Daily,PE3 7LR,Peterborough,1000
2024-09-09,Mon,Daily,L14 0AB,Liverpool,1000
2024-09-09,Mon,Daily,HP9 1AR,Beaconsfield,1000
2024-09-09,Mon,Daily,HP18 9XZ,Aylesbury,1000
2024-09-09,Mon,Daily,EX8 4PR,Exmouth,1000
2024-09-09,Mon,Daily,EH17 8QQ,Edinburgh,1000
2024-09-09,Mon,Daily,DN16 3TF,Scunthorpe,1000
2024-09-09,Mon,Daily,DE72 2BL,Derby,1000
2024-09-09,Mon,Daily,CV22 5BH,Rugby,1000
2024-09-09,Mon,Daily,CR5 1BX,Coulsdon,1000
2024-09-09,Mon,Daily,BN26 5HH,Polegate,1000
2024-09-09,Mon,Daily,BH21 4JN,Wimborne,1000
2024-09-08,Sun,Street Prize,SY16 4LW,Newtown,30000
2024-09-07,Sat,Millionaire Street,LS21 1SW,Otley,405462
2024-09-06,Fri,Daily,W6 8QG,London,1000
2024-09-06,Fri,Daily,TN38 9HQ,St Leonards on Sea,1000
2024-09-06,Fri,Daily,TN22 3XN,Uckfield,1000
2024-09-06,Fri,Daily,SK23 9UN,High Peak,1000
2024-09-06,Fri,Daily,S10 3QU,Sheffield,1000
2024-09-06,Fri,Daily,RG1 2QX,Reading,1000
2024-09-06,Fri,Daily,PH16 5JS,Pitlochry,1000
2024-09-06,Fri,Daily,PA7 5AZ,Bishopton,1000
2024-09-06,Fri,Daily,NP23 6LG,Ebbw Vale,1000
2024-09-06,Fri,Daily,NG12 3DU,Nottingham,1000
2024-09-06,Fri,Daily,M44 6NT,Manchester,1000
2024-09-06,Fri,Daily,IP24 1AA,Thetford,1000
2024-09-06,Fri,Daily,HU16 5TH,Cottingham,1000
2024-09-06,Fri,Daily,HD8 8FP,Huddersfield,1000
2024-09-06,Fri,Daily,GU21 3AT,Woking,1000
2024-09-06,Fri,Daily,EH23 4FE,Gorebridge,1000
2024-09-06,Fri,Daily,CO13 0AU,Frinton-on-Sea,1000
2024-09-06,Fri,Daily,CH63 2PR,Wirral,1000
2024-09-06,Fri,Daily,BS9 1SP,Bristol,1000
2024-09-06,Fri,Daily,B90 1TW,Solihull,1000
2024-09-05,Thu,Daily,WS10 0BN,Wednesbury,1000
2024-09-05,Thu,Daily,SR5 3DS,Sunderland,1000
2024-09-05,Thu,Daily,SG13 7RG,Hertford,1000
2024-09-05,Thu,Daily,PE23 5HL,Spilsby,1000
2024-09-05,Thu,Daily,NR7 0EL,Norwich,1000
2024-09-05,Thu,Daily,NE63 9BA,Ashington,1000
2024-09-05,Thu,Daily,NE39 1HD,Rowlands Gill,1000
2024-09-05,Thu,Daily,ME15 8UL,Maidstone,1000
2024-09-05,Thu,Daily,KY12 9HJ,Dunfermline,1000
2024-09-05,Thu,Daily,KT16 9GD,Chertsey,1000
2024-09-05,Thu,Daily,KA10 6AQ,Troon,1000
2024-09-05,Thu,Daily,HP2 5DS,Hemel Hempstead,1000
2024-09-05,Thu,Daily,HA0 2AN,Wembley,1000
2024-09-05,Thu,Daily,GL4 6LR,Gloucester,1000
2024-09-05,Thu,Daily,GL18 1SQ,Newent,1000
2024-09-05,Thu,Daily,EX21 5SS,Beaworthy,1000
2024-09-05,Thu,Daily,E3 3XN,London,1000
2024-09-05,Thu,Daily,DN5 9LG,Doncaster,1000
2024-09-05,Thu,Daily,BL9 5ED,Bury,1000
2024-09-05,Thu,Daily,B93 0NL,Solihull,1000
2024-09-04,Wed,Daily,WS13 8PE,Lichfield,1000
2024-09-04,Wed,Daily,WF10 3HZ,Castleford,1000
2024-09-04,Wed,Daily,TW4 5NT,Hounslow,1000
2024-09-04,Wed,Daily,TR8 4FA,Newquay,1000
2024-09-04,Wed,Daily,ST7 2AZ,Stoke-on-Trent,1000
2024-09-04,Wed,Daily,SG7 6TL,Baldock,1000
2024-09-04,Wed,Daily,RH19 1TX,East Grinstead,1000
2024-09-04,Wed,Daily,RG27 9FX,Hook,1000
2024-09-04,Wed,Daily,PR4 1TH,Preston,1000
2024-09-04,Wed,Daily,PO5 1EN,Southsea,1000
2024-09-04,Wed,Daily,PO22 7NF,Bognor Regis,1000
2024-09-04,Wed,Daily,NG9 7GT,Nottingham,1000
2024-09-04,Wed,Daily,M24 5SF,Manchester,1000
2024-09-04,Wed,Daily,L11 6LZ,Liverpool,1000
2024-09-04,Wed,Daily,KY6 3DG,Glenrothes,1000
2024-09-04,Wed,Daily,DG2 0RW,Dumfries,1000
2024-09-04,Wed,Daily,CO4 5JZ,Colchester,1000
2024-09-04,Wed,Daily,CF83 8QD,Caerphilly,1000
2024-09-04,Wed,Daily,BH19 1LE,Swanage,1000
2024-09-04,Wed,Daily,B65 9AL,Rowley Regis,1000
2024-09-03,Tue,Daily,WA7 2QW,Runcorn,1000
2024-09-03,Tue,Daily,TN12 0TJ,Tonbridge,1000
2024-09-03,Tue,Daily,SA73 1EA,Milford Haven,1000
2024-09-03,Tue,Daily,PO22 8FY,Bognor Regis,1000
2024-09-03,Tue,Daily,OL11 5XY,Rochdale,1000
2024-09-03,Tue,Daily,NW2 4QJ,London,1000
2024-09-03,Tue,Daily,NR31 6ET,Great Yarmouth,1000
2024-09-03,Tue,Daily,NE1 3AJ,Newcastle upon Tyne,1000
2024-09-03,Tue,Daily,ML3 8RU,Hamilton,1000
2024-09-03,Tue,Daily,M34 2FG,Manchester,1000
2024-09-03,Tue,Daily,LL65 1TH,Holyhead,1000
2024-09-03,Tue,Daily,GL1 4NT,Gloucester,1000
2024-09-03,Tue,Daily,EN9 2NW,Waltham Abbey,1000
2024-09-03,Tue,Daily,EN6 2QY,Potters Bar,1000
2024-09-03,Tue,Daily,DA11 0JB,Gravesend,1000
2024-09-03,Tue,Daily,CM5 0NW,Ongar,1000
2024-09-03,Tue,Daily,CH7 1YX,Mold,1000
2024-09-03,Tue,Daily,BS36 2BT,Bristol,1000
2024-09-03,Tue,Daily,BN27 1FT,Hailsham,1000
2024-09-03,Tue,Daily,B16 8AL,Birmingham,1000
2024-09-02,Mon,Daily,TF9 3HF,Market Drayton,1000
2024-09-02,Mon,Daily,TA9 3DQ,Highbridge,1000
2024-09-02,Mon,Daily,TA4 4AG,Taunton,1000
2024-09-02,Mon,Daily,SO41 0TB,Lymington,1000
2024-09-02,Mon,Daily,SO30 3AU,Southampton,1000
2024-09-02,Mon,Daily,S5 9NS,Sheffield,1000
2024-09-02,Mon,Daily,RH17 5PP,Haywards Heath,1000
2024-09-02,Mon,Daily,PE1 4HY,Peterborough,1000
2024-09-02,Mon,Daily,NN11 2AE,Daventry,1000
2024-09-02,Mon,Daily,NG31 9GJ,Grantham,1000
2024-09-02,Mon,Daily,ML7 5BJ,Shotts,1000
2024-09-02,Mon,Daily,LL16 4EW,Denbigh,1000
2024-09-02,Mon,Daily,LE7 3TT,Leicester,1000
2024-09-02,Mon,Daily,KA2 0JU,Kilmarnock,1000
2024-09-02,Mon,Daily,FY7 6FS,Fleetwood,1000
2024-09-02,Mon,Daily,EX17 6BZ,Crediton,1000
2024-09-02,Mon,Daily,DN9 2LR,Doncaster,1000
2024-09-02,Mon,Daily,CT2 0LH,Canterbury,1000
2024-09-02,Mon,Daily,BS3 5NN,Bristol,1000
2024-09-02,Mon,Daily,BN13 2EB,Worthing,1000
2024-09-01,Sun,Street Prize,AB39 2QD,Stonehaven,30000
2024-08-31,Sat,Postcode Millions,IP12 1JP,Woodbridge,
2024-08-31,Sat,Millionaire Street,ML5 3PL,Coatbridge,38461
2024-08-30,Fri,Daily,YO30 4UZ,York,1000
2024-08-30,Fri,Daily,WS9 0JB,Walsall,1000
2024-08-30,Fri,Daily,TQ12 4EG,Newton Abbot,1000
2024-08-30,Fri,Daily,SR2 7HB,Sunderland,1000
2024-08-30,Fri,Daily,SN25 2AU,Swindon,1000
2024-08-30,Fri,Daily,SN12 7LF,Melksham,1000
2024-08-30,Fri,Daily,RH17 5JQ,Haywards Heath,1000
2024-08-30,Fri,Daily,PO9 3BA,Havant,1000
2024-08-30,Fri,Daily,OX14 1XX,Abingdon,1000
2024-08-30,Fri,Daily,N9 0SQ,London,1000
2024-08-30,Fri,Daily,LA4 5AA,Morecambe,1000
2024-08-30,Fri,Daily,GL52 2SH,Cheltenham,1000
2024-08-30,Fri,Daily,EH4 4DP,Edinburgh,1000
2024-08-30,Fri,Daily,DN21 1RA,Gainsborough,1000
2024-08-30,Fri,Daily,DE7 8DY,Ilkeston,1000
2024-08-30,Fri,Daily,CV9 1AU,Atherstone,1000
2024-08-30,Fri,Daily,CB6 1BA,Ely,1000
2024-08-30,Fri,Daily,CA7 9AB,Wigton,1000
2024-08-30,Fri,Daily,BS14 0HA,Bristol,1000
2024-08-30,Fri,Daily,BA2 0JN,Bath,1000
2024-08-29,Thu,Daily,TS14 8PQ,Guisborough,1000
2024-08-29,Thu,Daily,SL7 1JD,Marlow,1000
2024-08-29,Thu,Daily,SK6 4AL,Stockport,1000
2024-08-29,Thu,Daily,SG1 4NH,Stevenage,1000
2024-08-29,Thu,Daily,PO8 8AG,Waterlooville,1000
2024-08-29,Thu,Daily,PO16 7QD,Fareham,1000
2024-08-29,Thu,Daily,PE20 3EZ,Boston,1000
2024-08-29,Thu,Daily,OL15 8EF,Littleborough,1000
2024-08-29,Thu,Daily,NN16 0SU,Kettering,1000
2024-08-29,Thu,Daily,NE61 5FF,Morpeth,1000
2024-08-29,Thu,Daily,LL60 6LP,Gaerwen,1000
2024-08-29,Thu,Daily,L5 4SU,Liverpool,1000
2024-08-29,Thu,Daily,GL20 5SB,Tewkesbury,1000
2024-08-29,Thu,Daily,G61 3BQ,Glasgow,1000
2024-08-29,Thu,Daily,DL17 0AR,Ferryhill,1000
2024-08-29,Thu,Daily,DD11 1RJ,Arbroath,1000
2024-08-29,Thu,Daily,CV2 1DL,Coventry,1000
2024-08-29,Thu,Daily,CA14 5LB,Workington,1000
2024-08-29,Thu,Daily,BS5 8PN,Bristol,1000
2024-08-29,Thu,Daily,BA12 8DZ,Warminster,1000
2024-08-28,Wed,Daily,YO30 5FR,York,1000
2024-08-28,Wed,Daily,YO25 3TF,Driffield,1000
2024-08-28,Wed,Daily,UB10 8NY,Uxbridge,1000
2024-08-28,Wed,Daily,TR1 1LN,Truro,1000
2024-08-28,Wed,Daily,TA19 0NY,Ilminster,1000
2024-08-28,Wed,Daily,SY25 6JT,Tregaron,1000
2024-08-28,Wed,Daily,SY11 1UT,Oswestry,1000
2024-08-28,Wed,Daily,SA73 1TY,Milford Haven,1000
2024-08-28,Wed,Daily,PO8 0NY,Waterlooville,1000
2024-08-28,Wed,Daily,N22 8PL,London,1000
2024-08-28,Wed,Daily,LL16 5LT,Denbigh,1000
2024-08-28,Wed,Daily,G83 8SW,Alexandria,1000
2024-08-28,Wed,Daily,G13 3UP,Glasgow,1000
2024-08-28,Wed,Daily,EH10 5BE,Edinburgh,1000
2024-08-28,Wed,Daily,DN32 7BN,Grimsby,1000
2024-08-28,Wed,Daily,CT20 2LQ,Folkestone,1000
2024-08-28,Wed,Daily,CH65 6RR,Ellesmere Port,1000
2024-08-28,Wed,Daily,CF11 9PL,Cardiff,1000
2024-08-28,Wed,Daily,B20 1LE,Birmingham,1000
2024-08-28,Wed,Daily,AB12 3SZ,Aberdeen,1000
2024-08-27,Tue,Daily,WS7 9BT,Burntwood,1000
2024-08-27,Tue,Daily,TN4 9HB,Tunbridge Wells,1000
2024-08-27,Tue,Daily,TF1 3AS,Telford,1000
2024-08-27,Tue,Daily,SO31 7AR,Southampton,1000
2024-08-27,Tue,Daily,SO15 2FQ,Southampton,1000
2024-08-27,Tue,Daily,SN15 3EB,Chippenham,1000
2024-08-27,Tue,Daily,SG5 3QP,Hitchin,1000
2024-08-27,Tue,Daily,S81 7HF,Worksop,1000
2024-08-27,Tue,Daily,PE8 6TE,Peterborough,1000
2024-08-27,Tue,Daily,PE12 8PW,Spalding,1000
2024-08-27,Tue,Daily,NR30 1BH,Great Yarmouth,1000
2024-08-27,Tue,Daily,NR21 7LQ,Fakenham,1000
2024-08-27,Tue,Daily,LU3 1NH,Luton,1000
2024-08-27,Tue,Daily,KT5 8QH,Surbiton,1000
2024-08-27,Tue,Daily,HU5 5AZ,Hull,1000
2024-08-27,Tue,Daily,FK3 8JB,Grangemouth,1000
2024-08-27,Tue,Daily,DE21 2RR,Derby,1000
2024-08-27,Tue,Daily,CO6 4BA,Colchester,1000
2024-08-27,Tue,Daily,CF39 0BL,Porth,1000
2024-08-27,Tue,Daily,BB8 0QJ,Colne,1000
2024-08-26,Mon,Daily,SN15 5JD,Chippenham,1000
2024-08-26,Mon,Daily,S70 5SH,Barnsley,1000
2024-08-26,Mon,Daily,PR8 5FG,Southport,1000
2024-08-26,Mon,Daily,NR2 1DZ,Norwich,1000
2024-08-26,Mon,Daily,NP4 5BR,Pontypool,1000
2024-08-26,Mon,Daily,NP20 5HW,Newport,1000
2024-08-26,Mon,Daily,NE28 8BA,Wallsend,1000
2024-08-26,Mon,Daily,ME3 7EP,Rochester,1000
2024-08-26,Mon,Daily,M41 6JN,Manchester,1000
2024-08-26,Mon,Daily,HD5 8TF,Huddersfield,1000
2024-08-26,Mon,Daily,HA8 8UW,Edgware,1000
2024-08-26,Mon,Daily,FK17 8HT,Callander,1000
2024-08-26,Mon,Daily,FK15 9RE,Dunblane,1000
2024-08-26,Mon,Daily,EN5 2LP,Barnet,1000
2024-08-26,Mon,Daily,EH6 7JE,Edinburgh,1000
2024-08-26,Mon,Daily,DD11 2AA,Arbroath,1000
2024-08-26,Mon,Daily,CF15 8HD,Cardiff,1000
2024-08-26,Mon,Daily,B91 2LX,Solihull,1000
2024-08-26,Mon,Daily,B29 4NE,Birmingham,1000
2024-08-26,Mon,Daily,B16 8AT,Birmingham,1000
2024-08-25,Sun,Street Prize,TW16 5AS,Sunbury on Thames,30000
2024-08-24,Sat,Millionaire Street,BN43 6JD,Shoreham-by-Sea,200000
2024-08-23,Fri,Daily,WA8 7UP,Widnes,1000
2024-08-23,Fri,Daily,TS27 4LY,Hartlepool,1000
2024-08-23,Fri,Daily,ST7 4QP,Stoke-on-Trent,1000
2024-08-23,Fri,Daily,SS8 7EX,Canvey Island,1000
2024-08-23,Fri,Daily,SE27 0PS,London,1000
2024-08-23,Fri,Daily,S81 0HW,Worksop,1000
2024-08-23,Fri,Daily,S42 6XX,Chesterfield,1000
2024-08-23,Fri,Daily,PO15 6QZ,Fareham,1000
2024-08-23,Fri,Daily,PL6 8PT,Plymouth,1000
2024-08-23,Fri,Daily,NN12 6FB,Towcester,1000
2024-08-23,Fri,Daily,LS27 8BE,Leeds,1000
2024-08-23,Fri,Daily,L4 5UJ,Liverpool,1000
2024-08-23,Fri,Daily,KT9 1XD,Chessington,1000
2024-08-23,Fri,Daily,IP30 9BW,Bury St Edmunds,1000
2024-08-23,Fri,Daily,EX4 5AQ,Exeter,1000
2024-08-23,Fri,Daily,EX20 4AA,Okehampton,1000
2024-08-23,Fri,Daily,DN11 0QX,Doncaster,1000
2024-08-23,Fri,Daily,CT4 7RB,Canterbury,1000
2024-08-23,Fri,Daily,CF5 2DE,Cardiff,1000
2024-08-23,Fri,Daily,CA12 5XW,Keswick,1000
2024-08-22,Thu,Daily,WN2 5AB,Wigan,1000
2024-08-22,Thu,Daily,WF3 1PJ,Wakefield,1000
2024-08-22,Thu,Daily,WF10 4PD,Castleford,1000
2024-08-22,Thu,Daily,TN4 9YG,Tunbridge Wells,1000
2024-08-22,Thu,Daily,SY1 3DT,Shrewsbury,1000
2024-08-22,Thu,Daily,SK17 0AT,Buxton,1000
2024-08-22,Thu,Daily,RG40 4EH,Wokingham,1000
2024-08-22,Thu,Daily,PO12 4JD,Gosport,1000
2024-08-22,Thu,Daily,NP24 6EW,New Tredegar,1000
2024-08-22,Thu,Daily,LN12 1LZ,Mablethorpe,1000
2024-08-22,Thu,Daily,LA1 1FD,Lancaster,1000
2024-08-22,Thu,Daily,IV10 8SJ,Fortrose,1000
2024-08-22,Thu,Daily,FK8 1RG,Stirling,1000
2024-08-22,Thu,Daily,EX39 4PG,Bideford,1000
2024-08-22,Thu,Daily,EH10 6RH,Edinburgh,1000
2024-08-22,Thu,Daily,DT1 2SA,Dorchester,1000
2024-08-22,Thu,Daily,DD4 7AW,Dundee,1000
2024-08-22,Thu,Daily,CH3 6LY,Chester,1000
2024-08-22,Thu,Daily,CF48 4EF,Merthyr Tydfil,1000
2024-08-22,Thu,Daily,BH23 8DD,Christchurch,1000
2024-08-21,Wed,Daily,TQ9 7PW,Totnes,1000
2024-08-21,Wed,Daily,SW11 2FS,London,1000
2024-08-21,Wed,Daily,ST2 8AL,Stoke-on-Trent,1000
2024-08-21,Wed,Daily,SS0 9HQ,Westcliff-on-Sea,1000
2024-08-21,Wed,Daily,SP2 0LT,Salisbury,1000
2024-08-21,Wed,Daily,SN3 1PJ,Swindon,1000
2024-08-21,Wed,Daily,PR1 9PJ,Preston,1000
2024-08-21,Wed,Daily,NG19 0HT,Mansfield,1000
2024-08-21,Wed,Daily,N14 4BW,London,1000
2024-08-21,Wed,Daily,ME5 0NB,Chatham,1000
2024-08-21,Wed,Daily,M29 7DU,Manchester,1000
2024-08-21,Wed,Daily,LS26 8UW,Leeds,1000
2024-08-21,Wed,Daily,L25 1BA,Liverpool,1000
2024-08-21,Wed,Daily,GL52 6RS,Cheltenham,1000
2024-08-21,Wed,Daily,DY3 2BN,Dudley,1000
2024-08-21,Wed,Daily,DA17 5EW,Belvedere,1000
2024-08-21,Wed,Daily,CM77 8DP,Braintree,1000
2024-08-21,Wed,Daily,BN13 3RW,Worthing,1000
2024-08-21,Wed,Daily,BH12 5DH,Poole,1000
2024-08-21,Wed,Daily,B79 7HS,Tamworth,1000
2024-08-20,Tue,Daily,TN34 1ED,Hastings,1000
2024-08-20,Tue,Daily,SY20 8HL,Machynlleth,1000
2024-08-20,Tue,Daily,SS6 9EH,Rayleigh,1000
2024-08-20,Tue,Daily,SN15 3YS,Chippenham,1000
2024-08-20,Tue,Daily,SA40 9RQ,Llanybydder,1000
2024-08-20,Tue,Daily,SA4 3NU,Swansea,1000
2024-08-20,Tue,Daily,RM12 5HP,Hornchurch,1000
2024-08-20,Tue,Daily,RH10 7PN,Crawley,1000
2024-08-20,Tue,Daily,PO31 8JP,Cowes,1000
2024-08-20,Tue,Daily,PL17 8HB,Callington,1000
2024-08-20,Tue,Daily,OL4 2LZ,Oldham,1000
2024-08-20,Tue,Daily,N9 7PH,London,1000
2024-08-20,Tue,Daily,LL19 7UG,Prestatyn,1000
2024-08-20,Tue,Daily,LE2 4RY,Leicester,1000
2024-08-20,Tue,Daily,DL15 9JD,Crook,1000
2024-08-20,Tue,Daily,DD4 8DA,Dundee,1000
2024-08-20,Tue,Daily,BS29 6BH,Weston-super-Mare,1000
2024-08-20,Tue,Daily,BN1 1YF,Brighton,1000
2024-08-20,Tue,Daily,AL1 1UD,St Albans,1000
2024-08-20,Tue,Daily,AB15 8SP,Aberdeen,1000
2024-08-19,Mon,Daily,TA24 6JX,Minehead,1000
2024-08-19,Mon,Daily,SS8 9EJ,Canvey Island,1000
2024-08-19,Mon,Daily,SE9 1XG,London,1000
2024-08-19,Mon,Daily,RG4 6QT,Reading,1000
2024-08-19,Mon,Daily,RG14 5RH,Newbury,1000
2024-08-19,Mon,Daily,PR8 4RF,Southport,1000
2024-08-19,Mon,Daily,PO13 0ER,Gosport,1000
2024-08-19,Mon,Daily,PL1 4QQ,Plymouth,1000
2024-08-19,Mon,Daily,NR34 7AZ,Beccles,1000
2024-08-19,Mon,Daily,KT20 7QH,Tadworth,1000
2024-08-19,Mon,Daily,G72 7DN,Glasgow,1000
2024-08-19,Mon,Daily,G46 8AG,Glasgow,1000
2024-08-19,Mon,Daily,G32 9TD,Glasgow,1000
2024-08-19,Mon,Daily,EX12 2BS,Seaton,1000
2024-08-19,Mon,Daily,DL6 1LJ,Northallerton,1000
2024-08-19,Mon,Daily,DL5 4SZ,Newton Aycliffe,1000
2024-08-19,Mon,Daily,DA3 8PJ,Dartford,1000
2024-08-19,Mon,Daily,CM6 1RY,Dunmow,1000
2024-08-19,Mon,Daily,BH5 1AN,Bournemouth,1000
2024-08-19,Mon,Daily,AL1 2HT,St Albans,1000
2024-08-18,Sun,Street Prize,BB3 2HS,Darwen,30000
2024-08-17,Sat,Millionaire Street,NE9 6PZ,Gateshead,83333
2024-08-16,Fri,Daily,TR11 4FJ,Falmouth,1000
2024-08-16,Fri,Daily,TQ12 6TL,Newton Abbot,1000
2024-08-16,Fri,Daily,TF2 0DU,Telford,1000
2024-08-16,Fri,Daily,SW15 4DS,London,1000
2024-08-16,Fri,Daily,SS2 5DH,Southend-on-Sea,1000
2024-08-16,Fri,Daily,SE3 9JH,London,1000
2024-08-16,Fri,Daily,NG5 8QY,Nottingham,1000
2024-08-16,Fri,Daily,NG34 7SN,Sleaford,1000
2024-08-16,Fri,Daily,NE11 9QA,Gateshead,1000
2024-08-16,Fri,Daily,IP22 2TB,Diss,1000
2024-08-16,Fri,Daily,EX8 5AG,Exmouth,1000
2024-08-16,Fri,Daily,EN3 7DB,Enfield,1000
2024-08-16,Fri,Daily,CR0 8HH,Croydon,1000
2024-08-16,Fri,Daily,CO3 4HA,Colchester,1000
2024-08-16,Fri,Daily,CF44 0PX,Aberdare,1000
2024-08-16,Fri,Daily,CB2 9AS,Cambridge,1000
2024-08-16,Fri,Daily,BH18 8HY,Broadstone,1000
2024-08-16,Fri,Daily,BD19 6DX,Cleckheaton,1000
2024-08-16,Fri,Daily,BB8 8RQ,Colne,1000
2024-08-16,Fri,Daily,AB15 9HX,Aberdeen,1000
2024-08-15,Thu,Daily,TN15 8NA,Sevenoaks,1000
2024-08-15,Thu,Daily,SY2 5YU,Shrewsbury,1000
2024-08-15,Thu,Daily,SK3 9NX,Stockport,1000
2024-08-15,Thu,Daily,SK15 2TB,Stalybridge,1000
2024-08-15,Thu,Daily,NW5 1JG,London,1000
2024-08-15,Thu,Daily,NG22 9ND,Newark,1000
2024-08-15,Thu,Daily,MK42 9AR,Bedford,1000
2024-08-15,Thu,Daily,MK3 5QP,Milton Keynes,1000
2024-08-15,Thu,Daily,M34 7PP,Manchester,1000
2024-08-15,Thu,Daily,M14 5SL,Manchester,1000
2024-08-15,Thu,Daily,LL57 4NU,Bangor,1000
2024-08-15,Thu,Daily,L39 4TD,Ormskirk,1000
2024-08-15,Thu,Daily,L21 7NX,Liverpool,1000
2024-08-15,Thu,Daily,EX33 1EG,Braunton,1000
2024-08-15,Thu,Daily,E15 4AY,London,1000
2024-08-15,Thu,Daily,DE3 0QW,Derby,1000
2024-08-15,Thu,Daily,DD6 9AD,Tayport,1000
2024-08-15,Thu,Daily,CF35 5HW,Bridgend,1000
2024-08-15,Thu,Daily,BR2 9RE,Bromley,1000
2024-08-15,Thu,Daily,BN17 5LP,Littlehampton,1000
2024-08-14,Wed,Daily,YO31 0TB,York,1000
2024-08-14,Wed,Daily,WV11 1PD,Wolverhampton,1000
2024-08-14,Wed,Daily,WF6 1FP,Normanton,1000
2024-08-14,Wed,Daily,WA9 1BJ,St Helens,1000
2024-08-14,Wed,Daily,TR26 2PR,St Ives,1000
2024-08-14,Wed,Daily,SA15 2ES,Llanelli,1000
2024-08-14,Wed,Daily,PL7 4SA,Plymouth,1000
2024-08-14,Wed,Daily,PL18 9ED,Gunnislake,1000
2024-08-14,Wed,Daily,PE21 8PQ,Boston,1000
2024-08-14,Wed,Daily,ML11 9PT,Lanark,1000
2024-08-14,Wed,Daily,M33 2FG,Sale,1000
2024-08-14,Wed,Daily,FK7 7QX,Stirling,1000
2024-08-14,Wed,Daily,EH47 7QE,Bathgate,1000
2024-08-14,Wed,Daily,DG11 2RX,Lockerbie,1000
2024-08-14,Wed,Daily,CW7 1JB,Winsford,1000
2024-08-14,Wed,Daily,CM6 2LX,Dunmow,1000
2024-08-14,Wed,Daily,CF64 3UD,Penarth,1000
2024-08-14,Wed,Daily,CA6 4EZ,Carlisle,1000
2024-08-14,Wed,Daily,B61 7LT,Bromsgrove,1000
2024-08-14,Wed,Daily,B33 0AY,Birmingham,1000
2024-08-13,Tue,Daily,TS5 8FB,Stockton-on-Tees,1000
2024-08-13,Tue,Daily,TS25 4DL,Hartlepool,1000
2024-08-13,Tue,Daily,TA7 8JT,Bridgwater,1000
2024-08-13,Tue,Daily,SK12 1FA,Stockport,1000
2024-08-13,Tue,Daily,SK10 5WG,Macclesfield,1000
2024-08-13,Tue,Daily,RH5 5NW,Dorking,1000
2024-08-13,Tue,Daily,PL3 6SN,Plymouth,1000
2024-08-13,Tue,Daily,OX7 3PH,Chipping Norton,1000
2024-08-13,Tue,Daily,NP20 4FP,Newport,1000
2024-08-13,Tue,Daily,NN13 6JG,Brackley,1000
2024-08-13,Tue,Daily,MK13 7BP,Milton Keynes,1000
2024-08-13,Tue,Daily,M30 7FH,Manchester,1000
2024-08-13,Tue,Daily,LA9 6DR,Kendal,1000
2024-08-13,Tue,Daily,IG8 7HB,Woodford Green,1000
2024-08-13,Tue,Daily,HU14 3HE,North Ferriby,1000
2024-08-13,Tue,Daily,HG4 2HU,Ripon,1000
2024-08-13,Tue,Daily,CR0 5DN,Croydon,1000
2024-08-13,Tue,Daily,CO15 2RH,Clacton-on-Sea,1000
2024-08-13,Tue,Daily,CB1 8PA,Cambridge,1000
2024-08-13,Tue,Daily,BN20 7XR,Eastbourne,1000
2024-08-12,Mon,Daily,WV11 3TA,Wolverhampton,1000
2024-08-12,Mon,Daily,WA10 2UA,St Helens,1000
2024-08-12,Mon,Daily,SY9 5BS,Bishops Castle,1000
2024-08-12,Mon,Daily,ST15 8BQ,Stone,1000
2024-08-12,Mon,Daily,SR4 6NW,Sunderland,1000
2024-08-12,Mon,Daily,RG27 8ER,Hook,1000
2024-08-12,Mon,Daily,PR8 4HP,Southport,1000
2024-08-12,Mon,Daily,OX16 1GE,Banbury,1000
2024-08-12,Mon,Daily,NW2 4EA,London,1000
2024-08-12,Mon,Daily,NE37 2QL,Washington,1000
2024-08-12,Mon,Daily,MK2 2UA,Milton Keynes,1000
2024-08-12,Mon,Daily,LE16 8AP,Market Harborough,1000
2024-08-12,Mon,Daily,KT15 3QP,Addlestone,1000
2024-08-12,Mon,Daily,G52 4EL,Glasgow,1000
2024-08-12,Mon,Daily,EH4 2HP,Edinburgh,1000
2024-08-12,Mon,Daily,CM16 6DL,Epping,1000
2024-08-12,Mon,Daily,CA5 7NE,Carlisle,1000
2024-08-12,Mon,Daily,BS9 4PG,Bristol,1000
2024-08-12,Mon,Daily,B90 2BH,Solihull,1000
2024-08-12,Mon,Daily,AB16 5TT,Aberdeen,1000
2024-08-11,Sun,Street Prize,ME13 7QD,Faversham,30000
2024-08-10,Sat,Millionaire Street,NE21 5GB,Blaydon on Tyne,111111
2024-08-09,Fri,Daily,WS9 8AH,Walsall,1000
2024-08-09,Fri,Daily,WS8 7QA,Walsall,1000
2024-08-09,Fri,Daily,WS12 2EP,Cannock,1000
2024-08-09,Fri,Daily,W2 2PN,London,1000
2024-08-09,Fri,Daily,ST9 9QQ,Stoke-on-Trent,1000
2024-08-09,Fri,Daily,ST10 2PG,Stoke-on-Trent,1000
2024-08-09,Fri,Daily,ST10 2NG,Stoke-on-Trent,1000
2024-08-09,Fri,Daily,SE9 4LY,London,1000
2024-08-09,Fri,Daily,S80 1XJ,Worksop,1000
2024-08-09,Fri,Daily,PE21 9EA,Boston,1000
2024-08-09,Fri,Daily,PE15 8TD,March,1000
2024-08-09,Fri,Daily,LL57 2YJ,Bangor,1000
2024-08-09,Fri,Daily,HU10 7JJ,Hull,1000
2024-08-09,Fri,Daily,GU18 5TD,Lightwater,1000
2024-08-09,Fri,Daily,EX23 8FW,Bude,1000
2024-08-09,Fri,Daily,DT9 4GA,Sherborne,1000
2024-08-09,Fri,Daily,DN21 3AP,Gainsborough,1000
2024-08-09,Fri,Daily,DN17 3RX,,1000
2024-08-09,Fri,Daily,CM3 5RE,Chelmsford,1000
2024-08-09,Fri,Daily,BH17 8TX,Poole,1000
2024-08-08,Thu,Daily,WF8 2DD,Pontefract,1000
2024-08-08,Thu,Daily,WA2 9TZ,Warrington,1000
2024-08-08,Thu,Daily,WA15 7TF,Altrincham,1000
2024-08-08,Thu,Daily,SE16 7AZ,London,1000
2024-08-08,Thu,Daily,PO4 9NH,Southsea,1000
2024-08-08,Thu,Daily,PO21 1QG,Bognor Regis,1000
2024-08-08,Thu,Daily,PL27 7DA,Wadebridge,1000
2024-08-08,Thu,Daily,PE3 6HF,Peterborough,1000
2024-08-08,Thu,Daily,OX11 7BP,Didcot,1000
2024-08-08,Thu,Daily,N8 8QT,London,1000
2024-08-08,Thu,Daily,N13 5SZ,London,1000
2024-08-08,Thu,Daily,LN2 4FY,Lincoln,1000
2024-08-08,Thu,Daily,L18 3LT,Liverpool,1000
2024-08-08,Thu,Daily,KY6 2NY,Glenrothes,1000
2024-08-08,Thu,Daily,IV30 5YE,Elgin,1000
2024-08-08,Thu,Daily,GU21 3AH,Woking,1000
2024-08-08,Thu,Daily,DY11 7RY,Kidderminster,1000
2024-08-08,Thu,Daily,DL8 1FE,Bedale,1000
2024-08-08,Thu,Daily,DD5 3NX,Dundee,1000
2024-08-08,Thu,Daily,BS4 5HW,Bristol,1000
2024-08-07,Wed,Daily,WD24 5AH,Watford,1000
2024-08-07,Wed,Daily,WA5 8TF,Warrington,1000
2024-08-07,Wed,Daily,SN13 8LX,Corsham,1000
2024-08-07,Wed,Daily,SN1 5DG,Swindon,1000
2024-08-07,Wed,Daily,SL1 6JB,Slough,1000
2024-08-07,Wed,Daily,RM11 2DR,Hornchurch,1000
2024-08-07,Wed,Daily,PE25 2SY,Skegness,1000
2024-08-07,Wed,Daily,PA6 7LG,Johnstone,1000
2024-08-07,Wed,Daily,NR26 8SQ,Sheringham,1000
2024-08-07,Wed,Daily,NE65 0QU,Morpeth,1000
2024-08-07,Wed,Daily,LS18 5PQ,Leeds,1000
2024-08-07,Wed,Daily,L10 1LP,Liverpool,1000
2024-08-07,Wed,Daily,KY16 8RB,St Andrews,1000
2024-08-07,Wed,Daily,IP12 4PP,Woodbridge,1000
2024-08-07,Wed,Daily,HU14 3RN,North Ferriby,1000
2024-08-07,Wed,Daily,EX8 2JX,Exmouth,1000
2024-08-07,Wed,Daily,DN17 1UF,Scunthorpe,1000
2024-08-07,Wed,Daily,DD3 0LH,Dundee,1000
2024-08-07,Wed,Daily,CO11 1RX,Manningtree,1000
2024-08-07,Wed,Daily,BH19 3HP,Swanage,1000
2024-08-06,Tue,Daily,WF3 1LQ,Wakefield,1000
2024-08-06,Tue,Daily,SA34 0TY,Whitland,1000
2024-08-06,Tue,Daily,S10 4GB,Sheffield,1000
2024-08-06,Tue,Daily,RH17 7AY,Haywards Heath,1000
2024-08-06,Tue,Daily,NR14 6QG,Norwich,1000
2024-08-06,Tue,Daily,NG9 1HB,Nottingham,1000
2024-08-06,Tue,Daily,NE61 2JX,Morpeth,1000
2024-08-06,Tue,Daily,LE19 2HA,Leicester,1000
2024-08-06,Tue,Daily,IP14 1SB,Stowmarket,1000
2024-08-06,Tue,Daily,FK19 8PN,Lochearnhead,1000
2024-08-06,Tue,Daily,EN7 5EZ,Waltham Cross,1000
2024-08-06,Tue,Daily,DT11 9EU,Blandford Forum,1000
2024-08-06,Tue,Daily,DN38 6DT,Barnetby,1000
2024-08-06,Tue,Daily,DN17 1PB,Scunthorpe,1000
2024-08-06,Tue,Daily,DG2 0JA,Dumfries,1000
2024-08-06,Tue,Daily,CV34 5PS,Warwick,1000
2024-08-06,Tue,Daily,CA4 8DD,Carlisle,1000
2024-08-06,Tue,Daily,BN1 3AF,Brighton,1000
2024-08-06,Tue,Daily,B5 7US,Birmingham,1000
2024-08-06,Tue,Daily,B43 7SN,Birmingham,1000
2024-08-05,Mon,Daily,WV15 5NZ,Bridgnorth,1000
2024-08-05,Mon,Daily,WF4 1QA,Wakefield,1000
2024-08-05,Mon,Daily,TW14 8EH,Feltham,1000
2024-08-05,Mon,Daily,SY1 2RN,Shrewsbury,1000
2024-08-05,Mon,Daily,SL1 2YT,Slough,1000
2024-08-05,Mon,Daily,RH6 7FB,Horley,1000
2024-08-05,Mon,Daily,PO33 2RY,Ryde,1000
2024-08-05,Mon,Daily,PA23 8LQ,Dunoon,1000
2024-08-05,Mon,Daily,OX17 2RG,Banbury,1000
2024-08-05,Mon,Daily,NE31 2HY,Hebburn,1000
2024-08-05,Mon,Daily,ME7 4RW,Gillingham,1000
2024-08-05,Mon,Daily,ME5 8TH,Chatham,1000
2024-08-05,Mon,Daily,M14 7BW,Manchester,1000
2024-08-05,Mon,Daily,KA13 7BU,Kilwinning,1000
2024-08-05,Mon,Daily,HP21 9NN,Aylesbury,1000
2024-08-05,Mon,Daily,G11 5QR,Glasgow,1000
2024-08-05,Mon,Daily,EX6 8JY,Exeter,1000
2024-08-05,Mon,Daily,EH54 8PG,Livingston,1000
2024-08-05,Mon,Daily,EH51 9LP,Bo'Ness,1000
2024-08-05,Mon,Daily,DL13 2RJ,Bishop Auckland,1000
2024-08-04,Sun,Street Prize,LE16 8QN,Market Harborough,30000
2024-08-03,Sat,Postcode Millions,NR8 6AB,Norwich,
2024-08-03,Sat,Millionaire Street,BN6 8JZ,Hassocks,408990
2024-08-02,Fri,Daily,WV2 3DG,Wolverhampton,1000
2024-08-02,Fri,Daily,WV16 6LN,Bridgnorth,1000
2024-08-02,Fri,Daily,TR11 4LW,Falmouth,1000
2024-08-02,Fri,Daily,RM17 6PJ,Grays,1000
2024-08-02,Fri,Daily,PR9 9SS,Southport,1000
2024-08-02,Fri,Daily,PE20 1SD,Boston,1000
2024-08-02,Fri,Daily,PE14 0AG,Wisbech,1000
2024-08-02,Fri,Daily,OX16 9HF,Banbury,1000
2024-08-02,Fri,Daily,NG5 3BN,Nottingham,1000
2024-08-02,Fri,Daily,NG33 4LT,Grantham,1000
2024-08-02,Fri,Daily,ME2 4XJ,Rochester,1000
2024-08-02,Fri,Daily,HU12 8DQ,Hull,1000
2024-08-02,Fri,Daily,HP15 7PY,High Wycombe,1000
2024-08-02,Fri,Daily,GU52 6JL,Fleet,1000
2024-08-02,Fri,Daily,DE72 3TL,Derby,1000
2024-08-02,Fri,Daily,CW8 4GD,Northwich,1000
2024-08-02,Fri,Daily,CV22 7YP,Rugby,1000
2024-08-02,Fri,Daily,CH5 3GY,Deeside,1000
2024-08-02,Fri,Daily,CH3 5ST,Chester,1000
2024-08-02,Fri,Daily,B97 5XS,Redditch,1000
2024-08-01,Thu,Daily,WS14 9SJ,Lichfield,1000
2024-08-01,Thu,Daily,TR13 0QL,Helston,1000
2024-08-01,Thu,Daily,TN9 2NN,Tonbridge,1000
2024-08-01,Thu,Daily,PO30 1XZ,Newport,1000
2024-08-01,Thu,Daily,PO12 4HU,Gosport,1000
2024-08-01,Thu,Daily,PE16 6XL,Chatteris,1000
2024-08-01,Thu,Daily,PA4 8HP,Renfrew,1000
2024-08-01,Thu,Daily,NR33 8GE,Lowestoft,1000
2024-08-01,Thu,Daily,NG7 7AE,Nottingham,1000
2024-08-01,Thu,Daily,N17 6DB,London,1000
2024-08-01,Thu,Daily,L37 6DG,Liverpool,1000
2024-08-01,Thu,Daily,GL16 8LS,Coleford,1000
2024-08-01,Thu,Daily,G61 3SS,Glasgow,1000
2024-08-01,Thu,Daily,EN1 4LH,Enfield,1000
2024-08-01,Thu,Daily,EH23 4FT,Gorebridge,1000
2024-08-01,Thu,Daily,CH61 5UN,Wirral,1000
2024-08-01,Thu,Daily,CA8 9AJ,Carlisle,1000
2024-08-01,Thu,Daily,BS35 1HN,Bristol,1000
2024-08-01,Thu,Daily,B42 2NH,Birmingham,1000
2024-08-01,Thu,Daily,AL6 9NL,Welwyn,1000
2024-07-31,Wed,Daily,TA8 2BZ,Burnham-on-Sea,1000
2024-07-31,Wed,Daily,SN12 6TW,Melksham,1000
2024-07-31,Wed,Daily,SK8 7LZ,Cheadle,1000
2024-07-31,Wed,Daily,RG27 9NN,Hook,1000
2024-07-31,Wed,Daily,NN3 3EJ,Northampton,1000
2024-07-31,Wed,Daily,N10 1DY,London,1000
2024-07-31,Wed,Daily,MK12 6JR,Milton Keynes,1000
2024-07-31,Wed,Daily,IP9 1DX,Ipswich,1000
2024-07-31,Wed,Daily,HP21 7HL,Aylesbury,1000
2024-07-31,Wed,Daily,GU52 7LL,Fleet,1000
2024-07-31,Wed,Daily,G71 8RF,Glasgow,1000
2024-07-31,Wed,Daily,G52 3DF,Glasgow,1000
2024-07-31,Wed,Daily,EX31 3PB,Barnstaple,1000
2024-07-31,Wed,Daily,EH9 2NR,Edinburgh,1000
2024-07-31,Wed,Daily,DE24 8LN,Derby,1000
2024-07-31,Wed,Daily,CR3 0BA,Whyteleafe,1000
2024-07-31,Wed,Daily,CO7 7DZ,Colchester,1000
2024-07-31,Wed,Daily,CF62 7EZ,Barry,1000
2024-07-31,Wed,Daily,BN17 7SL,Littlehampton,1000
2024-07-31,Wed,Daily,BD19 4TL,Cleckheaton,1000
2024-07-30,Tue,Daily,WS9 9DT,Walsall,1000
2024-07-30,Tue,Daily,WA6 7NS,Warrington,1000
2024-07-30,Tue,Daily,TQ2 5HU,Torquay,1000
2024-07-30,Tue,Daily,TN10 3DB,Tonbridge,1000
2024-07-30,Tue,Daily,TA10 9ES,Langport,1000
2024-07-30,Tue,Daily,SO15 3JB,Southampton,1000
2024-07-30,Tue,Daily,S44 6LN,Chesterfield,1000
2024-07-30,Tue,Daily,PO5 3DY,Southsea,1000
2024-07-30,Tue,Daily,PO1 5DT,Portsmouth,1000
2024-07-30,Tue,Daily,NP4 7NR,Pontypool,1000
2024-07-30,Tue,Daily,LS17 8UH,Leeds,1000
2024-07-30,Tue,Daily,LA3 1JQ,Morecambe,1000
2024-07-30,Tue,Daily,KA26 9RN,Girvan,1000
2024-07-30,Tue,Daily,G84 8LJ,Helensburgh,1000
2024-07-30,Tue,Daily,FY1 6JS,Blackpool,1000
2024-07-30,Tue,Daily,EH40 3DY,East Linton,1000
2024-07-30,Tue,Daily,EH3 9DX,Edinburgh,1000
2024-07-30,Tue,Daily,DY12 1BH,Bewdley,1000
2024-07-30,Tue,Daily,DA12 4JF,Gravesend,1000
2024-07-30,Tue,Daily,BN1 8PZ,Brighton,1000
2024-07-29,Mon,Daily,UB10 8QA,Uxbridge,1000
2024-07-29,Mon,Daily,TD5 7QG,Kelso,1000
2024-07-29,Mon,Daily,ST10 1SN,Stoke-on-Trent,1000
2024-07-29,Mon,Daily,SR3 2ZE,Sunderland,1000
2024-07-29,Mon,Daily,SA63 4RY,Clarbeston Road,1000
2024-07-29,Mon,Daily,M9 8NR,Manchester,1000
2024-07-29,Mon,Daily,M45 8JH,Manchester,1000
2024-07-29,Mon,Daily,LL16 4AE,Denbigh,1000
2024-07-29,Mon,Daily,LE17 6LY,Lutterworth,1000
2024-07-29,Mon,Daily,KT22 8TW,Leatherhead,1000
2024-07-29,Mon,Daily,IP25 6NQ,Thetford,1000
2024-07-29,Mon,Daily,GU2 7TP,Guildford,1000
2024-07-29,Mon,Daily,G66 7BD,Glasgow,1000
2024-07-29,Mon,Daily,G52 2QH,Glasgow,1000
2024-07-29,Mon,Daily,E14 9UE,London,1000
2024-07-29,Mon,Daily,DN21 2PA,Gainsborough,1000
2024-07-29,Mon,Daily,CV5 6JZ,Coventry,1000
2024-07-29,Mon,Daily,BD10 8BQ,Bradford,1000
2024-07-29,Mon,Daily,B79 7DT,Tamworth,1000
2024-07-29,Mon,Daily,B65 9HT,Rowley Regis,1000
2024-07-28,Sun,Street Prize,SW15 5HT,London,30000
2024-07-27,Sat,Millionaire Street,L21 8PG,Liverpool,250000
2024-07-26,Fri,Daily,WS15 2SE,Rugeley,1000
2024-07-26,Fri,Daily,TQ13 8FS,Newton Abbot,1000
2024-07-26,Fri,Daily,ST4 5BT,Stoke-on-Trent,1000
2024-07-26,Fri,Daily,SS2 6UA,Southend-on-Sea,1000
2024-07-26,Fri,Daily,SN25 2DT,Swindon,1000
2024-07-26,Fri,Daily,S81 8FP,Worksop,1000
2024-07-26,Fri,Daily,S73 9BG,Barnsley,1000
2024-07-26,Fri,Daily,RM17 6AU,Grays,1000
2024-07-26,Fri,Daily,PO4 9AJ,Southsea,1000
2024-07-26,Fri,Daily,PL21 9FZ,Ivybridge,1000
2024-07-26,Fri,Daily,PA7 5JL,Bishopton,1000
2024-07-26,Fri,Daily,NW3 2EY,London,1000
2024-07-26,Fri,Daily,NR19 1SE,Dereham,1000
2024-07-26,Fri,Daily,NG15 8HR,Nottingham,1000
2024-07-26,Fri,Daily,HD9 4HG,Holmfirth,1000
2024-07-26,Fri,Daily,HD3 3JJ,Huddersfield,1000
2024-07-26,Fri,Daily,DL2 2ZE,Darlington,1000
2024-07-26,Fri,Daily,CH49 9BX,Wirral,1000
2024-07-26,Fri,Daily,BN20 7AT,Eastbourne,1000
2024-07-26,Fri,Daily,B69 3JT,Oldbury,1000
2024-07-25,Thu,Daily,TA7 8BL,Bridgwater,1000
2024-07-25,Thu,Daily,SA6 7QQ,Swansea,1000
2024-07-25,Thu,Daily,S43 1NQ,Chesterfield,1000
2024-07-25,Thu,Daily,NE61 1HD,Morpeth,1000
2024-07-25,Thu,Daily,LL11 4SB,Wrexham,1000
2024-07-25,Thu,Daily,LE3 9PA,Leicester,1000
2024-07-25,Thu,Daily,KY12 8UH,Dunfermline,1000
2024-07-25,Thu,Daily,KT19 8GT,Epsom,1000
2024-07-25,Thu,Daily,KT13 8RF,Weybridge,1000
2024-07-25,Thu,Daily,KA13 6BE,Kilwinning,1000
2024-07-25,Thu,Daily,GU6 8LY,Cranleigh,1000
2024-07-25,Thu,Daily,EH42 1QT,Dunbar,1000
2024-07-25,Thu,Daily,EH14 1SF,Edinburgh,1000
2024-07-25,Thu,Daily,DT4 0QS,Weymouth,1000
2024-07-25,Thu,Daily,DT3 4LX,Weymouth,1000
2024-07-25,Thu,Daily,DE23 1QW,Derby,1000
2024-07-25,Thu,Daily,CW9 6ND,Northwich,1000
2024-07-25,Thu,Daily,CH5 3PU,Deeside,1000
2024-07-25,Thu,Daily,BD2 2LE,Bradford,1000
2024-07-25,Thu,Daily,BB12 6EP,Burnley,1000
2024-07-24,Wed,Daily,YO24 4JT,York,1000
2024-07-24,Wed,Daily,SO50 6BG,Eastleigh,1000
2024-07-24,Wed,Daily,SO30 3HN,Southampton,1000
2024-07-24,Wed,Daily,SN15 4LL,Chippenham,1000
2024-07-24,Wed,Daily,RH19 3QJ,East Grinstead,1000
2024-07-24,Wed,Daily,PR8 6QH,Southport,1000
2024-07-24,Wed,Daily,PR7 6BE,Chorley,1000
2024-07-24,Wed,Daily,PL27 6RH,Wadebridge,1000
2024-07-24,Wed,Daily,NN13 7DD,Brackley,1000
2024-07-24,Wed,Daily,NE61 1TG,Morpeth,1000
2024-07-24,Wed,Daily,M29 7EF,Manchester,1000
2024-07-24,Wed,Daily,LL22 9LJ,Abergele,1000
2024-07-24,Wed,Daily,LE4 1BP,Leicester,1000
2024-07-24,Wed,Daily,IV2 5HN,Inverness,1000
2024-07-24,Wed,Daily,FK4 1EF,Bonnybridge,1000
2024-07-24,Wed,Daily,EX39 5EA,Bideford,1000
2024-07-24,Wed,Daily,EX2 8TR,Exeter,1000
2024-07-24,Wed,Daily,CW7 2BZ,Winsford,1000
2024-07-24,Wed,Daily,CW2 5JP,Crewe,1000
2024-07-24,Wed,Daily,CW12 3FB,Congleton,1000
2024-07-23,Tue,Daily,WN8 7PG,Wigan,1000
2024-07-23,Tue,Daily,WD7 9EU,Radlett,1000
2024-07-23,Tue,Daily,WA9 3HF,St Helens,1000
2024-07-23,Tue,Daily,SO40 2GR,Southampton,1000
2024-07-23,Tue,Daily,PR7 1TX,Chorley,1000
2024-07-23,Tue,Daily,MK44 1SD,Bedford,1000
2024-07-23,Tue,Daily,MK43 0PS,Bedford,1000
2024-07-23,Tue,Daily,MK40 4RU,Bedford,1000
2024-07-23,Tue,Daily,L30 2RD,Bootle,1000
2024-07-23,Tue,Daily,KY2 6JZ,Kirkcaldy,1000
2024-07-23,Tue,Daily,IV2 3QH,Inverness,1000
2024-07-23,Tue,Daily,HP12 4LZ,High Wycombe,1000
2024-07-23,Tue,Daily,GU9 9JT,Farnham,1000
2024-07-23,Tue,Daily,FY4 1SG,Blackpool,1000
2024-07-23,Tue,Daily,FK2 8SN,Falkirk,1000
2024-07-23,Tue,Daily,DT2 0LX,Dorchester,1000
2024-07-23,Tue,Daily,DA5 1BX,Bexley,1000
2024-07-23,Tue,Daily,CH61 1AU,Wirral,1000
2024-07-23,Tue,Daily,B79 7EQ,Tamworth,1000
2024-07-23,Tue,Daily,AB51 5SJ,Inverurie,1000
2024-07-22,Mon,Daily,WF13 3QY,Dewsbury,1000
2024-07-22,Mon,Daily,WA11 8RA,St Helens,1000
2024-07-22,Mon,Daily,TW10 7NU,Richmond,1000
2024-07-22,Mon,Daily,TS26 0FJ,Hartlepool,1000
2024-07-22,Mon,Daily,SM7 3NN,Banstead,1000
2024-07-22,Mon,Daily,PR1 4YR,Preston,1000
2024-07-22,Mon,Daily,PL24 2DD,Par,1000
2024-07-22,Mon,Daily,PE9 1ER,Stamford,1000
2024-07-22,Mon,Daily,NG2 4AU,Nottingham,1000
2024-07-22,Mon,Daily,LN6 7HF,Lincoln,1000
2024-07-22,Mon,Daily,LA3 1BQ,Morecambe,1000
2024-07-22,Mon,Daily,L23 7YH,Liverpool,1000
2024-07-22,Mon,Daily,KY1 1SY,Kirkcaldy,1000
2024-07-22,Mon,Daily,KY1 1PJ,Kirkcaldy,1000
2024-07-22,Mon,Daily,IP31 3PA,Bury St Edmunds,1000
2024-07-22,Mon,Daily,GU1 2JZ,Guildford,1000
2024-07-22,Mon,Daily,DH2 2SD,Chester le Street,1000
2024-07-22,Mon,Daily,CO7 8FH,Colchester,1000
2024-07-22,Mon,Daily,CF48 3RT,Merthyr Tydfil,1000
2024-07-22,Mon,Daily,CF23 9AZ,Cardiff,1000
2024-07-21,Sun,Street Prize,DT2 9WA,Dorchester,30000
2024-07-20,Sat,Millionaire Street,DA1 4LR,Dartford,250000
2024-07-19,Fri,Daily,WD17 4PL,Watford,1000
2024-07-19,Fri,Daily,SY15 6SG,Montgomery,1000
2024-07-19,Fri,Daily,ST18 0UB,Stafford,1000
2024-07-19,Fri,Daily,SE14 6QQ,London,1000
2024-07-19,Fri,Daily,PE9 3AX,Stamford,1000
2024-07-19,Fri,Daily,OX10 6LB,Wallingford,1000
2024-07-19,Fri,Daily,NG5 3HX,Nottingham,1000
2024-07-19,Fri,Daily,NE28 8LN,Wallsend,1000
2024-07-19,Fri,Daily,ML12 6DZ,Biggar,1000
2024-07-19,Fri,Daily,LL48 6SN,Caernarfon,1000
2024-07-19,Fri,Daily,L18 7JF,Liverpool,1000
2024-07-19,Fri,Daily,HP3 9LJ,Hemel Hempstead,1000
2024-07-19,Fri,Daily,G43 1AY,Glasgow,1000
2024-07-19,Fri,Daily,EH55 8QP,Livingston,1000
2024-07-19,Fri,Daily,DN14 9HA,Goole,1000
2024-07-19,Fri,Daily,DH8 0RA,Consett,1000
2024-07-19,Fri,Daily,DA7 6HA,Bexleyheath,1000
2024-07-19,Fri,Daily,CR7 7EA,Thornton Heath,1000
2024-07-19,Fri,Daily,CH62 8JG,Wirral,1000
2024-07-19,Fri,Daily,B14 4JQ,Birmingham,1000
2024-07-18,Thu,Daily,WS13 6QF,Lichfield,1000
2024-07-18,Thu,Daily,TD15 2XP,Berwick-upon-Tweed,1000
2024-07-18,Thu,Daily,SK17 6XA,Buxton,1000
2024-07-18,Thu,Daily,SK1 2NF,Stockport,1000
2024-07-18,Thu,Daily,RG1 7BQ,Reading,1000
2024-07-18,Thu,Daily,PE6 9PZ,Peterborough,1000
2024-07-18,Thu,Daily,NW11 8LD,London,1000
2024-07-18,Thu,Daily,NE8 3NX,Gateshead,1000
2024-07-18,Thu,Daily,LU6 1LA,Dunstable,1000
2024-07-18,Thu,Daily,LL65 1AN,Holyhead,1000
2024-07-18,Thu,Daily,DY1 3SP,Dudley,1000
2024-07-18,Thu,Daily,DE4 2JJ,Matlock,1000
2024-07-18,Thu,Daily,CW7 2BH,Winsford,1000
2024-07-18,Thu,Daily,CF48 3RL,Merthyr Tydfil,1000
2024-07-18,Thu,Daily,CF31 3AP,Bridgend,1000
2024-07-18,Thu,Daily,CB9 7LL,Haverhill,1000
2024-07-18,Thu,Daily,BH9 3BQ,Bournemouth,1000
2024-07-18,Thu,Daily,BH15 1JN,Poole,1000
2024-07-18,Thu,Daily,BB6 7QF,Blackburn,1000
2024-07-18,Thu,Daily,AB56 5AA,Buckie,1000
2024-07-17,Wed,Daily,WN2 4XB,Wigan,1000
2024-07-17,Wed,Daily,SK6 2NN,Stockport,1000
2024-07-17,Wed,Daily,RM6 6UJ,Romford,1000
2024-07-17,Wed,Daily,NP22 4JD,Tredegar,1000
2024-07-17,Wed,Daily,NG8 6HJ,Nottingham,1000
2024-07-17,Wed,Daily,NE30 3DP,North Shields,1000
2024-07-17,Wed,Daily,LS16 7BD,Leeds,1000
2024-07-17,Wed,Daily,LL14 5LW,Wrexham,1000
2024-07-17,Wed,Daily,IG3 8PE,Ilford,1000
2024-07-17,Wed,Daily,HU15 1DH,Brough,1000
2024-07-17,Wed,Daily,HP18 0NB,Aylesbury,1000
2024-07-17,Wed,Daily,GU51 2UP,Fleet,1000
2024-07-17,Wed,Daily,G66 1DT,Glasgow,1000
2024-07-17,Wed,Daily,DE24 0UD,Derby,1000
2024-07-17,Wed,Daily,DE13 9SA,Burton upon Trent,1000
2024-07-17,Wed,Daily,CV37 6SX,Stratford upon Avon,1000
2024-07-17,Wed,Daily,CM16 6HX,Epping,1000
2024-07-17,Wed,Daily,CM12 0NG,Billericay,1000
2024-07-17,Wed,Daily,BS34 7NQ,Bristol,1000
2024-07-17,Wed,Daily,BN14 7JL,Worthing,1000
2024-07-16,Tue,Daily,UB5 4HB,Northolt,1000
2024-07-16,Tue,Daily,SO41 0RH,Lymington,1000
2024-07-16,Tue,Daily,S63 9GW,Rotherham,1000
2024-07-16,Tue,Daily,S35 2EW,Sheffield,1000
2024-07-16,Tue,Daily,OL11 2WF,Rochdale,1000
2024-07-16,Tue,Daily,NW2 6TE,London,1000
2024-07-16,Tue,Daily,LN6 9QH,Lincoln,1000
2024-07-16,Tue,Daily,LL55 2PQ,Caernarfon,1000
2024-07-16,Tue,Daily,LA18 5AH,Millom,1000
2024-07-16,Tue,Daily,G14 0NA,Glasgow,1000
2024-07-16,Tue,Daily,EH18 1DA,Lasswade,1000
2024-07-16,Tue,Daily,DN35 7EU,Cleethorpes,1000
2024-07-16,Tue,Daily,DL3 8JT,Darlington,1000
2024-07-16,Tue,Daily,DH9 9ET,Stanley,1000
2024-07-16,Tue,Daily,CF63 2PA,Barry,1000
2024-07-16,Tue,Daily,CF32 7RD,Bridgend,1000
2024-07-16,Tue,Daily,CF14 6LN,Cardiff,1000
2024-07-16,Tue,Daily,BN3 4GS,Hove,1000
2024-07-16,Tue,Daily,BN10 7JP,Peacehaven,1000
2024-07-16,Tue,Daily,B19 2RA,Birmingham,1000
2024-07-15,Mon,Daily,SY8 1UQ,Ludlow,1000
2024-07-15,Mon,Daily,SN12 6WS,Melksham,1000
2024-07-15,Mon,Daily,SA18 1TN,Ammanford,1000
2024-07-15,Mon,Daily,S45 8HH,Chesterfield,1000
2024-07-15,Mon,Daily,S18 7WZ,Dronfield,1000
2024-07-15,Mon,Daily,PR25 3DT,Leyland,1000
2024-07-15,Mon,Daily,PR1 1NN,Preston,1000
2024-07-15,Mon,Daily,PE4 7EW,Peterborough,1000
2024-07-15,Mon,Daily,OL12 7GD,Rochdale,1000
2024-07-15,Mon,Daily,LE9 7RH,Leicester,1000
2024-07-15,Mon,Daily,IG10 3BD,Loughton,1000
2024-07-15,Mon,Daily,DH7 9RP,Durham,1000
2024-07-15,Mon,Daily,DE23 6DJ,Derby,1000
2024-07-15,Mon,Daily,CW11 2TX,Sandbach,1000
2024-07-15,Mon,Daily,CV37 0DF,Stratford upon Avon,1000
2024-07-15,Mon,Daily,CF64 4PZ,Dinas Powys,1000
2024-07-15,Mon,Daily,BN22 0PQ,Eastbourne,1000
2024-07-15,Mon,Daily,BN13 2UD,Worthing,1000
2024-07-15,Mon,Daily,B31 5FJ,Birmingham,1000
2024-07-15,Mon,Daily,AL3 4QD,St Albans,1000
2024-07-14,Sun,Street Prize,PR9 0SF,Southport,30000
2024-07-13,Sat,Millionaire Street,G32 8AJ,Glasgow,408990
2024-07-12,Fri,Daily,WS7 9LN,Burntwood,1000
2024-07-12,Fri,Daily,WR14 3PY,Great Malvern,1000
2024-07-12,Fri,Daily,TN6 1UN,Crowborough,1000
2024-07-12,Fri,Daily,TD15 2PN,Berwick-upon-Tweed,1000
2024-07-12,Fri,Daily,ST20 0QA,Stafford,1000
2024-07-12,Fri,Daily,SS8 7QN,Canvey Island,1000
2024-07-12,Fri,Daily,SO30 0FU,Southampton,1000
2024-07-12,Fri,Daily,SG2 9BU,Stevenage,1000
2024-07-12,Fri,Daily,SE25 6NR,London,1000
2024-07-12,Fri,Daily,PO2 9PT,Portsmouth,1000
2024-07-12,Fri,Daily,OL15 8DT,Littleborough,1000
2024-07-12,Fri,Daily,M33 6JU,Sale,1000
2024-07-12,Fri,Daily,M28 0HY,Manchester,1000
2024-07-12,Fri,Daily,M20 5GG,Manchester,1000
2024-07-12,Fri,Daily,LL18 3LR,Rhyl,1000
2024-07-12,Fri,Daily,IV54 8YD,Strathcarron,1000
2024-07-12,Fri,Daily,EH35 5JH,Tranent,1000
2024-07-12,Fri,Daily,DE56 2FR,Belper,1000
2024-07-12,Fri,Daily,CM8 1NS,Witham,1000
2024-07-12,Fri,Daily,AB41 7PL,Ellon,1000
2024-07-11,Thu,Daily,TQ14 8ED,Teignmouth,1000
2024-07-11,Thu,Daily,TN14 7RE,Sevenoaks,1000
2024-07-11,Thu,Daily,SN3 5BB,Swindon,1000
2024-07-11,Thu,Daily,SG13 7SX,Hertford,1000
2024-07-11,Thu,Daily,SE9 3DG,London,1000
2024-07-11,Thu,Daily,SA3 5LJ,Swansea,1000
2024-07-11,Thu,Daily,SA13 3PY,Port Talbot,1000
2024-07-11,Thu,Daily,SA12 7EH,Port Talbot,1000
2024-07-11,Thu,Daily,RG26 4QF,Tadley,1000
2024-07-11,Thu,Daily,RG14 2PG,Newbury,1000
2024-07-11,Thu,Daily,PO7 4QP,Waterlooville,1000
2024-07-11,Thu,Daily,PO6 2QG,Portsmouth,1000
2024-07-11,Thu,Daily,NW6 1EZ,London,1000
2024-07-11,Thu,Daily,LL33 0AE,Llanfairfechan,1000
2024-07-11,Thu,Daily,KA8 8BB,Ayr,1000
2024-07-11,Thu,Daily,EH48 1DD,Bathgate,1000
2024-07-11,Thu,Daily,CW8 2YG,Northwich,1000
2024-07-11,Thu,Daily,CT14 9DJ,Deal,1000
2024-07-11,Thu,Daily,BS31 2SL,Bristol,1000
2024-07-11,Thu,Daily,BL3 1JU,Bolton,1000
2024-07-10,Wed,Daily,TN16 3YE,Westerham,1000
2024-07-10,Wed,Daily,SW17 8LD,London,1000
2024-07-10,Wed,Daily,SW15 4AH,London,1000
2024-07-10,Wed,Daily,ST3 6BA,Stoke-on-Trent,1000
2024-07-10,Wed,Daily,SS2 6JU,Southend-on-Sea,1000
2024-07-10,Wed,Daily,SL2 4LE,Slough,1000
2024-07-10,Wed,Daily,PH2 6AT,Perth,1000
2024-07-10,Wed,Daily,NW2 4JH,London,1000
2024-07-10,Wed,Daily,NP44 4RG,Cwmbran,1000
2024-07-10,Wed,Daily,KY1 2PT,Kirkcaldy,1000
2024-07-10,Wed,Daily,KT12 3RJ,Walton-on-Thames,1000
2024-07-10,Wed,Daily,IV9 8QP,Avoch,1000
2024-07-10,Wed,Daily,GL52 8TA,Cheltenham,1000
2024-07-10,Wed,Daily,GL52 5GP,Cheltenham,1000
2024-07-10,Wed,Daily,FY5 2RF,Thornton Cleveleys,1000
2024-07-10,Wed,Daily,DY4 9TG,Tipton,1000
2024-07-10,Wed,Daily,CV23 0DY,Rugby,1000
2024-07-10,Wed,Daily,CR4 2EA,Mitcham,1000
2024-07-10,Wed,Daily,CF39 8NP,Porth,1000
2024-07-10,Wed,Daily,CA15 7AB,Maryport,1000
2024-07-09,Tue,Daily,WA3 4NF,Warrington,1000
2024-07-09,Tue,Daily,TS14 6EU,Guisborough,1000
2024-07-09,Tue,Daily,SY6 6PQ,Church Stretton,1000
2024-07-09,Tue,Daily,SW18 1EB,London,1000
2024-07-09,Tue,Daily,S63 8LN,Rotherham,1000
2024-07-09,Tue,Daily,S2 5PE,Sheffield,1000
2024-07-09,Tue,Daily,RG18 9HY,Thatcham,1000
2024-07-09,Tue,Daily,PO14 1AX,Fareham,1000
2024-07-09,Tue,Daily,NG16 3LD,Nottingham,1000
2024-07-09,Tue,Daily,L25 0PH,Liverpool,1000
2024-07-09,Tue,Daily,KA30 9HZ,Largs,1000
2024-07-09,Tue,Daily,HU8 9LY,Hull,1000
2024-07-09,Tue,Daily,HU16 5UJ,Cottingham,1000
2024-07-09,Tue,Daily,HU11 5DU,Hull,1000
2024-07-09,Tue,Daily,EX13 5QX,Axminster,1000
2024-07-09,Tue,Daily,DT3 5RL,Weymouth,1000
2024-07-09,Tue,Daily,DA7 5JH,Bexleyheath,1000
2024-07-09,Tue,Daily,CV6 7HW,Coventry,1000
2024-07-09,Tue,Daily,BS11 0RH,Bristol,1000
2024-07-09,Tue,Daily,BB12 6HL,Burnley,1000
2024-07-08,Mon,Daily,SO30 3JZ,Southampton,1000
2024-07-08,Mon,Daily,SN1 2QT,Swindon,1000
2024-07-08,Mon,Daily,OL6 9HZ,Ashton-under-Lyne,1000
2024-07-08,Mon,Daily,NR5 9BE,Norwich,1000
2024-07-08,Mon,Daily,NR25 6SU,Holt,1000
2024-07-08,Mon,Daily,LN11 7PZ,Louth,1000
2024-07-08,Mon,Daily,LL55 4SD,Caernarfon,1000
2024-07-08,Mon,Daily,LD8 2TD,Presteigne,1000
2024-07-08,Mon,Daily,KY7 6TP,Glenrothes,1000
2024-07-08,Mon,Daily,IP31 3NR,Bury St Edmunds,1000
2024-07-08,Mon,Daily,HU4 6XT,Hull,1000
2024-07-08,Mon,Daily,FK6 6AQ,Denny,1000
2024-07-08,Mon,Daily,EX2 4PU,Exeter,1000
2024-07-08,Mon,Daily,E13 0PT,London,1000
2024-07-08,Mon,Daily,CV35 8AY,Warwick,1000
2024-07-08,Mon,Daily,CM6 2DX,Dunmow,1000
2024-07-08,Mon,Daily,BN1 2HF,Brighton,1000
2024-07-08,Mon,Daily,BH6 5NE,Bournemouth,1000
2024-07-08,Mon,Daily,BH31 6PQ,Verwood,1000
2024-07-08,Mon,Daily,B98 7YN,Redditch,1000
2024-07-07,Sun,Street Prize,DN11 9ED,Doncaster,30000
2024-07-06,Sat,Millionaire Street,WD6 2SL,Borehamwood,125000
2024-07-05,Fri,Daily,WD7 8JH,Radlett,1000
2024-07-05,Fri,Daily,WA6 7NN,Warrington,1000
2024-07-05,Fri,Daily,TA20 3LF,Chard,1000
2024-07-05,Fri,Daily,SS9 3QE,Leigh-on-Sea,1000
2024-07-05,Fri,Daily,SN25 2JR,Swindon,1000
2024-07-05,Fri,Daily,SG17 5YU,Shefford,1000
2024-07-05,Fri,Daily,S62 7TW,Rotherham,1000
2024-07-05,Fri,Daily,PO21 2JE,Bognor Regis,1000
2024-07-05,Fri,Daily,OX26 2BL,Bicester,1000
2024-07-05,Fri,Daily,NE64 6SR,Newbiggin by the Sea,1000
2024-07-05,Fri,Daily,LE2 3WB,Leicester,1000
2024-07-05,Fri,Daily,L36 2LX,Liverpool,1000
2024-07-05,Fri,Daily,L21 1DS,Liverpool,1000
2024-07-05,Fri,Daily,GU15 2AF,Camberley,1000
2024-07-05,Fri,Daily,GL2 9JP,Gloucester,1000
2024-07-05,Fri,Daily,G42 7HA,Glasgow,1000
2024-07-05,Fri,Daily,DA11 9DW,Gravesend,1000
2024-07-05,Fri,Daily,CF23 9EG,Cardiff,1000
2024-07-05,Fri,Daily,BB1 1PH,Blackburn,1000
2024-07-05,Fri,Daily,B67 5QE,Smethwick,1000
2024-07-04,Thu,Daily,WV3 8EX,Wolverhampton,1000
2024-07-04,Thu,Daily,TR13 8LW,Helston,1000
2024-07-04,Thu,Daily,SR5 1DT,Sunderland,1000
2024-07-04,Thu,Daily,SG5 3TQ,Hitchin,1000
2024-07-04,Thu,Daily,SE15 2JE,London,1000
2024-07-04,Thu,Daily,PR4 1SB,Preston,1000
2024-07-04,Thu,Daily,PO16 7PZ,Fareham,1000
2024-07-04,Thu,Daily,ML9 3FW,Larkhall,1000
2024-07-04,Thu,Daily,M21 8EX,Manchester,1000
2024-07-04,Thu,Daily,M20 4NZ,Manchester,1000
2024-07-04,Thu,Daily,M16 0QT,Manchester,1000
2024-07-04,Thu,Daily,LE7 3DA,Leicester,1000
2024-07-04,Thu,Daily,KT11 2ND,Cobham,1000
2024-07-04,Thu,Daily,IP32 7QS,Bury St Edmunds,1000
2024-07-04,Thu,Daily,IP30 9PY,Bury St Edmunds,1000
2024-07-04,Thu,Daily,HA8 7RT,Edgware,1000
2024-07-04,Thu,Daily,G20 7JB,Glasgow,1000
2024-07-04,Thu,Daily,CV10 7EL,Nuneaton,1000
2024-07-04,Thu,Daily,CR7 7DE,Thornton Heath,1000
2024-07-04,Thu,Daily,CF39 9AD,Porth,1000
2024-07-03,Wed,Daily,WS13 6BF,Lichfield,1000
2024-07-03,Wed,Daily,TR19 6TT,Penzance,1000
2024-07-03,Wed,Daily,TA5 2BZ,Bridgwater,1000
2024-07-03,Wed,Daily,ST14 5LB,Uttoxeter,1000
2024-07-03,Wed,Daily,SO45 6EZ,Southampton,1000
2024-07-03,Wed,Daily,SL1 7NW,Slough,1000
2024-07-03,Wed,Daily,SA4 8RP,Swansea,1000
2024-07-03,Wed,Daily,PO12 2ND,Gosport,1000
2024-07-03,Wed,Daily,NE42 6JP,Prudhoe,1000
2024-07-03,Wed,Daily,LS13 3NS,Leeds,1000
2024-07-03,Wed,Daily,LN5 0PP,Lincoln,1000
2024-07-03,Wed,Daily,HP22 3AX,Aylesbury,1000
2024-07-03,Wed,Daily,HD4 6HN,Huddersfield,1000
2024-07-03,Wed,Daily,EX38 8LG,Torrington,1000
2024-07-03,Wed,Daily,EH20 9PS,Loanhead,1000
2024-07-03,Wed,Daily,CO2 8AL,Colchester,1000
2024-07-03,Wed,Daily,BS13 7NF,Bristol,1000
2024-07-03,Wed,Daily,BH4 8BG,Bournemouth,1000
2024-07-03,Wed,Daily,BH20 5AX,Wareham,1000
2024-07-03,Wed,Daily,B34 6DR,Birmingham,1000
2024-07-02,Tue,Daily,WR5 3FD,Worcester,1000
2024-07-02,Tue,Daily,TS5 8AY,Middlesbrough,1000
2024-07-02,Tue,Daily,TF6 6BN,Telford,1000
2024-07-02,Tue,Daily,SY21 0DR,Welshpool,1000
2024-07-02,Tue,Daily,SS13 3EN,Basildon,1000
2024-07-02,Tue,Daily,SA10 8SY,Neath,1000
2024-07-02,Tue,Daily,PA34 4JF,Oban,1000
2024-07-02,Tue,Daily,NE12 6BA,Newcastle upon Tyne,1000
2024-07-02,Tue,Daily,M28 1SN,Manchester,1000
2024-07-02,Tue,Daily,LL58 8PG,Beaumaris,1000
2024-07-02,Tue,Daily,LL11 4PB,Wrexham,1000
2024-07-02,Tue,Daily,LE12 8ZJ,Loughborough,1000
2024-07-02,Tue,Daily,IP30 9HB,Bury St Edmunds,1000
2024-07-02,Tue,Daily,HD7 5PD,Huddersfield,1000
2024-07-02,Tue,Daily,G44 4SH,Glasgow,1000
2024-07-02,Tue,Daily,E11 3PN,London,1000
2024-07-02,Tue,Daily,DL13 5NB,Bishop Auckland,1000
2024-07-02,Tue,Daily,DD7 7LL,Carnoustie,1000
2024-07-02,Tue,Daily,CF32 9RW,Bridgend,1000
2024-07-02,Tue,Daily,CB23 8TE,Cambridge,1000
2024-07-01,Mon,Daily,TR7 1RJ,Newquay,1000
2024-07-01,Mon,Daily,TD9 8TB,Hawick,1000
2024-07-01,Mon,Daily,ST6 4LN,Stoke-on-Trent,1000
2024-07-01,Mon,Daily,SK2 7HH,Stockport,1000
2024-07-01,Mon,Daily,RG12 7NU,Bracknell,1000
2024-07-01,Mon,Daily,PL30 4JL,Bodmin,1000
2024-07-01,Mon,Daily,PA17 5DX,Skelmorlie,1000
2024-07-01,Mon,Daily,NR16 2PQ,Norwich,1000
2024-07-01,Mon,Daily,FY7 7LR,Fleetwood,1000
2024-07-01,Mon,Daily,EX20 1ZG,Okehampton,1000
2024-07-01,Mon,Daily,EN1 2EW,Enfield,1000
2024-07-01,Mon,Daily,EH49 6LA,Linlithgow,1000
2024-07-01,Mon,Daily,DH2 1JZ,Chester le Street,1000
2024-07-01,Mon,Daily,DE56 1RR,Belper,1000
2024-07-01,Mon,Daily,DE5 3UB,Ripley,1000
2024-07-01,Mon,Daily,BS15 4AD,Bristol,1000
2024-07-01,Mon,Daily,BN41 2FZ,Brighton,1000
2024-07-01,Mon,Daily,BH25 7BW,New Milton,1000
2024-07-01,Mon,Daily,BD20 7PL,Keighley,1000
2024-07-01,Mon,Daily,B68 8RE,Oldbury,1000
2024-06-30,Sun,Street Prize,CV35 9RT,Warwick,30000
2024-06-29,Sat,Postcode Millions,BS3 5BA,Bristol,
2024-06-29,Sat,Millionaire Street,PE15 9LU,March,200000
2024-06-28,Fri,Daily,WA11 8EG,St Helens,1000
2024-06-28,Fri,Daily,UB5 4TL,Northolt,1000
2024-06-28,Fri,Daily,TN36 4AW,Winchelsea,1000
2024-06-28,Fri,Daily,TN27 8BA,Ashford,1000
2024-06-28,Fri,Daily,SO19 1RA,Southampton,1000
2024-06-28,Fri,Daily,PO7 6TY,Waterlooville,1000
2024-06-28,Fri,Daily,PO10 8NR,Emsworth,1000
2024-06-28,Fri,Daily,PE12 9UU,Spalding,1000
2024-06-28,Fri,Daily,OX15 4TR,Banbury,1000
2024-06-28,Fri,Daily,NR33 7EF,Lowestoft,1000
2024-06-28,Fri,Daily,NP4 8LN,Pontypool,1000
2024-06-28,Fri,Daily,NG2 4AG,Nottingham,1000
2024-06-28,Fri,Daily,NE12 5XL,Newcastle upon Tyne,1000
2024-06-28,Fri,Daily,LS6 4NP,Leeds,1000
2024-06-28,Fri,Daily,LL14 6TA,Wrexham,1000
2024-06-28,Fri,Daily,EN6 5NA,Potters Bar,1000
2024-06-28,Fri,Daily,CO13 9AT,Frinton-on-Sea,1000
2024-06-28,Fri,Daily,BN27 1TG,Hailsham,1000
2024-06-28,Fri,Daily,B67 5EZ,Birmingham,1000
2024-06-28,Fri,Daily,AB42 3HZ,Peterhead,1000
2024-06-27,Thu,Daily,TS23 2EQ,Billingham,1000
2024-06-27,Thu,Daily,TQ12 5BE,Newton Abbot,1000
2024-06-27,Thu,Daily,SY10 7JP,Oswestry,1000
2024-06-27,Thu,Daily,SW4 0BA,London,1000
2024-06-27,Thu,Daily,SW18 2AR,London,1000
2024-06-27,Thu,Daily,PO30 1BY,Newport,1000
2024-06-27,Thu,Daily,ME12 4NJ,Sheerness,1000
2024-06-27,Thu,Daily,M28 1ZQ,Manchester,1000
2024-06-27,Thu,Daily,LA2 0DH,Lancaster,1000
2024-06-27,Thu,Daily,HD9 3EQ,Holmfirth,1000
2024-06-27,Thu,Daily,GU32 3NR,Petersfield,1000
2024-06-27,Thu,Daily,EX4 9HN,Exeter,1000
2024-06-27,Thu,Daily,EH26 8BP,Penicuik,1000
2024-06-27,Thu,Daily,DY10 4ND,Kidderminster,1000
2024-06-27,Thu,Daily,DL3 8HP,Darlington,1000
2024-06-27,Thu,Daily,CR2 8AF,South Croydon,1000
2024-06-27,Thu,Daily,CF83 1DU,Caerphilly,1000
2024-06-27,Thu,Daily,BN21 3UU,Eastbourne,1000
2024-06-27,Thu,Daily,B70 6DR,West Bromwich,1000
2024-06-27,Thu,Daily,B69 1HE,Oldbury,1000
2024-06-26,Wed,Daily,WS10 7TA,Wednesbury,1000
2024-06-26,Wed,Daily,SY8 1XR,Ludlow,1000
2024-06-26,Wed,Daily,SN4 0BN,Swindon,1000
2024-06-26,Wed,Daily,RH13 5ST,Horsham,1000
2024-06-26,Wed,Daily,PE22 0TQ,Boston,1000
2024-06-26,Wed,Daily,MK43 8GP,Bedford,1000
2024-06-26,Wed,Daily,KY8 5TN,Leven,1000
2024-06-26,Wed,Daily,IV40 8PB,Kyle,1000
2024-06-26,Wed,Daily,IP19 8LL,Halesworth,1000
2024-06-26,Wed,Daily,HU18 1RT,Hornsea,1000
2024-06-26,Wed,Daily,HG1 2PL,Harrogate,1000
2024-06-26,Wed,Daily,DY2 0PN,Dudley,1000
2024-06-26,Wed,Daily,DN32 7BL,Grimsby,1000
2024-06-26,Wed,Daily,DH5 0GY,Houghton le Spring,1000
2024-06-26,Wed,Daily,DG2 8LS,Dumfries,1000
2024-06-26,Wed,Daily,CM12 9XB,Billericay,1000
2024-06-26,Wed,Daily,BS30 9SF,Bristol,1000
2024-06-26,Wed,Daily,BL9 0TA,Bury,1000
2024-06-26,Wed,Daily,B98 0AX,Redditch,1000
2024-06-26,Wed,Daily,B19 2JU,Birmingham,1000
2024-06-25,Tue,Daily,TS26 9LR,Hartlepool,1000
2024-06-25,Tue,Daily,TS26 8JP,Hartlepool,1000
2024-06-25,Tue,Daily,SY3 7RF,Shrewsbury,1000
2024-06-25,Tue,Daily,SL1 8HD,Slough,1000
2024-06-25,Tue,Daily,PH1 1PB,Perth,1000
2024-06-25,Tue,Daily,N14 4AG,London,1000
2024-06-25,Tue,Daily,LL11 4US,Wrexham,1000
2024-06-25,Tue,Daily,LA11 6JQ,Grange-over-Sands,1000
2024-06-25,Tue,Daily,HU17 9BT,Beverley,1000
2024-06-25,Tue,Daily,G76 7DQ,Glasgow,1000
2024-06-25,Tue,Daily,FY2 0XJ,Blackpool,1000
2024-06-25,Tue,Daily,FK4 1JU,Bonnybridge,1000
2024-06-25,Tue,Daily,DE23 1HZ,Derby,1000
2024-06-25,Tue,Daily,DE22 2JY,Derby,1000
2024-06-25,Tue,Daily,CR4 1BL,Mitcham,1000
2024-06-25,Tue,Daily,CO2 8BG,Colchester,1000
2024-06-25,Tue,Daily,BS30 5FW,Bristol,1000
2024-06-25,Tue,Daily,BS22 7DU,Weston-super-Mare,1000
2024-06-25,Tue,Daily,BL1 4PT,Bolton,1000
2024-06-25,Tue,Daily,BB10 1AD,Burnley,1000
2024-06-24,Mon,Daily,UB4 9HZ,Hayes,1000
2024-06-24,Mon,Daily,TA20 3QH,Chard,1000
2024-06-24,Mon,Daily,SR4 8NT,Sunderland,1000
2024-06-24,Mon,Daily,SA67 8JP,Narberth,1000
2024-06-24,Mon,Daily,PO12 1PL,Gosport,1000
2024-06-24,Mon,Daily,PL24 2FD,Par,1000
2024-06-24,Mon,Daily,PL15 7DE,Launceston,1000
2024-06-24,Mon,Daily,M27 8HN,Manchester,1000
2024-06-24,Mon,Daily,LS17 6LE,Leeds,1000
2024-06-24,Mon,Daily,L4 1QF,Liverpool,1000
2024-06-24,Mon,Daily,HX3 0AD,Halifax,1000
2024-06-24,Mon,Daily,HA2 0WG,Harrow,1000
2024-06-24,Mon,Daily,GU23 6EN,Woking,1000
2024-06-24,Mon,Daily,GU16 8PD,Camberley,1000
2024-06-24,Mon,Daily,GU12 6TY,Aldershot,1000
2024-06-24,Mon,Daily,GL7 1GJ,Cirencester,1000
2024-06-24,Mon,Daily,DL8 5LY,Bedale,1000
2024-06-24,Mon,Daily,CF33 6AF,Bridgend,1000
2024-06-24,Mon,Daily,BD17 6RR,Shipley,1000
2024-06-24,Mon,Daily,AB39 2GW,Stonehaven,1000
2024-06-23,Sun,Street Prize,ST15 8NX,Stone,30000
2024-06-22,Sat,Millionaire Street,RG9 4RZ,,410995
2024-06-22,Sat,Millionaire Street,RG9 4QZ,,410995
2024-06-22,Sat,Millionaire Street,RG9 4QT,,410995
2024-06-22,Sat,Millionaire Street,RG9 4QJ,,410995
2024-06-22,Sat,Millionaire Street,RG9 4QG,,410995
2024-06-22,Sat,Millionaire Street,RG9 4QF,,410995
2024-06-22,Sat,Millionaire Street,RG9 4PN,,410995
2024-06-22,Sat,Millionaire Street,RG9 4PB,,410995
2024-06-22,Sat,Millionaire Street,RG9 4NR,,410995
2024-06-22,Sat,Millionaire Street,RG9 4NL,,410995
2024-06-22,Sat,Millionaire Street,RG9 4NG,,410995
2024-06-22,Sat,Millionaire Street,RG9 4NF,,410995
2024-06-22,Sat,Millionaire Street,RG9 4NE,,410995
2024-06-22,Sat,Millionaire Street,RG9 4NA,,410995
2024-06-22,Sat,Millionaire Street,RG9 4LY,,410995
2024-06-22,Sat,Millionaire Street,RG9 4LX,,410995
2024-06-22,Sat,Millionaire Street,RG9 4LT,,410995
2024-06-22,Sat,Millionaire Street,RG9 4LS,,410995
2024-06-22,Sat,Millionaire Street,RG9 4JY,,410995
2024-06-22,Sat,Millionaire Street,RG9 4JX,,410995
2024-06-22,Sat,Millionaire Street,RG9 4JL,,410995
2024-06-22,Sat,Millionaire Street,RG9 4JE,,410995
2024-06-22,Sat,Millionaire Street,RG9 4HQ,,410995
2024-06-22,Sat,Millionaire Street,RG9 4HP,,410995
2024-06-22,Sat,Millionaire Street,RG9 4HH,,410995
2024-06-22,Sat,Millionaire Street,RG9 4HF,,410995
2024-06-22,Sat,Millionaire Street,RG9 4HE,,410995
2024-06-22,Sat,Millionaire Street,RG9 4EU,,410995
2024-06-22,Sat,Millionaire Street,RG9 4ET,,410995
2024-06-22,Sat,Millionaire Street,RG9 4EP,,410995
2024-06-22,Sat,Millionaire Street,RG9 4EN,,410995
2024-06-22,Sat,Millionaire Street,RG9 4EJ,,410995
2024-06-22,Sat,Millionaire Street,RG9 4EH,,410995
2024-06-22,Sat,Millionaire Street,RG9 4ED,,410995
2024-06-22,Sat,Millionaire Street,RG9 4DW,,410995
2024-06-22,Sat,Millionaire Street,RG9 4DP,,410995
2024-06-22,Sat,Millionaire Street,RG9 4DG,,410995
2024-06-22,Sat,Millionaire Street,RG9 4DD,,410995
2024-06-22,Sat,Millionaire Street,RG9 4BX,,410995
2024-06-22,Sat,Millionaire Street,RG9 4BU,,410995
2024-06-22,Sat,Millionaire Street,RG9 4BT,,410995
2024-06-22,Sat,Millionaire Street,RG9 4BS,,410995
2024-06-22,Sat,Millionaire Street,RG9 4BQ,,410995
2024-06-22,Sat,Millionaire Street,RG9 4BG,,410995
2024-06-22,Sat,Millionaire Street,RG9 4BF,,410995
2024-06-22,Sat,Millionaire Street,RG9 4BD,,410995
2024-06-22,Sat,Millionaire Street,RG9 4AY,,410995
2024-06-21,Fri,Daily,WD4 8BX,Kings Langley,1000
2024-06-21,Fri,Daily,ST15 0QZ,Stone,1000
2024-06-21,Fri,Daily,SG19 2UZ,Sandy,1000
2024-06-21,Fri,Daily,PO4 9TX,Southsea,1000
2024-06-21,Fri,Daily,PE19 6AF,St Neots,1000
2024-06-21,Fri,Daily,NG21 0TH,Mansfield,1000
2024-06-21,Fri,Daily,NE11 9EX,Gateshead,1000
2024-06-21,Fri,Daily,LS9 7LP,Leeds,1000
2024-06-21,Fri,Daily,HP2 5DD,Hemel Hempstead,1000
2024-06-21,Fri,Daily,G61 2BJ,Glasgow,1000
2024-06-21,Fri,Daily,EX35 6BJ,Lynton,1000
2024-06-21,Fri,Daily,EX31 2PH,Barnstaple,1000
2024-06-21,Fri,Daily,DN17 2PZ,Scunthorpe,1000
2024-06-21,Fri,Daily,DA8 3PY,Erith,1000
2024-06-21,Fri,Daily,CV37 7SN,Stratford upon Avon,1000
2024-06-21,Fri,Daily,CV12 0NP,Bedworth,1000
2024-06-21,Fri,Daily,CT11 8BN,Ramsgate,1000
2024-06-21,Fri,Daily,CM8 2PP,Witham,1000
2024-06-21,Fri,Daily,CM23 4BW,Bishop's Stortford,1000
2024-06-21,Fri,Daily,B67 7QX,Smethwick,1000
2024-06-20,Thu,Daily,WD6 3HZ,Borehamwood,1000
2024-06-20,Thu,Daily,TF3 1TL,Telford,1000
2024-06-20,Thu,Daily,TA4 4LS,Taunton,1000
2024-06-20,Thu,Daily,SY10 9PZ,Oswestry,1000
2024-06-20,Thu,Daily,SA18 2RN,Ammanford,1000
2024-06-20,Thu,Daily,S35 2YA,Sheffield,1000
2024-06-20,Thu,Daily,PL1 4FA,Plymouth,1000
2024-06-20,Thu,Daily,NR24 2JY,Melton Constable,1000
2024-06-20,Thu,Daily,NP26 3NE,Newport,1000
2024-06-20,Thu,Daily,LL14 5BY,Oswestry,1000
2024-06-20,Thu,Daily,HX2 9NJ,Halifax,1000
2024-06-20,Thu,Daily,GU30 7TL,Liphook,1000
2024-06-20,Thu,Daily,G32 6HW,Glasgow,1000
2024-06-20,Thu,Daily,G21 3LY,Glasgow,1000
2024-06-20,Thu,Daily,EX8 2PG,Exmouth,1000
2024-06-20,Thu,Daily,EX19 8BH,Winkleigh,1000
2024-06-20,Thu,Daily,DY8 2AE,Stourbridge,1000
2024-06-20,Thu,Daily,DN4 0TR,Doncaster,1000
2024-06-20,Thu,Daily,DE11 9BL,Swadlincote,1000
2024-06-20,Thu,Daily,CT5 2LE,Whitstable,1000
2024-06-19,Wed,Daily,WF3 3NJ,Wakefield,1000
2024-06-19,Wed,Daily,TN22 5DS,Uckfield,1000
2024-06-19,Wed,Daily,SR7 0AG,Seaham,1000
2024-06-19,Wed,Daily,S63 7ND,Rotherham,1000
2024-06-19,Wed,Daily,S13 8EL,Sheffield,1000
2024-06-19,Wed,Daily,S13 7DN,Sheffield,1000
2024-06-19,Wed,Daily,PO21 4LJ,Bognor Regis,1000
2024-06-19,Wed,Daily,M27 0FG,Manchester,1000
2024-06-19,Wed,Daily,LA12 8JE,Ulverston,1000
2024-06-19,Wed,Daily,EX32 9DN,Barnstaple,1000
2024-06-19,Wed,Daily,EH48 2RT,Bathgate,1000
2024-06-19,Wed,Daily,DL16 7BB,Spennymoor,1000
2024-06-19,Wed,Daily,DE4 3UF,Matlock,1000
2024-06-19,Wed,Daily,DA2 7AQ,Dartford,1000
2024-06-19,Wed,Daily,CF32 8DJ,Bridgend,1000
2024-06-19,Wed,Daily,CB23 6FP,Cambridge,1000
2024-06-19,Wed,Daily,CA10 3AL,Penrith,1000
2024-06-19,Wed,Daily,BL6 4HP,Bolton,1000
2024-06-19,Wed,Daily,BH21 3SR,Wimborne,1000
2024-06-19,Wed,Daily,BA7 7LE,Castle Cary,1000
2024-06-18,Tue,Daily,WS5 4PL,Walsall,1000
2024-06-18,Tue,Daily,WS3 2NX,Walsall,1000
2024-06-18,Tue,Daily,TD6 9FA,Melrose,1000
2024-06-18,Tue,Daily,SY4 5BD,Shrewsbury,1000
2024-06-18,Tue,Daily,ST5 8ES,Newcastle,1000
2024-06-18,Tue,Daily,ST18 0QS,Stafford,1000
2024-06-18,Tue,Daily,SA10 9NB,Neath,1000
2024-06-18,Tue,Daily,RM1 4NR,Romford,1000
2024-06-18,Tue,Daily,OX15 5TP,Banbury,1000
2024-06-18,Tue,Daily,OL12 0RQ,Rochdale,1000
2024-06-18,Tue,Daily,NE9 6PZ,Gateshead,1000
2024-06-18,Tue,Daily,NE66 5NG,Alnwick,1000
2024-06-18,Tue,Daily,ME17 1BS,Maidstone,1000
2024-06-18,Tue,Daily,KA10 6QJ,Troon,1000
2024-06-18,Tue,Daily,IP14 1SR,Stowmarket,1000
2024-06-18,Tue,Daily,HR5 3BE,Kington,1000
2024-06-18,Tue,Daily,GU34 4DN,Alton,1000
2024-06-18,Tue,Daily,EX39 1PE,Bideford,1000
2024-06-18,Tue,Daily,DH1 5DT,Durham,1000
2024-06-18,Tue,Daily,CO5 7SB,Colchester,1000
2024-06-17,Mon,Daily,WR14 1AX,Great Malvern,1000
2024-06-17,Mon,Daily,WA8 8WE,Widnes,1000
2024-06-17,Mon,Daily,TS1 2HT,Middlesbrough,1000
2024-06-17,Mon,Daily,TR4 8FU,Truro,1000
2024-06-17,Mon,Daily,ST5 4BQ,Newcastle,1000
2024-06-17,Mon,Daily,SO51 0DQ,Romsey,1000
2024-06-17,Mon,Daily,PO11 9TQ,Hayling Island,1000
2024-06-17,Mon,Daily,PL1 2NP,Plymouth,1000
2024-06-17,Mon,Daily,PE31 7RH,King's Lynn,1000
2024-06-17,Mon,Daily,ML11 7EH,Lanark,1000
2024-06-17,Mon,Daily,IG8 8GU,Woodford Green,1000
2024-06-17,Mon,Daily,HA3 7RA,Harrow,1000
2024-06-17,Mon,Daily,DE1 1LD,Derby,1000
2024-06-17,Mon,Daily,CV4 8EZ,Coventry,1000
2024-06-17,Mon,Daily,CT3 2LA,Canterbury,1000
2024-06-17,Mon,Daily,BN14 0EU,Worthing,1000
2024-06-17,Mon,Daily,BN11 5HB,Worthing,1000
2024-06-17,Mon,Daily,BH31 6TH,Verwood,1000
2024-06-17,Mon,Daily,BB9 9JF,Nelson,1000
2024-06-17,Mon,Daily,B33 9RR,Birmingham,1000
2024-06-16,Sun,Street Prize,CF83 2BE,Caerphilly,30000
2024-06-15,Sat,Millionaire Street,CT20 3NG,Folkestone,66666
2024-06-14,Fri,Daily,WV5 9ES,Wolverhampton,1000
2024-06-14,Fri,Daily,TS11 7EL,Redcar,1000
2024-06-14,Fri,Daily,SY11 2UL,Oswestry,1000
2024-06-14,Fri,Daily,ST18 9FB,Stafford,1000
2024-06-14,Fri,Daily,PR3 3BL,Preston,1000
2024-06-14,Fri,Daily,PL2 1LR,Plymouth,1000
2024-06-14,Fri,Daily,PE15 8DZ,March,1000
2024-06-14,Fri,Daily,NE30 4NE,North Shields,1000
2024-06-14,Fri,Daily,NE23 8JQ,Cramlington,1000
2024-06-14,Fri,Daily,M9 8PD,Manchester,1000
2024-06-14,Fri,Daily,LS14 5DW,Leeds,1000
2024-06-14,Fri,Daily,L32 9RP,Liverpool,1000
2024-06-14,Fri,Daily,HS8 5RE,Lochboisdale,1000
2024-06-14,Fri,Daily,DL2 1AU,Darlington,1000
2024-06-14,Fri,Daily,CV31 1EX,Leamington Spa,1000
2024-06-14,Fri,Daily,CM2 8HY,Chelmsford,1000
2024-06-14,Fri,Daily,BS15 9RW,Bristol,1000
2024-06-14,Fri,Daily,BN25 3JR,Seaford,1000
2024-06-14,Fri,Daily,B98 8JR,Redditch,1000
2024-06-14,Fri,Daily,B96 6JB,Redditch,1000
2024-06-13,Thu,Daily,YO32 9RP,York,1000
2024-06-13,Thu,Daily,SS2 6SQ,Southend-on-Sea,1000
2024-06-13,Thu,Daily,SP2 8DR,Salisbury,1000
2024-06-13,Thu,Daily,SO50 9QT,Eastleigh,1000
2024-06-13,Thu,Daily,SK13 0DF,Glossop,1000
2024-06-13,Thu,Daily,SG12 0DF,Ware,1000
2024-06-13,Thu,Daily,SE23 1PH,London,1000
2024-06-13,Thu,Daily,PR6 0JR,Chorley,1000
2024-06-13,Thu,Daily,NW10 1RQ,London,1000
2024-06-13,Thu,Daily,NG2 4QR,Nottingham,1000
2024-06-13,Thu,Daily,ML2 0DT,Wishaw,1000
2024-06-13,Thu,Daily,ML11 0PP,Lanark,1000
2024-06-13,Thu,Daily,GU11 3TG,Aldershot,1000
2024-06-13,Thu,Daily,GU11 2QQ,Aldershot,1000
2024-06-13,Thu,Daily,DH8 5UW,Consett,1000
2024-06-13,Thu,Daily,DD11 3EB,Arbroath,1000
2024-06-13,Thu,Daily,CV12 0AQ,Bedworth,1000
2024-06-13,Thu,Daily,CM7 1AZ,Braintree,1000
2024-06-13,Thu,Daily,BN13 1JS,Worthing,1000
2024-06-13,Thu,Daily,BH9 1SY,Bournemouth,1000
2024-06-12,Wed,Daily,WA16 8DJ,Knutsford,1000
2024-06-12,Wed,Daily,TS17 8NG,Stockton-on-Tees,1000
2024-06-12,Wed,Daily,TF2 8DG,Telford,1000
2024-06-12,Wed,Daily,SR1 2JT,Sunderland,1000
2024-06-12,Wed,Daily,SA12 8LS,Port Talbot,1000
2024-06-12,Wed,Daily,RG8 0TU,Reading,1000
2024-06-12,Wed,Daily,OX20 1EY,Woodstock,1000
2024-06-12,Wed,Daily,NG18 4TN,Mansfield,1000
2024-06-12,Wed,Daily,N3 3NR,London,1000
2024-06-12,Wed,Daily,N17 7HY,London,1000
2024-06-12,Wed,Daily,LS14 1BA,Leeds,1000
2024-06-12,Wed,Daily,LE12 6LL,Loughborough,1000
2024-06-12,Wed,Daily,KA6 5HD,Ayr,1000
2024-06-12,Wed,Daily,HU9 5TH,Hull,1000
2024-06-12,Wed,Daily,HG4 4PS,Ripon,1000
2024-06-12,Wed,Daily,EX13 7HA,Axminster,1000
2024-06-12,Wed,Daily,CH3 5SY,Chester,1000
2024-06-12,Wed,Daily,CF33 6DQ,Bridgend,1000
2024-06-12,Wed,Daily,BD20 6AN,Keighley,1000
2024-06-12,Wed,Daily,B63 3TQ,Halesowen,1000
2024-06-11,Tue,Daily,WA1 3UN,Warrington,1000
2024-06-11,Tue,Daily,TR26 2QY,St Ives,1000
2024-06-11,Tue,Daily,TQ6 9DT,Dartmouth,1000
2024-06-11,Tue,Daily,SL3 8SA,Slough,1000
2024-06-11,Tue,Daily,SL1 5QY,Slough,1000
2024-06-11,Tue,Daily,S2 5FL,Sheffield,1000
2024-06-11,Tue,Daily,RH20 4PN,Pulborough,1000
2024-06-11,Tue,Daily,PE29 1NQ,Huntingdon,1000
2024-06-11,Tue,Daily,PE15 0HJ,March,1000
2024-06-11,Tue,Daily,NE28 9SY,Wallsend,1000
2024-06-11,Tue,Daily,L37 6FA,Liverpool,1000
2024-06-11,Tue,Daily,E4 6QB,London,1000
2024-06-11,Tue,Daily,DH2 2XN,Chester le Street,1000
2024-06-11,Tue,Daily,CM3 6FJ,Chelmsford,1000
2024-06-11,Tue,Daily,CM20 1PR,Harlow,1000
2024-06-11,Tue,Daily,CF47 9LS,Merthyr Tydfil,1000
2024-06-11,Tue,Daily,BH7 6LY,Bournemouth,1000
2024-06-11,Tue,Daily,BH19 2BW,Swanage,1000
2024-06-11,Tue,Daily,BB9 9HY,Nelson,1000
2024-06-11,Tue,Daily,B38 8TB,Birmingham,1000
2024-06-10,Mon,Daily,WR10 2AX,Pershore,1000
2024-06-10,Mon,Daily,SE18 1EA,London,1000
2024-06-10,Mon,Daily,PO13 0PG,Gosport,1000
2024-06-10,Mon,Daily,PE34 4AR,King's Lynn,1000
2024-06-10,Mon,Daily,NR7 9XA,Norwich,1000
2024-06-10,Mon,Daily,NR4 7SX,Norwich,1000
2024-06-10,Mon,Daily,NP12 2RA,Blackwood,1000
2024-06-10,Mon,Daily,NG4 3FS,Nottingham,1000
2024-06-10,Mon,Daily,M34 5UQ,Manchester,1000
2024-06-10,Mon,Daily,LL14 6AS,Wrexham,1000
2024-06-10,Mon,Daily,LE67 2HB,Coalville,1000
2024-06-10,Mon,Daily,L12 0BA,Liverpool,1000
2024-06-10,Mon,Daily,L10 4XG,Liverpool,1000
2024-06-10,Mon,Daily,IP33 3QG,Bury St Edmunds,1000
2024-06-10,Mon,Daily,GU10 3HY,Farnham,1000
2024-06-10,Mon,Daily,FK10 2SY,Alloa,1000
2024-06-10,Mon,Daily,EH16 6JU,Edinburgh,1000
2024-06-10,Mon,Daily,DD4 6QA,Dundee,1000
2024-06-10,Mon,Daily,CF24 0HW,Cardiff,1000
2024-06-10,Mon,Daily,BH25 7DP,New Milton,1000
2024-06-09,Sun,Street Prize,RM10 9TP,Dagenham,30000
2024-06-08,Sat,Millionaire Street,DG9 7BY,Stranraer,250000
2024-06-07,Fri,Daily,W5 3SH,London,1000
2024-06-07,Fri,Daily,TN25 4LE,Ashford,1000
2024-06-07,Fri,Daily,SG8 6BB,Royston,1000
2024-06-07,Fri,Daily,SE17 3NS,London,1000
2024-06-07,Fri,Daily,S41 7EF,Chesterfield,1000
2024-06-07,Fri,Daily,RM3 9QD,Romford,1000
2024-06-07,Fri,Daily,PO33 1UD,Ryde,1000
2024-06-07,Fri,Daily,PO1 1PP,Portsmouth,1000
2024-06-07,Fri,Daily,PL3 6BH,Plymouth,1000
2024-06-07,Fri,Daily,NP12 1NX,Blackwood,1000
2024-06-07,Fri,Daily,NG4 3FN,Nottingham,1000
2024-06-07,Fri,Daily,NE11 0NU,Gateshead,1000
2024-06-07,Fri,Daily,MK40 4FS,Bedford,1000
2024-06-07,Fri,Daily,LL14 1HB,Wrexham,1000
2024-06-07,Fri,Daily,LE4 9DQ,Leicester,1000
2024-06-07,Fri,Daily,KA20 4EQ,Stevenston,1000
2024-06-07,Fri,Daily,HU17 0HP,Beverley,1000
2024-06-07,Fri,Daily,GU52 8EQ,Fleet,1000
2024-06-07,Fri,Daily,BB8 7NX,Colne,1000
2024-06-07,Fri,Daily,BA13 3AG,Westbury,1000
2024-06-06,Thu,Daily,ST14 8HT,Uttoxeter,1000
2024-06-06,Thu,Daily,SO50 6HB,Eastleigh,1000
2024-06-06,Thu,Daily,SL4 4JA,Windsor,1000
2024-06-06,Thu,Daily,SG1 3PF,Stevenage,1000
2024-06-06,Thu,Daily,SA45 9RQ,New Quay,1000
2024-06-06,Thu,Daily,SA44 4PY,Llandysul,1000
2024-06-06,Thu,Daily,PE15 0RQ,March,1000
2024-06-06,Thu,Daily,NN10 0LE,Rushden,1000
2024-06-06,Thu,Daily,NG24 4GD,Newark,1000
2024-06-06,Thu,Daily,N22 5RE,London,1000
2024-06-06,Thu,Daily,KT1 3QA,Kingston upon Thames,1000
2024-06-06,Thu,Daily,IP33 2LG,Bury St Edmunds,1000
2024-06-06,Thu,Daily,HX3 9DG,Halifax,1000
2024-06-06,Thu,Daily,G75 9NB,Glasgow,1000
2024-06-06,Thu,Daily,DL10 5AP,Richmond,1000
2024-06-06,Thu,Daily,CH65 9EB,Ellesmere Port,1000
2024-06-06,Thu,Daily,CF5 3QW,Cardiff,1000
2024-06-06,Thu,Daily,BS3 1AE,Bristol,1000
2024-06-06,Thu,Daily,BN13 3NN,Worthing,1000
2024-06-06,Thu,Daily,BA9 9HE,Wincanton,1000
2024-06-05,Wed,Daily,TN12 9JU,Tonbridge,1000
2024-06-05,Wed,Daily,SK11 7QH,Macclesfield,1000
2024-06-05,Wed,Daily,PR7 2JU,Chorley,1000
2024-06-05,Wed,Daily,PE8 4BU,Peterborough,1000
2024-06-05,Wed,Daily,OX10 9SH,Wallingford,1000
2024-06-05,Wed,Daily,NP12 3UA,Blackwood,1000
2024-06-05,Wed,Daily,LN12 2TY,Mablethorpe,1000
2024-06-05,Wed,Daily,L9 6DH,Liverpool,1000
2024-06-05,Wed,Daily,IV30 1HD,Elgin,1000
2024-06-05,Wed,Daily,HU5 3NB,Hull,1000
2024-06-05,Wed,Daily,HP4 3QP,Berkhamsted,1000
2024-06-05,Wed,Daily,HA4 8DU,Ruislip,1000
2024-06-05,Wed,Daily,HA2 0QR,Harrow,1000
2024-06-05,Wed,Daily,GU15 4DH,Camberley,1000
2024-06-05,Wed,Daily,G69 0ET,Glasgow,1000
2024-06-05,Wed,Daily,G33 2DP,Glasgow,1000
2024-06-05,Wed,Daily,DL17 9AZ,Ferryhill,1000
2024-06-05,Wed,Daily,CW8 1QP,Northwich,1000
2024-06-05,Wed,Daily,BN27 3JG,Hailsham,1000
2024-06-05,Wed,Daily,BD12 0NH,Bradford,1000
2024-06-04,Tue,Daily,TW13 4NF,Feltham,1000
2024-06-04,Tue,Daily,ST5 6RZ,Newcastle,1000
2024-06-04,Tue,Daily,ST3 4JD,Stoke-on-Trent,1000
2024-06-04,Tue,Daily,SR2 0JZ,Sunderland,1000
2024-06-04,Tue,Daily,NR3 4BJ,Norwich,1000
2024-06-04,Tue,Daily,NN3 3DN,Northampton,1000
2024-06-04,Tue,Daily,MK45 3EL,Bedford,1000
2024-06-04,Tue,Daily,M30 0PB,Manchester,1000
2024-06-04,Tue,Daily,LE18 2BS,Wigston,1000
2024-06-04,Tue,Daily,IV12 5TB,Nairn,1000
2024-06-04,Tue,Daily,G69 7UD,Glasgow,1000
2024-06-04,Tue,Daily,FY8 3UA,Lytham St Annes,1000
2024-06-04,Tue,Daily,EH51 0JJ,Bo'Ness,1000
2024-06-04,Tue,Daily,DN15 9SL,Scunthorpe,1000
2024-06-04,Tue,Daily,DL3 0ZR,Darlington,1000
2024-06-04,Tue,Daily,DD11 4QH,Forfar,1000
2024-06-04,Tue,Daily,CH2 1DE,Chester,1000
2024-06-04,Tue,Daily,CF44 8RT,Aberdare,1000
2024-06-04,Tue,Daily,BB5 4LF,Accrington,1000
2024-06-04,Tue,Daily,B45 9BL,Birmingham,1000
2024-06-03,Mon,Daily,WN3 5HZ,Wigan,1000
2024-06-03,Mon,Daily,UB7 9FJ,West Drayton,1000
2024-06-03,Mon,Daily,TA2 6FG,Taunton,1000
2024-06-03,Mon,Daily,SP4 9QD,Salisbury,1000
2024-06-03,Mon,Daily,SN5 8DG,Swindon,1000
2024-06-03,Mon,Daily,SL6 2YW,Maidenhead,1000
2024-06-03,Mon,Daily,SG3 6DG,Knebworth,1000
2024-06-03,Mon,Daily,OX25 3GW,Bicester,1000
2024-06-03,Mon,Daily,NR33 8PF,Lowestoft,1000
2024-06-03,Mon,Daily,NE28 9HF,Wallsend,1000
2024-06-03,Mon,Daily,N21 2AL,London,1000
2024-06-03,Mon,Daily,M25 2GN,Manchester,1000
2024-06-03,Mon,Daily,G65 0PS,Glasgow,1000
2024-06-03,Mon,Daily,FY7 6TW,Fleetwood,1000
2024-06-03,Mon,Daily,EX20 2HT,Okehampton,1000
2024-06-03,Mon,Daily,DH9 9DL,Stanley,1000
2024-06-03,Mon,Daily,CF81 9DB,Bargoed,1000
2024-06-03,Mon,Daily,BH21 2AA,Wimborne,1000
2024-06-03,Mon,Daily,BA14 8QL,Trowbridge,1000
2024-06-03,Mon,Daily,B18 5QH,Birmingham,1000
2024-06-02,Sun,Street Prize,TQ12 6BE,Newton Abbot,30000
2024-06-01,Sat,Postcode Millions,CF64 3PY,Penarth,
2024-06-01,Sat,Millionaire Street,PR9 0LZ,Southport,250000
2024-05-31,Fri,Daily,YO10 3TT,York,1000
2024-05-31,Fri,Daily,TN40 1PN,Bexhill on Sea,1000
2024-05-31,Fri,Daily,SW19 1HX,London,1000
2024-05-31,Fri,Daily,SK2 6TN,Stockport,1000
2024-05-31,Fri,Daily,SK15 2DN,Stalybridge,1000
2024-05-31,Fri,Daily,RG22 4EF,Basingstoke,1000
2024-05-31,Fri,Daily,PH21 1JR,Kingussie,1000
2024-05-31,Fri,Daily,NR8 6PE,Norwich,1000
2024-05-31,Fri,Daily,NE16 5LB,Newcastle upon Tyne,1000
2024-05-31,Fri,Daily,ME4 5NL,Chatham,1000
2024-05-31,Fri,Daily,M9 4JE,Manchester,1000
2024-05-31,Fri,Daily,LE3 9LY,Leicester,1000
2024-05-31,Fri,Daily,KT1 3GG,Kingston upon Thames,1000
2024-05-31,Fri,Daily,HR2 9FB,Hereford,1000
2024-05-31,Fri,Daily,HD2 1ND,Huddersfield,1000
2024-05-31,Fri,Daily,E15 1RZ,London,1000
2024-05-31,Fri,Daily,DY6 8NJ,Kingswinford,1000
2024-05-31,Fri,Daily,DL11 6EY,Richmond,1000
2024-05-31,Fri,Daily,CW5 5UJ,Nantwich,1000
2024-05-31,Fri,Daily,CW2 8TA,Crewe,1000
2024-05-30,Thu,Daily,S71 4SD,Barnsley,1000
2024-05-30,Thu,Daily,PE7 8RP,Peterborough,1000
2024-05-30,Thu,Daily,PE24 5YQ,Skegness,1000
2024-05-30,Thu,Daily,OX9 3NE,Thame,1000
2024-05-30,Thu,Daily,OX9 3JE,Thame,1000
2024-05-30,Thu,Daily,OX18 4AN,Burford,1000
2024-05-30,Thu,Daily,OL11 3JN,Rochdale,1000
2024-05-30,Thu,Daily,NP12 1GP,Blackwood,1000
2024-05-30,Thu,Daily,MK3 5RY,Milton Keynes,1000
2024-05-30,Thu,Daily,LS1 4JJ,Leeds,1000
2024-05-30,Thu,Daily,LE3 8FQ,Leicester,1000
2024-05-30,Thu,Daily,LA12 9LN,Ulverston,1000
2024-05-30,Thu,Daily,LA1 5BH,Lancaster,1000
2024-05-30,Thu,Daily,L30 7RU,Bootle,1000
2024-05-30,Thu,Daily,IV25 3LH,Dornoch,1000
2024-05-30,Thu,Daily,HU18 1UF,Hornsea,1000
2024-05-30,Thu,Daily,DE22 3QS,Derby,1000
2024-05-30,Thu,Daily,CH49 3QL,Wirral,1000
2024-05-30,Thu,Daily,CB23 4JT,Cambridge,1000
2024-05-30,Thu,Daily,BS9 3BS,Bristol,1000
2024-05-29,Wed,Daily,WS15 4EU,Rugeley,1000
2024-05-29,Wed,Daily,WA3 2LF,Warrington,1000
2024-05-29,Wed,Daily,WA11 0DR,St Helens,1000
2024-05-29,Wed,Daily,UB1 1JL,Southall,1000
2024-05-29,Wed,Daily,SY4 4HF,Telford,1000
2024-05-29,Wed,Daily,SS5 4UE,Hockley,1000
2024-05-29,Wed,Daily,SO16 9WE,Southampton,1000
2024-05-29,Wed,Daily,ML5 1QX,Coatbridge,1000
2024-05-29,Wed,Daily,M22 0NQ,Manchester,1000
2024-05-29,Wed,Daily,HU13 0LT,Hessle,1000
2024-05-29,Wed,Daily,EH48 2UU,Bathgate,1000
2024-05-29,Wed,Daily,DT4 9HJ,Weymouth,1000
2024-05-29,Wed,Daily,DN22 7NW,Retford,1000
2024-05-29,Wed,Daily,DN21 3FD,Gainsborough,1000
2024-05-29,Wed,Daily,DE7 4GH,Ilkeston,1000
2024-05-29,Wed,Daily,CW12 3FA,Congleton,1000
2024-05-29,Wed,Daily,CR8 3NR,Purley,1000
2024-05-29,Wed,Daily,BN14 7QH,Worthing,1000
2024-05-29,Wed,Daily,B76 1JT,Sutton Coldfield,1000
2024-05-29,Wed,Daily,AB52 6LJ,Insch,1000
2024-05-28,Tue,Daily,WV16 6JQ,Bridgnorth,1000
2024-05-28,Tue,Daily,WA5 9QT,Warrington,1000
2024-05-28,Tue,Daily,TW11 0HQ,Teddington,1000
2024-05-28,Tue,Daily,S72 8EN,Barnsley,1000
2024-05-28,Tue,Daily,S43 3PS,Chesterfield,1000
2024-05-28,Tue,Daily,PO10 8UJ,Emsworth,1000
2024-05-28,Tue,Daily,PE7 3AB,Peterborough,1000
2024-05-28,Tue,Daily,OX39 4JQ,Chinnor,1000
2024-05-28,Tue,Daily,NE21 6BY,Blaydon on Tyne,1000
2024-05-28,Tue,Daily,ME4 5BZ,Chatham,1000
2024-05-28,Tue,Daily,LE9 4JL,Leicester,1000
2024-05-28,Tue,Daily,HG4 2EH,Ripon,1000
2024-05-28,Tue,Daily,GU14 8AD,Farnborough,1000
2024-05-28,Tue,Daily,GL54 2AU,Cheltenham,1000
2024-05-28,Tue,Daily,DE4 3GD,Matlock,1000
2024-05-28,Tue,Daily,DD11 1AR,Arbroath,1000
2024-05-28,Tue,Daily,CM14 5AS,Brentwood,1000
2024-05-28,Tue,Daily,CF23 5JW,Cardiff,1000
2024-05-28,Tue,Daily,B70 0QA,West Bromwich,1000
2024-05-28,Tue,Daily,AB15 8BN,Aberdeen,1000
2024-05-27,Mon,Daily,TS19 9NH,Stockton-on-Tees,1000
2024-05-27,Mon,Daily,TR5 0SD,St Agnes,1000
2024-05-27,Mon,Daily,TN33 9LX,Battle,1000
2024-05-27,Mon,Daily,PL3 4DJ,Plymouth,1000
2024-05-27,Mon,Daily,PE14 8SL,Wisbech,1000
2024-05-27,Mon,Daily,NN18 9JW,Corby,1000
2024-05-27,Mon,Daily,NG10 4QT,Nottingham,1000
2024-05-27,Mon,Daily,LS14 2BY,Leeds,1000
2024-05-27,Mon,Daily,LE14 4DG,Melton Mowbray,1000
2024-05-27,Mon,Daily,HP23 5BD,Tring,1000
2024-05-27,Mon,Daily,FY5 5EQ,Thornton Cleveleys,1000
2024-05-27,Mon,Daily,EN3 4BD,Enfield,1000
2024-05-27,Mon,Daily,DN21 2QZ,Gainsborough,1000
2024-05-27,Mon,Daily,CT6 7EY,Herne Bay,1000
2024-05-27,Mon,Daily,CM11 2XN,Billericay,1000
2024-05-27,Mon,Daily,BS23 3SA,Weston-super-Mare,1000
2024-05-27,Mon,Daily,BD14 6AE,Bradford,1000
2024-05-27,Mon,Daily,BA11 3PW,Frome,1000
2024-05-27,Mon,Daily,B31 5HS,Birmingham,1000
2024-05-27,Mon,Daily,AL4 0SA,St Albans,1000
2024-05-26,Sun,Street Prize,L19 1RN,Liverpool,30000
2024-05-25,Sat,Millionaire Street,NG13 0ED,Nottingham,111111
2024-05-24,Fri,Daily,YO23 2RN,York,1000
2024-05-24,Fri,Daily,TN35 4QL,Hastings,1000
2024-05-24,Fri,Daily,SY7 8QE,Craven Arms,1000
2024-05-24,Fri,Daily,ST15 0FS,Stone,1000
2024-05-24,Fri,Daily,ST10 4HR,Stoke-on-Trent,1000
2024-05-24,Fri,Daily,SK5 7BH,Stockport,1000
2024-05-24,Fri,Daily,PR2 1LU,Preston,1000
2024-05-24,Fri,Daily,PO22 0JH,Bognor Regis,1000
2024-05-24,Fri,Daily,KY11 4YZ,,1000
2024-05-24,Fri,Daily,IP14 5GS,Stowmarket,1000
2024-05-24,Fri,Daily,IG11 9XQ,Barking,1000
2024-05-24,Fri,Daily,HP21 7SB,Aylesbury,1000
2024-05-24,Fri,Daily,GL56 0RP,Moreton in Marsh,1000
2024-05-24,Fri,Daily,EH51 0ND,Bo'Ness,1000
2024-05-24,Fri,Daily,DH1 1HW,Durham,1000
2024-05-24,Fri,Daily,DG12 6HH,Annan,1000
2024-05-24,Fri,Daily,CF35 5DX,Bridgend,1000
2024-05-24,Fri,Daily,BS5 8EB,Bristol,1000
2024-05-24,Fri,Daily,BS2 0JN,Bristol,1000
2024-05-24,Fri,Daily,BL3 4HA,Bolton,1000
2024-05-23,Thu,Daily,WA8 9RU,Widnes,1000
2024-05-23,Thu,Daily,TS14 8DP,Guisborough,1000
2024-05-23,Thu,Daily,TN21 0BA,Heathfield,1000
2024-05-23,Thu,Daily,SW18 5AX,London,1000
2024-05-23,Thu,Daily,SN4 8EX,Swindon,1000
2024-05-23,Thu,Daily,SM7 3BQ,Banstead,1000
2024-05-23,Thu,Daily,SE28 0BN,London,1000
2024-05-23,Thu,Daily,SE25 4BY,London,1000
2024-05-23,Thu,Daily,RM17 5HA,Grays,1000
2024-05-23,Thu,Daily,RM16 2AZ,Grays,1000
2024-05-23,Thu,Daily,PH16 5NY,Pitlochry,1000
2024-05-23,Thu,Daily,OX2 6BP,Oxford,1000
2024-05-23,Thu,Daily,OL11 1AR,Rochdale,1000
2024-05-23,Thu,Daily,M9 7BL,Manchester,1000
2024-05-23,Thu,Daily,EH5 1DL,Edinburgh,1000
2024-05-23,Thu,Daily,DH5 9HT,Houghton le Spring,1000
2024-05-23,Thu,Daily,DA8 3EQ,Erith,1000
2024-05-23,Thu,Daily,CM6 2JU,Dunmow,1000
2024-05-23,Thu,Daily,BL2 4BP,Bolton,1000
2024-05-23,Thu,Daily,BB2 5EL,Blackburn,1000
2024-05-22,Wed,Daily,TQ3 3JQ,Paignton,1000
2024-05-22,Wed,Daily,SA19 6TR,Llandeilo,1000
2024-05-22,Wed,Daily,PO22 6PA,Bognor Regis,1000
2024-05-22,Wed,Daily,PO19 6UL,Chichester,1000
2024-05-22,Wed,Daily,PL17 7PH,Callington,1000
2024-05-22,Wed,Daily,PE34 3LF,King's Lynn,1000
2024-05-22,Wed,Daily,PE31 7QP,King's Lynn,1000
2024-05-22,Wed,Daily,NP44 5SG,Cwmbran,1000
2024-05-22,Wed,Daily,NE63 9WW,Ashington,1000
2024-05-22,Wed,Daily,MK7 6JE,Milton Keynes,1000
2024-05-22,Wed,Daily,LS7 3RE,Leeds,1000
2024-05-22,Wed,Daily,LN2 2FP,Lincoln,1000
2024-05-22,Wed,Daily,L20 9ED,Bootle,1000
2024-05-22,Wed,Daily,GL54 5NA,Cheltenham,1000
2024-05-22,Wed,Daily,DN14 8DG,Goole,1000
2024-05-22,Wed,Daily,CH44 9BY,Wallasey,1000
2024-05-22,Wed,Daily,CF44 0SG,Aberdare,1000
2024-05-22,Wed,Daily,BS6 5HY,Bristol,1000
2024-05-22,Wed,Daily,BS4 4NW,Bristol,1000
2024-05-22,Wed,Daily,BD19 4EA,Cleckheaton,1000
2024-05-21,Tue,Daily,WS2 7EL,Walsall,1000
2024-05-21,Tue,Daily,WF1 3TN,Wakefield,1000
2024-05-21,Tue,Daily,TS17 5AL,Stockton-on-Tees,1000
2024-05-21,Tue,Daily,RG14 7WW,Newbury,1000
2024-05-21,Tue,Daily,NR14 6EY,Norwich,1000
2024-05-21,Tue,Daily,NG11 8RB,Nottingham,1000
2024-05-21,Tue,Daily,ML8 4AD,Carluke,1000
2024-05-21,Tue,Daily,ML11 8FG,Lanark,1000
2024-05-21,Tue,Daily,LS9 0EA,Leeds,1000
2024-05-21,Tue,Daily,LN4 4SZ,Lincoln,1000
2024-05-21,Tue,Daily,LE12 7JL,Loughborough,1000
2024-05-21,Tue,Daily,KY15 5LJ,Cupar,1000
2024-05-21,Tue,Daily,EX23 0LQ,Bude,1000
2024-05-21,Tue,Daily,EH19 2EX,Bonnyrigg,1000
2024-05-21,Tue,Daily,DN14 6RW,Goole,1000
2024-05-21,Tue,Daily,CT10 3QP,Broadstairs,1000
2024-05-21,Tue,Daily,CF23 7DF,Cardiff,1000
2024-05-21,Tue,Daily,CB8 8XJ,Newmarket,1000
2024-05-21,Tue,Daily,BD7 4LH,Bradford,1000
2024-05-21,Tue,Daily,BD20 7AR,Keighley,1000
2024-05-20,Mon,Daily,YO30 7DE,York,1000
2024-05-20,Mon,Daily,SO32 2JJ,Southampton,1000
2024-05-20,Mon,Daily,SK6 4BJ,Stockport,1000
2024-05-20,Mon,Daily,SK22 2HE,High Peak,1000
2024-05-20,Mon,Daily,S10 4EJ,Sheffield,1000
2024-05-20,Mon,Daily,PL31 2LD,Bodmin,1000
2024-05-20,Mon,Daily,OX3 7PT,Oxford,1000
2024-05-20,Mon,Daily,NR29 3HD,Great Yarmouth,1000
2024-05-20,Mon,Daily,NG4 2NX,Nottingham,1000
2024-05-20,Mon,Daily,NG19 8SR,Mansfield,1000
2024-05-20,Mon,Daily,M28 7GU,Manchester,1000
2024-05-20,Mon,Daily,LN4 1HD,Lincoln,1000
2024-05-20,Mon,Daily,DN40 2DD,Immingham,1000
2024-05-20,Mon,Daily,CM7 1GQ,Braintree,1000
2024-05-20,Mon,Daily,CF39 8HL,Porth,1000
2024-05-20,Mon,Daily,CF31 4GF,Bridgend,1000
2024-05-20,Mon,Daily,BN15 9RJ,Lancing,1000
2024-05-20,Mon,Daily,BB11 4QF,Burnley,1000
2024-05-20,Mon,Daily,B64 7NH,Cradley Heath,1000
2024-05-20,Mon,Daily,AL2 2AD,St Albans,1000
2024-05-19,Sun,Street Prize,MK15 0BQ,Milton Keynes,30000
2024-05-18,Sat,Millionaire Street,NG16 2BL,Nottingham,83333
2024-05-17,Fri,Daily,WS5 4PE,Walsall,1000
2024-05-17,Fri,Daily,WA8 7RQ,Widnes,1000
2024-05-17,Fri,Daily,SM7 2QZ,Banstead,1000
2024-05-17,Fri,Daily,SA8 4JG,Swansea,1000
2024-05-17,Fri,Daily,NR16 2TF,Norwich,1000
2024-05-17,Fri,Daily,NG9 7FN,Nottingham,1000
2024-05-17,Fri,Daily,ME18 5AQ,Maidstone,1000
2024-05-17,Fri,Daily,LL14 2RF,Wrexham,1000
2024-05-17,Fri,Daily,GL15 4AR,Blakeney,1000
2024-05-17,Fri,Daily,EX21 5PD,Beaworthy,1000
2024-05-17,Fri,Daily,DN9 3EL,Doncaster,1000
2024-05-17,Fri,Daily,DH9 6UY,Stanley,1000
2024-05-17,Fri,Daily,DA16 2AH,Welling,1000
2024-05-17,Fri,Daily,CM18 6TQ,Harlow,1000
2024-05-17,Fri,Daily,CH7 6FX,Mold,1000
2024-05-17,Fri,Daily,CB11 4SJ,Saffron Walden,1000
2024-05-17,Fri,Daily,BS9 1LB,Bristol,1000
2024-05-17,Fri,Daily,BN10 8EF,Peacehaven,1000
2024-05-17,Fri,Daily,BA10 0HZ,Bruton,1000
2024-05-17,Fri,Daily,B28 9PS,Birmingham,1000
2024-05-16,Thu,Daily,WS12 4LY,Cannock,1000
2024-05-16,Thu,Daily,SN8 4EL,Marlborough,1000
2024-05-16,Thu,Daily,S36 6HG,Sheffield,1000
2024-05-16,Thu,Daily,RH1 3PE,Redhill,1000
2024-05-16,Thu,Daily,RG1 7PB,Reading,1000
2024-05-16,Thu,Daily,PR5 6XH,Preston,1000
2024-05-16,Thu,Daily,PO40 9QE,Freshwater,1000
2024-05-16,Thu,Daily,PE38 0BF,Downham Market,1000
2024-05-16,Thu,Daily,NP15 1QG,Usk,1000
2024-05-16,Thu,Daily,ML6 7SY,Airdrie,1000
2024-05-16,Thu,Daily,ME8 9UD,Gillingham,1000
2024-05-16,Thu,Daily,LA9 4ST,Kendal,1000
2024-05-16,Thu,Daily,KT15 3QQ,Addlestone,1000
2024-05-16,Thu,Daily,IP30 9XU,Bury St Edmunds,1000
2024-05-16,Thu,Daily,E8 3BE,London,1000
2024-05-16,Thu,Daily,CF41 7SB,Pentre,1000
2024-05-16,Thu,Daily,CB22 6SA,Cambridge,1000
2024-05-16,Thu,Daily,BB1 3LZ,Blackburn,1000
2024-05-16,Thu,Daily,B71 1RD,West Bromwich,1000
2024-05-16,Thu,Daily,B61 8JY,Bromsgrove,1000
2024-05-15,Wed,Daily,WA11 8HS,St Helens,1000
2024-05-15,Wed,Daily,SW16 3BD,London,1000
2024-05-15,Wed,Daily,SE10 0JU,London,1000
2024-05-15,Wed,Daily,SA10 9PN,Neath,1000
2024-05-15,Wed,Daily,PE3 6HP,Peterborough,1000
2024-05-15,Wed,Daily,PE22 9RL,Boston,1000
2024-05-15,Wed,Daily,OX12 0GT,Wantage,1000
2024-05-15,Wed,Daily,M34 7XJ,Manchester,1000
2024-05-15,Wed,Daily,LN5 9EA,Lincoln,1000
2024-05-15,Wed,Daily,LA3 2LB,Morecambe,1000
2024-05-15,Wed,Daily,L4 8TP,Liverpool,1000
2024-05-15,Wed,Daily,IP25 7LY,Thetford,1000
2024-05-15,Wed,Daily,DY8 5SP,Stourbridge,1000
2024-05-15,Wed,Daily,DY4 9QQ,Tipton,1000
2024-05-15,Wed,Daily,CH3 5LJ,Chester,1000
2024-05-15,Wed,Daily,CF37 3AU,Pontypridd,1000
2024-05-15,Wed,Daily,CA7 9SB,Wigton,1000
2024-05-15,Wed,Daily,BN42 4RX,Brighton,1000
2024-05-15,Wed,Daily,BD6 3PU,Bradford,1000
2024-05-15,Wed,Daily,BD5 9AE,Bradford,1000
2024-05-14,Tue,Daily,YO16 7AH,Bridlington,1000
2024-05-14,Tue,Daily,TS20 2UG,Stockton-on-Tees,1000
2024-05-14,Tue,Daily,TN23 7UG,Ashford,1000
2024-05-14,Tue,Daily,SY12 9LT,Ellesmere,1000
2024-05-14,Tue,Daily,SG1 3QS,Stevenage,1000
2024-05-14,Tue,Daily,PO36 9PW,Sandown,1000
2024-05-14,Tue,Daily,PL9 8QS,Plymouth,1000
2024-05-14,Tue,Daily,NR15 2WJ,Norwich,1000
2024-05-14,Tue,Daily,ME7 5PT,Gillingham,1000
2024-05-14,Tue,Daily,ME17 4RB,Maidstone,1000
2024-05-14,Tue,Daily,M33 5HU,Sale,1000
2024-05-14,Tue,Daily,LS26 0HF,Leeds,1000
2024-05-14,Tue,Daily,KW9 6NW,Brora,1000
2024-05-14,Tue,Daily,IP17 1EF,Saxmundham,1000
2024-05-14,Tue,Daily,HP5 3JD,Chesham,1000
2024-05-14,Tue,Daily,GU1 2NH,Guildford,1000
2024-05-14,Tue,Daily,CO7 7FU,Colchester,1000
2024-05-14,Tue,Daily,CM16 4PD,Epping,1000
2024-05-14,Tue,Daily,BS36 2QR,Bristol,1000
2024-05-14,Tue,Daily,BB4 8UE,Rossendale,1000
2024-05-13,Mon,Daily,WF15 6QP,Liversedge,1000
2024-05-13,Mon,Daily,WA12 0EE,Newton-le-Willows,1000
2024-05-13,Mon,Daily,TS10 2HF,Redcar,1000
2024-05-13,Mon,Daily,SS7 2HS,Benfleet,1000
2024-05-13,Mon,Daily,SS14 1SJ,Basildon,1000
2024-05-13,Mon,Daily,SL2 1DP,Slough,1000
2024-05-13,Mon,Daily,PR8 4DG,Southport,1000
2024-05-13,Mon,Daily,PL15 8QH,Launceston,1000
2024-05-13,Mon,Daily,ML9 3BN,Larkhall,1000
2024-05-13,Mon,Daily,ML9 1HJ,Larkhall,1000
2024-05-13,Mon,Daily,M27 0DR,Manchester,1000
2024-05-13,Mon,Daily,L36 4JG,Liverpool,1000
2024-05-13,Mon,Daily,GU8 6QQ,Godalming,1000
2024-05-13,Mon,Daily,GU6 8GQ,Cranleigh,1000
2024-05-13,Mon,Daily,EX10 9HJ,Sidmouth,1000
2024-05-13,Mon,Daily,EH3 5QA,Edinburgh,1000
2024-05-13,Mon,Daily,DL3 8UL,Darlington,1000
2024-05-13,Mon,Daily,CT11 7BE,Ramsgate,1000
2024-05-13,Mon,Daily,BS16 2WB,Bristol,1000
2024-05-13,Mon,Daily,BA3 3EU,Radstock,1000
2024-05-12,Sun,Street Prize,CO4 3JB,Colchester,30000
2024-05-11,Sat,Millionaire Street,NE33 4TH,South Shields,76923
2024-05-10,Fri,Daily,WV1 2TB,Wolverhampton,1000
2024-05-10,Fri,Daily,TN2 3NY,Tunbridge Wells,1000
2024-05-10,Fri,Daily,ST12 9EJ,Stoke-on-Trent,1000
2024-05-10,Fri,Daily,SP10 3JB,Andover,1000
2024-05-10,Fri,Daily,SM1 3NJ,Sutton,1000
2024-05-10,Fri,Daily,SA13 3SY,Port Talbot,1000
2024-05-10,Fri,Daily,RH15 0SU,Burgess Hill,1000
2024-05-10,Fri,Daily,PR26 7BS,Leyland,1000
2024-05-10,Fri,Daily,NR34 9TS,Beccles,1000
2024-05-10,Fri,Daily,MK6 3PH,Milton Keynes,1000
2024-05-10,Fri,Daily,LU3 4HG,Luton,1000
2024-05-10,Fri,Daily,LS28 5HJ,Pudsey,1000
2024-05-10,Fri,Daily,LE11 1LU,Loughborough,1000
2024-05-10,Fri,Daily,KT17 4DE,Epsom,1000
2024-05-10,Fri,Daily,CW4 7BD,Crewe,1000
2024-05-10,Fri,Daily,CV4 9TQ,Coventry,1000
2024-05-10,Fri,Daily,CV3 2ED,Coventry,1000
2024-05-10,Fri,Daily,CT1 1SA,Canterbury,1000
2024-05-10,Fri,Daily,BS3 5BU,Bristol,1000
2024-05-10,Fri,Daily,BH4 8AX,Bournemouth,1000
2024-05-09,Thu,Daily,WF13 4QX,Dewsbury,1000
2024-05-09,Thu,Daily,WA5 4QA,Warrington,1000
2024-05-09,Thu,Daily,SY21 7UY,Welshpool,1000
2024-05-09,Thu,Daily,SS0 7AE,Westcliff-on-Sea,1000
2024-05-09,Thu,Daily,SA13 2BD,Port Talbot,1000
2024-05-09,Thu,Daily,RG7 6AJ,Reading,1000
2024-05-09,Thu,Daily,NP19 9HX,Newport,1000
2024-05-09,Thu,Daily,LA5 8BH,Carnforth,1000
2024-05-09,Thu,Daily,IG11 9EY,Barking,1000
2024-05-09,Thu,Daily,HP21 8FP,Aylesbury,1000
2024-05-09,Thu,Daily,HA1 2FB,Harrow,1000
2024-05-09,Thu,Daily,GL17 9SS,Lydbrook,1000
2024-05-09,Thu,Daily,DN7 6AY,Doncaster,1000
2024-05-09,Thu,Daily,DN11 9LB,Doncaster,1000
2024-05-09,Thu,Daily,DA8 2JB,Erith,1000
2024-05-09,Thu,Daily,CW2 7LD,Crewe,1000
2024-05-09,Thu,Daily,CH62 1EA,Wirral,1000
2024-05-09,Thu,Daily,BB12 0TP,Burnley,1000
2024-05-09,Thu,Daily,B71 3NY,West Bromwich,1000
2024-05-09,Thu,Daily,B61 8LD,Bromsgrove,1000
2024-05-08,Wed,Daily,TS20 2TX,Stockton-on-Tees,1000
2024-05-08,Wed,Daily,TS10 3HX,Redcar,1000
2024-05-08,Wed,Daily,TN33 9LX,Battle,1000
2024-05-08,Wed,Daily,TA1 4JA,Taunton,1000
2024-05-08,Wed,Daily,SS4 1XH,Rochford,1000
2024-05-08,Wed,Daily,SA12 6QN,Port Talbot,1000
2024-05-08,Wed,Daily,S5 7JD,Sheffield,1000
2024-05-08,Wed,Daily,PL25 3JX,St Austell,1000
2024-05-08,Wed,Daily,NE30 3SE,North Shields,1000
2024-05-08,Wed,Daily,NE26 2JS,Whitley Bay,1000
2024-05-08,Wed,Daily,ML1 5HA,Motherwell,1000
2024-05-08,Wed,Daily,M18 8SP,Manchester,1000
2024-05-08,Wed,Daily,IP21 4DN,Diss,1000
2024-05-08,Wed,Daily,HR1 2RT,Hereford,1000
2024-05-08,Wed,Daily,GL53 9NN,Cheltenham,1000
2024-05-08,Wed,Daily,CF82 6AW,Hengoed,1000
2024-05-08,Wed,Daily,BS31 2EH,Bristol,1000
2024-05-08,Wed,Daily,BN12 4BQ,Worthing,1000
2024-05-08,Wed,Daily,BH12 4DE,Poole,1000
2024-05-08,Wed,Daily,AB24 3LB,Aberdeen,1000
2024-05-07,Tue,Daily,YO31 0LS,York,1000
2024-05-07,Tue,Daily,W13 9RJ,London,1000
2024-05-07,Tue,Daily,TN24 0YU,Ashford,1000
2024-05-07,Tue,Daily,SY5 0JX,Shrewsbury,1000
2024-05-07,Tue,Daily,SG14 3BT,Hertford,1000
2024-05-07,Tue,Daily,S17 4HF,Sheffield,1000
2024-05-07,Tue,Daily,OX17 3RS,Banbury,1000
2024-05-07,Tue,Daily,NE29 0RS,North Shields,1000
2024-05-07,Tue,Daily,NE20 9RZ,Newcastle upon Tyne,1000
2024-05-07,Tue,Daily,ME7 3AR,Gillingham,1000
2024-05-07,Tue,Daily,EH26 0JF,Penicuik,1000
2024-05-07,Tue,Daily,EH12 7EG,Edinburgh,1000
2024-05-07,Tue,Daily,DY8 4PJ,Stourbridge,1000
2024-05-07,Tue,Daily,CW11 3ZB,Sandbach,1000
2024-05-07,Tue,Daily,CV9 1EW,Atherstone,1000
2024-05-07,Tue,Daily,CH47 6BD,Wirral,1000
2024-05-07,Tue,Daily,BS14 9EA,Bristol,1000
2024-05-07,Tue,Daily,BH23 4JD,Christchurch,1000
2024-05-07,Tue,Daily,BA2 2QS,Bath,1000
2024-05-07,Tue,Daily,AB15 9BR,Aberdeen,1000
2024-05-06,Mon,Daily,YO32 2ZG,York,1000
2024-05-06,Mon,Daily,WA5 3BD,Warrington,1000
2024-05-06,Mon,Daily,WA13 0JW,Lymm,1000
2024-05-06,Mon,Daily,TQ3 1NR,Paignton,1000
2024-05-06,Mon,Daily,TN37 7PZ,St Leonards on Sea,1000
2024-05-06,Mon,Daily,TN13 3GG,Sevenoaks,1000
2024-05-06,Mon,Daily,TF4 3GG,Telford,1000
2024-05-06,Mon,Daily,SM4 6JG,Morden,1000
2024-05-06,Mon,Daily,SG14 2AR,Hertford,1000
2024-05-06,Mon,Daily,OX16 0UB,Banbury,1000
2024-05-06,Mon,Daily,NN8 3SX,Wellingborough,1000
2024-05-06,Mon,Daily,ME13 7DT,Faversham,1000
2024-05-06,Mon,Daily,IP24 3BE,Thetford,1000
2024-05-06,Mon,Daily,FY7 8HX,Fleetwood,1000
2024-05-06,Mon,Daily,CR8 5DU,Kenley,1000
2024-05-06,Mon,Daily,CF33 6BG,Bridgend,1000
2024-05-06,Mon,Daily,CF14 3NL,Cardiff,1000
2024-05-06,Mon,Daily,BS35 1UB,Bristol,1000
2024-05-06,Mon,Daily,BH8 0EL,Bournemouth,1000
2024-05-06,Mon,Daily,B79 7QZ,Tamworth,1000
2024-05-05,Sun,Street Prize,SG19 2RN,Sandy,30000
2024-05-04,Sat,Millionaire Street,DN15 8DL,Scunthorpe,90909
2024-05-03,Fri,Daily,WV13 2PP,Willenhall,1000
2024-05-03,Fri,Daily,SW11 5TY,London,1000
2024-05-03,Fri,Daily,ST16 3RP,Stafford,1000
2024-05-03,Fri,Daily,ST10 2EQ,Stoke-on-Trent,1000
2024-05-03,Fri,Daily,SS6 7TH,Rayleigh,1000
2024-05-03,Fri,Daily,S64 8TP,Mexborough,1000
2024-05-03,Fri,Daily,PE8 6ST,Peterborough,1000
2024-05-03,Fri,Daily,NG6 7DR,Nottingham,1000
2024-05-03,Fri,Daily,KA3 5EN,Kilmarnock,1000
2024-05-03,Fri,Daily,IP31 2EB,Bury St Edmunds,1000
2024-05-03,Fri,Daily,HU15 2SB,Brough,1000
2024-05-03,Fri,Daily,HR2 7SJ,Hereford,1000
2024-05-03,Fri,Daily,DN5 9TB,Doncaster,1000
2024-05-03,Fri,Daily,CW2 8TW,Crewe,1000
2024-05-03,Fri,Daily,CV5 6AF,Coventry,1000
2024-05-03,Fri,Daily,CM8 3GZ,Witham,1000
2024-05-03,Fri,Daily,BS3 3LQ,Bristol,1000
2024-05-03,Fri,Daily,BS15 1NS,Bristol,1000
2024-05-03,Fri,Daily,BN15 0AY,Lancing,1000
2024-05-03,Fri,Daily,BL3 3HN,Bolton,1000
2024-05-02,Thu,Daily,WR14 2QX,Great Malvern,1000
2024-05-02,Thu,Daily,TW4 5JE,Hounslow,1000
2024-05-02,Thu,Daily,TW2 6NN,Twickenham,1000
2024-05-02,Thu,Daily,S43 4RA,Chesterfield,1000
2024-05-02,Thu,Daily,RG19 8DL,Thatcham,1000
2024-05-02,Thu,Daily,PE9 4AU,Stamford,1000
2024-05-02,Thu,Daily,PA5 8PQ,Johnstone,1000
2024-05-02,Thu,Daily,NW5 4LS,London,1000
2024-05-02,Thu,Daily,NN9 5HZ,Wellingborough,1000
2024-05-02,Thu,Daily,NG20 8TP,Mansfield,1000
2024-05-02,Thu,Daily,NE17 7AH,Newcastle upon Tyne,1000
2024-05-02,Thu,Daily,MK41 9HY,Bedford,1000
2024-05-02,Thu,Daily,M9 8FT,Manchester,1000
2024-05-02,Thu,Daily,LL13 9PD,Wrexham,1000
2024-05-02,Thu,Daily,L4 3ST,Liverpool,1000
2024-05-02,Thu,Daily,IP1 5JE,Ipswich,1000
2024-05-02,Thu,Daily,HP8 4DN,Chalfont St Giles,1000
2024-05-02,Thu,Daily,G45 9DY,Glasgow,1000
2024-05-02,Thu,Daily,CV2 2NL,Coventry,1000
2024-05-02,Thu,Daily,BS15 3EZ,Bristol,1000
2024-05-01,Wed,Daily,WR11 7JP,Evesham,1000
2024-05-01,Wed,Daily,TS7 9PS,Middlesbrough,1000
2024-05-01,Wed,Daily,SR7 0HX,Seaham,1000
2024-05-01,Wed,Daily,SN9 6AD,Pewsey,1000
2024-05-01,Wed,Daily,SE9 5JB,London,1000
2024-05-01,Wed,Daily,RH17 7EG,Haywards Heath,1000
2024-05-01,Wed,Daily,PO9 3NS,Havant,1000
2024-05-01,Wed,Daily,PO10 7NJ,Emsworth,1000
2024-05-01,Wed,Daily,PE23 5BQ,Spilsby,1000
2024-05-01,Wed,Daily,NR4 6DU,Norwich,1000
2024-05-01,Wed,Daily,NN1 5QT,Northampton,1000
2024-05-01,Wed,Daily,NE12 9SL,Newcastle upon Tyne,1000
2024-05-01,Wed,Daily,MK42 8HP,Bedford,1000
2024-05-01,Wed,Daily,LL12 7ST,Wrexham,1000
2024-05-01,Wed,Daily,LA4 6RP,Morecambe,1000
2024-05-01,Wed,Daily,KY11 8HH,Dunfermline,1000
2024-05-01,Wed,Daily,HR8 2FP,Ledbury,1000
2024-05-01,Wed,Daily,EH4 1SU,Edinburgh,1000
2024-05-01,Wed,Daily,DN31 1XP,Grimsby,1000
2024-05-01,Wed,Daily,BS35 1QD,Bristol,1000
2024-04-30,Tue,Daily,TR12 7EY,Helston,1000
2024-04-30,Tue,Daily,TD8 6RT,Jedburgh,1000
2024-04-30,Tue,Daily,SY3 8NQ,Shrewsbury,1000
2024-04-30,Tue,Daily,ST6 4EX,Stoke-on-Trent,1000
2024-04-30,Tue,Daily,SO16 7EA,Southampton,1000
2024-04-30,Tue,Daily,SG10 6AY,Much Hadham,1000
2024-04-30,Tue,Daily,S11 9HF,Sheffield,1000
2024-04-30,Tue,Daily,RH19 4AY,East Grinstead,1000
2024-04-30,Tue,Daily,PE21 6SX,Boston,1000
2024-04-30,Tue,Daily,NP20 4HE,Newport,1000
2024-04-30,Tue,Daily,NE12 6BL,Newcastle upon Tyne,1000
2024-04-30,Tue,Daily,ME20 6BY,Aylesford,1000
2024-04-30,Tue,Daily,LS7 2JT,Leeds,1000
2024-04-30,Tue,Daily,LS13 4AN,Leeds,1000
2024-04-30,Tue,Daily,LN11 0XN,Louth,1000
2024-04-30,Tue,Daily,L36 4HX,Liverpool,1000
2024-04-30,Tue,Daily,IV36 2NW,Forres,1000
2024-04-30,Tue,Daily,HR4 9PS,Hereford,1000
2024-04-30,Tue,Daily,HG3 2AB,Harrogate,1000
2024-04-30,Tue,Daily,BN21 1SH,Eastbourne,1000
2024-04-29,Mon,Daily,YO42 2YX,York,1000
2024-04-29,Mon,Daily,TS21 3NU,Stockton-on-Tees,1000
2024-04-29,Mon,Daily,TS19 0LF,Stockton-on-Tees,1000
2024-04-29,Mon,Daily,TA4 2PJ,Taunton,1000
2024-04-29,Mon,Daily,SS9 4HA,Leigh-on-Sea,1000
2024-04-29,Mon,Daily,SN25 2DQ,Swindon,1000
2024-04-29,Mon,Daily,SK10 4RP,Macclesfield,1000
2024-04-29,Mon,Daily,S5 7JP,Sheffield,1000
2024-04-29,Mon,Daily,PL2 2NW,Plymouth,1000
2024-04-29,Mon,Daily,PE31 7QN,King's Lynn,1000
2024-04-29,Mon,Daily,M20 2RN,Manchester,1000
2024-04-29,Mon,Daily,LL29 8BA,Colwyn Bay,1000
2024-04-29,Mon,Daily,KT10 0JZ,Esher,1000
2024-04-29,Mon,Daily,HG4 3QY,Ripon,1000
2024-04-29,Mon,Daily,G44 5QL,Glasgow,1000
2024-04-29,Mon,Daily,G32 6QB,Glasgow,1000
2024-04-29,Mon,Daily,CT10 2EU,Broadstairs,1000
2024-04-29,Mon,Daily,CF43 3EQ,Ferndale,1000
2024-04-29,Mon,Daily,CA20 1QD,Seascale,1000
2024-04-29,Mon,Daily,AB44 1SD,MacDuff,1000
2024-04-28,Sun,Street Prize,WV14 6HZ,Bilston,30000
2024-04-27,Sat,Postcode Millions,PH2 9FG,Perthshire,
2024-04-27,Sat,Millionaire Street,CH2 3RT,Chester,333333
2024-04-26,Fri,Daily,YO41 1JN,York,1000
2024-04-26,Fri,Daily,ST4 5DD,Stoke-on-Trent,1000
2024-04-26,Fri,Daily,SO53 4DN,Eastleigh,1000
2024-04-26,Fri,Daily,SA48 8HU,Lampeter,1000
2024-04-26,Fri,Daily,RM16 2SD,Grays,1000
2024-04-26,Fri,Daily,PL5 3PN,Plymouth,1000
2024-04-26,Fri,Daily,NN10 8DJ,Rushden,1000
2024-04-26,Fri,Daily,NG13 9JP,Nottingham,1000
2024-04-26,Fri,Daily,NG13 8EX,Nottingham,1000
2024-04-26,Fri,Daily,M26 1LF,Manchester,1000
2024-04-26,Fri,Daily,L12 6RL,Liverpool,1000
2024-04-26,Fri,Daily,IP12 1LB,Woodbridge,1000
2024-04-26,Fri,Daily,IG7 6DE,Chigwell,1000
2024-04-26,Fri,Daily,GU52 7TR,Fleet,1000
2024-04-26,Fri,Daily,G69 0LT,Glasgow,1000
2024-04-26,Fri,Daily,DL12 0NW,Barnard Castle,1000
2024-04-26,Fri,Daily,DG8 6LF,Newton Stewart,1000
2024-04-26,Fri,Daily,DD8 3SE,Forfar,1000
2024-04-26,Fri,Daily,DA18 4HH,Erith,1000
2024-04-26,Fri,Daily,CA2 5NE,Carlisle,1000
2024-04-25,Thu,Daily,SW11 2BS,London,1000
2024-04-25,Thu,Daily,SP1 3AA,Salisbury,1000
2024-04-25,Thu,Daily,SM4 4RJ,Morden,1000
2024-04-25,Thu,Daily,S18 2EB,Dronfield,1000
2024-04-25,Thu,Daily,RH15 8UP,Burgess Hill,1000
2024-04-25,Thu,Daily,RH10 4UP,Crawley,1000
2024-04-25,Thu,Daily,PE14 0DN,Wisbech,1000
2024-04-25,Thu,Daily,MK41 7SS,Bedford,1000
2024-04-25,Thu,Daily,ME4 6NR,Chatham,1000
2024-04-25,Thu,Daily,LL53 5RR,Pwllheli,1000
2024-04-25,Thu,Daily,LA9 7RE,Kendal,1000
2024-04-25,Thu,Daily,IP5 2WH,Ipswich,1000
2024-04-25,Thu,Daily,HS2 0RQ,Isle of Lewis,1000
2024-04-25,Thu,Daily,HP23 5AU,Tring,1000
2024-04-25,Thu,Daily,DN35 8UN,Cleethorpes,1000
2024-04-25,Thu,Daily,DL17 9AJ,Ferryhill,1000
2024-04-25,Thu,Daily,CF31 4NQ,Bridgend,1000
2024-04-25,Thu,Daily,CB21 5JY,Cambridge,1000
2024-04-25,Thu,Daily,BL5 3BY,Bolton,1000
2024-04-25,Thu,Daily,AB43 8ZZ,Fraserburgh,1000
2024-04-24,Wed,Daily,YO23 3QR,York,1000
2024-04-24,Wed,Daily,WF12 0LJ,Dewsbury,1000
2024-04-24,Wed,Daily,WD3 7EX,Rickmansworth,1000
2024-04-24,Wed,Daily,W4 3LX,London,1000
2024-04-24,Wed,Daily,SO40 9BW,Southampton,1000
2024-04-24,Wed,Daily,SN11 9LN,Calne,1000
2024-04-24,Wed,Daily,S42 5GF,Chesterfield,1000
2024-04-24,Wed,Daily,RM5 2LJ,Romford,1000
2024-04-24,Wed,Daily,RM12 6TN,Hornchurch,1000
2024-04-24,Wed,Daily,RG1 6AQ,Reading,1000
2024-04-24,Wed,Daily,PO1 4JG,Portsmouth,1000
2024-04-24,Wed,Daily,NN15 6AB,Kettering,1000
2024-04-24,Wed,Daily,MK40 2PS,Bedford,1000
2024-04-24,Wed,Daily,ME8 9LW,Gillingham,1000
2024-04-24,Wed,Daily,M23 1FA,Manchester,1000
2024-04-24,Wed,Daily,GL18 1ER,Newent,1000
2024-04-24,Wed,Daily,EX34 0PD,Barnstaple,1000
2024-04-24,Wed,Daily,CT5 4AJ,Whitstable,1000
2024-04-24,Wed,Daily,BN1 3UG,Brighton,1000
2024-04-24,Wed,Daily,AB43 7EH,Fraserburgh,1000
2024-04-23,Tue,Daily,WR11 1YY,Evesham,1000
2024-04-23,Tue,Daily,WF2 8QF,Wakefield,1000
2024-04-23,Tue,Daily,WD19 6DH,Watford,1000
2024-04-23,Tue,Daily,W5 3UL,London,1000
2024-04-23,Tue,Daily,TW18 3NZ,Staines,1000
2024-04-23,Tue,Daily,ST6 8NP,Stoke-on-Trent,1000
2024-04-23,Tue,Daily,SN15 3EW,Chippenham,1000
2024-04-23,Tue,Daily,SK4 4AZ,Stockport,1000
2024-04-23,Tue,Daily,S36 2QJ,Sheffield,1000
2024-04-23,Tue,Daily,PA8 6HD,Erskine,1000
2024-04-23,Tue,Daily,LE7 7WD,Leicester,1000
2024-04-23,Tue,Daily,L18 3HA,Liverpool,1000
2024-04-23,Tue,Daily,KA30 8JD,Largs,1000
2024-04-23,Tue,Daily,GL2 9QP,Gloucester,1000
2024-04-23,Tue,Daily,EX4 1DH,Exeter,1000
2024-04-23,Tue,Daily,DL13 2EU,Bishop Auckland,1000
2024-04-23,Tue,Daily,CV2 3GF,Coventry,1000
2024-04-23,Tue,Daily,BH12 5DS,Poole,1000
2024-04-23,Tue,Daily,B18 5RU,Birmingham,1000
2024-04-23,Tue,Daily,AL5 3NR,Harpenden,1000
2024-04-22,Mon,Daily,WF7 5PU,Pontefract,1000
2024-04-22,Mon,Daily,WF13 3QH,Dewsbury,1000
2024-04-22,Mon,Daily,ST7 4LP,Stoke-on-Trent,1000
2024-04-22,Mon,Daily,SA4 0ZL,Swansea,1000
2024-04-22,Mon,Daily,S36 8YY,Sheffield,1000
2024-04-22,Mon,Daily,S13 8PR,Sheffield,1000
2024-04-22,Mon,Daily,RH19 4EB,East Grinstead,1000
2024-04-22,Mon,Daily,RG17 0TW,Hungerford,1000
2024-04-22,Mon,Daily,OL1 2EF,Oldham,1000
2024-04-22,Mon,Daily,NP15 2AQ,Raglan,1000
2024-04-22,Mon,Daily,NE34 7DH,South Shields,1000
2024-04-22,Mon,Daily,M21 0XH,Manchester,1000
2024-04-22,Mon,Daily,LL70 9DJ,Dulas,1000
2024-04-22,Mon,Daily,LD1 6UE,Llandrindod Wells,1000
2024-04-22,Mon,Daily,HU9 4RH,Hull,1000
2024-04-22,Mon,Daily,GU12 6RF,Aldershot,1000
2024-04-22,Mon,Daily,GL3 4XX,Gloucester,1000
2024-04-22,Mon,Daily,DA9 9QW,Greenhithe,1000
2024-04-22,Mon,Daily,CV13 0LX,Nuneaton,1000
2024-04-22,Mon,Daily,BN27 3NE,Hailsham,1000
2024-04-21,Sun,Street Prize,OX1 4QB,Oxford,30000
2024-04-20,Sat,Millionaire Street,B49 6PX,Alcester,125000
2024-04-19,Fri,Daily,WN5 8SH,Wigan,1000
2024-04-19,Fri,Daily,WA15 8WJ,Altrincham,1000
2024-04-19,Fri,Daily,TS21 3EH,Stockton-on-Tees,1000
2024-04-19,Fri,Daily,TA7 9AA,Bridgwater,1000
2024-04-19,Fri,Daily,SP11 6XP,Andover,1000
2024-04-19,Fri,Daily,PE32 2XD,King's Lynn,1000
2024-04-19,Fri,Daily,PE32 2JA,King's Lynn,1000
2024-04-19,Fri,Daily,PA20 0DT,Rothesay,1000
2024-04-19,Fri,Daily,NR19 1JW,Dereham,1000
2024-04-19,Fri,Daily,MK40 3SG,Bedford,1000
2024-04-19,Fri,Daily,HU7 6AT,Hull,1000
2024-04-19,Fri,Daily,HP3 9JT,Hemel Hempstead,1000
2024-04-19,Fri,Daily,HA9 8SE,Wembley,1000
2024-04-19,Fri,Daily,G72 7JB,Glasgow,1000
2024-04-19,Fri,Daily,EX8 1AT,Exmouth,1000
2024-04-19,Fri,Daily,E4 9NW,London,1000
2024-04-19,Fri,Daily,E11 4YG,London,1000
2024-04-19,Fri,Daily,DA11 0AZ,Gravesend,1000
2024-04-19,Fri,Daily,CT5 3PU,Whitstable,1000
2024-04-19,Fri,Daily,CT19 5EL,Folkestone,1000
2024-04-18,Thu,Daily,TQ2 7SW,Torquay,1000
2024-04-18,Thu,Daily,TA6 6LJ,Bridgwater,1000
2024-04-18,Thu,Daily,SW8 1NA,London,1000
2024-04-18,Thu,Daily,SR8 4PS,Peterlee,1000
2024-04-18,Thu,Daily,SK6 7QL,Stockport,1000
2024-04-18,Thu,Daily,NN17 1JL,Corby,1000
2024-04-18,Thu,Daily,NN16 9FT,Kettering,1000
2024-04-18,Thu,Daily,ME16 8PL,Maidstone,1000
2024-04-18,Thu,Daily,LE8 4DX,Leicester,1000
2024-04-18,Thu,Daily,LE5 5SE,Leicester,1000
2024-04-18,Thu,Daily,LA1 2BZ,Lancaster,1000
2024-04-18,Thu,Daily,KY16 8XB,St Andrews,1000
2024-04-18,Thu,Daily,KY14 6BS,Cupar,1000
2024-04-18,Thu,Daily,KA9 1SA,Prestwick,1000
2024-04-18,Thu,Daily,GU52 8TQ,Fleet,1000
2024-04-18,Thu,Daily,GU17 0LP,Camberley,1000
2024-04-18,Thu,Daily,DA1 3NQ,Dartford,1000
2024-04-18,Thu,Daily,BS16 7BH,Bristol,1000
2024-04-18,Thu,Daily,BS14 9JL,Bristol,1000
2024-04-18,Thu,Daily,BN41 1GA,Brighton,1000
2024-04-17,Wed,Daily,WS14 0GN,Lichfield,1000
2024-04-17,Wed,Daily,TF11 9DY,Shifnal,1000
2024-04-17,Wed,Daily,ST18 9AN,Stafford,1000
2024-04-17,Wed,Daily,ST1 6QW,Stoke-on-Trent,1000
2024-04-17,Wed,Daily,SA13 1UD,Port Talbot,1000
2024-04-17,Wed,Daily,S70 5XG,Barnsley,1000
2024-04-17,Wed,Daily,PL21 9RZ,Ivybridge,1000
2024-04-17,Wed,Daily,NE15 6HE,Newcastle upon Tyne,1000
2024-04-17,Wed,Daily,N10 2RY,London,1000
2024-04-17,Wed,Daily,LE5 4PN,Leicester,1000
2024-04-17,Wed,Daily,L40 9RS,Ormskirk,1000
2024-04-17,Wed,Daily,L19 6QA,Liverpool,1000
2024-04-17,Wed,Daily,KY8 4FL,Leven,1000
2024-04-17,Wed,Daily,GU46 6XU,Yateley,1000
2024-04-17,Wed,Daily,EH48 3NG,Bathgate,1000
2024-04-17,Wed,Daily,DY1 3LN,Dudley,1000
2024-04-17,Wed,Daily,CT21 4PF,Hythe,1000
2024-04-17,Wed,Daily,CM14 5XE,Brentwood,1000
2024-04-17,Wed,Daily,BA1 6DZ,Bath,1000
2024-04-17,Wed,Daily,B3 1RW,Birmingham,1000
2024-04-16,Tue,Daily,WR6 6AW,Worcester,1000
2024-04-16,Tue,Daily,ST19 5LN,Stafford,1000
2024-04-16,Tue,Daily,SS9 2HL,Leigh-on-Sea,1000
2024-04-16,Tue,Daily,SK15 2LA,Stalybridge,1000
2024-04-16,Tue,Daily,S35 1RT,Sheffield,1000
2024-04-16,Tue,Daily,NR7 8XB,Norwich,1000
2024-04-16,Tue,Daily,ME20 7HT,Aylesford,1000
2024-04-16,Tue,Daily,LL16 4LL,Denbigh,1000
2024-04-16,Tue,Daily,LE9 6HR,Leicester,1000
2024-04-16,Tue,Daily,L12 4XG,Liverpool,1000
2024-04-16,Tue,Daily,G68 0HT,Glasgow,1000
2024-04-16,Tue,Daily,E14 0ST,London,1000
2024-04-16,Tue,Daily,DL11 6RQ,Richmond,1000
2024-04-16,Tue,Daily,DH7 0HH,Durham,1000
2024-04-16,Tue,Daily,CT7 0AF,Dover,1000
2024-04-16,Tue,Daily,CF82 7DB,Hengoed,1000
2024-04-16,Tue,Daily,BD4 6QX,Bradford,1000
2024-04-16,Tue,Daily,BD23 2ER,Skipton,1000
2024-04-16,Tue,Daily,B90 3LN,Solihull,1000
2024-04-16,Tue,Daily,B46 1PD,Birmingham,1000
2024-04-15,Mon,Daily,WF10 5GL,Castleford,1000
2024-04-15,Mon,Daily,TS19 7NT,Stockton-on-Tees,1000
2024-04-15,Mon,Daily,ST18 0HJ,Stafford,1000
2024-04-15,Mon,Daily,S21 4GZ,Sheffield,1000
2024-04-15,Mon,Daily,RH16 2NF,Haywards Heath,1000
2024-04-15,Mon,Daily,NG15 7GE,Nottingham,1000
2024-04-15,Mon,Daily,M19 1LT,Manchester,1000
2024-04-15,Mon,Daily,LU4 9HH,Luton,1000
2024-04-15,Mon,Daily,L26 1UH,Liverpool,1000
2024-04-15,Mon,Daily,KT10 0TG,Esher,1000
2024-04-15,Mon,Daily,IV30 4DX,Elgin,1000
2024-04-15,Mon,Daily,G83 8SW,Alexandria,1000
2024-04-15,Mon,Daily,G11 6DG,Glasgow,1000
2024-04-15,Mon,Daily,FY8 4LP,Lytham St Annes,1000
2024-04-15,Mon,Daily,FK8 3PX,Stirling,1000
2024-04-15,Mon,Daily,CW8 2GD,Northwich,1000
2024-04-15,Mon,Daily,CH44 2EU,Wallasey,1000
2024-04-15,Mon,Daily,CA14 3XR,Workington,1000
2024-04-15,Mon,Daily,BN22 0EU,Eastbourne,1000
2024-04-15,Mon,Daily,BN1 5BG,Brighton,1000
2024-04-14,Sun,Street Prize,PE33 0PF,King's Lynn,30000
2024-04-13,Sat,Millionaire Street,TF1 5GN,Telford,125000
2024-04-12,Fri,Daily,TF10 7JG,Newport,1000
2024-04-12,Fri,Daily,SE2 0QY,London,1000
2024-04-12,Fri,Daily,RG9 5JS,Henley-on-Thames,1000
2024-04-12,Fri,Daily,PR8 1EG,Southport,1000
2024-04-12,Fri,Daily,PE32 1DD,King's Lynn,1000
2024-04-12,Fri,Daily,PE11 4RB,Spalding,1000
2024-04-12,Fri,Daily,NN11 3UQ,Daventry,1000
2024-04-12,Fri,Daily,NE63 0QR,Ashington,1000
2024-04-12,Fri,Daily,N16 6NT,London,1000
2024-04-12,Fri,Daily,MK16 0PT,Newport Pagnell,1000
2024-04-12,Fri,Daily,L4 2UT,Liverpool,1000
2024-04-12,Fri,Daily,IG11 8JG,Barking,1000
2024-04-12,Fri,Daily,EX22 6XT,Holsworthy,1000
2024-04-12,Fri,Daily,DN34 4EH,Grimsby,1000
2024-04-12,Fri,Daily,CV21 1EW,Rugby,1000
2024-04-12,Fri,Daily,CM2 6UJ,Chelmsford,1000
2024-04-12,Fri,Daily,BL1 7RT,Bolton,1000
2024-04-12,Fri,Daily,BB6 7UW,Blackburn,1000
2024-04-12,Fri,Daily,B6 6RP,Birmingham,1000
2024-04-12,Fri,Daily,AB16 7DN,Aberdeen,1000
2024-04-11,Thu,Daily,WF15 7BW,Liversedge,1000
2024-04-11,Thu,Daily,TW7 6NY,Isleworth,1000
2024-04-11,Thu,Daily,SN15 3DT,Chippenham,1000
2024-04-11,Thu,Daily,SK13 0JS,Glossop,1000
2024-04-11,Thu,Daily,RG5 3RA,Reading,1000
2024-04-11,Thu,Daily,PO37 6LR,Shanklin,1000
2024-04-11,Thu,Daily,NP4 0UA,Pontypool,1000
2024-04-11,Thu,Daily,NE24 5SE,Blyth,1000
2024-04-11,Thu,Daily,N5 2DN,London,1000
2024-04-11,Thu,Daily,M22 9WB,Manchester,1000
2024-04-11,Thu,Daily,LE12 9LQ,Loughborough,1000
2024-04-11,Thu,Daily,HR2 9BW,Hereford,1000
2024-04-11,Thu,Daily,HD9 6LP,Holmfirth,1000
2024-04-11,Thu,Daily,GU18 5XD,Lightwater,1000
2024-04-11,Thu,Daily,DN14 6XB,Goole,1000
2024-04-11,Thu,Daily,DE11 8DN,Swadlincote,1000
2024-04-11,Thu,Daily,CF48 4ES,Merthyr Tydfil,1000
2024-04-11,Thu,Daily,BH15 3BA,Poole,1000
2024-04-11,Thu,Daily,BD16 2NS,Bingley,1000
2024-04-11,Thu,Daily,B29 5DD,Birmingham,1000
2024-04-10,Wed,Daily,WV7 3AG,Wolverhampton,1000
2024-04-10,Wed,Daily,WA14 2LY,Altrincham,1000
2024-04-10,Wed,Daily,UB2 4RL,Southall,1000
2024-04-10,Wed,Daily,TW2 6JH,Twickenham,1000
2024-04-10,Wed,Daily,TA14 6QF,Stoke Sub Hamdon,1000
2024-04-10,Wed,Daily,SG4 7AG,Hitchin,1000
2024-04-10,Wed,Daily,PO12 4QE,Gosport,1000
2024-04-10,Wed,Daily,PL14 3DN,Liskeard,1000
2024-04-10,Wed,Daily,PA4 8EB,Renfrew,1000
2024-04-10,Wed,Daily,NR1 3AY,Norwich,1000
2024-04-10,Wed,Daily,NE47 7HX,Hexham,1000
2024-04-10,Wed,Daily,MK43 7LT,Bedford,1000
2024-04-10,Wed,Daily,ME15 0RX,Maidstone,1000
2024-04-10,Wed,Daily,IP7 7BB,Ipswich,1000
2024-04-10,Wed,Daily,GU34 2AH,Alton,1000
2024-04-10,Wed,Daily,EN9 3BB,Waltham Abbey,1000
2024-04-10,Wed,Daily,DL8 5QG,Leyburn,1000
2024-04-10,Wed,Daily,CV11 6BJ,Nuneaton,1000
2024-04-10,Wed,Daily,CT9 3JR,Margate,1000
2024-04-10,Wed,Daily,AL10 0HJ,Hatfield,1000
2024-04-09,Tue,Daily,SR2 8DB,Sunderland,1000
2024-04-09,Tue,Daily,S41 7AL,Chesterfield,1000
2024-04-09,Tue,Daily,RG2 7ST,Reading,1000
2024-04-09,Tue,Daily,RG12 7DH,Bracknell,1000
2024-04-09,Tue,Daily,PO2 8AT,Portsmouth,1000
2024-04-09,Tue,Daily,OL9 9JD,Oldham,1000
2024-04-09,Tue,Daily,NG24 3QN,Newark,1000
2024-04-09,Tue,Daily,NE66 2NH,Alnwick,1000
2024-04-09,Tue,Daily,N1 9QR,London,1000
2024-04-09,Tue,Daily,LL23 7BN,Bala,1000
2024-04-09,Tue,Daily,LE3 8BE,Leicester,1000
2024-04-09,Tue,Daily,LE11 1NX,Loughborough,1000
2024-04-09,Tue,Daily,L31 2NE,Liverpool,1000
2024-04-09,Tue,Daily,HG1 2PB,Harrogate,1000
2024-04-09,Tue,Daily,GL51 4TY,Cheltenham,1000
2024-04-09,Tue,Daily,FY4 1SD,Blackpool,1000
2024-04-09,Tue,Daily,EH45 8AP,Peebles,1000
2024-04-09,Tue,Daily,CW6 0TE,Tarporley,1000
2024-04-09,Tue,Daily,BS7 0JF,Bristol,1000
2024-04-09,Tue,Daily,BS40 5NT,Bristol,1000
2024-04-08,Mon,Daily,UB6 7AS,Greenford,1000
2024-04-08,Mon,Daily,TN15 7AH,Sevenoaks,1000
2024-04-08,Mon,Daily,RH4 1DH,Dorking,1000
2024-04-08,Mon,Daily,PR8 3QH,Southport,1000
2024-04-08,Mon,Daily,PO2 9SH,Portsmouth,1000
2024-04-08,Mon,Daily,PL14 4HX,Liskeard,1000
2024-04-08,Mon,Daily,PE4 7EF,Peterborough,1000
2024-04-08,Mon,Daily,NR31 7EX,Great Yarmouth,1000
2024-04-08,Mon,Daily,NR29 4BE,Great Yarmouth,1000
2024-04-08,Mon,Daily,NP12 1DW,Blackwood,1000
2024-04-08,Mon,Daily,LE9 8LP,Leicester,1000
2024-04-08,Mon,Daily,L3 8DA,Liverpool,1000
2024-04-08,Mon,Daily,KT7 0YR,Thames Ditton,1000
2024-04-08,Mon,Daily,GL50 2UJ,Cheltenham,1000
2024-04-08,Mon,Daily,GL3 1JP,Gloucester,1000
2024-04-08,Mon,Daily,DT4 0DT,Weymouth,1000
2024-04-08,Mon,Daily,DN15 9SH,Scunthorpe,1000
2024-04-08,Mon,Daily,DG11 1HG,Lockerbie,1000
2024-04-08,Mon,Daily,BS5 8BW,Bristol,1000
2024-04-08,Mon,Daily,BA4 6DT,Shepton Mallet,1000
2024-04-07,Sun,Street Prize,NG6 0EJ,Nottingham,30000
2024-04-06,Sat,Millionaire Street,RM18 7AW,Tilbury,411238
2024-04-05,Fri,Daily,WS7 9LW,Burntwood,1000
2024-04-05,Fri,Daily,TW17 0QE,Shepperton,1000
2024-04-05,Fri,Daily,SN11 9QW,Calne,1000
2024-04-05,Fri,Daily,S66 9EF,Rotherham,1000
2024-04-05,Fri,Daily,S25 2NJ,Sheffield,1000
2024-04-05,Fri,Daily,PR5 5JB,Preston,1000
2024-04-05,Fri,Daily,OL10 3SJ,Heywood,1000
2024-04-05,Fri,Daily,MK10 9FX,Milton Keynes,1000
2024-04-05,Fri,Daily,M26 1BH,Manchester,1000
2024-04-05,Fri,Daily,HD4 6DR,Huddersfield,1000
2024-04-05,Fri,Daily,GU14 7HX,Farnborough,1000
2024-04-05,Fri,Daily,EH39 4AH,North Berwick,1000
2024-04-05,Fri,Daily,E6 3SJ,London,1000
2024-04-05,Fri,Daily,E2 9PE,London,1000
2024-04-05,Fri,Daily,DY1 2SQ,Dudley,1000
2024-04-05,Fri,Daily,DN14 5JG,Goole,1000
2024-04-05,Fri,Daily,DL2 2SS,Darlington,1000
2024-04-05,Fri,Daily,DE73 6RL,Derby,1000
2024-04-05,Fri,Daily,BA5 2HR,Wells,1000
2024-04-05,Fri,Daily,AL8 6PB,Welwyn Garden City,1000
2024-04-04,Thu,Daily,WS12 1JF,Cannock,1000
2024-04-04,Thu,Daily,ST21 6NL,Stafford,1000
2024-04-04,Thu,Daily,SS15 5QA,Basildon,1000
2024-04-04,Thu,Daily,SN3 5HX,Swindon,1000
2024-04-04,Thu,Daily,SM2 5DT,Sutton,1000
2024-04-04,Thu,Daily,S41 8TB,Chesterfield,1000
2024-04-04,Thu,Daily,PL30 3HZ,Bodmin,1000
2024-04-04,Thu,Daily,PH13 9DJ,Blairgowrie,1000
2024-04-04,Thu,Daily,NN4 0XX,Northampton,1000
2024-04-04,Thu,Daily,M6 6LF,Salford,1000
2024-04-04,Thu,Daily,LL55 4AZ,Caernarfon,1000
2024-04-04,Thu,Daily,LA6 2FR,Carnforth,1000
2024-04-04,Thu,Daily,IP23 7HY,Eye,1000
2024-04-04,Thu,Daily,IG4 5PE,Ilford,1000
2024-04-04,Thu,Daily,EX16 6BD,Tiverton,1000
2024-04-04,Thu,Daily,EN1 4UE,Enfield,1000
2024-04-04,Thu,Daily,DE55 6GP,Alfreton,1000
2024-04-04,Thu,Daily,DE22 3DA,Derby,1000
2024-04-04,Thu,Daily,CT10 2EL,Broadstairs,1000
2024-04-04,Thu,Daily,BN17 7BX,Littlehampton,1000
2024-04-03,Wed,Daily,UB5 6BD,Northolt,1000
2024-04-03,Wed,Daily,TA24 6PB,Minehead,1000
2024-04-03,Wed,Daily,SW11 5EZ,London,1000
2024-04-03,Wed,Daily,SO31 8GP,Southampton,1000
2024-04-03,Wed,Daily,SN7 8QL,Faringdon,1000
2024-04-03,Wed,Daily,RG7 1RJ,Reading,1000
2024-04-03,Wed,Daily,PL3 6NJ,Plymouth,1000
2024-04-03,Wed,Daily,PE25 3QZ,Skegness,1000
2024-04-03,Wed,Daily,ML12 6EL,Biggar,1000
2024-04-03,Wed,Daily,MK14 7NJ,Milton Keynes,1000
2024-04-03,Wed,Daily,ME3 8GD,Rochester,1000
2024-04-03,Wed,Daily,LL55 4UP,Caernarfon,1000
2024-04-03,Wed,Daily,L37 7HN,Liverpool,1000
2024-04-03,Wed,Daily,IP28 8NT,Bury St Edmunds,1000
2024-04-03,Wed,Daily,IP26 5EP,Thetford,1000
2024-04-03,Wed,Daily,FY5 1SU,Thornton Cleveleys,1000
2024-04-03,Wed,Daily,EN9 1PB,Waltham Abbey,1000
2024-04-03,Wed,Daily,CH1 3LN,Chester,1000
2024-04-03,Wed,Daily,B11 1LA,Birmingham,1000
2024-04-03,Wed,Daily,AB41 9FW,Ellon,1000
2024-04-02,Tue,Daily,TF7 5EU,Telford,1000
2024-04-02,Tue,Daily,SY7 0LZ,Craven Arms,1000
2024-04-02,Tue,Daily,ST4 8PQ,Stoke-on-Trent,1000
2024-04-02,Tue,Daily,SS3 9PU,Southend-on-Sea,1000
2024-04-02,Tue,Daily,PR26 9AZ,Leyland,1000
2024-04-02,Tue,Daily,PO30 1HT,Newport,1000
2024-04-02,Tue,Daily,NW5 4QB,London,1000
2024-04-02,Tue,Daily,NR21 8LH,Fakenham,1000
2024-04-02,Tue,Daily,NN15 7AG,Kettering,1000
2024-04-02,Tue,Daily,NE47 6BL,Hexham,1000
2024-04-02,Tue,Daily,LU7 0AB,Leighton Buzzard,1000
2024-04-02,Tue,Daily,LE18 3RZ,Wigston,1000
2024-04-02,Tue,Daily,GU30 7RY,Liphook,1000
2024-04-02,Tue,Daily,EX36 3ND,South Molton,1000
2024-04-02,Tue,Daily,EX14 1PR,Honiton,1000
2024-04-02,Tue,Daily,DN17 2QT,Scunthorpe,1000
2024-04-02,Tue,Daily,DH4 7HL,Houghton le Spring,1000
2024-04-02,Tue,Daily,DA2 7RS,Dartford,1000
2024-04-02,Tue,Daily,CF11 7HJ,Cardiff,1000
2024-04-02,Tue,Daily,BD4 9JT,Bradford,1000
2024-04-01,Mon,Daily,WR5 2HY,Worcester,1000
2024-04-01,Mon,Daily,TD9 9UQ,Hawick,1000
2024-04-01,Mon,Daily,TA1 1EP,Taunton,1000
2024-04-01,Mon,Daily,SS9 4TB,Leigh-on-Sea,1000
2024-04-01,Mon,Daily,PO21 3DD,Bognor Regis,1000
2024-04-01,Mon,Daily,PE19 5UB,St Neots,1000
2024-04-01,Mon,Daily,NP25 4LW,Monmouth,1000
2024-04-01,Mon,Daily,NE3 2RN,Newcastle upon Tyne,1000
2024-04-01,Mon,Daily,NE21 4HL,Blaydon on Tyne,1000
2024-04-01,Mon,Daily,L25 4AH,Liverpool,1000
2024-04-01,Mon,Daily,HR8 2PD,Ledbury,1000
2024-04-01,Mon,Daily,HP3 9JA,Hemel Hempstead,1000
2024-04-01,Mon,Daily,DE13 0BW,Burton upon Trent,1000
2024-04-01,Mon,Daily,DD4 7AE,Dundee,1000
2024-04-01,Mon,Daily,CV22 6HY,Rugby,1000
2024-04-01,Mon,Daily,CO5 9QP,Colchester,1000
2024-04-01,Mon,Daily,CO16 7BY,Clacton-on-Sea,1000
2024-04-01,Mon,Daily,BN15 9NP,Lancing,1000
2024-04-01,Mon,Daily,BB2 4PB,Blackburn,1000
2024-04-01,Mon,Daily,BA12 0PY,Warminster,1000
2024-03-31,Sun,Street Prize,NR24 2DS,Melton Constable,30000
2024-03-30,Sat,Postcode Millions,WA15 9DZ,Altrincham,
2024-03-30,Sat,Millionaire Street,SK8 3NS,Cheadle,100000
2024-03-29,Fri,Daily,WS10 0BW,Wednesbury,1000
2024-03-29,Fri,Daily,TS20 1SD,Stockton-on-Tees,1000
2024-03-29,Fri,Daily,TR16 6LG,Redruth,1000
2024-03-29,Fri,Daily,TN17 1HB,Cranbrook,1000
2024-03-29,Fri,Daily,TD15 1DN,Berwick-upon-Tweed,1000
2024-03-29,Fri,Daily,ST9 9AZ,Stoke-on-Trent,1000
2024-03-29,Fri,Daily,ST4 3HZ,Stoke-on-Trent,1000
2024-03-29,Fri,Daily,SA73 1UB,Milford Haven,1000
2024-03-29,Fri,Daily,L25 9QG,Liverpool,1000
2024-03-29,Fri,Daily,KA17 0HZ,Darvel,1000
2024-03-29,Fri,Daily,G69 7LX,Glasgow,1000
2024-03-29,Fri,Daily,FY4 3QX,Blackpool,1000
2024-03-29,Fri,Daily,E4 9BH,London,1000
2024-03-29,Fri,Daily,CT20 3UE,Folkestone,1000
2024-03-29,Fri,Daily,CO15 6LJ,Clacton-on-Sea,1000
2024-03-29,Fri,Daily,CB11 3EE,Saffron Walden,1000
2024-03-29,Fri,Daily,BB12 6DF,Burnley,1000
2024-03-29,Fri,Daily,B74 3NR,Sutton Coldfield,1000
2024-03-29,Fri,Daily,B30 3BU,Birmingham,1000
2024-03-29,Fri,Daily,AL9 7DF,Hatfield,1000
2024-03-28,Thu,Daily,TN40 1BG,Bexhill on Sea,1000
2024-03-28,Thu,Daily,TA3 7NJ,Taunton,1000
2024-03-28,Thu,Daily,SK5 6JU,Stockport,1000
2024-03-28,Thu,Daily,SG5 3XD,Hitchin,1000
2024-03-28,Thu,Daily,RG12 2PS,Bracknell,1000
2024-03-28,Thu,Daily,PA14 5EE,Port Glasgow,1000
2024-03-28,Thu,Daily,OX13 5NZ,Abingdon,1000
2024-03-28,Thu,Daily,NN4 5AG,Northampton,1000
2024-03-28,Thu,Daily,MK45 2LB,Bedford,1000
2024-03-28,Thu,Daily,MK10 9QU,Milton Keynes,1000
2024-03-28,Thu,Daily,KA13 7AP,Kilwinning,1000
2024-03-28,Thu,Daily,HR2 8PE,Hereford,1000
2024-03-28,Thu,Daily,GL4 3JH,Gloucester,1000
2024-03-28,Thu,Daily,G20 6JX,Glasgow,1000
2024-03-28,Thu,Daily,FY3 7BJ,Blackpool,1000
2024-03-28,Thu,Daily,DL3 6NT,Darlington,1000
2024-03-28,Thu,Daily,DA12 5EX,Gravesend,1000
2024-03-28,Thu,Daily,CF5 1GR,Cardiff,1000
2024-03-28,Thu,Daily,CB24 4AG,Cambridge,1000
2024-03-28,Thu,Daily,BH23 2LJ,Christchurch,1000
2024-03-27,Wed,Daily,WR13 5JG,Great Malvern,1000
2024-03-27,Wed,Daily,WR11 1UY,Evesham,1000
2024-03-27,Wed,Daily,WF12 7JF,Dewsbury,1000
2024-03-27,Wed,Daily,SS16 4PL,Basildon,1000
2024-03-27,Wed,Daily,S81 0HL,Worksop,1000
2024-03-27,Wed,Daily,PL19 8RY,Tavistock,1000
2024-03-27,Wed,Daily,PH1 4ER,Perth,1000
2024-03-27,Wed,Daily,M43 7UY,Manchester,1000
2024-03-27,Wed,Daily,G73 4RH,Glasgow,1000
2024-03-27,Wed,Daily,G73 2EW,Glasgow,1000
2024-03-27,Wed,Daily,EX23 8LQ,Bude,1000
2024-03-27,Wed,Daily,DY10 1SY,Kidderminster,1000
2024-03-27,Wed,Daily,DN33 3RQ,Grimsby,1000
2024-03-27,Wed,Daily,DL1 3TB,Darlington,1000
2024-03-27,Wed,Daily,DH8 7NA,Consett,1000
2024-03-27,Wed,Daily,DD11 4UB,Arbroath,1000
2024-03-27,Wed,Daily,CT9 5NW,Margate,1000
2024-03-27,Wed,Daily,BS20 6PJ,Bristol,1000
2024-03-27,Wed,Daily,BL1 5LB,Bolton,1000
2024-03-27,Wed,Daily,B16 8JH,Birmingham,1000
2024-03-26,Tue,Daily,YO61 3GN,York,1000
2024-03-26,Tue,Daily,WF11 8LH,Knottingley,1000
2024-03-26,Tue,Daily,SO41 5SJ,Lymington,1000
2024-03-26,Tue,Daily,S6 3RW,Sheffield,1000
2024-03-26,Tue,Daily,RM6 4EJ,Romford,1000
2024-03-26,Tue,Daily,RM13 9QX,Rainham,1000
2024-03-26,Tue,Daily,RG2 7RZ,Reading,1000
2024-03-26,Tue,Daily,NG24 4AH,Newark,1000
2024-03-26,Tue,Daily,NG23 7NR,Newark,1000
2024-03-26,Tue,Daily,NE5 3NS,Newcastle upon Tyne,1000
2024-03-26,Tue,Daily,ME5 7LY,Chatham,1000
2024-03-26,Tue,Daily,HR3 5ES,Hereford,1000
2024-03-26,Tue,Daily,HA8 6RX,Edgware,1000
2024-03-26,Tue,Daily,EX14 1EH,Honiton,1000
2024-03-26,Tue,Daily,EN8 0LW,Waltham Cross,1000
2024-03-26,Tue,Daily,EH54 5JF,Livingston,1000
2024-03-26,Tue,Daily,DE65 5DS,Derby,1000
2024-03-26,Tue,Daily,CF11 6FZ,Cardiff,1000
2024-03-26,Tue,Daily,BN22 9EG,Eastbourne,1000
2024-03-26,Tue,Daily,B61 0JU,Bromsgrove,1000
2024-03-25,Mon,Daily,WD6 1FU,Borehamwood,1000
2024-03-25,Mon,Daily,TA10 0QU,Langport,1000
2024-03-25,Mon,Daily,SP11 0NL,Andover,1000
2024-03-25,Mon,Daily,SN25 2PN,Swindon,1000
2024-03-25,Mon,Daily,SK13 1BB,Glossop,1000
2024-03-25,Mon,Daily,SA15 1JX,Llanelli,1000
2024-03-25,Mon,Daily,RG12 7ET,Bracknell,1000
2024-03-25,Mon,Daily,NW1 8LL,London,1000
2024-03-25,Mon,Daily,NN4 8LF,Northampton,1000
2024-03-25,Mon,Daily,NE16 4LS,Newcastle upon Tyne,1000
2024-03-25,Mon,Daily,LS16 6QR,Leeds,1000
2024-03-25,Mon,Daily,LS12 2HU,Leeds,1000
2024-03-25,Mon,Daily,HU13 0FS,Hessle,1000
2024-03-25,Mon,Daily,G41 2PY,Glasgow,1000
2024-03-25,Mon,Daily,EX4 1DG,Exeter,1000
2024-03-25,Mon,Daily,CM6 3UX,Dunmow,1000
2024-03-25,Mon,Daily,CF82 7HB,Hengoed,1000
2024-03-25,Mon,Daily,CF44 6YH,Aberdare,1000
2024-03-25,Mon,Daily,CB10 1ST,Saffron Walden,1000
2024-03-25,Mon,Daily,BR6 6JA,Orpington,1000
2024-03-24,Sun,Street Prize,SA43 3AP,Cardigan,30000
2024-03-23,Sat,Millionaire Street,PO20 9BA,Chichester,142857
2024-03-22,Fri,Daily,TR2 4ND,Truro,1000
2024-03-22,Fri,Daily,TN33 0SX,Battle,1000
2024-03-22,Fri,Daily,TN15 8HB,Sevenoaks,1000
2024-03-22,Fri,Daily,RM15 5HQ,South Ockendon,1000
2024-03-22,Fri,Daily,RG10 9QQ,Reading,1000
2024-03-22,Fri,Daily,PO30 5JZ,Newport,1000
2024-03-22,Fri,Daily,OX14 4EF,Abingdon,1000
2024-03-22,Fri,Daily,NN16 9TP,Kettering,1000
2024-03-22,Fri,Daily,NG24 3BE,Newark,1000
2024-03-22,Fri,Daily,M5 3BB,Salford,1000
2024-03-22,Fri,Daily,L9 3AX,Liverpool,1000
2024-03-22,Fri,Daily,GU11 2NF,Aldershot,1000
2024-03-22,Fri,Daily,DH6 5DW,Durham,1000
2024-03-22,Fri,Daily,DA16 2EQ,Welling,1000
2024-03-22,Fri,Daily,DA12 3BS,Gravesend,1000
2024-03-22,Fri,Daily,DA1 5HL,Dartford,1000
2024-03-22,Fri,Daily,CF41 7EY,Pentre,1000
2024-03-22,Fri,Daily,BS34 8XW,Bristol,1000
2024-03-22,Fri,Daily,BH19 2LA,Swanage,1000
2024-03-22,Fri,Daily,BB5 4DQ,Accrington,1000
2024-03-21,Thu,Daily,WN4 8TN,Wigan,1000
2024-03-21,Thu,Daily,TN34 3NA,Hastings,1000
2024-03-21,Thu,Daily,RM8 1SP,Dagenham,1000
2024-03-21,Thu,Daily,RH6 0AX,Horley,1000
2024-03-21,Thu,Daily,RG23 7HR,Basingstoke,1000
2024-03-21,Thu,Daily,NG8 3QF,Nottingham,1000
2024-03-21,Thu,Daily,NG23 6BT,Newark,1000
2024-03-21,Thu,Daily,NE64 6DQ,Newbiggin by the Sea,1000
2024-03-21,Thu,Daily,MK14 5JB,Milton Keynes,1000
2024-03-21,Thu,Daily,LL12 8XJ,Wrexham,1000
2024-03-21,Thu,Daily,HR1 1JY,Hereford,1000
2024-03-21,Thu,Daily,HD1 4BP,Huddersfield,1000
2024-03-21,Thu,Daily,G32 7JL,Glasgow,1000
2024-03-21,Thu,Daily,DN5 7XG,Doncaster,1000
2024-03-21,Thu,Daily,DL3 0ZP,Darlington,1000
2024-03-21,Thu,Daily,DH4 4SZ,Houghton le Spring,1000
2024-03-21,Thu,Daily,CR4 4HJ,Mitcham,1000
2024-03-21,Thu,Daily,CH60 2TR,Wirral,1000
2024-03-21,Thu,Daily,B45 8DY,Birmingham,1000
2024-03-21,Thu,Daily,B37 7GS,Birmingham,1000
2024-03-20,Wed,Daily,W3 0DQ,London,1000
2024-03-20,Wed,Daily,W13 0AU,London,1000
2024-03-20,Wed,Daily,TD9 7LU,Hawick,1000
2024-03-20,Wed,Daily,ST3 4SP,Stoke-on-Trent,1000
2024-03-20,Wed,Daily,SR4 6RE,Sunderland,1000
2024-03-20,Wed,Daily,SO45 5WT,Southampton,1000
2024-03-20,Wed,Daily,SN4 9AN,Swindon,1000
2024-03-20,Wed,Daily,NN8 4EB,Wellingborough,1000
2024-03-20,Wed,Daily,MK14 5EW,Milton Keynes,1000
2024-03-20,Wed,Daily,M31 4HW,Manchester,1000
2024-03-20,Wed,Daily,LS16 9AQ,Leeds,1000
2024-03-20,Wed,Daily,LL19 7UX,Prestatyn,1000
2024-03-20,Wed,Daily,GU34 2BN,Alton,1000
2024-03-20,Wed,Daily,DN11 0TS,Doncaster,1000
2024-03-20,Wed,Daily,CV47 2RP,Leamington Spa,1000
2024-03-20,Wed,Daily,CO6 4PW,Colchester,1000
2024-03-20,Wed,Daily,CF35 6JN,Bridgend,1000
2024-03-20,Wed,Daily,BH12 5AY,Poole,1000
2024-03-20,Wed,Daily,BA11 1JR,Frome,1000
2024-03-20,Wed,Daily,AB30 1FN,Laurencekirk,1000
2024-03-19,Tue,Daily,TQ12 6RP,Newton Abbot,1000
2024-03-19,Tue,Daily,TA24 5JE,Minehead,1000
2024-03-19,Tue,Daily,ST18 0NG,Stafford,1000
2024-03-19,Tue,Daily,SS7 3UN,Benfleet,1000
2024-03-19,Tue,Daily,SN25 4WD,Swindon,1000
2024-03-19,Tue,Daily,SG14 1DU,Hertford,1000
2024-03-19,Tue,Daily,SA15 3SS,Llanelli,1000
2024-03-19,Tue,Daily,S17 4PY,Sheffield,1000
2024-03-19,Tue,Daily,RH13 6BS,Horsham,1000
2024-03-19,Tue,Daily,RG2 9RH,Reading,1000
2024-03-19,Tue,Daily,PL10 1BS,Torpoint,1000
2024-03-19,Tue,Daily,NE24 3HS,Blyth,1000
2024-03-19,Tue,Daily,NE21 6JQ,Blaydon on Tyne,1000
2024-03-19,Tue,Daily,ML10 6DA,Strathaven,1000
2024-03-19,Tue,Daily,M33 2JN,Sale,1000
2024-03-19,Tue,Daily,HP4 1EZ,Berkhamsted,1000
2024-03-19,Tue,Daily,FY5 3TP,Thornton Cleveleys,1000
2024-03-19,Tue,Daily,DN4 8RQ,Doncaster,1000
2024-03-19,Tue,Daily,CF43 4BH,Ferndale,1000
2024-03-19,Tue,Daily,BL8 1NW,Bury,1000
2024-03-18,Mon,Daily,TN37 7QL,St Leonards on Sea,1000
2024-03-18,Mon,Daily,TN1 1TN,Tunbridge Wells,1000
2024-03-18,Mon,Daily,SO16 9RE,Southampton,1000
2024-03-18,Mon,Daily,SK14 1NA,Hyde,1000
2024-03-18,Mon,Daily,S13 7EZ,Sheffield,1000
2024-03-18,Mon,Daily,PR9 7RA,Southport,1000
2024-03-18,Mon,Daily,NG18 2QJ,Mansfield,1000
2024-03-18,Mon,Daily,ME9 7ND,Sittingbourne,1000
2024-03-18,Mon,Daily,L23 5RB,Liverpool,1000
2024-03-18,Mon,Daily,KY16 8BD,St Andrews,1000
2024-03-18,Mon,Daily,HD8 8XP,Huddersfield,1000
2024-03-18,Mon,Daily,EH17 7LS,Edinburgh,1000
2024-03-18,Mon,Daily,EH13 9DQ,Edinburgh,1000
2024-03-18,Mon,Daily,EH11 3BJ,Edinburgh,1000
2024-03-18,Mon,Daily,CW11 3NZ,Sandbach,1000
2024-03-18,Mon,Daily,CB8 8TR,Newmarket,1000
2024-03-18,Mon,Daily,BS9 2JE,Bristol,1000
2024-03-18,Mon,Daily,BN15 0NG,Lancing,1000
2024-03-18,Mon,Daily,BB11 4AT,Burnley,1000
2024-03-18,Mon,Daily,AB55 5JZ,Keith,1000
2024-03-17,Sun,Street Prize,TD9 7BJ,Hawick,30000
2024-03-16,Sat,Millionaire Street,G69 6DQ,Glasgow,200000
2024-03-15,Fri,Daily,WS12 3HE,Cannock,1000
2024-03-15,Fri,Daily,WD23 2HS,Bushey,1000
2024-03-15,Fri,Daily,SY13 4DF,Whitchurch,1000
2024-03-15,Fri,Daily,SG5 4GD,Hitchin,1000
2024-03-15,Fri,Daily,SA48 7PG,Lampeter,1000
2024-03-15,Fri,Daily,RM6 6JS,Romford,1000
2024-03-15,Fri,Daily,RH12 5AS,Horsham,1000
2024-03-15,Fri,Daily,PH2 8EG,Perth,1000
2024-03-15,Fri,Daily,PA33 1BX,Dalmally,1000
2024-03-15,Fri,Daily,NP23 6UR,Ebbw Vale,1000
2024-03-15,Fri,Daily,NG4 3NT,Nottingham,1000
2024-03-15,Fri,Daily,NG18 5LW,Mansfield,1000
2024-03-15,Fri,Daily,NE33 5LB,South Shields,1000
2024-03-15,Fri,Daily,ML6 0NW,Airdrie,1000
2024-03-15,Fri,Daily,LL31 9ER,Llandudno Junction,1000
2024-03-15,Fri,Daily,FK3 9EZ,Grangemouth,1000
2024-03-15,Fri,Daily,DA8 3DQ,Erith,1000
2024-03-15,Fri,Daily,CV9 2RP,Atherstone,1000
2024-03-15,Fri,Daily,BR5 3JD,Orpington,1000
2024-03-15,Fri,Daily,BN2 6BE,Brighton,1000
2024-03-14,Thu,Daily,WA10 2ET,St Helens,1000
2024-03-14,Thu,Daily,TN5 6UA,Wadhurst,1000
2024-03-14,Thu,Daily,TN2 3TE,Tunbridge Wells,1000
2024-03-14,Thu,Daily,SY11 2XL,Oswestry,1000
2024-03-14,Thu,Daily,SS14 3NU,Basildon,1000
2024-03-14,Thu,Daily,RG23 7JX,Basingstoke,1000
2024-03-14,Thu,Daily,NN1 4DP,Northampton,1000
2024-03-14,Thu,Daily,NG16 6EG,Nottingham,1000
2024-03-14,Thu,Daily,ME2 1LT,Rochester,1000
2024-03-14,Thu,Daily,LS15 4DY,Leeds,1000
2024-03-14,Thu,Daily,LA13 9TU,Barrow-in-Furness,1000
2024-03-14,Thu,Daily,L36 5UF,Liverpool,1000
2024-03-14,Thu,Daily,G21 3QH,Glasgow,1000
2024-03-14,Thu,Daily,DE73 8LY,Derby,1000
2024-03-14,Thu,Daily,CT9 3DH,Margate,1000
2024-03-14,Thu,Daily,CT17 0AU,Dover,1000
2024-03-14,Thu,Daily,CF14 1TB,Cardiff,1000
2024-03-14,Thu,Daily,BS48 2TL,Bristol,1000
2024-03-14,Thu,Daily,BN16 2EE,Littlehampton,1000
2024-03-14,Thu,Daily,AL3 6ER,St Albans,1000
2024-03-13,Wed,Daily,TN13 2PU,Sevenoaks,1000
2024-03-13,Wed,Daily,ST5 3JN,Newcastle,1000
2024-03-13,Wed,Daily,SM7 1DB,Banstead,1000
2024-03-13,Wed,Daily,SA72 6XL,Pembroke Dock,1000
2024-03-13,Wed,Daily,PO16 8BL,Fareham,1000
2024-03-13,Wed,Daily,PO10 8EG,Emsworth,1000
2024-03-13,Wed,Daily,PL35 0BH,Boscastle,1000
2024-03-13,Wed,Daily,NR29 3QG,Great Yarmouth,1000
2024-03-13,Wed,Daily,NE30 4EH,North Shields,1000
2024-03-13,Wed,Daily,LS13 3JQ,Leeds,1000
2024-03-13,Wed,Daily,LL33 0SG,Llanfairfechan,1000
2024-03-13,Wed,Daily,LL13 0DB,Wrexham,1000
2024-03-13,Wed,Daily,HU10 6HX,Hull,1000
2024-03-13,Wed,Daily,HR9 6HR,Ross-on-Wye,1000
2024-03-13,Wed,Daily,HP19 7FB,Aylesbury,1000
2024-03-13,Wed,Daily,CV3 6NQ,Coventry,1000
2024-03-13,Wed,Daily,CO10 5LW,Sudbury,1000
2024-03-13,Wed,Daily,BD7 4NL,Bradford,1000
2024-03-13,Wed,Daily,BA21 5QR,Yeovil,1000
2024-03-13,Wed,Daily,B76 1HD,Sutton Coldfield,1000
2024-03-12,Tue,Daily,YO42 2QY,York,1000
2024-03-12,Tue,Daily,UB3 4AT,Hayes,1000
2024-03-12,Tue,Daily,TN32 5EQ,Robertsbridge,1000
2024-03-12,Tue,Daily,SS1 2XB,Southend-on-Sea,1000
2024-03-12,Tue,Daily,SA5 5DF,Swansea,1000
2024-03-12,Tue,Daily,S20 5AR,Sheffield,1000
2024-03-12,Tue,Daily,PO22 8FX,Bognor Regis,1000
2024-03-12,Tue,Daily,NG24 2RE,Newark,1000
2024-03-12,Tue,Daily,ME10 2TJ,Sittingbourne,1000
2024-03-12,Tue,Daily,EH4 7SQ,Edinburgh,1000
2024-03-12,Tue,Daily,DY4 0TX,Tipton,1000
2024-03-12,Tue,Daily,DH1 2HP,Durham,1000
2024-03-12,Tue,Daily,DE14 3PR,Burton upon Trent,1000
2024-03-12,Tue,Daily,CV32 5UQ,Leamington Spa,1000
2024-03-12,Tue,Daily,CV2 2AH,Coventry,1000
2024-03-12,Tue,Daily,CA14 4QQ,Workington,1000
2024-03-12,Tue,Daily,BN27 1JP,Hailsham,1000
2024-03-12,Tue,Daily,BB6 8ET,Blackburn,1000
2024-03-12,Tue,Daily,BA12 7JT,Warminster,1000
2024-03-12,Tue,Daily,B36 8SY,Birmingham,1000
2024-03-11,Mon,Daily,YO16 7DH,Bridlington,1000
2024-03-11,Mon,Daily,TW9 2JR,Richmond,1000
2024-03-11,Mon,Daily,TW20 0NN,Egham,1000
2024-03-11,Mon,Daily,SO32 2TT,Southampton,1000
2024-03-11,Mon,Daily,SL9 9DE,Gerrards Cross,1000
2024-03-11,Mon,Daily,S36 1BP,Sheffield,1000
2024-03-11,Mon,Daily,PO9 4JR,Havant,1000
2024-03-11,Mon,Daily,PO18 8AU,Chichester,1000
2024-03-11,Mon,Daily,NN9 6PT,Wellingborough,1000
2024-03-11,Mon,Daily,LU4 0EF,Luton,1000
2024-03-11,Mon,Daily,LN6 9JU,Lincoln,1000
2024-03-11,Mon,Daily,KA18 2BZ,Cumnock,1000
2024-03-11,Mon,Daily,HD9 4AJ,Holmfirth,1000
2024-03-11,Mon,Daily,GL12 7BA,Wotton under Edge,1000
2024-03-11,Mon,Daily,G84 7TY,Helensburgh,1000
2024-03-11,Mon,Daily,E17 9RL,London,1000
2024-03-11,Mon,Daily,DL7 9AF,Northallerton,1000
2024-03-11,Mon,Daily,CT4 5HU,Canterbury,1000
2024-03-11,Mon,Daily,CH2 4PZ,Chester,1000
2024-03-11,Mon,Daily,B37 7TH,Birmingham,1000
2024-03-10,Sun,Street Prize,WF1 2LX,Wakefield,30000
2024-03-09,Sat,Millionaire Street,G75 0DH,Glasgow,407032
2024-03-08,Fri,Daily,YO32 3EH,York,1000
2024-03-08,Fri,Daily,UB10 9HN,Uxbridge,1000
2024-03-08,Fri,Daily,SO19 5LJ,Southampton,1000
2024-03-08,Fri,Daily,SK9 2QW,Wilmslow,1000
2024-03-08,Fri,Daily,PR7 1RB,Chorley,1000
2024-03-08,Fri,Daily,PL9 7EN,Plymouth,1000
2024-03-08,Fri,Daily,NG9 8LZ,Nottingham,1000
2024-03-08,Fri,Daily,ML9 2BX,Larkhall,1000
2024-03-08,Fri,Daily,M21 0TT,Manchester,1000
2024-03-08,Fri,Daily,LU2 0PX,Luton,1000
2024-03-08,Fri,Daily,L10 1NJ,Liverpool,1000
2024-03-08,Fri,Daily,KY12 0PS,Dunfermline,1000
2024-03-08,Fri,Daily,KA3 2RB,Kilmarnock,1000
2024-03-08,Fri,Daily,IV30 5SU,Elgin,1000
2024-03-08,Fri,Daily,GL3 3UG,Gloucester,1000
2024-03-08,Fri,Daily,GL14 2DP,Cinderford,1000
2024-03-08,Fri,Daily,G13 3PG,Glasgow,1000
2024-03-08,Fri,Daily,DN14 7EN,Goole,1000
2024-03-08,Fri,Daily,BA16 0AN,Street,1000
2024-03-08,Fri,Daily,B73 5BL,Sutton Coldfield,1000
2024-03-07,Thu,Daily,TR7 1NJ,Newquay,1000
2024-03-07,Thu,Daily,TR11 2QR,Falmouth,1000
2024-03-07,Thu,Daily,TQ2 5JR,Torquay,1000
2024-03-07,Thu,Daily,SO50 9RH,Eastleigh,1000
2024-03-07,Thu,Daily,SO30 3GA,Southampton,1000
2024-03-07,Thu,Daily,SL2 1QR,Slough,1000
2024-03-07,Thu,Daily,SK1 4HX,Stockport,1000
2024-03-07,Thu,Daily,PE7 8JL,Peterborough,1000
2024-03-07,Thu,Daily,PA3 3EF,Paisley,1000
2024-03-07,Thu,Daily,OL4 4EW,Oldham,1000
2024-03-07,Thu,Daily,NG23 6PX,Newark,1000
2024-03-07,Thu,Daily,NE26 2BE,Whitley Bay,1000
2024-03-07,Thu,Daily,LA4 6BN,Morecambe,1000
2024-03-07,Thu,Daily,L10 8JR,Liverpool,1000
2024-03-07,Thu,Daily,G78 3LE,Glasgow,1000
2024-03-07,Thu,Daily,EH14 3BT,Edinburgh,1000
2024-03-07,Thu,Daily,CV10 8LH,Nuneaton,1000
2024-03-07,Thu,Daily,CM23 1DZ,Bishop's Stortford,1000
2024-03-07,Thu,Daily,BD15 0AT,Bradford,1000
2024-03-07,Thu,Daily,B79 8HH,Tamworth,1000
2024-03-06,Wed,Daily,TA4 1JL,Taunton,1000
2024-03-06,Wed,Daily,SO19 7AU,Southampton,1000
2024-03-06,Wed,Daily,RM16 2DF,Grays,1000
2024-03-06,Wed,Daily,OL15 8QE,Littleborough,1000
2024-03-06,Wed,Daily,NR9 5LB,Norwich,1000
2024-03-06,Wed,Daily,NR35 1TS,Bungay,1000
2024-03-06,Wed,Daily,NE61 3BE,Morpeth,1000
2024-03-06,Wed,Daily,LL40 2BH,Dolgellau,1000
2024-03-06,Wed,Daily,LL14 4JD,Wrexham,1000
2024-03-06,Wed,Daily,IG2 7DN,Ilford,1000
2024-03-06,Wed,Daily,GU2 8ER,Guildford,1000
2024-03-06,Wed,Daily,DN21 2RA,Gainsborough,1000
2024-03-06,Wed,Daily,CO7 8BS,Colchester,1000
2024-03-06,Wed,Daily,CF44 8AF,Aberdare,1000
2024-03-06,Wed,Daily,BS35 3HZ,Bristol,1000
2024-03-06,Wed,Daily,BL1 8EA,Bolton,1000
2024-03-06,Wed,Daily,BH23 5NB,Christchurch,1000
2024-03-06,Wed,Daily,BB9 8DF,Nelson,1000
2024-03-06,Wed,Daily,B92 8NS,Solihull,1000
2024-03-06,Wed,Daily,AB21 9HW,Aberdeen,1000
2024-03-05,Tue,Daily,WF9 5HB,Pontefract,1000
2024-03-05,Tue,Daily,TS19 7JJ,Stockton-on-Tees,1000
2024-03-05,Tue,Daily,TR20 8ET,Penzance,1000
2024-03-05,Tue,Daily,SS14 1FZ,Basildon,1000
2024-03-05,Tue,Daily,SP2 9DG,Salisbury,1000
2024-03-05,Tue,Daily,SA4 0TN,Swansea,1000
2024-03-05,Tue,Daily,PO31 8AY,Cowes,1000
2024-03-05,Tue,Daily,PO10 7NP,Emsworth,1000
2024-03-05,Tue,Daily,PL18 9QX,Calstock,1000
2024-03-05,Tue,Daily,OX4 4YW,Oxford,1000
2024-03-05,Tue,Daily,NN8 3FP,Wellingborough,1000
2024-03-05,Tue,Daily,M20 4TT,Manchester,1000
2024-03-05,Tue,Daily,KA15 2AF,Beith,1000
2024-03-05,Tue,Daily,IG2 6QJ,Ilford,1000
2024-03-05,Tue,Daily,HD9 3XU,Holmfirth,1000
2024-03-05,Tue,Daily,HA5 5SL,Pinner,1000
2024-03-05,Tue,Daily,EH11 2BP,Edinburgh,1000
2024-03-05,Tue,Daily,CV3 3GE,Coventry,1000
2024-03-05,Tue,Daily,CR8 5JW,Kenley,1000
2024-03-05,Tue,Daily,BD10 0QY,Bradford,1000
2024-03-04,Mon,Daily,WV12 4AL,Willenhall,1000
2024-03-04,Mon,Daily,WF8 4BB,Pontefract,1000
2024-03-04,Mon,Daily,TQ5 0LY,Brixham,1000
2024-03-04,Mon,Daily,ST8 7NY,Stoke-on-Trent,1000
2024-03-04,Mon,Daily,ST7 1RA,Stoke-on-Trent,1000
2024-03-04,Mon,Daily,SN16 9QU,Malmesbury,1000
2024-03-04,Mon,Daily,SA19 7UL,Llandeilo,1000
2024-03-04,Mon,Daily,RH11 0JJ,Crawley,1000
2024-03-04,Mon,Daily,PO19 3RW,Chichester,1000
2024-03-04,Mon,Daily,PE34 4HA,King's Lynn,1000
2024-03-04,Mon,Daily,PE3 9RA,Peterborough,1000
2024-03-04,Mon,Daily,NP26 4LD,Newport,1000
2024-03-04,Mon,Daily,M22 0FE,Manchester,1000
2024-03-04,Mon,Daily,HA6 3LU,Northwood,1000
2024-03-04,Mon,Daily,DN5 8NT,Doncaster,1000
2024-03-04,Mon,Daily,CV12 0GB,Bedworth,1000
2024-03-04,Mon,Daily,CM9 4RA,Maldon,1000
2024-03-04,Mon,Daily,CM7 3XN,Braintree,1000
2024-03-04,Mon,Daily,BH18 9NR,Broadstone,1000
2024-03-04,Mon,Daily,BD17 7PL,Shipley,1000
2024-03-03,Sun,Street Prize,ME19 4TG,West Malling,30000
2024-03-02,Sat,Postcode Millions,DN35 7UG,Cleethorpes,
2024-03-02,Sat,Millionaire Street,NN3 3JE,Northampton,333333
2024-03-01,Fri,Daily,YO8 4HD,Selby,1000
2024-03-01,Fri,Daily,UB2 4UJ,Southall,1000
2024-03-01,Fri,Daily,SN1 3PG,Swindon,1000
2024-03-01,Fri,Daily,SG18 8PP,Biggleswade,1000
2024-03-01,Fri,Daily,RM9 6FD,Dagenham,1000
2024-03-01,Fri,Daily,RG20 8LX,Newbury,1000
2024-03-01,Fri,Daily,PO1 1JD,Portsmouth,1000
2024-03-01,Fri,Daily,PL16 0AL,Lifton,1000
2024-03-01,Fri,Daily,NN14 2WS,Kettering,1000
2024-03-01,Fri,Daily,ML11 9DN,Lanark,1000
2024-03-01,Fri,Daily,L33 9TL,Liverpool,1000
2024-03-01,Fri,Daily,L18 2HA,Liverpool,1000
2024-03-01,Fri,Daily,IV25 3LL,Dornoch,1000
2024-03-01,Fri,Daily,FY2 0AA,Blackpool,1000
2024-03-01,Fri,Daily,CO12 3RN,Harwich,1000
2024-03-01,Fri,Daily,CH65 2BR,Ellesmere Port,1000
2024-03-01,Fri,Daily,BS15 3PX,Bristol,1000
2024-03-01,Fri,Daily,BN3 4HD,Hove,1000
2024-03-01,Fri,Daily,BB1 9EJ,Blackburn,1000
2024-03-01,Fri,Daily,AB15 8GE,Aberdeen,1000
2024-02-29,Thu,Daily,WF6 2DB,Normanton,1000
2024-02-29,Thu,Daily,WD7 9LQ,Radlett,1000
2024-02-29,Thu,Daily,SW16 6AH,London,1000
2024-02-29,Thu,Daily,SG1 4LT,Stevenage,1000
2024-02-29,Thu,Daily,SA72 6ED,Pembroke Dock,1000
2024-02-29,Thu,Daily,S6 2TP,Sheffield,1000
2024-02-29,Thu,Daily,NN6 9LF,Northampton,1000
2024-02-29,Thu,Daily,NE4 9SY,Newcastle upon Tyne,1000
2024-02-29,Thu,Daily,N9 0AF,London,1000
2024-02-29,Thu,Daily,LL15 1LE,Ruthin,1000
2024-02-29,Thu,Daily,LE67 5GH,Coalville,1000
2024-02-29,Thu,Daily,LE14 3DJ,Melton Mowbray,1000
2024-02-29,Thu,Daily,HU5 4NS,Hull,1000
2024-02-29,Thu,Daily,GU34 5DF,Alton,1000
2024-02-29,Thu,Daily,DG8 6LA,Newton Stewart,1000
2024-02-29,Thu,Daily,CV36 4PG,Shipston on Stour,1000
2024-02-29,Thu,Daily,CH42 9JW,Birkenhead,1000
2024-02-29,Thu,Daily,BA3 3QG,Radstock,1000
2024-02-29,Thu,Daily,B66 1RE,Smethwick,1000
2024-02-29,Thu,Daily,AB12 3TJ,Aberdeen,1000
2024-02-28,Wed,Daily,TW3 1SS,Hounslow,1000
2024-02-28,Wed,Daily,SY16 4AX,Newtown,1000
2024-02-28,Wed,Daily,SW9 8DL,London,1000
2024-02-28,Wed,Daily,S73 8RQ,Barnsley,1000
2024-02-28,Wed,Daily,RM15 5QX,South Ockendon,1000
2024-02-28,Wed,Daily,RG22 6UN,Basingstoke,1000
2024-02-28,Wed,Daily,NE37 2DP,Washington,1000
2024-02-28,Wed,Daily,M40 9DH,Manchester,1000
2024-02-28,Wed,Daily,LA2 9RD,Lancaster,1000
2024-02-28,Wed,Daily,L32 9QQ,Liverpool,1000
2024-02-28,Wed,Daily,L23 6XA,Liverpool,1000
2024-02-28,Wed,Daily,HX7 5QY,Hebden Bridge,1000
2024-02-28,Wed,Daily,HX1 4DZ,Halifax,1000
2024-02-28,Wed,Daily,EH47 0SR,Bathgate,1000
2024-02-28,Wed,Daily,EH22 2HR,Dalkeith,1000
2024-02-28,Wed,Daily,EC2Y 8ND,London,1000
2024-02-28,Wed,Daily,CV5 8LE,Coventry,1000
2024-02-28,Wed,Daily,CV11 4YG,Nuneaton,1000
2024-02-28,Wed,Daily,CM0 8TH,Burnham-on-Crouch,1000
2024-02-28,Wed,Daily,CH42 9PQ,Birkenhead,1000
2024-02-27,Tue,Daily,WA11 7HG,St Helens,1000
2024-02-27,Tue,Daily,TA11 7AT,Somerton,1000
2024-02-27,Tue,Daily,SO15 5DB,Southampton,1000
2024-02-27,Tue,Daily,PR8 2AS,Southport,1000
2024-02-27,Tue,Daily,NG5 7BD,Nottingham,1000
2024-02-27,Tue,Daily,NE63 0TT,Ashington,1000
2024-02-27,Tue,Daily,M45 7QQ,Manchester,1000
2024-02-27,Tue,Daily,M22 9QJ,Manchester,1000
2024-02-27,Tue,Daily,IV42 8PZ,Isle of Skye,1000
2024-02-27,Tue,Daily,GU16 6SY,Camberley,1000
2024-02-27,Tue,Daily,G65 9AU,Glasgow,1000
2024-02-27,Tue,Daily,E11 1JZ,London,1000
2024-02-27,Tue,Daily,DD10 8AZ,Montrose,1000
2024-02-27,Tue,Daily,CW11 4LE,Sandbach,1000
2024-02-27,Tue,Daily,CV35 7JG,Warwick,1000
2024-02-27,Tue,Daily,BS23 2XN,Weston-super-Mare,1000
2024-02-27,Tue,Daily,BN13 2TW,Worthing,1000
2024-02-27,Tue,Daily,BH23 6DQ,Christchurch,1000
2024-02-27,Tue,Daily,BD15 0LE,Bradford,1000
2024-02-27,Tue,Daily,AB21 0QA,Aberdeen,1000
2024-02-26,Mon,Daily,WA8 3LL,Widnes,1000
2024-02-26,Mon,Daily,ST9 0AE,Stoke-on-Trent,1000
2024-02-26,Mon,Daily,ST19 5DE,Stafford,1000
2024-02-26,Mon,Daily,SS4 3EE,Rochford,1000
2024-02-26,Mon,Daily,SE10 9BB,London,1000
2024-02-26,Mon,Daily,PL7 1SG,Plymouth,1000
2024-02-26,Mon,Daily,NW10 8LG,London,1000
2024-02-26,Mon,Daily,NN3 8DH,Northampton,1000
2024-02-26,Mon,Daily,NN13 6QJ,Brackley,1000
2024-02-26,Mon,Daily,M25 9TJ,Manchester,1000
2024-02-26,Mon,Daily,M24 5PY,Manchester,1000
2024-02-26,Mon,Daily,M21 8TU,Manchester,1000
2024-02-26,Mon,Daily,LA13 0HT,Barrow-in-Furness,1000
2024-02-26,Mon,Daily,KY7 4UT,Glenrothes,1000
2024-02-26,Mon,Daily,FY8 5HP,Lytham St Annes,1000
2024-02-26,Mon,Daily,DE11 9TL,Swadlincote,1000
2024-02-26,Mon,Daily,CV34 5XX,Warwick,1000
2024-02-26,Mon,Daily,CA8 2HF,Brampton,1000
2024-02-26,Mon,Daily,BL9 8DD,Bury,1000
2024-02-26,Mon,Daily,BB5 2NA,Accrington,1000
2024-02-25,Sun,Street Prize,HR4 9QP,Hereford,30000
2024-02-24,Sat,Millionaire Street,PL6 7SU,Plymouth,200000
2024-02-23,Fri,Daily,WF10 5EY,Castleford,1000
2024-02-23,Fri,Daily,TQ12 3TN,Newton Abbot,1000
2024-02-23,Fri,Daily,ST3 4PU,Stoke-on-Trent,1000
2024-02-23,Fri,Daily,SM4 4JG,Morden,1000
2024-02-23,Fri,Daily,SL4 6PS,Windsor,1000
2024-02-23,Fri,Daily,SE10 0YB,London,1000
2024-02-23,Fri,Daily,RG6 5YG,Reading,1000
2024-02-23,Fri,Daily,PR5 4DF,Preston,1000
2024-02-23,Fri,Daily,PO17 6DN,Fareham,1000
2024-02-23,Fri,Daily,OX7 7HA,Chipping Norton,1000
2024-02-23,Fri,Daily,N8 7HD,London,1000
2024-02-23,Fri,Daily,LE12 7RS,Loughborough,1000
2024-02-23,Fri,Daily,GU9 0QY,Farnham,1000
2024-02-23,Fri,Daily,G76 0DH,Glasgow,1000
2024-02-23,Fri,Daily,E9 6SW,London,1000
2024-02-23,Fri,Daily,DL8 2QF,Bedale,1000
2024-02-23,Fri,Daily,DD9 6DN,Brechin,1000
2024-02-23,Fri,Daily,CO4 0JD,Colchester,1000
2024-02-23,Fri,Daily,CH5 2SL,Deeside,1000
2024-02-23,Fri,Daily,BH2 5LL,Bournemouth,1000
2024-02-22,Thu,Daily,YO13 0BU,Scarborough,1000
2024-02-22,Thu,Daily,TQ14 8XP,Teignmouth,1000
2024-02-22,Thu,Daily,TA19 9PU,Ilminster,1000
2024-02-22,Thu,Daily,ST5 2LB,Newcastle,1000
2024-02-22,Thu,Daily,SA6 6HW,Swansea,1000
2024-02-22,Thu,Daily,SA15 1SB,Llanelli,1000
2024-02-22,Thu,Daily,RH16 4JP,Haywards Heath,1000
2024-02-22,Thu,Daily,RG26 5GS,Tadley,1000
2024-02-22,Thu,Daily,PR8 6LH,Southport,1000
2024-02-22,Thu,Daily,PO22 8LQ,Bognor Regis,1000
2024-02-22,Thu,Daily,MK45 1BL,Bedford,1000
2024-02-22,Thu,Daily,ME17 2NN,Maidstone,1000
2024-02-22,Thu,Daily,LU4 9DF,Luton,1000
2024-02-22,Thu,Daily,LS21 3EF,Otley,1000
2024-02-22,Thu,Daily,LE2 5UG,Leicester,1000
2024-02-22,Thu,Daily,IV36 1EQ,Forres,1000
2024-02-22,Thu,Daily,GL15 4DT,Blakeney,1000
2024-02-22,Thu,Daily,CV7 9JZ,Coventry,1000
2024-02-22,Thu,Daily,CO4 5AU,Colchester,1000
2024-02-22,Thu,Daily,CH66 2RX,Ellesmere Port,1000
2024-02-21,Wed,Daily,YO32 3RY,York,1000
2024-02-21,Wed,Daily,WF4 1JY,Wakefield,1000
2024-02-21,Wed,Daily,TA1 2RE,Taunton,1000
2024-02-21,Wed,Daily,SY3 9LY,Shrewsbury,1000
2024-02-21,Wed,Daily,SS2 5DZ,Southend-on-Sea,1000
2024-02-21,Wed,Daily,SS0 7HS,Westcliff-on-Sea,1000
2024-02-21,Wed,Daily,SN5 5GN,Swindon,1000
2024-02-21,Wed,Daily,SN12 7DR,Melksham,1000
2024-02-21,Wed,Daily,SL5 7LZ,Ascot,1000
2024-02-21,Wed,Daily,PO9 1DW,Havant,1000
2024-02-21,Wed,Daily,OX26 6QG,Bicester,1000
2024-02-21,Wed,Daily,OL11 4DX,Rochdale,1000
2024-02-21,Wed,Daily,NG11 8DQ,Nottingham,1000
2024-02-21,Wed,Daily,ME5 0DJ,Chatham,1000
2024-02-21,Wed,Daily,ME13 7QA,Faversham,1000
2024-02-21,Wed,Daily,ME10 2FT,Sittingbourne,1000
2024-02-21,Wed,Daily,LS21 3AB,Otley,1000
2024-02-21,Wed,Daily,KY11 2RZ,Dunfermline,1000
2024-02-21,Wed,Daily,HP18 9TE,Aylesbury,1000
2024-02-21,Wed,Daily,CA8 1PF,Brampton,1000
2024-02-20,Tue,Daily,YO31 0PL,York,1000
2024-02-20,Tue,Daily,WS8 7BS,Walsall,1000
2024-02-20,Tue,Daily,TR18 5LY,Penzance,1000
2024-02-20,Tue,Daily,SW19 3LA,London,1000
2024-02-20,Tue,Daily,SW18 1DL,London,1000
2024-02-20,Tue,Daily,SW11 5LX,London,1000
2024-02-20,Tue,Daily,SO31 7FY,Southampton,1000
2024-02-20,Tue,Daily,SL3 8NF,Slough,1000
2024-02-20,Tue,Daily,PO30 5GZ,Newport,1000
2024-02-20,Tue,Daily,OX13 5AE,Abingdon,1000
2024-02-20,Tue,Daily,NN15 6DU,Kettering,1000
2024-02-20,Tue,Daily,NE25 9HN,Whitley Bay,1000
2024-02-20,Tue,Daily,IG3 9AJ,Ilford,1000
2024-02-20,Tue,Daily,HP22 5GQ,Aylesbury,1000
2024-02-20,Tue,Daily,HP2 5YN,Hemel Hempstead,1000
2024-02-20,Tue,Daily,FY3 9PW,Blackpool,1000
2024-02-20,Tue,Daily,DN34 5BH,Grimsby,1000
2024-02-20,Tue,Daily,DL1 2UB,Darlington,1000
2024-02-20,Tue,Daily,CT19 5TU,Folkestone,1000
2024-02-20,Tue,Daily,CF72 8NA,Pontyclun,1000
2024-02-19,Mon,Daily,WF6 2FA,Normanton,1000
2024-02-19,Mon,Daily,WF14 9DG,Mirfield,1000
2024-02-19,Mon,Daily,WD18 0QN,Watford,1000
2024-02-19,Mon,Daily,TD9 9ND,Hawick,1000
2024-02-19,Mon,Daily,SL4 5DR,Windsor,1000
2024-02-19,Mon,Daily,SK14 6JR,Hyde,1000
2024-02-19,Mon,Daily,S81 8UW,Worksop,1000
2024-02-19,Mon,Daily,S74 0QR,Barnsley,1000
2024-02-19,Mon,Daily,PA14 6JQ,Port Glasgow,1000
2024-02-19,Mon,Daily,ME19 4ET,West Malling,1000
2024-02-19,Mon,Daily,LS6 1JY,Leeds,1000
2024-02-19,Mon,Daily,LL45 2PL,Llanbedr,1000
2024-02-19,Mon,Daily,L19 0PS,Liverpool,1000
2024-02-19,Mon,Daily,L13 6RL,Liverpool,1000
2024-02-19,Mon,Daily,KY16 0NA,St Andrews,1000
2024-02-19,Mon,Daily,KT24 5RZ,Leatherhead,1000
2024-02-19,Mon,Daily,CW7 1DB,Winsford,1000
2024-02-19,Mon,Daily,CT1 1PT,Canterbury,1000
2024-02-19,Mon,Daily,CM2 9GL,Chelmsford,1000
2024-02-19,Mon,Daily,CF47 0NH,Merthyr Tydfil,1000
2024-02-18,Sun,Street Prize,DN37 9QF,Grimsby,30000
2024-02-17,Sat,Millionaire Street,SK16 4EL,Dukinfield,405680
2024-02-16,Fri,Daily,WD3 3TF,Rickmansworth,1000
2024-02-16,Fri,Daily,SN9 5ED,Pewsey,1000
2024-02-16,Fri,Daily,SK6 5EG,Stockport,1000
2024-02-16,Fri,Daily,SG9 0EN,Buntingford,1000
2024-02-16,Fri,Daily,OX4 6AS,Oxford,1000
2024-02-16,Fri,Daily,NR20 3LY,Dereham,1000
2024-02-16,Fri,Daily,NR12 0QG,Norwich,1000
2024-02-16,Fri,Daily,NG10 4LL,Nottingham,1000
2024-02-16,Fri,Daily,NE35 9JQ,Boldon Colliery,1000
2024-02-16,Fri,Daily,KT15 1HB,Addlestone,1000
2024-02-16,Fri,Daily,GL51 7QH,Cheltenham,1000
2024-02-16,Fri,Daily,GL51 7HF,Cheltenham,1000
2024-02-16,Fri,Daily,G67 2HX,Glasgow,1000
2024-02-16,Fri,Daily,G61 3JL,Glasgow,1000
2024-02-16,Fri,Daily,G44 3BU,Glasgow,1000
2024-02-16,Fri,Daily,FK10 3QJ,Alloa,1000
2024-02-16,Fri,Daily,DG11 2DF,Lockerbie,1000
2024-02-16,Fri,Daily,DA12 5HH,Gravesend,1000
2024-02-16,Fri,Daily,CM1 7QZ,Chelmsford,1000
2024-02-16,Fri,Daily,BA11 4AS,Frome,1000
2024-02-15,Thu,Daily,WS13 6DE,Lichfield,1000
2024-02-15,Thu,Daily,WA10 6RN,St Helens,1000
2024-02-15,Thu,Daily,TQ4 6DY,Paignton,1000
2024-02-15,Thu,Daily,TQ1 3AU,Torquay,1000
2024-02-15,Thu,Daily,SK17 6YU,Buxton,1000
2024-02-15,Thu,Daily,SA47 0RQ,Llanarth,1000
2024-02-15,Thu,Daily,PR4 0EL,Preston,1000
2024-02-15,Thu,Daily,PO21 5GD,Bognor Regis,1000
2024-02-15,Thu,Daily,PE25 2SW,Skegness,1000
2024-02-15,Thu,Daily,PA8 6EL,Erskine,1000
2024-02-15,Thu,Daily,NG34 0QG,Sleaford,1000
2024-02-15,Thu,Daily,M27 8UZ,Manchester,1000
2024-02-15,Thu,Daily,LL28 4SR,Colwyn Bay,1000
2024-02-15,Thu,Daily,KY11 8TR,Dunfermline,1000
2024-02-15,Thu,Daily,KT5 9HX,Surbiton,1000
2024-02-15,Thu,Daily,EC1V 0EL,London,1000
2024-02-15,Thu,Daily,CV3 3FP,Coventry,1000
2024-02-15,Thu,Daily,CT5 1LE,Whitstable,1000
2024-02-15,Thu,Daily,BS9 4PG,Bristol,1000
2024-02-15,Thu,Daily,B48 7SZ,Birmingham,1000
2024-02-14,Wed,Daily,YO32 9UY,York,1000
2024-02-14,Wed,Daily,WS13 8RJ,Lichfield,1000
2024-02-14,Wed,Daily,WA7 2UB,Runcorn,1000
2024-02-14,Wed,Daily,TF9 3QG,Market Drayton,1000
2024-02-14,Wed,Daily,SS11 8QB,Wickford,1000
2024-02-14,Wed,Daily,SN2 1JT,Swindon,1000
2024-02-14,Wed,Daily,SL4 4JQ,Windsor,1000
2024-02-14,Wed,Daily,PO21 5AF,Bognor Regis,1000
2024-02-14,Wed,Daily,OL15 8DR,Littleborough,1000
2024-02-14,Wed,Daily,OL10 1AH,Heywood,1000
2024-02-14,Wed,Daily,NG22 9WE,Newark,1000
2024-02-14,Wed,Daily,HD9 1TE,Holmfirth,1000
2024-02-14,Wed,Daily,EX23 0AE,Bude,1000
2024-02-14,Wed,Daily,EH49 7HD,Linlithgow,1000
2024-02-14,Wed,Daily,CH46 6HH,Wirral,1000
2024-02-14,Wed,Daily,BS36 2BG,Bristol,1000
2024-02-14,Wed,Daily,BS22 7PA,Weston-super-Mare,1000
2024-02-14,Wed,Daily,BD8 0PH,Bradford,1000
2024-02-14,Wed,Daily,B76 1GD,Sutton Coldfield,1000
2024-02-14,Wed,Daily,AB41 9BL,Ellon,1000
2024-02-13,Tue,Daily,TW12 2HW,Hampton,1000
2024-02-13,Tue,Daily,SO30 3GP,Southampton,1000
2024-02-13,Tue,Daily,SN10 3HG,Devizes,1000
2024-02-13,Tue,Daily,SE27 9SN,London,1000
2024-02-13,Tue,Daily,SA34 0TS,Whitland,1000
2024-02-13,Tue,Daily,RH20 3NT,Pulborough,1000
2024-02-13,Tue,Daily,RG14 5AQ,Newbury,1000
2024-02-13,Tue,Daily,PR26 6RW,Leyland,1000
2024-02-13,Tue,Daily,PH2 6PD,Perth,1000
2024-02-13,Tue,Daily,NR13 6AD,Norwich,1000
2024-02-13,Tue,Daily,MK7 8ES,Milton Keynes,1000
2024-02-13,Tue,Daily,IP4 5LY,Ipswich,1000
2024-02-13,Tue,Daily,IP12 4TJ,Woodbridge,1000
2024-02-13,Tue,Daily,HA9 9FN,Wembley,1000
2024-02-13,Tue,Daily,G81 5NP,Clydebank,1000
2024-02-13,Tue,Daily,DA5 2DP,Bexley,1000
2024-02-13,Tue,Daily,CV37 8WU,Stratford upon Avon,1000
2024-02-13,Tue,Daily,CO7 8BS,Colchester,1000
2024-02-13,Tue,Daily,CH43 2JB,Birkenhead,1000
2024-02-13,Tue,Daily,BB5 5SF,Accrington,1000
2024-02-12,Mon,Daily,WF10 3QP,Castleford,1000
2024-02-12,Mon,Daily,W3 8QH,London,1000
2024-02-12,Mon,Daily,UB2 5SL,Southall,1000
2024-02-12,Mon,Daily,TN9 2EL,Tonbridge,1000
2024-02-12,Mon,Daily,SE26 4RE,London,1000
2024-02-12,Mon,Daily,SA4 6PF,Swansea,1000
2024-02-12,Mon,Daily,SA14 8BL,Llanelli,1000
2024-02-12,Mon,Daily,PL6 8PR,Plymouth,1000
2024-02-12,Mon,Daily,PL19 8BJ,Tavistock,1000
2024-02-12,Mon,Daily,PH1 1JB,Perth,1000
2024-02-12,Mon,Daily,PE37 8GD,Swaffham,1000
2024-02-12,Mon,Daily,NW1 9YA,London,1000
2024-02-12,Mon,Daily,NP16 5RG,Chepstow,1000
2024-02-12,Mon,Daily,M34 3DH,Manchester,1000
2024-02-12,Mon,Daily,KY7 6JN,Glenrothes,1000
2024-02-12,Mon,Daily,IV18 0BW,Invergordon,1000
2024-02-12,Mon,Daily,IP25 7ET,Thetford,1000
2024-02-12,Mon,Daily,DG11 3JA,Lockerbie,1000
2024-02-12,Mon,Daily,DE3 0QS,Derby,1000
2024-02-12,Mon,Daily,BD14 6DN,Bradford,1000
2024-02-11,Sun,Street Prize,PA5 9EA,Johnstone,30000
2024-02-10,Sat,Millionaire Street,NE5 4BA,Newcastle upon Tyne,166666
2024-02-09,Fri,Daily,WA4 5LN,Warrington,1000
2024-02-09,Fri,Daily,SM7 3QR,Banstead,1000
2024-02-09,Fri,Daily,SK3 0DE,Stockport,1000
2024-02-09,Fri,Daily,S40 4SY,Chesterfield,1000
2024-02-09,Fri,Daily,S18 1NT,Dronfield,1000
2024-02-09,Fri,Daily,NE10 8RE,Gateshead,1000
2024-02-09,Fri,Daily,LS28 5LU,Pudsey,1000
2024-02-09,Fri,Daily,LL11 6RS,Wrexham,1000
2024-02-09,Fri,Daily,IP17 1HW,Saxmundham,1000
2024-02-09,Fri,Daily,HX3 7TE,Halifax,1000
2024-02-09,Fri,Daily,HX1 3QD,Halifax,1000
2024-02-09,Fri,Daily,HU5 5AJ,Hull,1000
2024-02-09,Fri,Daily,G31 3HU,Glasgow,1000
2024-02-09,Fri,Daily,EH29 9EJ,Kirkliston,1000
2024-02-09,Fri,Daily,DE6 3LH,Ashbourne,1000
2024-02-09,Fri,Daily,CW7 3JU,Winsford,1000
2024-02-09,Fri,Daily,CT14 7SH,Deal,1000
2024-02-09,Fri,Daily,CF62 7NF,Barry,1000
2024-02-09,Fri,Daily,CA14 1JG,Workington,1000
2024-02-09,Fri,Daily,BD21 4UL,Keighley,1000
2024-02-08,Thu,Daily,YO25 9UE,Driffield,1000
2024-02-08,Thu,Daily,YO16 7BB,Bridlington,1000
2024-02-08,Thu,Daily,WA5 0DB,Warrington,1000
2024-02-08,Thu,Daily,WA14 4JS,Altrincham,1000
2024-02-08,Thu,Daily,PR8 3SE,Southport,1000
2024-02-08,Thu,Daily,NN16 9JP,Kettering,1000
2024-02-08,Thu,Daily,NG5 6JE,Nottingham,1000
2024-02-08,Thu,Daily,N19 5DU,London,1000
2024-02-08,Thu,Daily,LS11 6HY,Leeds,1000
2024-02-08,Thu,Daily,L23 9TT,Liverpool,1000
2024-02-08,Thu,Daily,KA3 3HU,Kilmarnock,1000
2024-02-08,Thu,Daily,G13 2PG,Glasgow,1000
2024-02-08,Thu,Daily,EX5 4QX,Exeter,1000
2024-02-08,Thu,Daily,EH14 3BX,Edinburgh,1000
2024-02-08,Thu,Daily,DN16 3SP,Scunthorpe,1000
2024-02-08,Thu,Daily,DE24 9SH,Derby,1000
2024-02-08,Thu,Daily,CV21 1JB,Rugby,1000
2024-02-08,Thu,Daily,BS48 3LR,Bristol,1000
2024-02-08,Thu,Daily,BL9 5QS,Bury,1000
2024-02-08,Thu,Daily,B25 8HT,Birmingham,1000
2024-02-07,Wed,Daily,YO23 2RA,York,1000
2024-02-07,Wed,Daily,WR3 7WF,Worcester,1000
2024-02-07,Wed,Daily,WN6 9JQ,Wigan,1000
2024-02-07,Wed,Daily,TW4 7AA,Hounslow,1000
2024-02-07,Wed,Daily,SE9 5NA,London,1000
2024-02-07,Wed,Daily,NE61 1JR,Morpeth,1000
2024-02-07,Wed,Daily,NE26 2AG,Whitley Bay,1000
2024-02-07,Wed,Daily,ME8 7LE,Gillingham,1000
2024-02-07,Wed,Daily,LL65 3NY,Holyhead,1000
2024-02-07,Wed,Daily,HG4 1JN,Ripon,1000
2024-02-07,Wed,Daily,GL52 8SL,Cheltenham,1000
2024-02-07,Wed,Daily,G32 0RA,Glasgow,1000
2024-02-07,Wed,Daily,DY5 1AY,Brierley Hill,1000
2024-02-07,Wed,Daily,DN33 1NL,Grimsby,1000
2024-02-07,Wed,Daily,CT3 3JW,Canterbury,1000
2024-02-07,Wed,Daily,CR0 8BT,Croydon,1000
2024-02-07,Wed,Daily,CO13 9HH,Frinton-on-Sea,1000
2024-02-07,Wed,Daily,CM23 5FT,Bishop's Stortford,1000
2024-02-07,Wed,Daily,CH41 7BE,Birkenhead,1000
2024-02-07,Wed,Daily,BD20 5RS,Keighley,1000
2024-02-06,Tue,Daily,WA15 7ET,Altrincham,1000
2024-02-06,Tue,Daily,TS26 0TB,Hartlepool,1000
2024-02-06,Tue,Daily,TF6 6QE,Telford,1000
2024-02-06,Tue,Daily,SR8 4LG,Peterlee,1000
2024-02-06,Tue,Daily,PL3 5NZ,Plymouth,1000
2024-02-06,Tue,Daily,NR3 4ES,Norwich,1000
2024-02-06,Tue,Daily,NN9 6AR,Wellingborough,1000
2024-02-06,Tue,Daily,NN16 9UZ,Kettering,1000
2024-02-06,Tue,Daily,ME15 7AR,Maidstone,1000
2024-02-06,Tue,Daily,ME12 3TE,Sheerness,1000
2024-02-06,Tue,Daily,M19 1BR,Manchester,1000
2024-02-06,Tue,Daily,KA3 5EZ,Kilmarnock,1000
2024-02-06,Tue,Daily,HU10 7FQ,Hull,1000
2024-02-06,Tue,Daily,EX38 7BG,Torrington,1000
2024-02-06,Tue,Daily,DE13 8JW,Burton upon Trent,1000
2024-02-06,Tue,Daily,CR0 0PJ,Croydon,1000
2024-02-06,Tue,Daily,CM2 8GE,Chelmsford,1000
2024-02-06,Tue,Daily,BN15 9AZ,Lancing,1000
2024-02-06,Tue,Daily,B35 7JN,Birmingham,1000
2024-02-06,Tue,Daily,AL7 2DJ,Welwyn Garden City,1000
2024-02-05,Mon,Daily,ZE2 9AU,Shetland,1000
2024-02-05,Mon,Daily,WF15 7JQ,Liversedge,1000
2024-02-05,Mon,Daily,TA6 4RE,Bridgwater,1000
2024-02-05,Mon,Daily,SP1 1NB,Salisbury,1000
2024-02-05,Mon,Daily,PA19 1JD,Gourock,1000
2024-02-05,Mon,Daily,NG9 6JA,Nottingham,1000
2024-02-05,Mon,Daily,NE48 2DL,Hexham,1000
2024-02-05,Mon,Daily,LE18 2QW,Wigston,1000
2024-02-05,Mon,Daily,LE12 8RE,Loughborough,1000
2024-02-05,Mon,Daily,HX2 9DU,Halifax,1000
2024-02-05,Mon,Daily,EX1 3ZE,Exeter,1000
2024-02-05,Mon,Daily,EH7 6TW,Edinburgh,1000
2024-02-05,Mon,Daily,E9 7JY,London,1000
2024-02-05,Mon,Daily,DE23 3YH,Derby,1000
2024-02-05,Mon,Daily,CV10 0LT,Nuneaton,1000
2024-02-05,Mon,Daily,CA13 9LQ,Cockermouth,1000
2024-02-05,Mon,Daily,BN9 9EE,Newhaven,1000
2024-02-05,Mon,Daily,BL2 5QG,Bolton,1000
2024-02-05,Mon,Daily,BD11 2BL,Bradford,1000
2024-02-05,Mon,Daily,B7 4EX,Birmingham,1000
2024-02-04,Sun,Street Prize,PO22 8EE,Bognor Regis,30000
2024-02-03,Sat,Postcode Millions,LD1 5HR,Llandrindod Wells,
2024-02-03,Sat,Millionaire Street,BN43 6GD,Shoreham-by-Sea,66666
2024-02-02,Fri,Daily,TN28 8SY,New Romney,1000
2024-02-02,Fri,Daily,SY8 2DT,Ludlow,1000
2024-02-02,Fri,Daily,SY7 0PD,Craven Arms,1000
2024-02-02,Fri,Daily,SS14 1NJ,Basildon,1000
2024-02-02,Fri,Daily,RG41 5JP,Wokingham,1000
2024-02-02,Fri,Daily,PA2 9DL,Paisley,1000
2024-02-02,Fri,Daily,NE24 5AY,Blyth,1000
2024-02-02,Fri,Daily,ME17 1TX,Maidstone,1000
2024-02-02,Fri,Daily,M29 8DX,Manchester,1000
2024-02-02,Fri,Daily,LN6 8RH,Lincoln,1000
2024-02-02,Fri,Daily,LL57 3YU,Bangor,1000
2024-02-02,Fri,Daily,KA19 7EE,Maybole,1000
2024-02-02,Fri,Daily,EH47 0SE,Bathgate,1000
2024-02-02,Fri,Daily,EH14 3DB,Edinburgh,1000
2024-02-02,Fri,Daily,DY9 7HA,Stourbridge,1000
2024-02-02,Fri,Daily,DT2 9RY,Dorchester,1000
2024-02-02,Fri,Daily,DN15 8RW,Scunthorpe,1000
2024-02-02,Fri,Daily,DD4 9LZ,Dundee,1000
2024-02-02,Fri,Daily,CB6 1TL,Ely,1000
2024-02-02,Fri,Daily,BA21 4AZ,Yeovil,1000
2024-02-01,Thu,Daily,YO7 3HJ,Thirsk,1000
2024-02-01,Thu,Daily,WR4 9EB,Worcester,1000
2024-02-01,Thu,Daily,W5 4UD,London,1000
2024-02-01,Thu,Daily,TW18 3NZ,Staines,1000
2024-02-01,Thu,Daily,TW12 2TH,Hampton,1000
2024-02-01,Thu,Daily,TR3 6TZ,Truro,1000
2024-02-01,Thu,Daily,SY5 7AW,Shrewsbury,1000
2024-02-01,Thu,Daily,SE28 8QJ,London,1000
2024-02-01,Thu,Daily,SA44 6JQ,Llandysul,1000
2024-02-01,Thu,Daily,LS20 9LQ,Leeds,1000
2024-02-01,Thu,Daily,LS20 8LZ,Leeds,1000
2024-02-01,Thu,Daily,LL22 8PJ,Abergele,1000
2024-02-01,Thu,Daily,EH12 6PG,Edinburgh,1000
2024-02-01,Thu,Daily,DE24 0FW,Derby,1000
2024-02-01,Thu,Daily,CW2 6EF,Crewe,1000
2024-02-01,Thu,Daily,CO2 0JZ,Colchester,1000
2024-02-01,Thu,Daily,BN21 4HG,Eastbourne,1000
2024-02-01,Thu,Daily,BA2 2QS,Bath,1000
2024-02-01,Thu,Daily,B65 0DP,Rowley Regis,1000
2024-02-01,Thu,Daily,AL6 0AD,Welwyn,1000
2024-01-31,Wed,Daily,YO25 3EX,Driffield,1000
2024-01-31,Wed,Daily,YO16 6GU,Bridlington,1000
2024-01-31,Wed,Daily,WV2 1DA,Wolverhampton,1000
2024-01-31,Wed,Daily,WS7 4RG,Burntwood,1000
2024-01-31,Wed,Daily,TS18 4JS,Stockton-on-Tees,1000
2024-01-31,Wed,Daily,ST5 9NN,Newcastle,1000
2024-01-31,Wed,Daily,SL1 9DD,Slough,1000
2024-01-31,Wed,Daily,SE10 8SU,London,1000
2024-01-31,Wed,Daily,S71 4SG,Barnsley,1000
2024-01-31,Wed,Daily,S70 5RN,Barnsley,1000
2024-01-31,Wed,Daily,RH12 3TA,Horsham,1000
2024-01-31,Wed,Daily,RG19 3LF,Thatcham,1000
2024-01-31,Wed,Daily,PA23 8RA,Dunoon,1000
2024-01-31,Wed,Daily,OX4 2QJ,Oxford,1000
2024-01-31,Wed,Daily,NE6 4XJ,Newcastle upon Tyne,1000
2024-01-31,Wed,Daily,LS26 9HQ,Leeds,1000
2024-01-31,Wed,Daily,HP10 9GE,High Wycombe,1000
2024-01-31,Wed,Daily,CV7 7NJ,Coventry,1000
2024-01-31,Wed,Daily,CM20 1SJ,Harlow,1000
2024-01-31,Wed,Daily,BL1 6BG,Bolton,1000
2024-01-30,Tue,Daily,SA12 9LH,Port Talbot,1000
2024-01-30,Tue,Daily,S18 3AT,Dronfield,1000
2024-01-30,Tue,Daily,RH6 0ER,Horley,1000
2024-01-30,Tue,Daily,PO7 7BS,Waterlooville,1000
2024-01-30,Tue,Daily,OL3 5EP,Oldham,1000
2024-01-30,Tue,Daily,OL11 5NJ,Rochdale,1000
2024-01-30,Tue,Daily,ME1 2AA,Rochester,1000
2024-01-30,Tue,Daily,M26 2PT,Manchester,1000
2024-01-30,Tue,Daily,LE12 7JU,Loughborough,1000
2024-01-30,Tue,Daily,LA1 4XP,Lancaster,1000
2024-01-30,Tue,Daily,HX3 5JS,Halifax,1000
2024-01-30,Tue,Daily,HP9 2TX,Beaconsfield,1000
2024-01-30,Tue,Daily,G82 1BP,Dumbarton,1000
2024-01-30,Tue,Daily,G72 8AG,Glasgow,1000
2024-01-30,Tue,Daily,CV2 3QQ,Coventry,1000
2024-01-30,Tue,Daily,CH7 6SH,Mold,1000
2024-01-30,Tue,Daily,CA4 8AL,Carlisle,1000
2024-01-30,Tue,Daily,BS11 9LB,Bristol,1000
2024-01-30,Tue,Daily,BN25 1HS,Seaford,1000
2024-01-30,Tue,Daily,BL5 3BE,Bolton,1000
2024-01-29,Mon,Daily,WF10 5YF,Castleford,1000
2024-01-29,Mon,Daily,TW13 6RD,Feltham,1000
2024-01-29,Mon,Daily,TS5 8NG,Middlesbrough,1000
2024-01-29,Mon,Daily,TA20 2HE,Chard,1000
2024-01-29,Mon,Daily,SR4 7SL,Sunderland,1000
2024-01-29,Mon,Daily,SK4 5BP,Stockport,1000
2024-01-29,Mon,Daily,PH2 9JU,Perth,1000
2024-01-29,Mon,Daily,OX14 3AL,Abingdon,1000
2024-01-29,Mon,Daily,NR20 3JP,Dereham,1000
2024-01-29,Mon,Daily,N22 8JD,London,1000
2024-01-29,Mon,Daily,MK43 0UQ,Bedford,1000
2024-01-29,Mon,Daily,LS21 1DP,Otley,1000
2024-01-29,Mon,Daily,LL56 4PA,Y Felinheli,1000
2024-01-29,Mon,Daily,LL55 4AR,Caernarfon,1000
2024-01-29,Mon,Daily,LA3 1JP,Morecambe,1000
2024-01-29,Mon,Daily,KY8 2DR,Leven,1000
2024-01-29,Mon,Daily,HA5 3DF,Pinner,1000
2024-01-29,Mon,Daily,DN16 2BH,Scunthorpe,1000
2024-01-29,Mon,Daily,DA8 2BY,Erith,1000
2024-01-29,Mon,Daily,BB1 3NJ,Blackburn,1000
2024-01-28,Sun,Street Prize,NE31 1DF,Hebburn,30000
2024-01-27,Sat,Millionaire Street,KA21 6JA,Saltcoats,250000
2024-01-26,Fri,Daily,TW11 9PA,Teddington,1000
2024-01-26,Fri,Daily,SO24 9PP,New Alresford,1000
2024-01-26,Fri,Daily,SO21 1HL,Winchester,1000
2024-01-26,Fri,Daily,SM1 2QY,Sutton,1000
2024-01-26,Fri,Daily,SK15 2SZ,Stalybridge,1000
2024-01-26,Fri,Daily,SA15 3RD,Llanelli,1000
2024-01-26,Fri,Daily,S70 4JU,Barnsley,1000
2024-01-26,Fri,Daily,PR5 4BP,Preston,1000
2024-01-26,Fri,Daily,PE15 8QG,March,1000
2024-01-26,Fri,Daily,NR15 1HR,Norwich,1000
2024-01-26,Fri,Daily,KA30 9EG,Largs,1000
2024-01-26,Fri,Daily,IP8 4PH,Ipswich,1000
2024-01-26,Fri,Daily,GU1 2ES,Guildford,1000
2024-01-26,Fri,Daily,EN1 1XW,Enfield,1000
2024-01-26,Fri,Daily,EH22 1PB,Dalkeith,1000
2024-01-26,Fri,Daily,DY14 8HR,Kidderminster,1000
2024-01-26,Fri,Daily,BS16 7ED,Bristol,1000
2024-01-26,Fri,Daily,BN27 3EG,Hailsham,1000
2024-01-26,Fri,Daily,AB12 3TL,Aberdeen,1000
2024-01-26,Fri,Daily,AB10 7EB,Aberdeen,1000
2024-01-25,Thu,Daily,UB4 9UG,Hayes,1000
2024-01-25,Thu,Daily,TR18 2RY,Penzance,1000
2024-01-25,Thu,Daily,ST3 6FB,Stoke-on-Trent,1000
2024-01-25,Thu,Daily,SE19 1HB,London,1000
2024-01-25,Thu,Daily,PL23 1QP,Fowey,1000
2024-01-25,Thu,Daily,PA14 5YR,Port Glasgow,1000
2024-01-25,Thu,Daily,NW11 6RN,London,1000
2024-01-25,Thu,Daily,NN15 6SF,Kettering,1000
2024-01-25,Thu,Daily,NN11 3EL,Daventry,1000
2024-01-25,Thu,Daily,NG31 8RJ,Grantham,1000
2024-01-25,Thu,Daily,NE12 8UG,Newcastle upon Tyne,1000
2024-01-25,Thu,Daily,LS22 5LB,Wetherby,1000
2024-01-25,Thu,Daily,LD1 5LA,Llandrindod Wells,1000
2024-01-25,Thu,Daily,L35 1QB,Prescot,1000
2024-01-25,Thu,Daily,KT3 5NG,New Malden,1000
2024-01-25,Thu,Daily,GU1 3DA,Guildford,1000
2024-01-25,Thu,Daily,EX38 7JU,Torrington,1000
2024-01-25,Thu,Daily,EX15 2BU,Cullompton,1000
2024-01-25,Thu,Daily,DT2 8SS,Dorchester,1000
2024-01-25,Thu,Daily,CM23 2ZS,Bishop's Stortford,1000
2024-01-24,Wed,Daily,WN6 7PR,Wigan,1000
2024-01-24,Wed,Daily,W5 2JH,London,1000
2024-01-24,Wed,Daily,TS10 2JF,Redcar,1000
2024-01-24,Wed,Daily,TA7 9DF,Bridgwater,1000
2024-01-24,Wed,Daily,RG7 6EY,Reading,1000
2024-01-24,Wed,Daily,RG42 6PA,Bracknell,1000
2024-01-24,Wed,Daily,PR9 0AQ,Southport,1000
2024-01-24,Wed,Daily,PL7 1NN,Plymouth,1000
2024-01-24,Wed,Daily,PH2 6SN,Perth,1000
2024-01-24,Wed,Daily,OX1 4UZ,Oxford,1000
2024-01-24,Wed,Daily,LL49 9DS,Porthmadog,1000
2024-01-24,Wed,Daily,HD6 3JJ,Brighouse,1000
2024-01-24,Wed,Daily,GU4 8ET,Guildford,1000
2024-01-24,Wed,Daily,FY8 2RU,Lytham St Annes,1000
2024-01-24,Wed,Daily,EH17 7HT,Edinburgh,1000
2024-01-24,Wed,Daily,EH17 7ER,Edinburgh,1000
2024-01-24,Wed,Daily,CV11 4YA,Nuneaton,1000
2024-01-24,Wed,Daily,BN11 1RB,Worthing,1000
2024-01-24,Wed,Daily,BB5 5RJ,Accrington,1000
2024-01-24,Wed,Daily,BA5 1RX,Wells,1000
2024-01-23,Tue,Daily,UB1 3DX,Southall,1000
2024-01-23,Tue,Daily,TF2 9TG,Telford,1000
2024-01-23,Tue,Daily,SY5 9DH,Shrewsbury,1000
2024-01-23,Tue,Daily,SW18 5SJ,London,1000
2024-01-23,Tue,Daily,SW18 1FZ,London,1000
2024-01-23,Tue,Daily,ST8 7DQ,Stoke-on-Trent,1000
2024-01-23,Tue,Daily,SN4 0HP,Swindon,1000
2024-01-23,Tue,Daily,RM4 1QL,Romford,1000
2024-01-23,Tue,Daily,PL3 5JP,Plymouth,1000
2024-01-23,Tue,Daily,PE14 9AQ,Wisbech,1000
2024-01-23,Tue,Daily,OX16 0BB,Banbury,1000
2024-01-23,Tue,Daily,NE39 1NN,Rowlands Gill,1000
2024-01-23,Tue,Daily,NE23 8BL,Cramlington,1000
2024-01-23,Tue,Daily,MK14 6AP,Milton Keynes,1000
2024-01-23,Tue,Daily,IV3 8HL,Inverness,1000
2024-01-23,Tue,Daily,GU21 8TT,Woking,1000
2024-01-23,Tue,Daily,DL11 7ED,Richmond,1000
2024-01-23,Tue,Daily,DE4 5DB,Matlock,1000
2024-01-23,Tue,Daily,CT17 0RA,Dover,1000
2024-01-23,Tue,Daily,B64 6HR,Cradley Heath,1000
2024-01-22,Mon,Daily,WA14 5NX,Altrincham,1000
2024-01-22,Mon,Daily,TR16 5ND,Redruth,1000
2024-01-22,Mon,Daily,SG7 6LW,Baldock,1000
2024-01-22,Mon,Daily,S60 3DZ,Rotherham,1000
2024-01-22,Mon,Daily,RH20 4LE,Pulborough,1000
2024-01-22,Mon,Daily,PO22 6HW,Bognor Regis,1000
2024-01-22,Mon,Daily,OL2 6JA,Oldham,1000
2024-01-22,Mon,Daily,NN15 6EU,Kettering,1000
2024-01-22,Mon,Daily,NG4 4PH,Nottingham,1000
2024-01-22,Mon,Daily,LS11 9LG,Leeds,1000
2024-01-22,Mon,Daily,L5 0PS,Liverpool,1000
2024-01-22,Mon,Daily,L12 0JQ,Liverpool,1000
2024-01-22,Mon,Daily,IP12 2RN,Woodbridge,1000
2024-01-22,Mon,Daily,EX33 1DT,Braunton,1000
2024-01-22,Mon,Daily,DL4 2DY,Shildon,1000
2024-01-22,Mon,Daily,DE55 1BQ,Alfreton,1000
2024-01-22,Mon,Daily,DE24 3EZ,Derby,1000
2024-01-22,Mon,Daily,CH42 6PA,Birkenhead,1000
2024-01-22,Mon,Daily,BH14 8NZ,Poole,1000
2024-01-22,Mon,Daily,BD2 3QB,Bradford,1000
2024-01-21,Sun,Street Prize,KY4 8DF,Cowdenbeath,30000
2024-01-20,Sat,Millionaire Street,TN12 0SQ,Tonbridge,166666
2024-01-19,Fri,Daily,TS7 8AJ,Middlesbrough,1000
2024-01-19,Fri,Daily,TN8 5BN,Edenbridge,1000
2024-01-19,Fri,Daily,SW19 6HD,London,1000
2024-01-19,Fri,Daily,SG1 5EF,Stevenage,1000
2024-01-19,Fri,Daily,S75 5AN,Barnsley,1000
2024-01-19,Fri,Daily,RG29 1BS,Hook,1000
2024-01-19,Fri,Daily,PL26 6AF,St Austell,1000
2024-01-19,Fri,Daily,LU3 2LZ,Luton,1000
2024-01-19,Fri,Daily,LL57 3UH,Bangor,1000
2024-01-19,Fri,Daily,LA6 3LN,Carnforth,1000
2024-01-19,Fri,Daily,HR2 7RA,Hereford,1000
2024-01-19,Fri,Daily,EX23 9AP,Bude,1000
2024-01-19,Fri,Daily,DE11 8LY,Swadlincote,1000
2024-01-19,Fri,Daily,DA1 1XF,Dartford,1000
2024-01-19,Fri,Daily,CV4 7BN,Coventry,1000
2024-01-19,Fri,Daily,BR6 0NB,Orpington,1000
2024-01-19,Fri,Daily,BB10 4PE,Burnley,1000
2024-01-19,Fri,Daily,B78 1BW,Tamworth,1000
2024-01-19,Fri,Daily,AL7 4EY,Welwyn Garden City,1000
2024-01-19,Fri,Daily,AB16 5EX,Aberdeen,1000
2024-01-18,Thu,Daily,WS13 8UU,Lichfield,1000
2024-01-18,Thu,Daily,TW18 1DA,Staines,1000
2024-01-18,Thu,Daily,TF3 2HP,Telford,1000
2024-01-18,Thu,Daily,PE30 3AU,King's Lynn,1000
2024-01-18,Thu,Daily,NP11 3GY,Newport,1000
2024-01-18,Thu,Daily,NG20 8HP,Mansfield,1000
2024-01-18,Thu,Daily,M28 1NF,Manchester,1000
2024-01-18,Thu,Daily,LA7 7NS,Milnthorpe,1000
2024-01-18,Thu,Daily,IP23 8BP,Eye,1000
2024-01-18,Thu,Daily,HU5 5BN,Hull,1000
2024-01-18,Thu,Daily,GL5 5NH,Stroud,1000
2024-01-18,Thu,Daily,G64 1AP,Glasgow,1000
2024-01-18,Thu,Daily,EH39 5PG,North Berwick,1000
2024-01-18,Thu,Daily,DH4 6EN,Houghton le Spring,1000
2024-01-18,Thu,Daily,CT3 1NP,Canterbury,1000
2024-01-18,Thu,Daily,CM6 2BU,Dunmow,1000
2024-01-18,Thu,Daily,CF5 4TW,Cardiff,1000
2024-01-18,Thu,Daily,BS9 1AS,Bristol,1000
2024-01-18,Thu,Daily,BL8 2PG,Bury,1000
2024-01-18,Thu,Daily,AB45 1BQ,Banff,1000
2024-01-17,Wed,Daily,YO32 4TS,York,1000
2024-01-17,Wed,Daily,YO30 6HR,York,1000
2024-01-17,Wed,Daily,WA5 2RL,Warrington,1000
2024-01-17,Wed,Daily,UB1 2DJ,Southall,1000
2024-01-17,Wed,Daily,TW19 6BE,Staines,1000
2024-01-17,Wed,Daily,SP7 8FL,Shaftesbury,1000
2024-01-17,Wed,Daily,SO16 7DZ,Southampton,1000
2024-01-17,Wed,Daily,SK4 3HS,Stockport,1000
2024-01-17,Wed,Daily,SA62 5LD,Haverfordwest,1000
2024-01-17,Wed,Daily,SA14 6LT,Llanelli,1000
2024-01-17,Wed,Daily,S14 1FL,Sheffield,1000
2024-01-17,Wed,Daily,PL12 5JP,Saltash,1000
2024-01-17,Wed,Daily,PE13 5BE,Wisbech,1000
2024-01-17,Wed,Daily,NE23 3GX,Cramlington,1000
2024-01-17,Wed,Daily,LS17 5AZ,Leeds,1000
2024-01-17,Wed,Daily,LS11 7BS,Leeds,1000
2024-01-17,Wed,Daily,DH9 7EU,Stanley,1000
2024-01-17,Wed,Daily,DE24 0HN,Derby,1000
2024-01-17,Wed,Daily,CM23 2AR,Bishop's Stortford,1000
2024-01-17,Wed,Daily,BN43 6EG,Shoreham-by-Sea,1000
2024-01-16,Tue,Daily,UB6 0EG,Greenford,1000
2024-01-16,Tue,Daily,TR13 0NB,Helston,1000
2024-01-16,Tue,Daily,SY24 5AD,Bow Street,1000
2024-01-16,Tue,Daily,SO21 1UR,Winchester,1000
2024-01-16,Tue,Daily,SA44 4JG,Llandysul,1000
2024-01-16,Tue,Daily,PL5 2DT,Plymouth,1000
2024-01-16,Tue,Daily,PL26 7RQ,St Austell,1000
2024-01-16,Tue,Daily,NG17 8NQ,Nottingham,1000
2024-01-16,Tue,Daily,NG10 4GX,Nottingham,1000
2024-01-16,Tue,Daily,ME12 2NS,Sheerness,1000
2024-01-16,Tue,Daily,LS25 6GZ,Leeds,1000
2024-01-16,Tue,Daily,LL11 4EW,Wrexham,1000
2024-01-16,Tue,Daily,KY3 0AH,Burntisland,1000
2024-01-16,Tue,Daily,GU16 8LP,Camberley,1000
2024-01-16,Tue,Daily,G12 9DJ,Glasgow,1000
2024-01-16,Tue,Daily,EH26 0FZ,Penicuik,1000
2024-01-16,Tue,Daily,CF46 5HP,Treharris,1000
2024-01-16,Tue,Daily,BS13 7BY,Bristol,1000
2024-01-16,Tue,Daily,BB2 3SW,Blackburn,1000
2024-01-16,Tue,Daily,AB41 6AX,Ellon,1000
2024-01-15,Mon,Daily,YO31 8RR,York,1000
2024-01-15,Mon,Daily,TW17 8LT,Shepperton,1000
2024-01-15,Mon,Daily,SS5 4PT,Hockley,1000
2024-01-15,Mon,Daily,SS0 0EF,Westcliff-on-Sea,1000
2024-01-15,Mon,Daily,SA10 7RW,Neath,1000
2024-01-15,Mon,Daily,PR4 6PH,Preston,1000
2024-01-15,Mon,Daily,PL6 6AJ,Plymouth,1000
2024-01-15,Mon,Daily,NG11 6NW,Nottingham,1000
2024-01-15,Mon,Daily,NE3 5BR,Newcastle upon Tyne,1000
2024-01-15,Mon,Daily,ME4 3JY,Chatham,1000
2024-01-15,Mon,Daily,LS2 8ES,Leeds,1000
2024-01-15,Mon,Daily,KT12 5NU,Walton-on-Thames,1000
2024-01-15,Mon,Daily,DL2 3SF,Darlington,1000
2024-01-15,Mon,Daily,DE24 8AU,Derby,1000
2024-01-15,Mon,Daily,CT14 7RX,Deal,1000
2024-01-15,Mon,Daily,CO16 8GR,Clacton-on-Sea,1000
2024-01-15,Mon,Daily,BS22 6XY,Weston-super-Mare,1000
2024-01-15,Mon,Daily,BH23 2AH,Christchurch,1000
2024-01-15,Mon,Daily,BD3 0RW,Bradford,1000
2024-01-15,Mon,Daily,BA1 3PW,Bath,1000
2024-01-14,Sun,Street Prize,GU34 5EE,Alton,30000
2024-01-13,Sat,Millionaire Street,NE25 8RX,Whitley Bay,83333
2024-01-12,Fri,Daily,TQ1 3JU,Torquay,1000
2024-01-12,Fri,Daily,SP7 0HS,Shaftesbury,1000
2024-01-12,Fri,Daily,S41 0FT,Chesterfield,1000
2024-01-12,Fri,Daily,PO8 8JA,Waterlooville,1000
2024-01-12,Fri,Daily,PO30 4LY,Newport,1000
2024-01-12,Fri,Daily,PL7 1PB,Plymouth,1000
2024-01-12,Fri,Daily,PH10 6LF,Blairgowrie,1000
2024-01-12,Fri,Daily,PE23 4PQ,Spilsby,1000
2024-01-12,Fri,Daily,OX10 0HG,Wallingford,1000
2024-01-12,Fri,Daily,NE15 8ER,Newcastle upon Tyne,1000
2024-01-12,Fri,Daily,M19 2JD,Manchester,1000
2024-01-12,Fri,Daily,IP14 5FQ,Stowmarket,1000
2024-01-12,Fri,Daily,HP4 1LB,Berkhamsted,1000
2024-01-12,Fri,Daily,HP2 7QL,Hemel Hempstead,1000
2024-01-12,Fri,Daily,HG3 2DJ,Harrogate,1000
2024-01-12,Fri,Daily,GU27 2HJ,Haslemere,1000
2024-01-12,Fri,Daily,DN2 4QA,Doncaster,1000
2024-01-12,Fri,Daily,DN14 0PN,Goole,1000
2024-01-12,Fri,Daily,CH5 4HA,Deeside,1000
2024-01-12,Fri,Daily,BD9 5PA,Bradford,1000
2024-01-11,Thu,Daily,WS9 9RA,Walsall,1000
2024-01-11,Thu,Daily,WN6 0NR,Wigan,1000
2024-01-11,Thu,Daily,TF12 5RU,Broseley,1000
2024-01-11,Thu,Daily,TD12 4DX,Coldstream,1000
2024-01-11,Thu,Daily,SY4 1DE,Shrewsbury,1000
2024-01-11,Thu,Daily,RM3 0ZE,Romford,1000
2024-01-11,Thu,Daily,OX7 7ES,Chipping Norton,1000
2024-01-11,Thu,Daily,OL15 0EF,Littleborough,1000
2024-01-11,Thu,Daily,N9 0UU,London,1000
2024-01-11,Thu,Daily,N16 5RT,London,1000
2024-01-11,Thu,Daily,ML12 6LB,Biggar,1000
2024-01-11,Thu,Daily,MK44 3SL,Bedford,1000
2024-01-11,Thu,Daily,LS6 2HB,Leeds,1000
2024-01-11,Thu,Daily,LN11 9YL,Louth,1000
2024-01-11,Thu,Daily,EX18 7DH,Chulmleigh,1000
2024-01-11,Thu,Daily,DA1 5GU,Dartford,1000
2024-01-11,Thu,Daily,CF82 8HB,Hengoed,1000
2024-01-11,Thu,Daily,CB6 2FG,Ely,1000
2024-01-11,Thu,Daily,BS20 6EQ,Bristol,1000
2024-01-11,Thu,Daily,BL0 0DZ,Bury,1000
2024-01-10,Wed,Daily,WS5 3JH,Walsall,1000
2024-01-10,Wed,Daily,WS15 2PS,Rugeley,1000
2024-01-10,Wed,Daily,UB8 2AJ,Uxbridge,1000
2024-01-10,Wed,Daily,ST6 7BD,Stoke-on-Trent,1000
2024-01-10,Wed,Daily,SS7 2EL,Benfleet,1000
2024-01-10,Wed,Daily,SO45 4PJ,Southampton,1000
2024-01-10,Wed,Daily,PO20 0QB,Chichester,1000
2024-01-10,Wed,Daily,PL20 7LA,Yelverton,1000
2024-01-10,Wed,Daily,PH2 7DZ,Perth,1000
2024-01-10,Wed,Daily,OX16 9JF,Banbury,1000
2024-01-10,Wed,Daily,NP18 2NH,Newport,1000
2024-01-10,Wed,Daily,ME2 4DD,Rochester,1000
2024-01-10,Wed,Daily,GU21 5FS,Woking,1000
2024-01-10,Wed,Daily,GU12 6GD,Aldershot,1000
2024-01-10,Wed,Daily,G81 6LE,Clydebank,1000
2024-01-10,Wed,Daily,DY10 3PB,Kidderminster,1000
2024-01-10,Wed,Daily,CO6 5AL,Colchester,1000
2024-01-10,Wed,Daily,BS13 0DG,Bristol,1000
2024-01-10,Wed,Daily,BA20 2BL,Yeovil,1000
2024-01-10,Wed,Daily,BA15 2NF,Bradford on Avon,1000
2024-01-09,Tue,Daily,TS20 2HN,Stockton-on-Tees,1000
2024-01-09,Tue,Daily,S40 4TF,Chesterfield,1000
2024-01-09,Tue,Daily,PR5 6TR,Preston,1000
2024-01-09,Tue,Daily,PE25 1EX,Skegness,1000
2024-01-09,Tue,Daily,NG20 8LH,Mansfield,1000
2024-01-09,Tue,Daily,MK18 2PG,Buckingham,1000
2024-01-09,Tue,Daily,MK12 5GQ,Milton Keynes,1000
2024-01-09,Tue,Daily,LE15 7NA,Oakham,1000
2024-01-09,Tue,Daily,HX3 9AT,Halifax,1000
2024-01-09,Tue,Daily,HP19 8EH,Aylesbury,1000
2024-01-09,Tue,Daily,HP14 4LG,High Wycombe,1000
2024-01-09,Tue,Daily,G66 3EA,Glasgow,1000
2024-01-09,Tue,Daily,G13 2XQ,Glasgow,1000
2024-01-09,Tue,Daily,FK2 7SQ,Falkirk,1000
2024-01-09,Tue,Daily,EH22 3EW,Dalkeith,1000
2024-01-09,Tue,Daily,DN5 7NL,Doncaster,1000
2024-01-09,Tue,Daily,CH60 9JY,Wirral,1000
2024-01-09,Tue,Daily,CF5 5LE,Cardiff,1000
2024-01-09,Tue,Daily,BS22 8UT,Weston-super-Mare,1000
2024-01-09,Tue,Daily,BB11 3NP,Burnley,1000
2024-01-08,Mon,Daily,TD5 7AE,Kelso,1000
2024-01-08,Mon,Daily,SL9 9QJ,Chalfont St Peter,1000
2024-01-08,Mon,Daily,RH2 8DD,Reigate,1000
2024-01-08,Mon,Daily,RG19 8BR,Thatcham,1000
2024-01-08,Mon,Daily,PO16 7RR,Fareham,1000
2024-01-08,Mon,Daily,PA8 6HD,Erskine,1000
2024-01-08,Mon,Daily,NG13 8NA,East Bridgford,1000
2024-01-08,Mon,Daily,L23 0RJ,Liverpool,1000
2024-01-08,Mon,Daily,HU9 5JD,Hull,1000
2024-01-08,Mon,Daily,HU13 9LR,Hessle,1000
2024-01-08,Mon,Daily,G75 9NJ,East Kilbride,1000
2024-01-08,Mon,Daily,FK14 7JZ,Falkirk,1000
2024-01-08,Mon,Daily,DD8 5EF,Kirriemuir,1000
2024-01-08,Mon,Daily,CT5 4ST,Seasalter,1000
2024-01-08,Mon,Daily,CB23 6EH,Cambourne,1000
2024-01-08,Mon,Daily,BH25 5BB,New Milton,1000
2024-01-08,Mon,Daily,B63 3SS,Halesowen,1000
2024-01-08,Mon,Daily,B62 9NR,Halesowen,1000
2024-01-08,Mon,Daily,AL4 8PE,Wheathampstead,1000
2024-01-08,Mon,Daily,AB37 9HU,Tomintoul,1000
2024-01-07,Sun,Street Prize,BR5 2JD,Orpington,30000
2024-01-06,Sat,Millionaire Street,B74 2EA,Sutton Coldfield,142857
2024-01-05,Fri,Daily,WR3 8RA,Worcester,1000
2024-01-05,Fri,Daily,WF2 7AL,Wakefield,1000
2024-01-05,Fri,Daily,TQ10 9FP,South Brent,1000
2024-01-05,Fri,Daily,TN4 9EA,Tunbridge Wells,1000
2024-01-05,Fri,Daily,TD9 8PQ,Hawick,1000
2024-01-05,Fri,Daily,SL1 3AD,Slough,1000
2024-01-05,Fri,Daily,PR8 3AN,Southport,1000
2024-01-05,Fri,Daily,OL6 9EG,Ashton-under-Lyne,1000
2024-01-05,Fri,Daily,N15 4FP,London,1000
2024-01-05,Fri,Daily,ME3 8AT,Rochester,1000
2024-01-05,Fri,Daily,ME19 4XN,West Malling,1000
2024-01-05,Fri,Daily,GU35 0GW,Bordon,1000
2024-01-05,Fri,Daily,FY8 4RF,Lytham St Annes,1000
2024-01-05,Fri,Daily,EN6 4JY,Potters Bar,1000
2024-01-05,Fri,Daily,EH11 4LJ,Edinburgh,1000
2024-01-05,Fri,Daily,DE13 0QF,Burton upon Trent,1000
2024-01-05,Fri,Daily,CM15 8JL,Brentwood,1000
2024-01-05,Fri,Daily,CF38 2JE,Pontypridd,1000
2024-01-05,Fri,Daily,BS21 6LQ,Clevedon,1000
2024-01-05,Fri,Daily,AL2 3LR,St Albans,1000
2024-01-04,Thu,Daily,WA8 9WE,Widnes,1000
2024-01-04,Thu,Daily,UB3 1BQ,Hayes,1000
2024-01-04,Thu,Daily,PL21 9TD,Ivybridge,1000
2024-01-04,Thu,Daily,PH1 2ND,Perth,1000
2024-01-04,Thu,Daily,OL11 3DA,Rochdale,1000
2024-01-04,Thu,Daily,NP19 4LS,Newport,1000
2024-01-04,Thu,Daily,LA13 9QT,Barrow-in-Furness,1000
2024-01-04,Thu,Daily,L31 5JP,Liverpool,1000
2024-01-04,Thu,Daily,HP1 1QY,Hemel Hempstead,1000
2024-01-04,Thu,Daily,G21 3NX,Glasgow,1000
2024-01-04,Thu,Daily,FY4 5NN,Blackpool,1000
2024-01-04,Thu,Daily,EN2 8LW,Enfield,1000
2024-01-04,Thu,Daily,CM23 3LZ,Bishop's Stortford,1000
2024-01-04,Thu,Daily,CF71 7RR,Cowbridge,1000
2024-01-04,Thu,Daily,CF64 2RQ,Penarth,1000
2024-01-04,Thu,Daily,CF43 4BA,Ferndale,1000
2024-01-04,Thu,Daily,CF33 6HH,Bridgend,1000
2024-01-04,Thu,Daily,BS22 7TE,Weston-super-Mare,1000
2024-01-04,Thu,Daily,BB4 7SS,Rossendale,1000
2024-01-04,Thu,Daily,AB41 6RE,Ellon,1000
2024-01-03,Wed,Daily,WV2 3PA,Wolverhampton,1000
2024-01-03,Wed,Daily,TS21 3HL,Stockton-on-Tees,1000
2024-01-03,Wed,Daily,TD6 0SB,Melrose,1000
2024-01-03,Wed,Daily,SK11 7XE,Macclesfield,1000
2024-01-03,Wed,Daily,SA12 8EF,Port Talbot,1000
2024-01-03,Wed,Daily,SA11 2NG,Neath,1000
2024-01-03,Wed,Daily,RG2 8HQ,Reading,1000
2024-01-03,Wed,Daily,ME9 8QY,Sittingbourne,1000
2024-01-03,Wed,Daily,LS7 2RL,Leeds,1000
2024-01-03,Wed,Daily,LS18 4PJ,Leeds,1000
2024-01-03,Wed,Daily,KA19 7JU,Maybole,1000
2024-01-03,Wed,Daily,HU8 8RE,Hull,1000
2024-01-03,Wed,Daily,HA4 7NZ,Ruislip,1000
2024-01-03,Wed,Daily,GL4 0PL,Gloucester,1000
2024-01-03,Wed,Daily,FY5 5HZ,Thornton Cleveleys,1000
2024-01-03,Wed,Daily,EN8 9EQ,Waltham Cross,1000
2024-01-03,Wed,Daily,EN7 5NH,Waltham Cross,1000
2024-01-03,Wed,Daily,DN9 1PN,Doncaster,1000
2024-01-03,Wed,Daily,BL5 2AG,Bolton,1000
2024-01-03,Wed,Daily,AB14 0PS,Peterculter,1000
2024-01-02,Tue,Daily,YO7 1LU,Thirsk,1000
2024-01-02,Tue,Daily,WS15 2RY,Rugeley,1000
2024-01-02,Tue,Daily,TS24 8JL,Hartlepool,1000
2024-01-02,Tue,Daily,TF1 3PH,Telford,1000
2024-01-02,Tue,Daily,SY1 3DR,Shrewsbury,1000
2024-01-02,Tue,Daily,SS1 1BW,Southend-on-Sea,1000
2024-01-02,Tue,Daily,SP10 3AW,Andover,1000
2024-01-02,Tue,Daily,SA14 8NN,Llanelli,1000
2024-01-02,Tue,Daily,MK43 8JB,Bedford,1000
2024-01-02,Tue,Daily,LS14 6DQ,Leeds,1000
2024-01-02,Tue,Daily,L25 9RW,Liverpool,1000
2024-01-02,Tue,Daily,GU14 7EL,Farnborough,1000
2024-01-02,Tue,Daily,GL8 8XR,Tetbury,1000
2024-01-02,Tue,Daily,EX38 7JA,Torrington,1000
2024-01-02,Tue,Daily,EH39 5FF,North Berwick,1000
2024-01-02,Tue,Daily,DY3 2RS,Dudley,1000
2024-01-02,Tue,Daily,CV31 3BX,Leamington Spa,1000
2024-01-02,Tue,Daily,CV10 7HL,Nuneaton,1000
2024-01-02,Tue,Daily,CO15 2RG,Clacton-on-Sea,1000
2024-01-02,Tue,Daily,CH62 5JG,Wirral,1000
2024-01-01,Mon,Daily,WV11 2PH,Wolverhampton,1000
2024-01-01,Mon,Daily,WD19 4BP,Watford,1000
2024-01-01,Mon,Daily,TN6 1AT,Crowborough,1000
2024-01-01,Mon,Daily,SO14 3DB,Southampton,1000
2024-01-01,Mon,Daily,SN25 4TW,Swindon,1000
2024-01-01,Mon,Daily,SE16 7TQ,London,1000
2024-01-01,Mon,Daily,S40 2LA,Chesterfield,1000
2024-01-01,Mon,Daily,RG4 9TD,Reading,1000
2024-01-01,Mon,Daily,PR2 9HZ,Preston,1000
2024-01-01,Mon,Daily,OX15 4SP,Banbury,1000
2024-01-01,Mon,Daily,NG8 1AA,Nottingham,1000
2024-01-01,Mon,Daily,NG10 3PL,Nottingham,1000
2024-01-01,Mon,Daily,LS21 1GA,Otley,1000
2024-01-01,Mon,Daily,GU28 9NL,Petworth,1000
2024-01-01,Mon,Daily,E13 0HA,London,1000
2024-01-01,Mon,Daily,DT10 1JA,Sturminster Newton,1000
2024-01-01,Mon,Daily,CT13 0HW,Sandwich,1000
2024-01-01,Mon,Daily,CO6 1NL,Colchester,1000
2024-01-01,Mon,Daily,CB22 4WF,Cambridge,1000
2024-01-01,Mon,Daily,BN20 8RH,Eastbourne,1000
2023-12-31,Sun,Street Prize,SK12 2JR,Stockport,30000
2023-12-30,Sat,Millionaire Street,RG40 1LL,Wokingham,100000
2023-12-29,Fri,Daily,WS8 7LG,Walsall,1000
2023-12-29,Fri,Daily,WD18 0JQ,Watford,1000
2023-12-29,Fri,Daily,SS1 2SN,Southend-on-Sea,1000
2023-12-29,Fri,Daily,SO53 4PZ,Eastleigh,1000
2023-12-29,Fri,Daily,RH20 2QS,Pulborough,1000
2023-12-29,Fri,Daily,PO8 0EF,Waterlooville,1000
2023-12-29,Fri,Daily,OL5 0BU,Ashton-under-Lyne,1000
2023-12-29,Fri,Daily,NE29 8RP,North Shields,1000
2023-12-29,Fri,Daily,ME12 4EA,Sheerness,1000
2023-12-29,Fri,Daily,LU1 4LG,Luton,1000
2023-12-29,Fri,Daily,LE2 8HW,Leicester,1000
2023-12-29,Fri,Daily,IV12 5SD,Nairn,1000
2023-12-29,Fri,Daily,HD6 2DS,Brighouse,1000
2023-12-29,Fri,Daily,HA5 1NP,Pinner,1000
2023-12-29,Fri,Daily,DN16 3NW,Scunthorpe,1000
2023-12-29,Fri,Daily,DN14 6SZ,Goole,1000
2023-12-29,Fri,Daily,CT15 5AT,Dover,1000
2023-12-29,Fri,Daily,CR5 3PA,Coulsdon,1000
2023-12-29,Fri,Daily,BL8 1NX,Bury,1000
2023-12-29,Fri,Daily,BH24 1XE,Ringwood,1000
2023-12-28,Thu,Daily,WV14 0UG,Bilston,1000
2023-12-28,Thu,Daily,WS5 3NG,Walsall,1000
2023-12-28,Thu,Daily,TD11 3ES,Duns,1000
2023-12-28,Thu,Daily,SO40 4AG,Southampton,1000
2023-12-28,Thu,Daily,SA9 2BX,Swansea,1000
2023-12-28,Thu,Daily,SA10 6SA,Neath,1000
2023-12-28,Thu,Daily,NE26 2PF,Whitley Bay,1000
2023-12-28,Thu,Daily,LS7 2PA,Leeds,1000
2023-12-28,Thu,Daily,KY12 8JT,Dunfermline,1000
2023-12-28,Thu,Daily,HP10 0PZ,High Wycombe,1000
2023-12-28,Thu,Daily,G83 9DU,Alexandria,1000
2023-12-28,Thu,Daily,FK8 3ND,Stirling,1000
2023-12-28,Thu,Daily,DN11 8PZ,Doncaster,1000
2023-12-28,Thu,Daily,DG9 0DT,Stranraer,1000
2023-12-28,Thu,Daily,CW5 7GQ,Nantwich,1000
2023-12-28,Thu,Daily,CM7 2TD,Braintree,1000
2023-12-28,Thu,Daily,CB4 1DX,Cambridge,1000
2023-12-28,Thu,Daily,BS31 2SU,Bristol,1000
2023-12-28,Thu,Daily,BN21 2YN,Eastbourne,1000
2023-12-28,Thu,Daily,B21 8NA,Birmingham,1000
2023-12-27,Wed,Daily,WN2 2SR,Wigan,1000
2023-12-27,Wed,Daily,WF1 3ET,Wakefield,1000
2023-12-27,Wed,Daily,WA7 2XH,Runcorn,1000
2023-12-27,Wed,Daily,TS26 8ET,Hartlepool,1000
2023-12-27,Wed,Daily,TS16 9BN,Stockton-on-Tees,1000
2023-12-27,Wed,Daily,SO30 0JY,Southampton,1000
2023-12-27,Wed,Daily,S64 8NQ,Mexborough,1000
2023-12-27,Wed,Daily,S10 1SD,Sheffield,1000
2023-12-27,Wed,Daily,RH11 9LT,Crawley,1000
2023-12-27,Wed,Daily,PH1 1BB,Perth,1000
2023-12-27,Wed,Daily,OL12 9UH,Rochdale,1000
2023-12-27,Wed,Daily,NE11 9AY,Gateshead,1000
2023-12-27,Wed,Daily,LS6 2HS,Leeds,1000
2023-12-27,Wed,Daily,LE12 8TT,Loughborough,1000
2023-12-27,Wed,Daily,KT14 7NJ,West Byfleet,1000
2023-12-27,Wed,Daily,HR8 1JQ,Ledbury,1000
2023-12-27,Wed,Daily,HP27 9DF,Princes Risborough,1000
2023-12-27,Wed,Daily,FY4 3HZ,Blackpool,1000
2023-12-27,Wed,Daily,BS5 8JU,Bristol,1000
2023-12-27,Wed,Daily,AB39 2BU,Stonehaven,1000
2023-12-26,Tue,Daily,SE14 5QU,London,1000
2023-12-26,Tue,Daily,SA20 0YP,Llandovery,1000
2023-12-26,Tue,Daily,RM15 5LN,South Ockendon,1000
2023-12-26,Tue,Daily,RG25 2LP,Basingstoke,1000
2023-12-26,Tue,Daily,PR7 3FJ,Chorley,1000
2023-12-26,Tue,Daily,PR5 8EP,Preston,1000
2023-12-26,Tue,Daily,OX5 3FE,Kidlington,1000
2023-12-26,Tue,Daily,OX12 0NE,Wantage,1000
2023-12-26,Tue,Daily,NR32 3FN,Oulton,1000
2023-12-26,Tue,Daily,NG15 7QT,Nottingham,1000
2023-12-26,Tue,Daily,M7 4NN,Salford,1000
2023-12-26,Tue,Daily,EH13 9AW,Edinburgh,1000
2023-12-26,Tue,Daily,DT2 8GU,Dorchester,1000
2023-12-26,Tue,Daily,DN33 1JG,Grimsby,1000
2023-12-26,Tue,Daily,DN22 0EY,Retford,1000
2023-12-26,Tue,Daily,DD6 9BZ,Tayport,1000
2023-12-26,Tue,Daily,CW1 5TR,Crewe,1000
2023-12-26,Tue,Daily,CV32 7LG,Leamington Spa,1000
2023-12-26,Tue,Daily,BL2 1LW,Bolton,1000
2023-12-26,Tue,Daily,AB53 5RX,Turriff,1000
2023-12-25,Mon,Daily,TR11 4QU,Falmouth,1000
2023-12-25,Mon,Daily,TQ2 7JH,Torquay,1000
2023-12-25,Mon,Daily,TD5 8RH,Kelso,1000
2023-12-25,Mon,Daily,SK13 1NR,Glossop,1000
2023-12-25,Mon,Daily,RH5 5HU,Dorking,1000
2023-12-25,Mon,Daily,PO30 4EZ,Newport,1000
2023-12-25,Mon,Daily,OX3 8DB,Oxford,1000
2023-12-25,Mon,Daily,NG20 0FH,Mansfield,1000
2023-12-25,Mon,Daily,N7 6EF,London,1000
2023-12-25,Mon,Daily,LE19 4EE,Leicester,1000
2023-12-25,Mon,Daily,LD1 6BN,Llandrindod Wells,1000
2023-12-25,Mon,Daily,GL7 4HH,Fairford,1000
2023-12-25,Mon,Daily,DN6 7PS,Doncaster,1000
2023-12-25,Mon,Daily,DL5 4TF,Newton Aycliffe,1000
2023-12-25,Mon,Daily,DE5 3SB,Ripley,1000
2023-12-25,Mon,Daily,CM16 7FA,Epping,1000
2023-12-25,Mon,Daily,BL1 6NT,Bolton,1000
2023-12-25,Mon,Daily,B74 3LA,Sutton Coldfield,1000
2023-12-25,Mon,Daily,B29 7DX,Birmingham,1000
2023-12-25,Mon,Daily,B13 8RL,Birmingham,1000
2023-12-24,Sun,Street Prize,S60 5AT,Rotherham,30000
2023-12-23,Sat,Millionaire Street,RG28 7DB,Whitchurch,200000
2023-12-22,Fri,Daily,WV14 9AU,Bilston,1000
2023-12-22,Fri,Daily,TN25 6JS,Ashford,1000
2023-12-22,Fri,Daily,SS0 7LB,Westcliff-on-Sea,1000
2023-12-22,Fri,Daily,SN3 4AW,Swindon,1000
2023-12-22,Fri,Daily,SM1 2PZ,Sutton,1000
2023-12-22,Fri,Daily,SL3 8UE,Slough,1000
2023-12-22,Fri,Daily,RM3 0YJ,Romford,1000
2023-12-22,Fri,Daily,PE22 0SR,Boston,1000
2023-12-22,Fri,Daily,NP20 5ND,Newport,1000
2023-12-22,Fri,Daily,M20 6ER,Manchester,1000
2023-12-22,Fri,Daily,L19 3PH,Liverpool,1000
2023-12-22,Fri,Daily,HX1 5NX,Halifax,1000
2023-12-22,Fri,Daily,GU17 0HD,Camberley,1000
2023-12-22,Fri,Daily,G74 4SR,Glasgow,1000
2023-12-22,Fri,Daily,EH48 2XS,Bathgate,1000
2023-12-22,Fri,Daily,E14 0EU,London,1000
2023-12-22,Fri,Daily,CV4 9JR,Coventry,1000
2023-12-22,Fri,Daily,CO10 9SA,Sudbury,1000
2023-12-22,Fri,Daily,BD16 4DL,Bingley,1000
2023-12-22,Fri,Daily,B32 3HU,Birmingham,1000
2023-12-21,Thu,Daily,WR11 7AH,Evesham,1000
2023-12-21,Thu,Daily,SY12 0AQ,Ellesmere,1000
2023-12-21,Thu,Daily,SY11 4FL,Oswestry,1000
2023-12-21,Thu,Daily,SN5 8NE,Swindon,1000
2023-12-21,Thu,Daily,SK23 0QA,High Peak,1000
2023-12-21,Thu,Daily,SA48 7PB,Lampeter,1000
2023-12-21,Thu,Daily,PE13 2UH,Wisbech,1000
2023-12-21,Thu,Daily,PA15 3LS,Greenock,1000
2023-12-21,Thu,Daily,NE8 3FH,Gateshead,1000
2023-12-21,Thu,Daily,NE65 7HT,Morpeth,1000
2023-12-21,Thu,Daily,ML3 6LG,Hamilton,1000
2023-12-21,Thu,Daily,MK18 2EU,Buckingham,1000
2023-12-21,Thu,Daily,HR9 5UZ,Ross-on-Wye,1000
2023-12-21,Thu,Daily,G65 0QP,Glasgow,1000
2023-12-21,Thu,Daily,EX34 9LD,Ilfracombe,1000
2023-12-21,Thu,Daily,E14 9NP,London,1000
2023-12-21,Thu,Daily,DE56 0PS,Belper,1000
2023-12-21,Thu,Daily,CA15 7DR,Maryport,1000
2023-12-21,Thu,Daily,BL3 2QA,Bolton,1000
2023-12-21,Thu,Daily,B17 0EH,Birmingham,1000
2023-12-20,Wed,Daily,WF8 2LH,Pontefract,1000
2023-12-20,Wed,Daily,TS19 8AL,Stockton-on-Tees,1000
2023-12-20,Wed,Daily,TR15 3UZ,Redruth,1000
2023-12-20,Wed,Daily,SS4 3JT,Rochford,1000
2023-12-20,Wed,Daily,SE6 3AF,London,1000
2023-12-20,Wed,Daily,SE5 9AU,London,1000
2023-12-20,Wed,Daily,NP10 9JD,Newport,1000
2023-12-20,Wed,Daily,NG14 7EU,Nottingham,1000
2023-12-20,Wed,Daily,ME17 2DY,Maidstone,1000
2023-12-20,Wed,Daily,M28 1GJ,Manchester,1000
2023-12-20,Wed,Daily,LS29 8UW,Ilkley,1000
2023-12-20,Wed,Daily,FK8 3JX,Stirling,1000
2023-12-20,Wed,Daily,FK3 9HB,Grangemouth,1000
2023-12-20,Wed,Daily,DE56 1GE,Belper,1000
2023-12-20,Wed,Daily,CW8 2RF,Northwich,1000
2023-12-20,Wed,Daily,CT4 5AN,Canterbury,1000
2023-12-20,Wed,Daily,BL9 0HE,Bury,1000
2023-12-20,Wed,Daily,BL3 1PW,Bolton,1000
2023-12-20,Wed,Daily,BL2 6PR,Bolton,1000
2023-12-20,Wed,Daily,BB12 6NL,Burnley,1000
2023-12-19,Tue,Daily,WS11 9RP,Cannock,1000
2023-12-19,Tue,Daily,SW2 5BW,London,1000
2023-12-19,Tue,Daily,SL6 1RX,Maidenhead,1000
2023-12-19,Tue,Daily,S72 0EX,Barnsley,1000
2023-12-19,Tue,Daily,S40 2RE,Chesterfield,1000
2023-12-19,Tue,Daily,RM18 8DQ,Tilbury,1000
2023-12-19,Tue,Daily,RG12 8SD,Bracknell,1000
2023-12-19,Tue,Daily,PE31 8RU,King's Lynn,1000
2023-12-19,Tue,Daily,NG4 2DU,Nottingham,1000
2023-12-19,Tue,Daily,NG31 7FY,Grantham,1000
2023-12-19,Tue,Daily,ME16 9FD,Maidstone,1000
2023-12-19,Tue,Daily,M27 0EE,Manchester,1000
2023-12-19,Tue,Daily,LD2 3HL,Builth Wells,1000
2023-12-19,Tue,Daily,DN8 5TG,Doncaster,1000
2023-12-19,Tue,Daily,DA16 3RN,Welling,1000
2023-12-19,Tue,Daily,CR3 6RE,Caterham,1000
2023-12-19,Tue,Daily,CH2 2LH,Chester,1000
2023-12-19,Tue,Daily,CF15 9JB,Cardiff,1000
2023-12-19,Tue,Daily,CA8 1ED,Brampton,1000
2023-12-19,Tue,Daily,CA15 7HF,Maryport,1000
2023-12-18,Mon,Daily,WR7 4AU,Worcester,1000
2023-12-18,Mon,Daily,SS17 0PL,Stanford le Hope,1000
2023-12-18,Mon,Daily,SL3 7EN,Slough,1000
2023-12-18,Mon,Daily,SE28 8AN,London,1000
2023-12-18,Mon,Daily,RH13 6PE,Horsham,1000
2023-12-18,Mon,Daily,PO31 7DX,Cowes,1000
2023-12-18,Mon,Daily,PH7 4ER,Crieff,1000
2023-12-18,Mon,Daily,NR16 1PW,Norwich,1000
2023-12-18,Mon,Daily,NN1 1EL,Northampton,1000
2023-12-18,Mon,Daily,ME18 5NF,Maidstone,1000
2023-12-18,Mon,Daily,ME14 2SY,Maidstone,1000
2023-12-18,Mon,Daily,LA6 1QT,Carnforth,1000
2023-12-18,Mon,Daily,L39 5DP,Ormskirk,1000
2023-12-18,Mon,Daily,EX32 8HJ,Barnstaple,1000
2023-12-18,Mon,Daily,EH47 7NL,Bathgate,1000
2023-12-18,Mon,Daily,DY10 2PS,Kidderminster,1000
2023-12-18,Mon,Daily,CO4 5JQ,Colchester,1000
2023-12-18,Mon,Daily,CF83 8TU,Caerphilly,1000
2023-12-18,Mon,Daily,B91 2JD,Solihull,1000
2023-12-18,Mon,Daily,B26 1DY,Birmingham,1000
2023-12-17,Sun,Street Prize,BN12 5QL,Worthing,30000
2023-12-16,Sat,Postcode Millions,SS8 7EE,Canvey Island,
2023-12-16,Sat,Millionaire Street,CM18 6QT,Harlow,90909
2023-12-15,Fri,Daily,TW10 5ED,Richmond,1000
2023-12-15,Fri,Daily,TF3 2BD,Telford,1000
2023-12-15,Fri,Daily,SA64 0AZ,Goodwick,1000
2023-12-15,Fri,Daily,PE25 1EP,Skegness,1000
2023-12-15,Fri,Daily,OX13 6JS,Abingdon,1000
2023-12-15,Fri,Daily,NN8 2LR,Wellingborough,1000
2023-12-15,Fri,Daily,LS11 7BT,Leeds,1000
2023-12-15,Fri,Daily,LA13 9HU,Barrow-in-Furness,1000
2023-12-15,Fri,Daily,L27 5RJ,Liverpool,1000
2023-12-15,Fri,Daily,HP17 8LG,Aylesbury,1000
2023-12-15,Fri,Daily,GU28 0BJ,Petworth,1000
2023-12-15,Fri,Daily,G67 1LP,Glasgow,1000
2023-12-15,Fri,Daily,CT5 4LZ,Whitstable,1000
2023-12-15,Fri,Daily,CF24 0EP,Cardiff,1000
2023-12-15,Fri,Daily,BS5 7PL,Bristol,1000
2023-12-15,Fri,Daily,BL8 1UX,Bury,1000
2023-12-15,Fri,Daily,BD17 6QL,Shipley,1000
2023-12-15,Fri,Daily,B63 2QL,Halesowen,1000
2023-12-15,Fri,Daily,B6 6LZ,Birmingham,1000
2023-12-15,Fri,Daily,B36 9LA,Birmingham,1000
2023-12-14,Thu,Daily,YO61 3DB,York,1000
2023-12-14,Thu,Daily,WS6 7DP,Walsall,1000
2023-12-14,Thu,Daily,WN5 8DA,Wigan,1000
2023-12-14,Thu,Daily,TA19 0JA,Ilminster,1000
2023-12-14,Thu,Daily,SO41 9HN,Lymington,1000
2023-12-14,Thu,Daily,SA33 4ER,Carmarthen,1000
2023-12-14,Thu,Daily,S65 3PG,Rotherham,1000
2023-12-14,Thu,Daily,PE26 2PR,Huntingdon,1000
2023-12-14,Thu,Daily,OX28 4DS,Witney,1000
2023-12-14,Thu,Daily,NR18 9QD,Wymondham,1000
2023-12-14,Thu,Daily,NE63 8JB,Ashington,1000
2023-12-14,Thu,Daily,M41 9HT,Manchester,1000
2023-12-14,Thu,Daily,LE3 9TN,Leicester,1000
2023-12-14,Thu,Daily,EX5 4JY,Exeter,1000
2023-12-14,Thu,Daily,EH53 0EN,Livingston,1000
2023-12-14,Thu,Daily,DN37 9EJ,Grimsby,1000
2023-12-14,Thu,Daily,DE11 0JN,Swadlincote,1000
2023-12-14,Thu,Daily,CT9 5RN,Margate,1000
2023-12-14,Thu,Daily,BA5 2PZ,Wells,1000
2023-12-14,Thu,Daily,B66 4AN,Smethwick,1000
2023-12-13,Wed,Daily,TQ1 1JH,Torquay,1000
2023-12-13,Wed,Daily,TN36 4LW,Winchelsea,1000
2023-12-13,Wed,Daily,ST19 5JZ,Stafford,1000
2023-12-13,Wed,Daily,SK5 8JZ,Stockport,1000
2023-12-13,Wed,Daily,S61 3AU,Rotherham,1000
2023-12-13,Wed,Daily,S18 4AX,Dronfield,1000
2023-12-13,Wed,Daily,PR1 1LA,Preston,1000
2023-12-13,Wed,Daily,PE19 8TA,St Neots,1000
2023-12-13,Wed,Daily,NR18 9BA,Wymondham,1000
2023-12-13,Wed,Daily,NG1 4GT,Nottingham,1000
2023-12-13,Wed,Daily,NE66 3RE,Alnwick,1000
2023-12-13,Wed,Daily,LE2 3EB,Leicester,1000
2023-12-13,Wed,Daily,LA23 3AS,Windermere,1000
2023-12-13,Wed,Daily,HU9 5AW,Hull,1000
2023-12-13,Wed,Daily,HU9 4NT,Hull,1000
2023-12-13,Wed,Daily,GL7 4JG,Fairford,1000
2023-12-13,Wed,Daily,GL2 4TR,Gloucester,1000
2023-12-13,Wed,Daily,CV37 6SU,Stratford upon Avon,1000
2023-12-13,Wed,Daily,BS49 4JG,Bristol,1000
2023-12-13,Wed,Daily,AB30 1AY,Laurencekirk,1000
2023-12-12,Tue,Daily,WN8 8DW,Skelmersdale,1000
2023-12-12,Tue,Daily,TW14 0JG,Feltham,1000
2023-12-12,Tue,Daily,TR10 8RQ,Penryn,1000
2023-12-12,Tue,Daily,SP11 6SU,Andover,1000
2023-12-12,Tue,Daily,SG5 4RZ,Hitchin,1000
2023-12-12,Tue,Daily,S18 4AH,Dronfield,1000
2023-12-12,Tue,Daily,RG21 4JN,Basingstoke,1000
2023-12-12,Tue,Daily,PL14 5ED,Liskeard,1000
2023-12-12,Tue,Daily,NG21 9RB,Mansfield,1000
2023-12-12,Tue,Daily,NE8 4NF,Gateshead,1000
2023-12-12,Tue,Daily,MK45 2SX,Bedford,1000
2023-12-12,Tue,Daily,MK2 3PE,Milton Keynes,1000
2023-12-12,Tue,Daily,LL65 4SN,Holyhead,1000
2023-12-12,Tue,Daily,LL11 6NS,Wrexham,1000
2023-12-12,Tue,Daily,GU3 3ES,Guildford,1000
2023-12-12,Tue,Daily,GU18 5LB,Lightwater,1000
2023-12-12,Tue,Daily,G74 2BL,Glasgow,1000
2023-12-12,Tue,Daily,EX1 3NL,Exeter,1000
2023-12-12,Tue,Daily,EH5 2PT,Edinburgh,1000
2023-12-12,Tue,Daily,CM12 0RA,Billericay,1000
2023-12-11,Mon,Daily,TS6 8BE,Middlesbrough,1000
2023-12-11,Mon,Daily,SY21 0SB,Welshpool,1000
2023-12-11,Mon,Daily,ST6 7DH,Stoke-on-Trent,1000
2023-12-11,Mon,Daily,RH16 3HG,Haywards Heath,1000
2023-12-11,Mon,Daily,RG14 2GZ,Newbury,1000
2023-12-11,Mon,Daily,NG34 9QF,Sleaford,1000
2023-12-11,Mon,Daily,LS7 3JF,Leeds,1000
2023-12-11,Mon,Daily,LS15 8TN,Leeds,1000
2023-12-11,Mon,Daily,KT5 8EJ,Surbiton,1000
2023-12-11,Mon,Daily,KT19 8HN,Epsom,1000
2023-12-11,Mon,Daily,HU7 4TW,Hull,1000
2023-12-11,Mon,Daily,HD2 1ZG,Huddersfield,1000
2023-12-11,Mon,Daily,GL20 8QZ,Tewkesbury,1000
2023-12-11,Mon,Daily,EX31 1JG,Barnstaple,1000
2023-12-11,Mon,Daily,DH6 3DG,Durham,1000
2023-12-11,Mon,Daily,DE75 7YY,Heanor,1000
2023-12-11,Mon,Daily,DA8 2HP,Erith,1000
2023-12-11,Mon,Daily,BN16 3AG,Littlehampton,1000
2023-12-11,Mon,Daily,B60 3DA,Bromsgrove,1000
2023-12-11,Mon,Daily,AB39 2UN,Stonehaven,1000
2023-12-10,Sun,Street Prize,E3 3AW,London,30000
2023-12-09,Sat,Millionaire Street,WF4 4QZ,Wakefield,333333
2023-12-08,Fri,Daily,ST7 4XB,Stoke-on-Trent,1000
2023-12-08,Fri,Daily,SK13 6NY,Glossop,1000
2023-12-08,Fri,Daily,PE19 8HY,St Neots,1000
2023-12-08,Fri,Daily,ML3 7PD,Hamilton,1000
2023-12-08,Fri,Daily,LA4 5SL,Morecambe,1000
2023-12-08,Fri,Daily,HR8 1QW,Ledbury,1000
2023-12-08,Fri,Daily,GU35 9RG,Bordon,1000
2023-12-08,Fri,Daily,G33 5AB,Glasgow,1000
2023-12-08,Fri,Daily,EH17 7HX,Edinburgh,1000
2023-12-08,Fri,Daily,EH16 5LR,Edinburgh,1000
2023-12-08,Fri,Daily,DN8 4FB,Doncaster,1000
2023-12-08,Fri,Daily,DE74 2NG,Derby,1000
2023-12-08,Fri,Daily,CH3 9BQ,Chester,1000
2023-12-08,Fri,Daily,CA15 6QS,Maryport,1000
2023-12-08,Fri,Daily,BN6 9SE,Hassocks,1000
2023-12-08,Fri,Daily,BB12 8TZ,Burnley,1000
2023-12-08,Fri,Daily,BA14 7GF,Trowbridge,1000
2023-12-08,Fri,Daily,BA11 6TG,Frome,1000
2023-12-08,Fri,Daily,B97 5EA,Redditch,1000
2023-12-08,Fri,Daily,B70 7EW,West Bromwich,1000
2023-12-07,Thu,Daily,WV11 2HW,Wolverhampton,1000
2023-12-07,Thu,Daily,TN34 1RP,Hastings,1000
2023-12-07,Thu,Daily,TN24 9RL,Ashford,1000
2023-12-07,Thu,Daily,SY5 0DW,Shrewsbury,1000
2023-12-07,Thu,Daily,SY20 9PR,Machynlleth,1000
2023-12-07,Thu,Daily,SW16 3AF,London,1000
2023-12-07,Thu,Daily,SS7 2HN,Benfleet,1000
2023-12-07,Thu,Daily,SM6 0SB,Wallington,1000
2023-12-07,Thu,Daily,SM2 7AY,Sutton,1000
2023-12-07,Thu,Daily,RG7 3JU,Reading,1000
2023-12-07,Thu,Daily,LL19 8PH,Prestatyn,1000
2023-12-07,Thu,Daily,IG8 9DF,Woodford Green,1000
2023-12-07,Thu,Daily,HS9 5YW,Castlebay,1000
2023-12-07,Thu,Daily,HR9 5LY,Ross-on-Wye,1000
2023-12-07,Thu,Daily,G71 6HX,Glasgow,1000
2023-12-07,Thu,Daily,EX39 1PZ,Bideford,1000
2023-12-07,Thu,Daily,DL5 6RE,Newton Aycliffe,1000
2023-12-07,Thu,Daily,CV5 9DE,Coventry,1000
2023-12-07,Thu,Daily,CH43 5SB,Birkenhead,1000
2023-12-07,Thu,Daily,BD23 6QT,Skipton,1000
2023-12-06,Wed,Daily,WA8 6NS,Widnes,1000
2023-12-06,Wed,Daily,SE19 3EE,London,1000
2023-12-06,Wed,Daily,PO9 4QT,Havant,1000
2023-12-06,Wed,Daily,PO13 9EW,Lee-on-the-Solent,1000
2023-12-06,Wed,Daily,OX12 0NH,Wantage,1000
2023-12-06,Wed,Daily,NG8 5HQ,Nottingham,1000
2023-12-06,Wed,Daily,LS27 8HP,Leeds,1000
2023-12-06,Wed,Daily,L5 3BA,Liverpool,1000
2023-12-06,Wed,Daily,L25 1NB,Liverpool,1000
2023-12-06,Wed,Daily,KT12 5RH,Walton-on-Thames,1000
2023-12-06,Wed,Daily,IP27 9QL,Brandon,1000
2023-12-06,Wed,Daily,EH17 7NU,Edinburgh,1000
2023-12-06,Wed,Daily,DT1 2BN,Dorchester,1000
2023-12-06,Wed,Daily,DN36 4NX,Grimsby,1000
2023-12-06,Wed,Daily,DE21 2LA,Derby,1000
2023-12-06,Wed,Daily,CW11 1GJ,Sandbach,1000
2023-12-06,Wed,Daily,CT6 7UW,Herne Bay,1000
2023-12-06,Wed,Daily,CM77 8EF,Braintree,1000
2023-12-06,Wed,Daily,CM22 7SN,Bishop's Stortford,1000
2023-12-06,Wed,Daily,BR7 5DQ,Chislehurst,1000
2023-12-05,Tue,Daily,WF17 6RJ,Batley,1000
2023-12-05,Tue,Daily,W14 9XG,London,1000
2023-12-05,Tue,Daily,TS18 4NB,Stockton-on-Tees,1000
2023-12-05,Tue,Daily,SG1 3SH,Stevenage,1000
2023-12-05,Tue,Daily,RM10 9YQ,Dagenham,1000
2023-12-05,Tue,Daily,RG20 9JY,Newbury,1000
2023-12-05,Tue,Daily,PR1 5XU,Preston,1000
2023-12-05,Tue,Daily,PL21 9DB,Ivybridge,1000
2023-12-05,Tue,Daily,NG24 2NT,Newark,1000
2023-12-05,Tue,Daily,MK2 2JB,Milton Keynes,1000
2023-12-05,Tue,Daily,LS12 6EJ,Leeds,1000
2023-12-05,Tue,Daily,LE3 9HZ,Leicester,1000
2023-12-05,Tue,Daily,IG1 1XN,Ilford,1000
2023-12-05,Tue,Daily,G42 0AA,Glasgow,1000
2023-12-05,Tue,Daily,EH11 1QQ,Edinburgh,1000
2023-12-05,Tue,Daily,DE45 1WR,Bakewell,1000
2023-12-05,Tue,Daily,DE15 0HH,Burton upon Trent,1000
2023-12-05,Tue,Daily,CB22 4NU,Cambridge,1000
2023-12-05,Tue,Daily,CB1 8NU,Cambridge,1000
2023-12-05,Tue,Daily,BA5 1RL,Wells,1000
2023-12-04,Mon,Daily,WS11 8SZ,Cannock,1000
2023-12-04,Mon,Daily,TD9 0QP,Newcastleton,1000
2023-12-04,Mon,Daily,SW2 4BD,London,1000
2023-12-04,Mon,Daily,ST4 8RG,Stoke-on-Trent,1000
2023-12-04,Mon,Daily,SG4 7TD,Hitchin,1000
2023-12-04,Mon,Daily,SA10 9ED,Neath,1000
2023-12-04,Mon,Daily,M29 7RT,Manchester,1000
2023-12-04,Mon,Daily,LE12 8NY,Loughborough,1000
2023-12-04,Mon,Daily,L9 9HX,Liverpool,1000
2023-12-04,Mon,Daily,KT22 7NP,Leatherhead,1000
2023-12-04,Mon,Daily,HP5 3BG,Chesham,1000
2023-12-04,Mon,Daily,HA1 4JN,Harrow,1000
2023-12-04,Mon,Daily,G72 0LB,Glasgow,1000
2023-12-04,Mon,Daily,EN8 9HH,Waltham Cross,1000
2023-12-04,Mon,Daily,E1 4HG,London,1000
2023-12-04,Mon,Daily,DY7 5QQ,Stourbridge,1000
2023-12-04,Mon,Daily,CT19 4AW,Folkestone,1000
2023-12-04,Mon,Daily,CO6 2PZ,Colchester,1000
2023-12-04,Mon,Daily,CH49 7LF,Wirral,1000
2023-12-04,Mon,Daily,B80 7QN,Studley,1000
2023-12-03,Sun,Street Prize,NE5 1QX,Newcastle upon Tyne,30000
2023-12-02,Sat,Postcode Millions,FK10 3GN,Alloa,
2023-12-02,Sat,Millionaire Street,RG2 8SD,Reading,66666
2023-12-01,Fri,Daily,WF3 3RW,Wakefield,1000
2023-12-01,Fri,Daily,UB4 8AE,Hayes,1000
2023-12-01,Fri,Daily,TW1 2QY,Twickenham,1000
2023-12-01,Fri,Daily,TR20 8HB,Penzance,1000
2023-12-01,Fri,Daily,SL2 4BY,Slough,1000
2023-12-01,Fri,Daily,SA18 2RF,Ammanford,1000
2023-12-01,Fri,Daily,RM4 1EJ,Romford,1000
2023-12-01,Fri,Daily,RH14 0SU,Billingshurst,1000
2023-12-01,Fri,Daily,RG31 5NP,Reading,1000
2023-12-01,Fri,Daily,M41 9DW,Manchester,1000
2023-12-01,Fri,Daily,LN2 1QG,Lincoln,1000
2023-12-01,Fri,Daily,LE3 0UN,Leicester,1000
2023-12-01,Fri,Daily,EH5 3LP,Edinburgh,1000
2023-12-01,Fri,Daily,DT10 2HD,Sturminster Newton,1000
2023-12-01,Fri,Daily,DL12 8AN,Barnard Castle,1000
2023-12-01,Fri,Daily,CR2 8PR,South Croydon,1000
2023-12-01,Fri,Daily,CM23 3BS,Bishop's Stortford,1000
2023-12-01,Fri,Daily,CH7 3BU,Buckley,1000
2023-12-01,Fri,Daily,BN3 3WG,Hove,1000
2023-12-01,Fri,Daily,BD16 2PF,Bingley,1000
2023-11-30,Thu,Daily,WA13 9PW,Lymm,1000
2023-11-30,Thu,Daily,ST17 4QH,Stafford,1000
2023-11-30,Thu,Daily,ST13 5BS,Leek,1000
2023-11-30,Thu,Daily,SN2 2QX,Swindon,1000
2023-11-30,Thu,Daily,RM15 5QN,South Ockendon,1000
2023-11-30,Thu,Daily,PR4 4TD,Preston,1000
2023-11-30,Thu,Daily,PO5 1AA,Southsea,1000
2023-11-30,Thu,Daily,PO38 1QD,Ventnor,1000
2023-11-30,Thu,Daily,PE7 1FU,Peterborough,1000
2023-11-30,Thu,Daily,ML10 6QG,Strathaven,1000
2023-11-30,Thu,Daily,ME16 0UE,Maidstone,1000
2023-11-30,Thu,Daily,GU2 9QT,Guildford,1000
2023-11-30,Thu,Daily,GU11 3TW,Aldershot,1000
2023-11-30,Thu,Daily,FY1 6JZ,Blackpool,1000
2023-11-30,Thu,Daily,EH17 8HX,Edinburgh,1000
2023-11-30,Thu,Daily,DN32 9FE,Grimsby,1000
2023-11-30,Thu,Daily,DG8 8PN,Newton Stewart,1000
2023-11-30,Thu,Daily,CW5 8HU,Nantwich,1000
2023-11-30,Thu,Daily,BN2 5XD,Brighton,1000
2023-11-30,Thu,Daily,AL7 4LU,Welwyn Garden City,1000
2023-11-29,Wed,Daily,TW13 4RD,Feltham,1000
2023-11-29,Wed,Daily,TR10 9BQ,Penryn,1000
2023-11-29,Wed,Daily,SK9 1QP,Wilmslow,1000
2023-11-29,Wed,Daily,SA15 1EL,Llanelli,1000
2023-11-29,Wed,Daily,PO33 2EX,Ryde,1000
2023-11-29,Wed,Daily,OL12 7PS,Rochdale,1000
2023-11-29,Wed,Daily,NP26 3NG,Newport,1000
2023-11-29,Wed,Daily,ML4 1NR,Bellshill,1000
2023-11-29,Wed,Daily,M41 6PQ,Manchester,1000
2023-11-29,Wed,Daily,LU2 8DD,Luton,1000
2023-11-29,Wed,Daily,LS28 7TL,Pudsey,1000
2023-11-29,Wed,Daily,LA12 9AJ,Ulverston,1000
2023-11-29,Wed,Daily,KA11 1NY,Irvine,1000
2023-11-29,Wed,Daily,EX2 8XS,Exeter,1000
2023-11-29,Wed,Daily,EN9 1BQ,Waltham Abbey,1000
2023-11-29,Wed,Daily,DN35 0PE,Cleethorpes,1000
2023-11-29,Wed,Daily,DL2 1QL,Darlington,1000
2023-11-29,Wed,Daily,DL13 2SB,Bishop Auckland,1000
2023-11-29,Wed,Daily,CV23 8AN,Rugby,1000
2023-11-29,Wed,Daily,BS21 7ES,Clevedon,1000
2023-11-28,Tue,Daily,WS10 0JF,Wednesbury,1000
2023-11-28,Tue,Daily,WA5 3HF,Warrington,1000
2023-11-28,Tue,Daily,TS26 0EH,Hartlepool,1000
2023-11-28,Tue,Daily,TR8 5FG,Newquay,1000
2023-11-28,Tue,Daily,ST1 4DU,Stoke-on-Trent,1000
2023-11-28,Tue,Daily,SO19 9AU,Southampton,1000
2023-11-28,Tue,Daily,SA18 2EN,Ammanford,1000
2023-11-28,Tue,Daily,OL10 2PP,Heywood,1000
2023-11-28,Tue,Daily,NN11 3EN,Daventry,1000
2023-11-28,Tue,Daily,ME7 1LP,Gillingham,1000
2023-11-28,Tue,Daily,LL13 0DG,Wrexham,1000
2023-11-28,Tue,Daily,IP14 6PH,Stowmarket,1000
2023-11-28,Tue,Daily,HU8 9AJ,Hull,1000
2023-11-28,Tue,Daily,HA8 5PU,Edgware,1000
2023-11-28,Tue,Daily,EX32 9AN,Barnstaple,1000
2023-11-28,Tue,Daily,DT4 9SL,Weymouth,1000
2023-11-28,Tue,Daily,DT10 2HD,Sturminster Newton,1000
2023-11-28,Tue,Daily,DN4 0NJ,Doncaster,1000
2023-11-28,Tue,Daily,CM18 6EX,Harlow,1000
2023-11-28,Tue,Daily,BS5 9TR,Bristol,1000
2023-11-27,Mon,Daily,SO40 4XQ,Southampton,1000
2023-11-27,Mon,Daily,SA7 9WH,Swansea,1000
2023-11-27,Mon,Daily,SA31 3DQ,Carmarthen,1000
2023-11-27,Mon,Daily,SA1 2BE,Swansea,1000
2023-11-27,Mon,Daily,S13 8LR,Sheffield,1000
2023-11-27,Mon,Daily,PL1 5HR,Plymouth,1000
2023-11-27,Mon,Daily,PE33 9HT,King's Lynn,1000
2023-11-27,Mon,Daily,NW8 9QA,London,1000
2023-11-27,Mon,Daily,NN14 2PN,Kettering,1000
2023-11-27,Mon,Daily,NG16 5HP,Nottingham,1000
2023-11-27,Mon,Daily,LS17 7TS,Leeds,1000
2023-11-27,Mon,Daily,LE9 1TT,Leicester,1000
2023-11-27,Mon,Daily,L36 7TQ,Liverpool,1000
2023-11-27,Mon,Daily,IP1 4BE,Ipswich,1000
2023-11-27,Mon,Daily,EH12 8BT,Edinburgh,1000
2023-11-27,Mon,Daily,DE22 4DG,Derby,1000
2023-11-27,Mon,Daily,CV35 9RF,Warwick,1000
2023-11-27,Mon,Daily,CT5 4LT,Whitstable,1000
2023-11-27,Mon,Daily,CO13 9EU,Frinton-on-Sea,1000
2023-11-27,Mon,Daily,BN42 4TU,Brighton,1000
2023-11-26,Sun,Street Prize,CO5 9QD,Feering,30000
2023-11-25,Sat,Millionaire Street,G60 5NN,Old Kilpatrick,66666
2023-11-24,Fri,Daily,YO30 2DE,York,1000
2023-11-24,Fri,Daily,WV13 3EP,Willenhall,1000
2023-11-24,Fri,Daily,TF3 1PP,Telford,1000
2023-11-24,Fri,Daily,SO40 3PD,Southampton,1000
2023-11-24,Fri,Daily,SE19 1HT,London,1000
2023-11-24,Fri,Daily,S35 8PP,Sheffield,1000
2023-11-24,Fri,Daily,RH12 5PH,Horsham,1000
2023-11-24,Fri,Daily,PO8 9JP,Waterlooville,1000
2023-11-24,Fri,Daily,OX14 1PP,Abingdon,1000
2023-11-24,Fri,Daily,NR32 2RX,Lowestoft,1000
2023-11-24,Fri,Daily,NN2 8JG,Northampton,1000
2023-11-24,Fri,Daily,NG6 8TE,Nottingham,1000
2023-11-24,Fri,Daily,ME15 9LX,Maidstone,1000
2023-11-24,Fri,Daily,ME15 7XD,Maidstone,1000
2023-11-24,Fri,Daily,KT9 1QB,Chessington,1000
2023-11-24,Fri,Daily,GU29 9JB,Midhurst,1000
2023-11-24,Fri,Daily,EH42 1XJ,Dunbar,1000
2023-11-24,Fri,Daily,CM3 4RB,Chelmsford,1000
2023-11-24,Fri,Daily,BN17 6PG,Littlehampton,1000
2023-11-24,Fri,Daily,BB4 4DD,Rossendale,1000
2023-11-23,Thu,Daily,YO11 1XW,Scarborough,1000
2023-11-23,Thu,Daily,WN4 9RE,Wigan,1000
2023-11-23,Thu,Daily,UB3 1PT,Hayes,1000
2023-11-23,Thu,Daily,TS23 3PA,Billingham,1000
2023-11-23,Thu,Daily,TF2 6SJ,Telford,1000
2023-11-23,Thu,Daily,SY23 5LZ,Llannon,1000
2023-11-23,Thu,Daily,S81 8EE,Worksop,1000
2023-11-23,Thu,Daily,PE7 2DJ,Peterborough,1000
2023-11-23,Thu,Daily,PE38 0NU,Downham Market,1000
2023-11-23,Thu,Daily,NP19 9LX,Newport,1000
2023-11-23,Thu,Daily,NG8 3EJ,Nottingham,1000
2023-11-23,Thu,Daily,NG5 7FB,Nottingham,1000
2023-11-23,Thu,Daily,M23 9TT,Manchester,1000
2023-11-23,Thu,Daily,KY1 3JY,Kirkcaldy,1000
2023-11-23,Thu,Daily,HU7 5XS,Hull,1000
2023-11-23,Thu,Daily,FY5 4FJ,Thornton Cleveleys,1000
2023-11-23,Thu,Daily,DY3 3NB,Dudley,1000
2023-11-23,Thu,Daily,CT11 0RX,Ramsgate,1000
2023-11-23,Thu,Daily,CM8 3GX,Witham,1000
2023-11-23,Thu,Daily,B76 2BW,Sutton Coldfield,1000
2023-11-22,Wed,Daily,SW6 2HB,London,1000
2023-11-22,Wed,Daily,ST13 7AQ,Leek,1000
2023-11-22,Wed,Daily,SN25 4DP,Swindon,1000
2023-11-22,Wed,Daily,SA3 5DQ,Swansea,1000
2023-11-22,Wed,Daily,RG20 0NW,Newbury,1000
2023-11-22,Wed,Daily,PR4 0SH,Preston,1000
2023-11-22,Wed,Daily,PE2 5LA,Peterborough,1000
2023-11-22,Wed,Daily,OX14 1PQ,Abingdon,1000
2023-11-22,Wed,Daily,ML2 0JR,Wishaw,1000
2023-11-22,Wed,Daily,ML11 9GY,Lanark,1000
2023-11-22,Wed,Daily,L39 5EU,Ormskirk,1000
2023-11-22,Wed,Daily,L11 7BW,Liverpool,1000
2023-11-22,Wed,Daily,GU34 1JJ,Alton,1000
2023-11-22,Wed,Daily,G65 9SS,Glasgow,1000
2023-11-22,Wed,Daily,EX13 5RU,Axminster,1000
2023-11-22,Wed,Daily,DL5 4AR,Newton Aycliffe,1000
2023-11-22,Wed,Daily,DA8 2EF,Erith,1000
2023-11-22,Wed,Daily,CR0 2NU,Croydon,1000
2023-11-22,Wed,Daily,CF3 5PJ,Cardiff,1000
2023-11-22,Wed,Daily,BH23 8NP,Christchurch,1000
2023-11-21,Tue,Daily,YO13 0AZ,Scarborough,1000
2023-11-21,Tue,Daily,WV15 6AZ,Bridgnorth,1000
2023-11-21,Tue,Daily,TN23 3GL,Ashford,1000
2023-11-21,Tue,Daily,SY4 3ED,Shrewsbury,1000
2023-11-21,Tue,Daily,SS16 6GJ,Basildon,1000
2023-11-21,Tue,Daily,SO15 3DP,Southampton,1000
2023-11-21,Tue,Daily,RH6 9FD,Horley,1000
2023-11-21,Tue,Daily,PO12 1AU,Gosport,1000
2023-11-21,Tue,Daily,NR5 8PN,Norwich,1000
2023-11-21,Tue,Daily,M5 3JZ,Salford,1000
2023-11-21,Tue,Daily,LU7 0HR,Leighton Buzzard,1000
2023-11-21,Tue,Daily,LS15 0HH,Leeds,1000
2023-11-21,Tue,Daily,HR4 8SR,Hereford,1000
2023-11-21,Tue,Daily,HA8 9AG,Edgware,1000
2023-11-21,Tue,Daily,GL54 5XL,Cheltenham,1000
2023-11-21,Tue,Daily,FK1 2QJ,Falkirk,1000
2023-11-21,Tue,Daily,CT18 8ER,Folkestone,1000
2023-11-21,Tue,Daily,CF5 4FL,Cardiff,1000
2023-11-21,Tue,Daily,BR8 7BW,Swanley,1000
2023-11-21,Tue,Daily,AL5 5RZ,Harpenden,1000
2023-11-20,Mon,Daily,YO42 2LL,York,1000
2023-11-20,Mon,Daily,TQ4 7AN,Paignton,1000
2023-11-20,Mon,Daily,SP11 9QU,Andover,1000
2023-11-20,Mon,Daily,SN6 8JN,Swindon,1000
2023-11-20,Mon,Daily,SE9 2BH,London,1000
2023-11-20,Mon,Daily,PL31 1JN,Bodmin,1000
2023-11-20,Mon,Daily,PE10 9BQ,Bourne,1000
2023-11-20,Mon,Daily,NG9 1DL,Nottingham,1000
2023-11-20,Mon,Daily,ML2 8RR,Wishaw,1000
2023-11-20,Mon,Daily,KT20 7SF,Tadworth,1000
2023-11-20,Mon,Daily,EX39 2LL,Bideford,1000
2023-11-20,Mon,Daily,EX22 7NP,Holsworthy,1000
2023-11-20,Mon,Daily,DD9 6JG,Brechin,1000
2023-11-20,Mon,Daily,CW8 2RL,Northwich,1000
2023-11-20,Mon,Daily,CV4 9JR,Coventry,1000
2023-11-20,Mon,Daily,CH5 4PT,Deeside,1000
2023-11-20,Mon,Daily,CH2 4PX,Chester,1000
2023-11-20,Mon,Daily,CF39 0LS,Porth,1000
2023-11-20,Mon,Daily,BH31 6DL,Verwood,1000
2023-11-20,Mon,Daily,BB7 3HZ,Clitheroe,1000
2023-11-19,Sun,Street Prize,BL7 9BB,Bolton,30000
2023-11-18,Sat,Millionaire Street,DA1 4SF,Dartford,200000
2023-11-17,Fri,Daily,YO19 4RT,York,1000
2023-11-17,Fri,Daily,TS18 4HS,Stockton-on-Tees,1000
2023-11-17,Fri,Daily,SR2 9NJ,Sunderland,1000
2023-11-17,Fri,Daily,SK6 1NA,Stockport,1000
2023-11-17,Fri,Daily,NR4 6XU,Norwich,1000
2023-11-17,Fri,Daily,ME4 5QF,Chatham,1000
2023-11-17,Fri,Daily,M40 0JF,Manchester,1000
2023-11-17,Fri,Daily,LL65 2HG,Holyhead,1000
2023-11-17,Fri,Daily,KY15 7RU,Cupar,1000
2023-11-17,Fri,Daily,KW17 2NZ,Orkney,1000
2023-11-17,Fri,Daily,IP21 4SU,Diss,1000
2023-11-17,Fri,Daily,HU17 5AF,Beverley,1000
2023-11-17,Fri,Daily,GU34 5PF,Alton,1000
2023-11-17,Fri,Daily,EX15 2PU,Cullompton,1000
2023-11-17,Fri,Daily,EN3 6HD,Enfield,1000
2023-11-17,Fri,Daily,EH42 1XZ,Dunbar,1000
2023-11-17,Fri,Daily,EH15 2LD,Edinburgh,1000
2023-11-17,Fri,Daily,CF82 8DF,Hengoed,1000
2023-11-17,Fri,Daily,BN8 4JT,Lewes,1000
2023-11-17,Fri,Daily,BB12 8DH,Burnley,1000
2023-11-16,Thu,Daily,WN3 6QU,Wigan,1000
2023-11-16,Thu,Daily,TN38 0HZ,St Leonards on Sea,1000
2023-11-16,Thu,Daily,TN36 4AF,Winchelsea,1000
2023-11-16,Thu,Daily,SY4 3RN,Shrewsbury,1000
2023-11-16,Thu,Daily,SW16 3NE,London,1000
2023-11-16,Thu,Daily,RG29 1DX,Hook,1000
2023-11-16,Thu,Daily,PL14 3FS,Liskeard,1000
2023-11-16,Thu,Daily,NG2 7JH,Nottingham,1000
2023-11-16,Thu,Daily,MK40 1DZ,Bedford,1000
2023-11-16,Thu,Daily,M7 2HS,Salford,1000
2023-11-16,Thu,Daily,KY11 4XB,Dunfermline,1000
2023-11-16,Thu,Daily,HP5 2DD,Chesham,1000
2023-11-16,Thu,Daily,GU52 6RU,Fleet,1000
2023-11-16,Thu,Daily,EX4 3AL,Exeter,1000
2023-11-16,Thu,Daily,DT9 4BJ,Sherborne,1000
2023-11-16,Thu,Daily,CT5 3RF,Whitstable,1000
2023-11-16,Thu,Daily,CM2 6YF,Chelmsford,1000
2023-11-16,Thu,Daily,CF39 9LH,Porth,1000
2023-11-16,Thu,Daily,BD18 2LN,Shipley,1000
2023-11-16,Thu,Daily,B65 0RA,Rowley Regis,1000
2023-11-15,Wed,Daily,WS15 2JU,Rugeley,1000
2023-11-15,Wed,Daily,TS11 6NP,Redcar,1000
2023-11-15,Wed,Daily,TA6 3SU,Bridgwater,1000
2023-11-15,Wed,Daily,ST5 7DY,Newcastle,1000
2023-11-15,Wed,Daily,SE25 4HJ,London,1000
2023-11-15,Wed,Daily,SA6 6RN,Swansea,1000
2023-11-15,Wed,Daily,S61 1HU,Rotherham,1000
2023-11-15,Wed,Daily,S6 4AP,Sheffield,1000
2023-11-15,Wed,Daily,RH4 2DE,Dorking,1000
2023-11-15,Wed,Daily,RG1 7PE,Reading,1000
2023-11-15,Wed,Daily,PH12 8TB,Blairgowrie,1000
2023-11-15,Wed,Daily,LU7 2QJ,Leighton Buzzard,1000
2023-11-15,Wed,Daily,FY6 8FE,Poulton-le-Fylde,1000
2023-11-15,Wed,Daily,EX23 0LE,Bude,1000
2023-11-15,Wed,Daily,EH52 6EA,Broxburn,1000
2023-11-15,Wed,Daily,DL16 7PP,Spennymoor,1000
2023-11-15,Wed,Daily,CT19 5TE,Folkestone,1000
2023-11-15,Wed,Daily,CH3 5TN,Chester,1000
2023-11-15,Wed,Daily,BR1 2EX,Bromley,1000
2023-11-15,Wed,Daily,BN8 5QA,Lewes,1000
2023-11-14,Tue,Daily,WV6 7SS,Wolverhampton,1000
2023-11-14,Tue,Daily,SS15 5AN,Basildon,1000
2023-11-14,Tue,Daily,SP3 6BW,Salisbury,1000
2023-11-14,Tue,Daily,S73 0SW,Barnsley,1000
2023-11-14,Tue,Daily,PL12 6PT,Saltash,1000
2023-11-14,Tue,Daily,PE2 9AW,Peterborough,1000
2023-11-14,Tue,Daily,NN11 8AU,Daventry,1000
2023-11-14,Tue,Daily,NG15 8HU,Nottingham,1000
2023-11-14,Tue,Daily,NG13 8QE,Nottingham,1000
2023-11-14,Tue,Daily,NE25 8JN,Whitley Bay,1000
2023-11-14,Tue,Daily,N21 3JH,London,1000
2023-11-14,Tue,Daily,HU11 5EF,Hull,1000
2023-11-14,Tue,Daily,FK2 0FP,Falkirk,1000
2023-11-14,Tue,Daily,EX4 9AJ,Exeter,1000
2023-11-14,Tue,Daily,EH4 4RB,Edinburgh,1000
2023-11-14,Tue,Daily,EH22 4PH,Dalkeith,1000
2023-11-14,Tue,Daily,EH22 2BA,Dalkeith,1000
2023-11-14,Tue,Daily,CH63 9HY,Wirral,1000
2023-11-14,Tue,Daily,B17 8DL,Birmingham,1000
2023-11-14,Tue,Daily,AL1 5PD,St Albans,1000
2023-11-13,Mon,Daily,TS26 9PW,Hartlepool,1000
2023-11-13,Mon,Daily,SY3 9FB,Shrewsbury,1000
2023-11-13,Mon,Daily,SG12 9LD,Ware,1000
2023-11-13,Mon,Daily,S42 6LU,Chesterfield,1000
2023-11-13,Mon,Daily,S21 4BT,Sheffield,1000
2023-11-13,Mon,Daily,RM1 4BW,Romford,1000
2023-11-13,Mon,Daily,RH10 5AT,Crawley,1000
2023-11-13,Mon,Daily,NP25 4LW,Monmouth,1000
2023-11-13,Mon,Daily,NN7 1BU,Northampton,1000
2023-11-13,Mon,Daily,NG16 1EH,Nottingham,1000
2023-11-13,Mon,Daily,KY1 2JP,Kirkcaldy,1000
2023-11-13,Mon,Daily,DY11 5HL,Kidderminster,1000
2023-11-13,Mon,Daily,DN14 7JA,Goole,1000
2023-11-13,Mon,Daily,DE23 2XE,Derby,1000
2023-11-13,Mon,Daily,DE11 8JU,Swadlincote,1000
2023-11-13,Mon,Daily,DA15 8PT,Sidcup,1000
2023-11-13,Mon,Daily,CO7 8EH,Colchester,1000
2023-11-13,Mon,Daily,CF36 5AR,Porthcawl,1000
2023-11-13,Mon,Daily,CB25 0DZ,Cambridge,1000
2023-11-13,Mon,Daily,BR5 1BW,Orpington,1000
2023-11-12,Sun,Street Prize,BS14 9LL,Bristol,30000
2023-11-11,Sat,Millionaire Street,PE7 2AS,Peterborough,58823
2023-11-10,Fri,Daily,TS18 4DU,Stockton-on-Tees,1000
2023-11-10,Fri,Daily,TQ14 9UZ,Teignmouth,1000
2023-11-10,Fri,Daily,SE27 0QU,London,1000
2023-11-10,Fri,Daily,S6 6AS,Sheffield,1000
2023-11-10,Fri,Daily,S13 7LF,Sheffield,1000
2023-11-10,Fri,Daily,PE25 2QQ,Skegness,1000
2023-11-10,Fri,Daily,PE13 1RY,Wisbech,1000
2023-11-10,Fri,Daily,NR35 2LX,Bungay,1000
2023-11-10,Fri,Daily,M24 2DR,Manchester,1000
2023-11-10,Fri,Daily,LS14 6SU,Leeds,1000
2023-11-10,Fri,Daily,KA11 1DF,Irvine,1000
2023-11-10,Fri,Daily,EH41 4LQ,Haddington,1000
2023-11-10,Fri,Daily,DN34 5DD,Grimsby,1000
2023-11-10,Fri,Daily,DL6 3DR,Northallerton,1000
2023-11-10,Fri,Daily,BS16 1AT,Bristol,1000
2023-11-10,Fri,Daily,BN6 9FB,Hassocks,1000
2023-11-10,Fri,Daily,BB3 3DF,Darwen,1000
2023-11-10,Fri,Daily,B94 6AZ,Solihull,1000
2023-11-10,Fri,Daily,AB51 8ZH,Inverurie,1000
2023-11-10,Fri,Daily,AB42 1GJ,Peterhead,1000
2023-11-09,Thu,Daily,SS14 2JS,Basildon,1000
2023-11-09,Thu,Daily,SE18 7RU,London,1000
2023-11-09,Thu,Daily,RG6 5XF,Reading,1000
2023-11-09,Thu,Daily,PR3 1QU,Preston,1000
2023-11-09,Thu,Daily,PA2 8RG,Paisley,1000
2023-11-09,Thu,Daily,OX3 7FD,Oxford,1000
2023-11-09,Thu,Daily,OX16 2PA,Banbury,1000
2023-11-09,Thu,Daily,NG33 5NR,Grantham,1000
2023-11-09,Thu,Daily,M8 5BS,Manchester,1000
2023-11-09,Thu,Daily,LE10 3ED,Hinckley,1000
2023-11-09,Thu,Daily,KY11 1NE,Inverkeithing,1000
2023-11-09,Thu,Daily,IV7 8DX,Dingwall,1000
2023-11-09,Thu,Daily,HR1 4JR,Hereford,1000
2023-11-09,Thu,Daily,HG3 2TZ,Harrogate,1000
2023-11-09,Thu,Daily,HD9 7RT,Holmfirth,1000
2023-11-09,Thu,Daily,FK12 5NR,Alva,1000
2023-11-09,Thu,Daily,DA7 4LY,Bexleyheath,1000
2023-11-09,Thu,Daily,DA13 0PA,Gravesend,1000
2023-11-09,Thu,Daily,CB21 5DH,Cambridge,1000
2023-11-09,Thu,Daily,AB21 9XR,Aberdeen,1000
2023-11-08,Wed,Daily,YO26 6JA,York,1000
2023-11-08,Wed,Daily,TW12 3XE,Hampton,1000
2023-11-08,Wed,Daily,SN10 3JA,Devizes,1000
2023-11-08,Wed,Daily,SE2 0XD,London,1000
2023-11-08,Wed,Daily,SE1 4DY,London,1000
2023-11-08,Wed,Daily,S43 2EF,Chesterfield,1000
2023-11-08,Wed,Daily,RG20 9SQ,Newbury,1000
2023-11-08,Wed,Daily,PA23 8JA,Dunoon,1000
2023-11-08,Wed,Daily,OX16 9ZF,Banbury,1000
2023-11-08,Wed,Daily,OX11 7RL,Didcot,1000
2023-11-08,Wed,Daily,NP44 2NH,Cwmbran,1000
2023-11-08,Wed,Daily,ME5 0NQ,Chatham,1000
2023-11-08,Wed,Daily,LS27 0DE,Leeds,1000
2023-11-08,Wed,Daily,LA9 4LN,Kendal,1000
2023-11-08,Wed,Daily,IP9 2SN,Ipswich,1000
2023-11-08,Wed,Daily,HG1 2AS,Harrogate,1000
2023-11-08,Wed,Daily,GL5 4TB,Stroud,1000
2023-11-08,Wed,Daily,G13 3NS,Glasgow,1000
2023-11-08,Wed,Daily,CB4 2UA,Cambridge,1000
2023-11-08,Wed,Daily,BB2 4FT,Blackburn,1000
2023-11-07,Tue,Daily,YO43 4BZ,York,1000
2023-11-07,Tue,Daily,WF10 1PL,Castleford,1000
2023-11-07,Tue,Daily,TR11 4EX,Falmouth,1000
2023-11-07,Tue,Daily,SA73 3DB,Milford Haven,1000
2023-11-07,Tue,Daily,SA2 9AQ,Swansea,1000
2023-11-07,Tue,Daily,S72 0EJ,Barnsley,1000
2023-11-07,Tue,Daily,PL6 5AZ,Plymouth,1000
2023-11-07,Tue,Daily,OX28 6LA,Witney,1000
2023-11-07,Tue,Daily,ME8 9PD,Gillingham,1000
2023-11-07,Tue,Daily,LE11 5HD,Loughborough,1000
2023-11-07,Tue,Daily,L32 3XS,Liverpool,1000
2023-11-07,Tue,Daily,G15 6QS,Glasgow,1000
2023-11-07,Tue,Daily,EX20 1ES,Okehampton,1000
2023-11-07,Tue,Daily,EH41 4NZ,Haddington,1000
2023-11-07,Tue,Daily,E6 3LT,London,1000
2023-11-07,Tue,Daily,DG11 3HP,Lockerbie,1000
2023-11-07,Tue,Daily,DA3 8PY,Longfield,1000
2023-11-07,Tue,Daily,CV23 8UZ,Rugby,1000
2023-11-07,Tue,Daily,BD19 4LS,Cleckheaton,1000
2023-11-07,Tue,Daily,B44 8JX,Birmingham,1000
2023-11-06,Mon,Daily,TW16 7JJ,Sunbury on Thames,1000
2023-11-06,Mon,Daily,TQ2 8DP,Torquay,1000
2023-11-06,Mon,Daily,ST3 4BB,Stoke-on-Trent,1000
2023-11-06,Mon,Daily,S63 6SL,Rotherham,1000
2023-11-06,Mon,Daily,RH1 5BG,Redhill,1000
2023-11-06,Mon,Daily,RG14 1TW,Newbury,1000
2023-11-06,Mon,Daily,RG12 7PS,Bracknell,1000
2023-11-06,Mon,Daily,PE30 4DE,King's Lynn,1000
2023-11-06,Mon,Daily,NG16 6HH,Nottingham,1000
2023-11-06,Mon,Daily,ML1 5PF,Motherwell,1000
2023-11-06,Mon,Daily,M35 0QP,Manchester,1000
2023-11-06,Mon,Daily,LS17 0EZ,Leeds,1000
2023-11-06,Mon,Daily,LE12 7QQ,Loughborough,1000
2023-11-06,Mon,Daily,KA1 1RZ,Kilmarnock,1000
2023-11-06,Mon,Daily,IP21 4EY,Diss,1000
2023-11-06,Mon,Daily,GU51 1BE,Fleet,1000
2023-11-06,Mon,Daily,GL51 6AA,Cheltenham,1000
2023-11-06,Mon,Daily,G32 6LP,Glasgow,1000
2023-11-06,Mon,Daily,FY4 4PB,Blackpool,1000
2023-11-06,Mon,Daily,FY1 2EU,Blackpool,1000
2023-11-05,Sun,Street Prize,DL2 1RN,Sadberge,30000
2023-11-04,Sat,Millionaire Street,WA5 3FA,Warrington,31250
2023-11-03,Fri,Daily,SR8 2AZ,Peterlee,1000
2023-11-03,Fri,Daily,SR6 0JA,Sunderland,1000
2023-11-03,Fri,Daily,SM7 2BT,Banstead,1000
2023-11-03,Fri,Daily,S81 7RD,Worksop,1000
2023-11-03,Fri,Daily,RM1 3NB,Romford,1000
2023-11-03,Fri,Daily,PO13 9HS,Lee-on-the-Solent,1000
2023-11-03,Fri,Daily,M13 0AG,Manchester,1000
2023-11-03,Fri,Daily,LD3 7PG,Brecon,1000
2023-11-03,Fri,Daily,KY10 3BN,Anstruther,1000
2023-11-03,Fri,Daily,IP3 8EZ,Ipswich,1000
2023-11-03,Fri,Daily,HP10 9XF,High Wycombe,1000
2023-11-03,Fri,Daily,HG4 2SD,Ripon,1000
2023-11-03,Fri,Daily,GU34 1LZ,Alton,1000
2023-11-03,Fri,Daily,G73 5DS,Glasgow,1000
2023-11-03,Fri,Daily,CH48 1NN,Wirral,1000
2023-11-03,Fri,Daily,CH43 3AW,Birkenhead,1000
2023-11-03,Fri,Daily,CH41 7DH,Birkenhead,1000
2023-11-03,Fri,Daily,CH4 0AF,Chester,1000
2023-11-03,Fri,Daily,CA8 1PD,Brampton,1000
2023-11-03,Fri,Daily,BR6 8LX,Orpington,1000
2023-11-02,Thu,Daily,WA15 7TG,Altrincham,1000
2023-11-02,Thu,Daily,TD7 5BJ,Selkirk,1000
2023-11-02,Thu,Daily,SS4 3AX,Rochford,1000
2023-11-02,Thu,Daily,S43 1QL,Chesterfield,1000
2023-11-02,Thu,Daily,S13 7SE,Sheffield,1000
2023-11-02,Thu,Daily,RM18 7BL,Tilbury,1000
2023-11-02,Thu,Daily,PR4 6UW,Preston,1000
2023-11-02,Thu,Daily,PO36 9SA,Sandown,1000
2023-11-02,Thu,Daily,OX16 9HW,Banbury,1000
2023-11-02,Thu,Daily,NG21 0PZ,Mansfield,1000
2023-11-02,Thu,Daily,NE29 6SW,North Shields,1000
2023-11-02,Thu,Daily,M30 7AB,Manchester,1000
2023-11-02,Thu,Daily,LS21 1HG,Otley,1000
2023-11-02,Thu,Daily,LL12 0PL,Wrexham,1000
2023-11-02,Thu,Daily,IP22 4UL,Diss,1000
2023-11-02,Thu,Daily,EN6 4QH,Potters Bar,1000
2023-11-02,Thu,Daily,CW5 7RQ,Nantwich,1000
2023-11-02,Thu,Daily,BN12 5EL,Worthing,1000
2023-11-02,Thu,Daily,BH15 1QG,Poole,1000
2023-11-02,Thu,Daily,B91 1PE,Solihull,1000
2023-11-01,Wed,Daily,ST19 9EH,Stafford,1000
2023-11-01,Wed,Daily,SR2 0EF,Sunderland,1000
2023-11-01,Wed,Daily,PO9 3JX,Havant,1000
2023-11-01,Wed,Daily,PE11 1NS,Spalding,1000
2023-11-01,Wed,Daily,NG8 2PJ,Nottingham,1000
2023-11-01,Wed,Daily,NG32 1SW,Grantham,1000
2023-11-01,Wed,Daily,NE28 8LQ,Wallsend,1000
2023-11-01,Wed,Daily,ML3 8UJ,Hamilton,1000
2023-11-01,Wed,Daily,LN2 4ZJ,Lincoln,1000
2023-11-01,Wed,Daily,LE8 4HE,Leicester,1000
2023-11-01,Wed,Daily,HR6 0JZ,Leominster,1000
2023-11-01,Wed,Daily,GU15 3LS,Camberley,1000
2023-11-01,Wed,Daily,GL17 9RE,Lydbrook,1000
2023-11-01,Wed,Daily,GL16 7RX,Coleford,1000
2023-11-01,Wed,Daily,G76 0DA,Glasgow,1000
2023-11-01,Wed,Daily,EX32 9AA,Barnstaple,1000
2023-11-01,Wed,Daily,DH8 8AD,Consett,1000
2023-11-01,Wed,Daily,DD2 3BP,Dundee,1000
2023-11-01,Wed,Daily,CM1 3LP,Chelmsford,1000
2023-11-01,Wed,Daily,BA22 8DF,Yeovil,1000
2023-10-31,Tue,Daily,ST8 6PL,Stoke-on-Trent,1000
2023-10-31,Tue,Daily,PL30 5PS,Bodmin,1000
2023-10-31,Tue,Daily,PL14 3HA,Liskeard,1000
2023-10-31,Tue,Daily,NE10 8RR,Gateshead,1000
2023-10-31,Tue,Daily,MK42 9SF,Bedford,1000
2023-10-31,Tue,Daily,LN1 3PE,Lincoln,1000
2023-10-31,Tue,Daily,L37 7BG,Liverpool,1000
2023-10-31,Tue,Daily,L1 4NL,Liverpool,1000
2023-10-31,Tue,Daily,GL15 5NU,Lydney,1000
2023-10-31,Tue,Daily,G75 8UR,Glasgow,1000
2023-10-31,Tue,Daily,G51 4AT,Glasgow,1000
2023-10-31,Tue,Daily,EN2 0TG,Enfield,1000
2023-10-31,Tue,Daily,DN8 4SW,Doncaster,1000
2023-10-31,Tue,Daily,CV22 5JT,Rugby,1000
2023-10-31,Tue,Daily,CR2 7LE,South Croydon,1000
2023-10-31,Tue,Daily,CH62 5JY,Wirral,1000
2023-10-31,Tue,Daily,BS25 1DG,Winscombe,1000
2023-10-31,Tue,Daily,BH21 4GF,Wimborne,1000
2023-10-31,Tue,Daily,BB4 8QY,Rossendale,1000
2023-10-31,Tue,Daily,AB41 8BP,Ellon,1000
2023-10-30,Mon,Daily,TN24 0RJ,Ashford,1000
2023-10-30,Mon,Daily,ST3 6NP,Stoke-on-Trent,1000
2023-10-30,Mon,Daily,SR4 6QS,Sunderland,1000
2023-10-30,Mon,Daily,SK22 4PU,High Peak,1000
2023-10-30,Mon,Daily,SG18 8LN,Biggleswade,1000
2023-10-30,Mon,Daily,RG26 4BU,Tadley,1000
2023-10-30,Mon,Daily,PR25 1HZ,Leyland,1000
2023-10-30,Mon,Daily,MK4 4LT,Milton Keynes,1000
2023-10-30,Mon,Daily,ME16 8NZ,Maidstone,1000
2023-10-30,Mon,Daily,LS15 8AZ,Leeds,1000
2023-10-30,Mon,Daily,KT22 0LF,Leatherhead,1000
2023-10-30,Mon,Daily,HX3 9LE,Halifax,1000
2023-10-30,Mon,Daily,GL2 4GS,Gloucester,1000
2023-10-30,Mon,Daily,DH2 2DS,Chester le Street,1000
2023-10-30,Mon,Daily,CV47 2XD,Leamington Spa,1000
2023-10-30,Mon,Daily,CO6 4FE,Colchester,1000
2023-10-30,Mon,Daily,CM22 6AN,Bishop's Stortford,1000
2023-10-30,Mon,Daily,CH43 9RW,Birkenhead,1000
2023-10-30,Mon,Daily,BA6 9DF,Glastonbury,1000
2023-10-30,Mon,Daily,AB33 8EG,Alford,1000
2023-10-29,Sun,Street Prize,ME7 1TB,Gillingham,30000
2023-10-28,Sat,Postcode Millions,CT14 9PR,Deal,
2023-10-28,Sat,Millionaire Street,ME7 3TG,Hempstead,83333
2023-10-27,Fri,Daily,YO43 3EU,York,1000
2023-10-27,Fri,Daily,TN35 5NZ,Hastings,1000
2023-10-27,Fri,Daily,TN27 8PZ,Ashford,1000
2023-10-27,Fri,Daily,SG5 3EN,Hitchin,1000
2023-10-27,Fri,Daily,SA14 8SY,Llanelli,1000
2023-10-27,Fri,Daily,S81 0TX,Worksop,1000
2023-10-27,Fri,Daily,S40 3AR,Chesterfield,1000
2023-10-27,Fri,Daily,RH10 7EP,Crawley,1000
2023-10-27,Fri,Daily,PE7 8EY,Peterborough,1000
2023-10-27,Fri,Daily,NP19 8FH,Newport,1000
2023-10-27,Fri,Daily,NE9 7LX,Gateshead,1000
2023-10-27,Fri,Daily,LA18 4EG,Millom,1000
2023-10-27,Fri,Daily,L1 5EX,Liverpool,1000
2023-10-27,Fri,Daily,KT21 1RX,Ashtead,1000
2023-10-27,Fri,Daily,GL3 3HH,Gloucester,1000
2023-10-27,Fri,Daily,DT4 0NF,Weymouth,1000
2023-10-27,Fri,Daily,CW6 9LB,Tarporley,1000
2023-10-27,Fri,Daily,CO2 9EQ,Colchester,1000
2023-10-27,Fri,Daily,CH7 6WT,Mold,1000
2023-10-27,Fri,Daily,BS22 8EF,Weston-super-Mare,1000
2023-10-26,Thu,Daily,WF17 0ET,Batley,1000
2023-10-26,Thu,Daily,SS0 7LJ,Westcliff-on-Sea,1000
2023-10-26,Thu,Daily,SN1 2PN,Swindon,1000
2023-10-26,Thu,Daily,SM5 1EH,Carshalton,1000
2023-10-26,Thu,Daily,SE17 1HE,London,1000
2023-10-26,Thu,Daily,S66 1UJ,Rotherham,1000
2023-10-26,Thu,Daily,RH14 9HL,Billingshurst,1000
2023-10-26,Thu,Daily,NP44 7JD,Cwmbran,1000
2023-10-26,Thu,Daily,NN16 9XD,Kettering,1000
2023-10-26,Thu,Daily,ME7 4ER,Gillingham,1000
2023-10-26,Thu,Daily,LN6 9FE,Lincoln,1000
2023-10-26,Thu,Daily,KT3 4PR,New Malden,1000
2023-10-26,Thu,Daily,IP20 9DG,Harleston,1000
2023-10-26,Thu,Daily,DG1 4BH,Dumfries,1000
2023-10-26,Thu,Daily,DE13 8PG,Burton upon Trent,1000
2023-10-26,Thu,Daily,DA1 2JU,Dartford,1000
2023-10-26,Thu,Daily,CW5 8PU,Nantwich,1000
2023-10-26,Thu,Daily,CH60 7SU,Wirral,1000
2023-10-26,Thu,Daily,BH17 9FB,Poole,1000
2023-10-26,Thu,Daily,B70 6JY,West Bromwich,1000
2023-10-25,Wed,Daily,TA24 7NH,Minehead,1000
2023-10-25,Wed,Daily,SO22 6EB,Winchester,1000
2023-10-25,Wed,Daily,SK8 3NH,Cheadle,1000
2023-10-25,Wed,Daily,SK7 6BT,Stockport,1000
2023-10-25,Wed,Daily,SG2 9HY,Stevenage,1000
2023-10-25,Wed,Daily,SE12 0QA,London,1000
2023-10-25,Wed,Daily,S13 8QD,Sheffield,1000
2023-10-25,Wed,Daily,RM8 2QD,Dagenham,1000
2023-10-25,Wed,Daily,RM1 4BN,Romford,1000
2023-10-25,Wed,Daily,PO20 7NN,Chichester,1000
2023-10-25,Wed,Daily,OX10 8JD,Wallingford,1000
2023-10-25,Wed,Daily,NP44 1RA,Cwmbran,1000
2023-10-25,Wed,Daily,LN4 1PF,Lincoln,1000
2023-10-25,Wed,Daily,KT9 1EA,Chessington,1000
2023-10-25,Wed,Daily,HP2 4NF,Hemel Hempstead,1000
2023-10-25,Wed,Daily,EX4 9BR,Exeter,1000
2023-10-25,Wed,Daily,EX16 8NX,Tiverton,1000
2023-10-25,Wed,Daily,EH19 3BJ,Bonnyrigg,1000
2023-10-25,Wed,Daily,BB2 6SP,Blackburn,1000
2023-10-25,Wed,Daily,AB51 5HJ,Inverurie,1000
2023-10-24,Tue,Daily,SR2 8DX,Sunderland,1000
2023-10-24,Tue,Daily,SK5 8JF,Stockport,1000
2023-10-24,Tue,Daily,S60 5TX,Rotherham,1000
2023-10-24,Tue,Daily,PR7 6HP,Chorley,1000
2023-10-24,Tue,Daily,LU1 1BZ,Luton,1000
2023-10-24,Tue,Daily,LL54 5BH,Caernarfon,1000
2023-10-24,Tue,Daily,LL20 7NJ,Llangollen,1000
2023-10-24,Tue,Daily,IV6 7QR,Muir of Ord,1000
2023-10-24,Tue,Daily,IP1 5DG,Ipswich,1000
2023-10-24,Tue,Daily,IP1 4HG,Ipswich,1000
2023-10-24,Tue,Daily,HP20 1JN,Aylesbury,1000
2023-10-24,Tue,Daily,HD8 8HY,Huddersfield,1000
2023-10-24,Tue,Daily,GL15 6RF,Lydney,1000
2023-10-24,Tue,Daily,FY8 5TJ,Lytham St Annes,1000
2023-10-24,Tue,Daily,DN16 2JQ,Scunthorpe,1000
2023-10-24,Tue,Daily,CT19 5JF,Folkestone,1000
2023-10-24,Tue,Daily,CF46 6DU,Treharris,1000
2023-10-24,Tue,Daily,BH25 5HD,New Milton,1000
2023-10-24,Tue,Daily,BB5 3DB,Accrington,1000
2023-10-24,Tue,Daily,BB3 2HB,Darwen,1000
2023-10-23,Mon,Daily,YO60 7RW,York,1000
2023-10-23,Mon,Daily,WN8 6GW,Skelmersdale,1000
2023-10-23,Mon,Daily,WF4 4QQ,Wakefield,1000
2023-10-23,Mon,Daily,SY7 0HB,Craven Arms,1000
2023-10-23,Mon,Daily,SW16 3SJ,London,1000
2023-10-23,Mon,Daily,SA17 4UR,Kidwelly,1000
2023-10-23,Mon,Daily,S61 3RX,Rotherham,1000
2023-10-23,Mon,Daily,OX28 1HU,Witney,1000
2023-10-23,Mon,Daily,OX14 4BW,Abingdon,1000
2023-10-23,Mon,Daily,NW10 4EE,London,1000
2023-10-23,Mon,Daily,NR9 4DT,Norwich,1000
2023-10-23,Mon,Daily,ML3 8TW,Hamilton,1000
2023-10-23,Mon,Daily,ML1 3JH,Motherwell,1000
2023-10-23,Mon,Daily,ME5 9HY,Chatham,1000
2023-10-23,Mon,Daily,M25 9UH,Manchester,1000
2023-10-23,Mon,Daily,IV2 6US,Inverness,1000
2023-10-23,Mon,Daily,HX2 0TX,Halifax,1000
2023-10-23,Mon,Daily,FK2 0EF,Falkirk,1000
2023-10-23,Mon,Daily,DG11 1PT,Lockerbie,1000
2023-10-23,Mon,Daily,CH46 0PW,Wirral,1000
2023-10-22,Sun,Street Prize,TF9 3GH,Market Drayton,30000
2023-10-21,Sat,Millionaire Street,B29 5PN,Birmingham,111111
2023-10-20,Fri,Daily,TS17 5LR,Stockton-on-Tees,1000
2023-10-20,Fri,Daily,SY5 9PU,Shrewsbury,1000
2023-10-20,Fri,Daily,SS6 7RN,Rayleigh,1000
2023-10-20,Fri,Daily,SG6 3RN,Letchworth,1000
2023-10-20,Fri,Daily,SA4 3DB,Swansea,1000
2023-10-20,Fri,Daily,PL14 5FQ,Liskeard,1000
2023-10-20,Fri,Daily,NN3 9DA,Northampton,1000
2023-10-20,Fri,Daily,NE29 7QF,North Shields,1000
2023-10-20,Fri,Daily,ML6 7NT,Airdrie,1000
2023-10-20,Fri,Daily,ML5 4BG,Coatbridge,1000
2023-10-20,Fri,Daily,L31 2NB,Liverpool,1000
2023-10-20,Fri,Daily,HA9 6HL,Wembley,1000
2023-10-20,Fri,Daily,FK7 9HU,Stirling,1000
2023-10-20,Fri,Daily,DE12 7EZ,Swadlincote,1000
2023-10-20,Fri,Daily,DA11 9QR,Gravesend,1000
2023-10-20,Fri,Daily,CF40 2BA,Tonypandy,1000
2023-10-20,Fri,Daily,CF35 6FP,Bridgend,1000
2023-10-20,Fri,Daily,BR8 8HW,Swanley,1000
2023-10-20,Fri,Daily,BD15 7EJ,Bradford,1000
2023-10-20,Fri,Daily,B14 5BJ,Birmingham,1000
2023-10-19,Thu,Daily,WA5 2SJ,Warrington,1000
2023-10-19,Thu,Daily,TA6 4NS,Bridgwater,1000
2023-10-19,Thu,Daily,TA19 9PP,Ilminster,1000
2023-10-19,Thu,Daily,SW17 9HQ,London,1000
2023-10-19,Thu,Daily,SG2 9DW,Stevenage,1000
2023-10-19,Thu,Daily,SA70 8NF,Tenby,1000
2023-10-19,Thu,Daily,SA33 4AU,Carmarthen,1000
2023-10-19,Thu,Daily,NW7 1FJ,London,1000
2023-10-19,Thu,Daily,LL20 8PS,Llangollen,1000
2023-10-19,Thu,Daily,IP32 7DD,Bury St Edmunds,1000
2023-10-19,Thu,Daily,IP11 0TG,Felixstowe,1000
2023-10-19,Thu,Daily,HP21 7HU,Aylesbury,1000
2023-10-19,Thu,Daily,HD9 1HN,Holmfirth,1000
2023-10-19,Thu,Daily,G32 6QF,Glasgow,1000
2023-10-19,Thu,Daily,DH4 6JF,Houghton le Spring,1000
2023-10-19,Thu,Daily,CM8 1FU,Witham,1000
2023-10-19,Thu,Daily,BS21 6PA,Clevedon,1000
2023-10-19,Thu,Daily,BR5 4NE,Orpington,1000
2023-10-19,Thu,Daily,BH5 2DU,Bournemouth,1000
2023-10-19,Thu,Daily,BA2 1LT,Bath,1000
2023-10-18,Wed,Daily,WV16 6FA,Bridgnorth,1000
2023-10-18,Wed,Daily,WA4 6UR,Warrington,1000
2023-10-18,Wed,Daily,W6 9BQ,London,1000
2023-10-18,Wed,Daily,TS3 0HG,Middlesbrough,1000
2023-10-18,Wed,Daily,TS21 3JN,Stockton-on-Tees,1000
2023-10-18,Wed,Daily,TN25 5PF,Ashford,1000
2023-10-18,Wed,Daily,SE22 9ER,London,1000
2023-10-18,Wed,Daily,S6 2AS,Sheffield,1000
2023-10-18,Wed,Daily,PO22 6QX,Bognor Regis,1000
2023-10-18,Wed,Daily,NG13 8GJ,Nottingham,1000
2023-10-18,Wed,Daily,ML5 5DL,Coatbridge,1000
2023-10-18,Wed,Daily,LN9 5DS,Horncastle,1000
2023-10-18,Wed,Daily,GL7 2RW,Cirencester,1000
2023-10-18,Wed,Daily,G33 1RY,Glasgow,1000
2023-10-18,Wed,Daily,EN8 9FT,Waltham Cross,1000
2023-10-18,Wed,Daily,EH30 9BA,South Queensferry,1000
2023-10-18,Wed,Daily,DT11 9FU,Blandford Forum,1000
2023-10-18,Wed,Daily,CO9 3EU,Halstead,1000
2023-10-18,Wed,Daily,CA13 9BY,Cockermouth,1000
2023-10-18,Wed,Daily,AB51 0DW,Inverurie,1000
2023-10-17,Tue,Daily,TN2 5PE,Tunbridge Wells,1000
2023-10-17,Tue,Daily,TA6 4WS,Bridgwater,1000
2023-10-17,Tue,Daily,SS6 8SZ,Rayleigh,1000
2023-10-17,Tue,Daily,SS2 4TH,Southend-on-Sea,1000
2023-10-17,Tue,Daily,RM6 6BB,Romford,1000
2023-10-17,Tue,Daily,PO20 1BD,Chichester,1000
2023-10-17,Tue,Daily,PO14 2SB,Fareham,1000
2023-10-17,Tue,Daily,NR31 0PE,Great Yarmouth,1000
2023-10-17,Tue,Daily,NN9 5EJ,Wellingborough,1000
2023-10-17,Tue,Daily,KY16 9UD,St Andrews,1000
2023-10-17,Tue,Daily,KT1 3JG,Kingston upon Thames,1000
2023-10-17,Tue,Daily,GL14 1ED,Newnham,1000
2023-10-17,Tue,Daily,E14 6QU,London,1000
2023-10-17,Tue,Daily,E13 0SJ,London,1000
2023-10-17,Tue,Daily,DE13 9DH,Burton upon Trent,1000
2023-10-17,Tue,Daily,CO14 8RW,Walton on the Naze,1000
2023-10-17,Tue,Daily,CO10 8HX,Sudbury,1000
2023-10-17,Tue,Daily,CM1 6XH,Chelmsford,1000
2023-10-17,Tue,Daily,CB9 9BE,Haverhill,1000
2023-10-17,Tue,Daily,AL1 2HN,St Albans,1000
2023-10-16,Mon,Daily,UB5 4BL,Northolt,1000
2023-10-16,Mon,Daily,TR14 0FN,Camborne,1000
2023-10-16,Mon,Daily,TD9 0SH,Hawick,1000
2023-10-16,Mon,Daily,TA3 6ET,Taunton,1000
2023-10-16,Mon,Daily,SG8 9FU,Royston,1000
2023-10-16,Mon,Daily,PE10 9RU,Bourne,1000
2023-10-16,Mon,Daily,N16 7PB,London,1000
2023-10-16,Mon,Daily,MK15 8PF,Milton Keynes,1000
2023-10-16,Mon,Daily,IG7 6BZ,Chigwell,1000
2023-10-16,Mon,Daily,HA2 8PQ,Harrow,1000
2023-10-16,Mon,Daily,G13 3BY,Glasgow,1000
2023-10-16,Mon,Daily,EX16 6QP,Tiverton,1000
2023-10-16,Mon,Daily,EN1 3BN,Enfield,1000
2023-10-16,Mon,Daily,DL5 5EB,Newton Aycliffe,1000
2023-10-16,Mon,Daily,DE7 5PB,Ilkeston,1000
2023-10-16,Mon,Daily,DE7 5DU,Ilkeston,1000
2023-10-16,Mon,Daily,CM5 9LD,Ongar,1000
2023-10-16,Mon,Daily,CF64 2QJ,Penarth,1000
2023-10-16,Mon,Daily,CB25 9NP,Cambridge,1000
2023-10-16,Mon,Daily,AB12 3UB,Aberdeen,1000
2023-10-15,Sun,Street Prize,ST2 9AY,Stoke-on-Trent,30000
2023-10-14,Sat,Millionaire Street,CA15 7EZ,Maryport,125000
2023-10-13,Fri,Daily,WS15 2TB,Rugeley,1000
2023-10-13,Fri,Daily,TA2 7DE,Taunton,1000
2023-10-13,Fri,Daily,SW1V 2DB,London,1000
2023-10-13,Fri,Daily,SO19 9JJ,Southampton,1000
2023-10-13,Fri,Daily,S61 4RU,Rotherham,1000
2023-10-13,Fri,Daily,RH6 7EY,Horley,1000
2023-10-13,Fri,Daily,PR9 7SN,Southport,1000
2023-10-13,Fri,Daily,PR4 6SH,Preston,1000
2023-10-13,Fri,Daily,NR31 9QT,Great Yarmouth,1000
2023-10-13,Fri,Daily,NG16 1JE,Nottingham,1000
2023-10-13,Fri,Daily,NE26 2DX,Whitley Bay,1000
2023-10-13,Fri,Daily,N8 0NP,London,1000
2023-10-13,Fri,Daily,M34 5TB,Manchester,1000
2023-10-13,Fri,Daily,LL23 7BE,Bala,1000
2023-10-13,Fri,Daily,KA3 4BW,Kilmarnock,1000
2023-10-13,Fri,Daily,GU31 4ER,Petersfield,1000
2023-10-13,Fri,Daily,FY3 9PN,Blackpool,1000
2023-10-13,Fri,Daily,EX31 4SJ,Barnstaple,1000
2023-10-13,Fri,Daily,DY8 5JT,Stourbridge,1000
2023-10-13,Fri,Daily,BD6 3NA,Bradford,1000
2023-10-12,Thu,Daily,WS6 7QX,Walsall,1000
2023-10-12,Thu,Daily,TS17 9PA,Stockton-on-Tees,1000
2023-10-12,Thu,Daily,TR11 2AP,Falmouth,1000
2023-10-12,Thu,Daily,SY7 0HZ,Craven Arms,1000
2023-10-12,Thu,Daily,SW13 0AR,London,1000
2023-10-12,Thu,Daily,SO18 1BG,Southampton,1000
2023-10-12,Thu,Daily,RG40 1TW,Wokingham,1000
2023-10-12,Thu,Daily,PR1 9PN,Preston,1000
2023-10-12,Thu,Daily,PO20 0DX,Chichester,1000
2023-10-12,Thu,Daily,PE4 6BW,Peterborough,1000
2023-10-12,Thu,Daily,NP10 9BE,Newport,1000
2023-10-12,Thu,Daily,ML6 9EZ,Airdrie,1000
2023-10-12,Thu,Daily,MK43 0DE,Bedford,1000
2023-10-12,Thu,Daily,L19 0NP,Liverpool,1000
2023-10-12,Thu,Daily,IP10 0BW,Ipswich,1000
2023-10-12,Thu,Daily,EN3 4BN,Enfield,1000
2023-10-12,Thu,Daily,CT12 5AR,Ramsgate,1000
2023-10-12,Thu,Daily,CR3 6FR,Caterham,1000
2023-10-12,Thu,Daily,BS32 0LW,Bristol,1000
2023-10-12,Thu,Daily,BS16 6UN,Bristol,1000
2023-10-11,Wed,Daily,WR11 3BU,Evesham,1000
2023-10-11,Wed,Daily,SA15 5DH,Llanelli,1000
2023-10-11,Wed,Daily,NW3 6RF,London,1000
2023-10-11,Wed,Daily,NP11 3PG,Newport,1000
2023-10-11,Wed,Daily,NN11 4BQ,Daventry,1000
2023-10-11,Wed,Daily,LS9 6JQ,Leeds,1000
2023-10-11,Wed,Daily,LL31 9ES,Llandudno Junction,1000
2023-10-11,Wed,Daily,LL14 6TB,Wrexham,1000
2023-10-11,Wed,Daily,LA14 2RF,Barrow-in-Furness,1000
2023-10-11,Wed,Daily,KY11 4QS,Dunfermline,1000
2023-10-11,Wed,Daily,HU15 1GG,Brough,1000
2023-10-11,Wed,Daily,HD3 4PZ,Huddersfield,1000
2023-10-11,Wed,Daily,EX10 9RL,Sidmouth,1000
2023-10-11,Wed,Daily,DN35 0LX,Cleethorpes,1000
2023-10-11,Wed,Daily,DD4 9LQ,Dundee,1000
2023-10-11,Wed,Daily,CM6 3DF,Dunmow,1000
2023-10-11,Wed,Daily,CM20 1AY,Harlow,1000
2023-10-11,Wed,Daily,CH44 5SJ,Wallasey,1000
2023-10-11,Wed,Daily,BS34 5JU,Bristol,1000
2023-10-11,Wed,Daily,BB12 9LW,Burnley,1000
2023-10-10,Tue,Daily,WV8 1SR,Wolverhampton,1000
2023-10-10,Tue,Daily,TR15 1NT,Redruth,1000
2023-10-10,Tue,Daily,SY7 0HX,Craven Arms,1000
2023-10-10,Tue,Daily,SS15 6GW,Basildon,1000
2023-10-10,Tue,Daily,SR8 1DE,Peterlee,1000
2023-10-10,Tue,Daily,SR3 4NX,Sunderland,1000
2023-10-10,Tue,Daily,SN11 8HW,Calne,1000
2023-10-10,Tue,Daily,PA4 0AQ,Renfrew,1000
2023-10-10,Tue,Daily,NR33 8TS,Lowestoft,1000
2023-10-10,Tue,Daily,NG18 5QX,Mansfield,1000
2023-10-10,Tue,Daily,LS27 7DQ,Leeds,1000
2023-10-10,Tue,Daily,IG7 6PS,Chigwell,1000
2023-10-10,Tue,Daily,HD7 6JQ,Huddersfield,1000
2023-10-10,Tue,Daily,GL15 5HR,Lydney,1000
2023-10-10,Tue,Daily,G42 8RP,Glasgow,1000
2023-10-10,Tue,Daily,CT12 6PG,Ramsgate,1000
2023-10-10,Tue,Daily,CM19 5HZ,Harlow,1000
2023-10-10,Tue,Daily,CH66 4NA,Ellesmere Port,1000
2023-10-10,Tue,Daily,BS31 2GH,Bristol,1000
2023-10-10,Tue,Daily,BH15 3JF,Poole,1000
2023-10-09,Mon,Daily,YO30 5QD,York,1000
2023-10-09,Mon,Daily,WD25 8AD,Watford,1000
2023-10-09,Mon,Daily,TQ1 2BJ,Torquay,1000
2023-10-09,Mon,Daily,ST18 0ZT,Stafford,1000
2023-10-09,Mon,Daily,SA32 7TL,Carmarthen,1000
2023-10-09,Mon,Daily,OX28 6HQ,Witney,1000
2023-10-09,Mon,Daily,LS21 3AY,Otley,1000
2023-10-09,Mon,Daily,LS17 7SF,Leeds,1000
2023-10-09,Mon,Daily,LN8 3TN,Market Rasen,1000
2023-10-09,Mon,Daily,LN11 8LX,Louth,1000
2023-10-09,Mon,Daily,LL53 6HQ,Pwllheli,1000
2023-10-09,Mon,Daily,KW9 6NZ,Brora,1000
2023-10-09,Mon,Daily,IV32 7QW,Fochabers,1000
2023-10-09,Mon,Daily,HU11 5FF,Hull,1000
2023-10-09,Mon,Daily,GL7 1LZ,Cirencester,1000
2023-10-09,Mon,Daily,EH47 0QJ,Bathgate,1000
2023-10-09,Mon,Daily,E14 7HU,London,1000
2023-10-09,Mon,Daily,CR0 9EB,Croydon,1000
2023-10-09,Mon,Daily,CO11 1BA,Manningtree,1000
2023-10-09,Mon,Daily,AB45 3RQ,Banff,1000
2023-10-08,Sun,Street Prize,BA22 8EP,Limington,30000
2023-10-07,Sat,Millionaire Street,SA62 6LJ,Llandeloy,200000
2023-10-06,Fri,Daily,WV16 4HL,Bridgnorth,1000
2023-10-06,Fri,Daily,UB6 8AU,Greenford,1000
2023-10-06,Fri,Daily,SY4 3NB,Shrewsbury,1000
2023-10-06,Fri,Daily,SY13 2QG,Whitchurch,1000
2023-10-06,Fri,Daily,ST10 3HN,Stoke-on-Trent,1000
2023-10-06,Fri,Daily,SS0 7TF,Westcliff-on-Sea,1000
2023-10-06,Fri,Daily,SO41 3NP,Lymington,1000
2023-10-06,Fri,Daily,SN16 9NL,Malmesbury,1000
2023-10-06,Fri,Daily,SK3 9DF,Stockport,1000
2023-10-06,Fri,Daily,S25 2LN,Sheffield,1000
2023-10-06,Fri,Daily,RG10 8HN,Reading,1000
2023-10-06,Fri,Daily,FY5 2DL,Thornton Cleveleys,1000
2023-10-06,Fri,Daily,DL2 3PQ,Darlington,1000
2023-10-06,Fri,Daily,DD1 2PJ,Dundee,1000
2023-10-06,Fri,Daily,CT12 6NZ,Ramsgate,1000
2023-10-06,Fri,Daily,CT10 2BD,Broadstairs,1000
2023-10-06,Fri,Daily,CM20 3HQ,Harlow,1000
2023-10-06,Fri,Daily,CM17 9BU,Harlow,1000
2023-10-06,Fri,Daily,B38 9QN,Birmingham,1000
2023-10-06,Fri,Daily,AB55 4DA,Keith,1000
2023-10-05,Thu,Daily,WR2 4BJ,Worcester,1000
2023-10-05,Thu,Daily,WD23 4NZ,Bushey,1000
2023-10-05,Thu,Daily,TS26 9HQ,Hartlepool,1000
2023-10-05,Thu,Daily,TR18 5LY,Penzance,1000
2023-10-05,Thu,Daily,SO16 3TZ,Southampton,1000
2023-10-05,Thu,Daily,SE9 3LD,London,1000
2023-10-05,Thu,Daily,PR5 6TQ,Preston,1000
2023-10-05,Thu,Daily,PL9 7DR,Plymouth,1000
2023-10-05,Thu,Daily,NR27 9QH,Cromer,1000
2023-10-05,Thu,Daily,NR20 5JP,Dereham,1000
2023-10-05,Thu,Daily,NR10 3DQ,Norwich,1000
2023-10-05,Thu,Daily,NE15 6TH,Newcastle upon Tyne,1000
2023-10-05,Thu,Daily,MK45 2UE,Bedford,1000
2023-10-05,Thu,Daily,LN13 0AY,Alford,1000
2023-10-05,Thu,Daily,LE6 0LA,Leicester,1000
2023-10-05,Thu,Daily,L25 4RR,Liverpool,1000
2023-10-05,Thu,Daily,CH7 6TG,Mold,1000
2023-10-05,Thu,Daily,BL1 6JR,Bolton,1000
2023-10-05,Thu,Daily,BD23 2JU,Skipton,1000
2023-10-05,Thu,Daily,BA21 3TQ,Yeovil,1000
2023-10-04,Wed,Daily,YO25 3SY,Driffield,1000
2023-10-04,Wed,Daily,SK7 4BN,Stockport,1000
2023-10-04,Wed,Daily,SA4 3EU,Swansea,1000
2023-10-04,Wed,Daily,RM8 3AH,Dagenham,1000
2023-10-04,Wed,Daily,RG21 7AT,Basingstoke,1000
2023-10-04,Wed,Daily,PO17 5EB,Fareham,1000
2023-10-04,Wed,Daily,PL8 2NT,Plymouth,1000
2023-10-04,Wed,Daily,PE30 2LL,King's Lynn,1000
2023-10-04,Wed,Daily,PA16 0DH,Greenock,1000
2023-10-04,Wed,Daily,N4 3QH,London,1000
2023-10-04,Wed,Daily,ME14 2AA,Maidstone,1000
2023-10-04,Wed,Daily,LS7 4BY,Leeds,1000
2023-10-04,Wed,Daily,LA3 2HT,Morecambe,1000
2023-10-04,Wed,Daily,HS3 3BP,Harris,1000
2023-10-04,Wed,Daily,EX10 9UF,Sidmouth,1000
2023-10-04,Wed,Daily,EN6 5PJ,Potters Bar,1000
2023-10-04,Wed,Daily,CV9 3AY,Atherstone,1000
2023-10-04,Wed,Daily,CV22 7JF,Rugby,1000
2023-10-04,Wed,Daily,BD23 4QJ,Skipton,1000
2023-10-04,Wed,Daily,B23 6QF,Birmingham,1000
2023-10-03,Tue,Daily,WS15 1DA,Rugeley,1000
2023-10-03,Tue,Daily,TQ12 3SQ,Newton Abbot,1000
2023-10-03,Tue,Daily,ST17 0EN,Stafford,1000
2023-10-03,Tue,Daily,NW3 1HR,London,1000
2023-10-03,Tue,Daily,NR31 9LF,Great Yarmouth,1000
2023-10-03,Tue,Daily,NP23 6BZ,Ebbw Vale,1000
2023-10-03,Tue,Daily,NE28 0AZ,Wallsend,1000
2023-10-03,Tue,Daily,M22 9XR,Manchester,1000
2023-10-03,Tue,Daily,L18 1LU,Liverpool,1000
2023-10-03,Tue,Daily,KA1 2BP,Kilmarnock,1000
2023-10-03,Tue,Daily,FY5 5NZ,Thornton Cleveleys,1000
2023-10-03,Tue,Daily,EH3 6NG,Edinburgh,1000
2023-10-03,Tue,Daily,DL8 1ER,Bedale,1000
2023-10-03,Tue,Daily,CT8 8QH,Westgate on Sea,1000
2023-10-03,Tue,Daily,CT11 0QS,Ramsgate,1000
2023-10-03,Tue,Daily,CR3 7EJ,Caterham,1000
2023-10-03,Tue,Daily,CF5 5EY,Cardiff,1000
2023-10-03,Tue,Daily,CF23 8NQ,Cardiff,1000
2023-10-03,Tue,Daily,BN22 8JA,Eastbourne,1000
2023-10-03,Tue,Daily,BA14 0PA,Trowbridge,1000
2023-10-02,Mon,Daily,YO23 7AD,York,1000
2023-10-02,Mon,Daily,WV10 9EA,Wolverhampton,1000
2023-10-02,Mon,Daily,TN27 9NE,Ashford,1000
2023-10-02,Mon,Daily,SW2 5JJ,London,1000
2023-10-02,Mon,Daily,ST2 9DY,Stoke-on-Trent,1000
2023-10-02,Mon,Daily,SA71 5TR,Pembroke,1000
2023-10-02,Mon,Daily,RH17 7AA,Haywards Heath,1000
2023-10-02,Mon,Daily,PE27 5AS,St Ives,1000
2023-10-02,Mon,Daily,PE19 2SY,St Neots,1000
2023-10-02,Mon,Daily,PA19 1XB,Gourock,1000
2023-10-02,Mon,Daily,OL10 2UA,Heywood,1000
2023-10-02,Mon,Daily,NR13 4QR,Norwich,1000
2023-10-02,Mon,Daily,LE7 3FE,Leicester,1000
2023-10-02,Mon,Daily,HU9 1DU,Hull,1000
2023-10-02,Mon,Daily,DE75 7US,Heanor,1000
2023-10-02,Mon,Daily,CH66 4QJ,Ellesmere Port,1000
2023-10-02,Mon,Daily,BS9 3JE,Bristol,1000
2023-10-02,Mon,Daily,BN12 5BB,Worthing,1000
2023-10-02,Mon,Daily,BH7 7AZ,Bournemouth,1000
2023-10-02,Mon,Daily,B36 0NL,Birmingham,1000
2023-10-01,Sun,Street Prize,RG6 3XL,Lower Earley,30000
2023-09-30,Sat,Postcode Millions,TA8 2BQ,Burnham-on-Sea,
2023-09-30,Sat,Millionaire Street,PL6 7EA,Plymouth,100000
2023-09-29,Fri,Daily,UB8 2LW,Uxbridge,1000
2023-09-29,Fri,Daily,TN31 6RH,Rye,1000
2023-09-29,Fri,Daily,ST21 6AW,Stafford,1000
2023-09-29,Fri,Daily,SP4 9AJ,Salisbury,1000
2023-09-29,Fri,Daily,SM1 3AL,Sutton,1000
2023-09-29,Fri,Daily,SK4 2HX,Stockport,1000
2023-09-29,Fri,Daily,S5 6UN,Sheffield,1000
2023-09-29,Fri,Daily,PE26 2RD,Huntingdon,1000
2023-09-29,Fri,Daily,NE65 8AE,Morpeth,1000
2023-09-29,Fri,Daily,KY8 1JJ,Leven,1000
2023-09-29,Fri,Daily,IP8 3RW,Ipswich,1000
2023-09-29,Fri,Daily,E4 8DN,London,1000
2023-09-29,Fri,Daily,DT2 7PT,Dorchester,1000
2023-09-29,Fri,Daily,DH6 4AY,Durham,1000
2023-09-29,Fri,Daily,DE23 6AX,Derby,1000
2023-09-29,Fri,Daily,CV1 4PX,Coventry,1000
2023-09-29,Fri,Daily,CH63 8PF,Wirral,1000
2023-09-29,Fri,Daily,BN22 0PD,Eastbourne,1000
2023-09-29,Fri,Daily,BH19 3AY,Swanage,1000
2023-09-29,Fri,Daily,B35 7HL,Birmingham,1000
2023-09-28,Thu,Daily,TW1 1EL,Twickenham,1000
2023-09-28,Thu,Daily,TQ6 9AN,Dartmouth,1000
2023-09-28,Thu,Daily,TF3 2HG,Telford,1000
2023-09-28,Thu,Daily,ST8 7ED,Stoke-on-Trent,1000
2023-09-28,Thu,Daily,SO30 0HQ,Southampton,1000
2023-09-28,Thu,Daily,PO30 5JN,Newport,1000
2023-09-28,Thu,Daily,PE11 2FB,Spalding,1000
2023-09-28,Thu,Daily,PA2 8QL,Paisley,1000
2023-09-28,Thu,Daily,NE12 7AT,Newcastle upon Tyne,1000
2023-09-28,Thu,Daily,L27 6WD,Liverpool,1000
2023-09-28,Thu,Daily,DN12 4HJ,Doncaster,1000
2023-09-28,Thu,Daily,DL3 6NA,Darlington,1000
2023-09-28,Thu,Daily,CR0 6SQ,Croydon,1000
2023-09-28,Thu,Daily,CM3 5NA,Chelmsford,1000
2023-09-28,Thu,Daily,CH46 9PY,Wirral,1000
2023-09-28,Thu,Daily,CH1 6BG,Chester,1000
2023-09-28,Thu,Daily,CF37 5DU,Pontypridd,1000
2023-09-28,Thu,Daily,CF14 9HP,Cardiff,1000
2023-09-28,Thu,Daily,BA2 1NA,Bath,1000
2023-09-28,Thu,Daily,AL7 1WH,Welwyn Garden City,1000
2023-09-27,Wed,Daily,WS3 4NF,Walsall,1000
2023-09-27,Wed,Daily,WF2 9EB,Wakefield,1000
2023-09-27,Wed,Daily,TQ12 5EJ,Newton Abbot,1000
2023-09-27,Wed,Daily,SS2 6FB,Southend-on-Sea,1000
2023-09-27,Wed,Daily,SO45 1YW,Southampton,1000
2023-09-27,Wed,Daily,SO40 4AR,Southampton,1000
2023-09-27,Wed,Daily,SO40 2TN,Southampton,1000
2023-09-27,Wed,Daily,SO31 9FE,Southampton,1000
2023-09-27,Wed,Daily,RG1 7LZ,Reading,1000
2023-09-27,Wed,Daily,PO18 8LB,Chichester,1000
2023-09-27,Wed,Daily,NN6 9JA,Northampton,1000
2023-09-27,Wed,Daily,NG31 7PR,Grantham,1000
2023-09-27,Wed,Daily,M6 5FR,Salford,1000
2023-09-27,Wed,Daily,LN2 5PR,Lincoln,1000
2023-09-27,Wed,Daily,LA18 4AW,Millom,1000
2023-09-27,Wed,Daily,LA11 6LA,Grange-over-Sands,1000
2023-09-27,Wed,Daily,GL17 9NA,Lydbrook,1000
2023-09-27,Wed,Daily,DN22 6QQ,Retford,1000
2023-09-27,Wed,Daily,DL9 4JL,Catterick Garrison,1000
2023-09-27,Wed,Daily,BH22 0DD,Ferndown,1000
2023-09-26,Tue,Daily,WR9 0AY,Droitwich,1000
2023-09-26,Tue,Daily,WN2 3QN,Wigan,1000
2023-09-26,Tue,Daily,SS8 9AL,Canvey Island,1000
2023-09-26,Tue,Daily,SS3 9QB,Southend-on-Sea,1000
2023-09-26,Tue,Daily,SG7 5QS,Baldock,1000
2023-09-26,Tue,Daily,SA44 5YG,Llandysul,1000
2023-09-26,Tue,Daily,SA15 5YE,Llanelli,1000
2023-09-26,Tue,Daily,S66 2HG,Rotherham,1000
2023-09-26,Tue,Daily,NR10 3PQ,Norwich,1000
2023-09-26,Tue,Daily,M24 4BD,Manchester,1000
2023-09-26,Tue,Daily,M22 9SA,Manchester,1000
2023-09-26,Tue,Daily,M21 8ET,Manchester,1000
2023-09-26,Tue,Daily,LS24 9WH,Tadcaster,1000
2023-09-26,Tue,Daily,LA3 1HW,Morecambe,1000
2023-09-26,Tue,Daily,KA6 7BB,Ayr,1000
2023-09-26,Tue,Daily,DY4 9NA,Tipton,1000
2023-09-26,Tue,Daily,DL8 5DT,Leyburn,1000
2023-09-26,Tue,Daily,CM3 4SQ,Chelmsford,1000
2023-09-26,Tue,Daily,BN17 6SQ,Littlehampton,1000
2023-09-26,Tue,Daily,B97 5QJ,Redditch,1000
2023-09-25,Mon,Daily,WF2 6PA,Wakefield,1000
2023-09-25,Mon,Daily,WA2 9QU,Warrington,1000
2023-09-25,Mon,Daily,SK7 1JD,Stockport,1000
2023-09-25,Mon,Daily,S8 0GF,Sheffield,1000
2023-09-25,Mon,Daily,PR1 5TB,Preston,1000
2023-09-25,Mon,Daily,PO6 1NS,Portsmouth,1000
2023-09-25,Mon,Daily,PO4 0EZ,Southsea,1000
2023-09-25,Mon,Daily,PO19 6BB,Chichester,1000
2023-09-25,Mon,Daily,PE24 4JH,Skegness,1000
2023-09-25,Mon,Daily,NP11 5JW,Newport,1000
2023-09-25,Mon,Daily,NN4 7AF,Northampton,1000
2023-09-25,Mon,Daily,LL53 5EJ,Pwllheli,1000
2023-09-25,Mon,Daily,KY8 6DZ,Leven,1000
2023-09-25,Mon,Daily,KT24 5AN,Leatherhead,1000
2023-09-25,Mon,Daily,HG2 0LE,Harrogate,1000
2023-09-25,Mon,Daily,EN3 4UL,Enfield,1000
2023-09-25,Mon,Daily,EH11 1UP,Edinburgh,1000
2023-09-25,Mon,Daily,DE12 6PA,Swadlincote,1000
2023-09-25,Mon,Daily,BA14 0BD,Trowbridge,1000
2023-09-25,Mon,Daily,B10 9BH,Birmingham,1000
2023-09-24,Sun,Street Prize,DL5 7QD,Newton Aycliffe,30000
2023-09-23,Sat,Millionaire Street,CF40 2LL,Tonypandy,333333
2023-09-22,Fri,Daily,YO51 9EG,York,1000
2023-09-22,Fri,Daily,WS3 4PA,Walsall,1000
2023-09-22,Fri,Daily,RG2 7SY,Reading,1000
2023-09-22,Fri,Daily,PR7 7BT,Chorley,1000
2023-09-22,Fri,Daily,PO30 2BZ,Newport,1000
2023-09-22,Fri,Daily,NP23 5TE,Ebbw Vale,1000
2023-09-22,Fri,Daily,NN13 6AE,Brackley,1000
2023-09-22,Fri,Daily,NN1 1DQ,Northampton,1000
2023-09-22,Fri,Daily,M43 7JG,Manchester,1000
2023-09-22,Fri,Daily,LL57 1SF,Bangor,1000
2023-09-22,Fri,Daily,IV2 4EB,Inverness,1000
2023-09-22,Fri,Daily,HU17 9GJ,Beverley,1000
2023-09-22,Fri,Daily,E17 9QH,London,1000
2023-09-22,Fri,Daily,DE14 3FP,Burton upon Trent,1000
2023-09-22,Fri,Daily,CH7 1WT,Mold,1000
2023-09-22,Fri,Daily,CF36 5SF,Porthcawl,1000
2023-09-22,Fri,Daily,BS21 6YF,Clevedon,1000
2023-09-22,Fri,Daily,B31 3XX,Birmingham,1000
2023-09-22,Fri,Daily,B31 1FD,Birmingham,1000
2023-09-22,Fri,Daily,AB45 2LS,Banff,1000
2023-09-21,Thu,Daily,YO62 4AE,York,1000
2023-09-21,Thu,Daily,WV3 8HT,Wolverhampton,1000
2023-09-21,Thu,Daily,WR5 1DZ,Worcester,1000
2023-09-21,Thu,Daily,TN17 2RE,Cranbrook,1000
2023-09-21,Thu,Daily,SP7 0AB,Shaftesbury,1000
2023-09-21,Thu,Daily,PR4 3UG,Preston,1000
2023-09-21,Thu,Daily,PR3 1DP,Preston,1000
2023-09-21,Thu,Daily,PE6 0FJ,Peterborough,1000
2023-09-21,Thu,Daily,PA1 3AB,Paisley,1000
2023-09-21,Thu,Daily,MK41 8RQ,Bedford,1000
2023-09-21,Thu,Daily,MK10 9EU,Milton Keynes,1000
2023-09-21,Thu,Daily,ME9 7SU,Sittingbourne,1000
2023-09-21,Thu,Daily,LA14 4NJ,Barrow-in-Furness,1000
2023-09-21,Thu,Daily,L9 6AQ,Liverpool,1000
2023-09-21,Thu,Daily,KA6 6JL,Ayr,1000
2023-09-21,Thu,Daily,IV12 5QQ,Nairn,1000
2023-09-21,Thu,Daily,IP11 0YH,Felixstowe,1000
2023-09-21,Thu,Daily,GL4 8LD,Gloucester,1000
2023-09-21,Thu,Daily,EH12 7QA,Edinburgh,1000
2023-09-21,Thu,Daily,BH11 8EE,Bournemouth,1000
2023-09-20,Wed,Daily,TN13 2AY,Sevenoaks,1000
2023-09-20,Wed,Daily,TF1 3JS,Telford,1000
2023-09-20,Wed,Daily,ST6 7HQ,Stoke-on-Trent,1000
2023-09-20,Wed,Daily,SP1 3HZ,Salisbury,1000
2023-09-20,Wed,Daily,SL7 3PN,Marlow,1000
2023-09-20,Wed,Daily,SA10 8AH,Neath,1000
2023-09-20,Wed,Daily,PE8 5NF,Peterborough,1000
2023-09-20,Wed,Daily,PE13 3DW,Wisbech,1000
2023-09-20,Wed,Daily,ML4 2QX,Bellshill,1000
2023-09-20,Wed,Daily,ML11 8RB,Lanark,1000
2023-09-20,Wed,Daily,ME14 1JU,Maidstone,1000
2023-09-20,Wed,Daily,LS6 3DD,Leeds,1000
2023-09-20,Wed,Daily,LL29 9BE,Colwyn Bay,1000
2023-09-20,Wed,Daily,KA9 2FQ,Prestwick,1000
2023-09-20,Wed,Daily,HP1 2HX,Hemel Hempstead,1000
2023-09-20,Wed,Daily,CM13 1YF,Brentwood,1000
2023-09-20,Wed,Daily,CB4 1QP,Cambridge,1000
2023-09-20,Wed,Daily,BS37 7BB,Bristol,1000
2023-09-20,Wed,Daily,BH23 7PE,Christchurch,1000
2023-09-20,Wed,Daily,BB9 9LT,Nelson,1000
2023-09-19,Tue,Daily,TA11 6FT,Somerton,1000
2023-09-19,Tue,Daily,SW17 8EX,London,1000
2023-09-19,Tue,Daily,SE15 6AF,London,1000
2023-09-19,Tue,Daily,PR2 3XW,Preston,1000
2023-09-19,Tue,Daily,PL15 7SJ,Launceston,1000
2023-09-19,Tue,Daily,NP18 3EX,Newport,1000
2023-09-19,Tue,Daily,M23 0AU,Manchester,1000
2023-09-19,Tue,Daily,LA1 2RT,Lancaster,1000
2023-09-19,Tue,Daily,IG3 9EW,Ilford,1000
2023-09-19,Tue,Daily,GU6 7HD,Cranleigh,1000
2023-09-19,Tue,Daily,FK15 0LR,Dunblane,1000
2023-09-19,Tue,Daily,CW3 9EN,Crewe,1000
2023-09-19,Tue,Daily,CV10 9BS,Nuneaton,1000
2023-09-19,Tue,Daily,CT3 4AP,Canterbury,1000
2023-09-19,Tue,Daily,CM9 8QU,Maldon,1000
2023-09-19,Tue,Daily,CM18 6NW,Harlow,1000
2023-09-19,Tue,Daily,BN23 8NU,Eastbourne,1000
2023-09-19,Tue,Daily,BN10 8ND,Peacehaven,1000
2023-09-19,Tue,Daily,B90 3JQ,Solihull,1000
2023-09-19,Tue,Daily,B68 8RE,Oldbury,1000
2023-09-18,Mon,Daily,ST21 6SD,Stafford,1000
2023-09-18,Mon,Daily,SS3 9LT,Southend-on-Sea,1000
2023-09-18,Mon,Daily,SA7 9BR,Swansea,1000
2023-09-18,Mon,Daily,SA6 5RP,Swansea,1000
2023-09-18,Mon,Daily,SA18 1UG,Ammanford,1000
2023-09-18,Mon,Daily,SA14 7UF,Llanelli,1000
2023-09-18,Mon,Daily,PR6 8AS,Chorley,1000
2023-09-18,Mon,Daily,NG24 4DQ,Newark,1000
2023-09-18,Mon,Daily,NE1 2LG,Newcastle upon Tyne,1000
2023-09-18,Mon,Daily,LA5 9LF,Carnforth,1000
2023-09-18,Mon,Daily,KT2 6AB,Kingston upon Thames,1000
2023-09-18,Mon,Daily,DN17 2TH,Scunthorpe,1000
2023-09-18,Mon,Daily,DE22 4GW,Derby,1000
2023-09-18,Mon,Daily,CO14 8ST,Walton on the Naze,1000
2023-09-18,Mon,Daily,CF23 6DR,Cardiff,1000
2023-09-18,Mon,Daily,CB7 5NY,Ely,1000
2023-09-18,Mon,Daily,CA7 4SR,Carlisle,1000
2023-09-18,Mon,Daily,CA11 8EW,Penrith,1000
2023-09-18,Mon,Daily,BL7 9XE,Bolton,1000
2023-09-18,Mon,Daily,B47 6HE,Birmingham,1000
2023-09-17,Sun,Street Prize,TN5 6PY,Wadhurst,30000
2023-09-16,Sat,Millionaire Street,PR7 2QD,Chorley,200000
2023-09-15,Fri,Daily,SR4 7JF,Sunderland,1000
2023-09-15,Fri,Daily,SA19 7SP,Llandeilo,1000
2023-09-15,Fri,Daily,PR2 3YE,Preston,1000
2023-09-15,Fri,Daily,OX3 9QW,Oxford,1000
2023-09-15,Fri,Daily,NN1 4PD,Northampton,1000
2023-09-15,Fri,Daily,NG17 8FR,Nottingham,1000
2023-09-15,Fri,Daily,NG12 3PW,Nottingham,1000
2023-09-15,Fri,Daily,M35 9QH,Manchester,1000
2023-09-15,Fri,Daily,LS15 0AP,Leeds,1000
2023-09-15,Fri,Daily,KA8 0RX,Ayr,1000
2023-09-15,Fri,Daily,HD7 5BN,Huddersfield,1000
2023-09-15,Fri,Daily,HA5 2EB,Pinner,1000
2023-09-15,Fri,Daily,GU4 7XN,Guildford,1000
2023-09-15,Fri,Daily,EX15 3UQ,Cullompton,1000
2023-09-15,Fri,Daily,EH14 2AZ,Edinburgh,1000
2023-09-15,Fri,Daily,E15 1TQ,London,1000
2023-09-15,Fri,Daily,DD3 9DS,Dundee,1000
2023-09-15,Fri,Daily,BA14 0DS,Trowbridge,1000
2023-09-15,Fri,Daily,BA12 0QB,Warminster,1000
2023-09-15,Fri,Daily,B37 5PX,Birmingham,1000
